[{"id": 17770597, "category": {"id": 50, "name": "Music"}, "emotion": "Caring", "turns_number": 3, "dialogues": [[739478, 0, "Do you listen to The White Stripes", []], [314799, 2, "no , but do you listen to ghostemane ?", []], [707787, 1, "I only know one song", []]], "speakers": {"Flowers 💐ᶠᵒʳ ʸᵒᵘ": 0, "ddolly": 1, "🎻📏": 2}}, {"id": 17770591, "category": {"id": 7, "name": "Relationships"}, "emotion": "Hopeful", "turns_number": 3, "dialogues": [[0, 0, "how tell a girl that you are looking for hook ?", []], [986240, 2, "I do not know . English is fine in", ["😂"]], [1119610, 1, "Just straight to the point . So , you and her can make it clear that it is a hook up , nothing more or less . The risk is maybe just getting blocked if it is fail", []]], "speakers": {"Anonymous": 0, "goingwiththeflow": 1, "Red Maple🍁": 2}}, {"id": 17770589, "category": {"id": 74, "name": "Depression"}, "emotion": "Sad", "turns_number": 5, "dialogues": [[0, 0, "I see on instagram all those perfect bodies and I become very depressed . I think I ll delete it", []], [772343, 4, "yeah same.how can they be so beautiful.i am happy for them but why i am not like them.it hurts", []], [1257497, 3, "Instagram is terrible in my opinion . it is almost like another version of Pornhub .", []], [1534419, 2, "I m having an inst break at the moment and it feels so right to do this", []], [1534638, 1, "I just try and remember that it all depends on the lighting , angles , so many filters . i am so insecure but I just hold on to the thought that everyone has flaws x", []]], "speakers": {"Anonymous": 0, "shit app": 1, "Øzzy 💀": 2, "Fabienne Trachsel": 3, "K🤍": 4}}, {"id": 17770587, "category": {"id": 75, "name": "Life Hacks"}, "emotion": "Nothing", "turns_number": 4, "dialogues": [[1527265, 1, "This magical plant has helped me change my life and get rid of drug toxins .", []], [519177, 4, "well I just starting smoking weed couple of months ago , Although I am from Amsterdam . but its awesome", []], [870471, 3, "trying to find answers going high ?", ["😃"]], [1473604, 2, "It is literally a flower that you dry and smoke and might got jail for doing that", []]], "speakers": {"bill": 0, "pain ful": 1, "Blue Moon": 2, "sadboihours": 3}}, {"id": 17770586, "category": {"id": 58, "name": "LGBT"}, "emotion": "Meh", "turns_number": 3, "dialogues": [[716271, 0, "i am here for you . hum if you want to talk", []], [1530142, 2, "hi you can talk to me i am lesion preferably demisexual which is where I only develop strong emotional bonds with other ladies before I move onto having a close sexual relationship with them so you can talk to me about anything to do with being lesion .", []], [1533607, 1, "If I can help , I will ! I m lesion .", []]], "speakers": {"KaY  基兰 🌈": 0, "Newbie": 1, "Ana 🌈": 2}}, {"id": 17770585, "category": {"id": 20, "name": "Others"}, "emotion": "Caring", "turns_number": 4, "dialogues": [[1443826, 0, "i have me some good songs homes", []], [1493175, 3, "put my lips on you , maroon 5", []], [1346049, 2, "together we made it(up ft used to rhymes),no love(mine ft ll wayne),fast lane(mine ) , ignat(mine),angels(owl city),floor li have version(aridity),before(hayn talk),cardiac(taylor swift),seven(taylor )", []], [745945, 1, "http:/youth.be / Q3TI27IN7X0http:/youth.be / wbddryylbqehttps:/youth.be / ewsffwp3fpuhttps:/youth.be / dip7R8Yrrnohttps:/youth.be / Of1dew5uavghttps:/youth.be / h18s7zlyoyghttps:/youth.be / who5dzxuzci would love to hear your review", []]], "speakers": {"Meh": 0, "User Banned": 1, "Dignam": 2, "Love90%": 3}}, {"id": 17770580, "category": {"id": 20, "name": "Others"}, "emotion": "Depressed", "turns_number": 4, "dialogues": [[654502, 0, "* huge * to those who are crying right now :) hope you ll feel better", []], [938727, 3, "does it count if I m internally crying", []], [1492755, 2, "should i cry to get a hug . sometimes those who can not cry need the hug more", []], [1394701, 1, "I am not crying right now but watch me cry later , thank you the <3", []]], "speakers": {"❤💙💚💛💜♥": 0, "ℛενεnαnτ": 1, "ⴑⲘⲂꞄⲀ": 2, "Shy Sky": 3}}, {"id": 17770557, "category": {"id": 63, "name": "My Story"}, "emotion": "Down", "turns_number": 4, "dialogues": [[1485392, 0, "I was never an introverti forced myself to become one .", []], [1195095, 3, "now I want to know why , how come ?", []], [772343, 2, "same i always tried but i can not do.i can understand u", []], [1522445, 1, "do not force the natural you away", []]], "speakers": {"Alien": 0, "heidiyoww": 1, "shit app": 2, "noob.": 3}}, {"id": 17770546, "category": {"id": 20, "name": "Others"}, "emotion": "Caring", "turns_number": 10, "dialogues": [[861066, 0, "I suffer from see - ITS . I did not ask for the things that I have been through , and I certainly did not ask my mind to paint and remain the pictures in Flahback form . I have now grabbed that brush . I will paint my own Masterpiece . No flashbacks , no diagnosis and nothing from my past will define me . i am the master of my own future . Sending all my blessings .", []], [347145, 9, "Very well spoken my mate best of wishes", ["☺", "💙"]], [1378646, 8, "very well said my dear friend we should all do the same thing", []], [1469048, 7, "I m proud of you sir stay strong", ["👌", "💯"]], [1394701, 6, "Nothing from your past will define you because the past does not defineyouryour Beautifully said though and yes you are the master of your own future hata . Oh also am proud of you .", ["✨"]], [1338353, 5, "Our parts are not us or our behaviour , our thoughts , our beliefs . They come all from the past . There is inner soul which is unique , only that can define us and my friend you have a unique soul . I know you will achieve whatever you want and this pp will be proud of you as a community . Huge huge .", []], [1400480, 4, "You are in charge .", []], [1193909, 3, "I m so proud of you Nd I believe in you", ["💕"]], [1332361, 2, "that is so diffuse you later , I can relate.do you have any technique to help you cope with it ?", []], [1263187, 1, "It is a beautiful masterpiece indeed ! You are amazing . Keep going", ["🤗"]]], "speakers": {"®PoeticJustice™": 0, "Donald A Bunce": 1, "💀🗡TwistedPsycho 🗡💀": 2, "Astraea✨": 3, "Shy Sky": 4, "Hopesla": 5, "Proteus": 6, "UNLIVING": 7, "suncardtower": 8, "Hope🌻": 9}}, {"id": 17770540, "category": {"id": 10, "name": "Friends"}, "emotion": "Optimistic", "turns_number": 3, "dialogues": [[844032, 0, "no i ll be cold", []], [1464089, 2, "Sorry I do not have", []], [1529765, 1, "she means that i have her a friend is shelter .", []]], "speakers": {"maddie": 0, "Captain Jack Sparrow": 1, "Amrit": 2}}, {"id": 17770516, "category": {"id": 20, "name": "Others"}, "emotion": "Meh", "turns_number": 6, "dialogues": [[874266, 0, "as a BED person sometimes i share intimate or personal things with total strangers and I do not know if i should hate myself for that or hate society for not accepting me i am trying but it is like my brain does not recognize boundaries sometimes", []], [1023911, 5, "oh . is that a symptom ? . i always do that .", []], [1275167, 4, "i do this too a lot and its fine your trying , it ll get better", ["🖤"]], [1535020, 3, "I was thinking about this very thing yesterday . I feel like so many of my relationships have implored because of how much I have the tendency to over share ( may i - polar ! ) . I m working on it . if anyone has tips , please let me know .", []], [1409240, 2, "How is sharing stuffs related to a disorder ?", []], [1437460, 1, "do it , so far it lighten you up , besides huge secret to me is to commit murdered be it mouth or any means , other things you call secret is not a secret , if you see a lifeless creature especially a beautiful woman you will know we are just a passing shadow in this thing named planet", []]], "speakers": {"Amy lee": 0, "delete": 1, "bleh": 2, "Tree C": 3, "‎❦♡︎☽": 4, "Unforgettable Enchantress Queen Sheba": 5}}, {"id": 17770509, "category": {"id": 15, "name": "Family"}, "emotion": "Lonely", "turns_number": 4, "dialogues": [[1375135, 0, "I need a dad , or just a father figure", []], [1257431, 3, "you are definitely not going to find it here", []], [1527253, 2, "I m probably old enough laugh out loud get off the one and do you are school work ll", []], [999788, 1, "I ll be your father figure I ll show you you had", []]], "speakers": {"Ash/Eliza💜🏳️‍🌈🇬🇧": 0, "🪐Zarina🪐": 1, "cruzito": 2, "Dragula 🤍🖤": 3}}, {"id": 17770501, "category": {"id": 11, "name": "Hopes"}, "emotion": "Hopeful", "turns_number": 5, "dialogues": [[1119610, 0, "I just want to be girl friends with my virtual friends", []], [1485833, 4, "if you like we can be friends too", []], [1178467, 3, "You talking to me ?", []], [1251730, 2, "Why?I like my OR friendsbut i would never want to see them outside of their altars", []], [1262426, 1, "Yeah that would be pretty great .", []]], "speakers": {"Red Maple🍁": 0, "Mr. Neevan": 1, "\"Yaar\"💐": 2, "Muggins": 3, "Blue Eyes White Devil": 4}}, {"id": 17770495, "category": {"id": 10, "name": "Friends"}, "emotion": "Confused", "turns_number": 3, "dialogues": [[0, 0, "Do you think Narendra Mode looks like Rabindranath Tore ?", []], [1453971, 1, "name looks more like a hairy pp", []], [1493175, 1, "what the fuck ! how high are you you", []]], "speakers": {"Anonymous": 0, "User Banned": 1}}, {"id": 17770453, "category": {"id": 67, "name": "Self-Care"}, "emotion": "Calm", "turns_number": 5, "dialogues": [[1194921, 0, "Days are now divided by coffee hours and alcohol hours , there is no other law .", []], [1065874, 4, "Goat man , are you drunk ?", []], [772343, 3, "i want to be drunk too", []], [1080844, 2, "laugh out loud at 7 am is the first the first cup of coffee , at 5 pm its the first glass of are are", []], [927099, 1, "Me who does not drink coffee or alcohol :", ["👁", "👄"]]], "speakers": {"User Banned": 0, "Anamika": 1, "shit app": 2, "Numb to the feeling": 3, "youcan'thandlemyhonesty": 4}}, {"id": 17978198, "category": {"id": 47, "name": "Health"}, "emotion": "Nothing", "turns_number": 3, "dialogues": [[0, 0, "I m 20 and my knees , feet , hands and neck hurt like crazy . It seems like I have got arthritis , but I m too young for this :(", []], [1524404, 2, "same . but I m am", []], [1474113, 1, "Please go to your doctor A close friend had joint pains like that and got diagnosed with are.A ( Rheumatoid Arthritis)Thankful it was caught eareallytake care of yourself y , your body is a one of one", ["🥺", "🌌"]]], "speakers": {"Anonymous": 0, "SHRI": 1, ".-.": 2}}, {"id": 17978184, "category": {"id": 20, "name": "Others"}, "emotion": "Calm", "turns_number": 3, "dialogues": [[1409872, 0, "I want to wear a long flow dress and run in a field or a castle and just li have my life :)", []], [1055837, 2, "Me too . Me too .", []], [1083704, 1, "same laughing my arms off . I want to wear sweatpants and bodies and run in a field and lay there watching the sky and sleep", []]], "speakers": {"Shay": 0, "Merakii": 1, "👽": 2}}, {"id": 17978179, "category": {"id": 62, "name": "Mental Health"}, "emotion": "Optimistic", "turns_number": 4, "dialogues": [[1546530, 0, "If i am going to be honest I just need to talk with someone or hear some position have things . i am currently having a panic attack crying really hard right now . I feel alone . I have no one to talk to at the moment but I need to want . My dad is going to die soon , I fell off my clean streak , my mon called me ugly today , my significant other is moving away from me , and I just want be hello hello", []], [1362252, 3, "fun happy fact : elephants see humans the same way that we see supplies . they think we are adorable :)", []], [1536406, 2, "I am so sorry you are going through all of that . I am here for you ! Hit me up daytime if you need to talk . I understand what you are going through .", []], [1546494, 1, "So sorry to hear that friend . If you are having a panic attack and are breathing to fast name 5 things you can smell for you can taste 3 you can hear to you can touch and 1 thing you see . This helps me calm down but know that you are loved and you matter . If you want to talk i am here sending my love and prayers", []]], "speakers": {"Abby": 0, "Trash Panda": 1, "Pocahontas Music": 2, "Newbie": 3}}, {"id": 17978176, "category": {"id": 20, "name": "Others"}, "emotion": "Meh", "turns_number": 3, "dialogues": [[1091289, 0, "Can I see your darkness ? I do not want your pretty .", []], [1524404, 2, "the question is . will you be able to handle it .", []], [949798, 1, "so you want the truth", []]], "speakers": {"╘ᑘ𝘕∧cŸ": 0, "SHRI": 1, "Levi": 2}}, {"id": 17978175, "category": {"id": 15, "name": "Family"}, "emotion": "Exhausted", "turns_number": 3, "dialogues": [[1544053, 0, "i have asked my parents several times to take me to a therapist because i am struggling with my mental health but they just pretend like its a fucking cold that last for to days .", []], [1516330, 1, "They will have to understand that you are serious about that , do not i have up .", []], [1516330, 1, "Sometimes parents do not understand our feelings , maybe you could write them a letter explaining that you want to be helped .", []]], "speakers": {"Newbie": 0, "Mariana Stratmann": 1}}, {"id": 17978152, "category": {"id": 7, "name": "Relationships"}, "emotion": "Hopeful", "turns_number": 8, "dialogues": [[1545866, 0, "I am in a mentally abuse have relationship I do not know how to leave", []], [536740, 7, "Just kick his nuts and say I break up with you", []], [1456229, 6, "Does this person scareyouryour", []], [1009622, 5, "did you speak with your father about this ? ( if he is available )", []], [1516330, 4, "Do you want to talk ?", []], [1546531, 3, "as long as you want to leave then just walk up to him and tell him you need a break", []], [960222, 2, "I m potentially going through a breakup and I know it is not easy to just up and leave . wish I had advice , but I get you", []], [1543251, 1, "It may be very hard to leave and go awaybut first things firstbreath deep , try to take courageand do it at your own time cause it is very easy to say you have have got to be strong , if they do not understand what you are going through but take care , friendyou are going leave it believe it", []]], "speakers": {"Slimmii": 0, "Kay": 1, "Newbie": 2, "#GlazersOut": 3, "Mariana Stratmann": 4, "sam": 5, "Daiz-D": 6, "JP R": 7}}, {"id": 17978142, "category": {"id": 10, "name": "Friends"}, "emotion": "Hopeful", "turns_number": 3, "dialogues": [[0, 0, "how to be interesting conversationalist with girls ? how to make them take interest in you ? I do not think I m a good convoy maker . can you suggest me some ideas questions other than how are u , and other things .", []], [541914, 2, "just match their vice . if you naturally do not match a he is vice then there is no reason to go for her", []], [1009622, 1, "if you just mean for friendly conversation then just try to laugh and keep the conversation tube back later and light hearted , whilst learning about what things you have in common and Luke about eachother . ask open ended questions rather than yes or no , so it i have the girl a opportunity to speak in more depth and reveal information she wants you to know which you can bounce off to further the conversation and pick points out from when moving the conversation along . try to avoid politics or controversial topics as that can kill the chat too .", []]], "speakers": {"Anonymous": 0, "Layla X Akechi ship": 1, "#GlazersOut": 2}}, {"id": 17978133, "category": {"id": 7, "name": "Relationships"}, "emotion": "Bored", "turns_number": 3, "dialogues": [[1526613, 0, "you just want attention . you do not want my heart ( have that song stuck in my head since this afternoon s )", ["🎵", "🎶"]], [1009622, 2, "* attention * here you go", []], [1528733, 1, "And like that you got it", []]], "speakers": {"DARK SKY3  🎧": 0, "#GlazersOut": 1, "BabyDreamer": 2}}, {"id": 17978116, "category": {"id": 12, "name": "Self Harm"}, "emotion": "Inspired", "turns_number": 3, "dialogues": [[1533219, 0, "How come Lions are God damn Lazy", []], [1490705, 2, "What do you want them to do ?", []], [518396, 1, "conserving energy cut food is hard to get probe", []]], "speakers": {"BrodyBaker": 0, "Rei": 1, "B r u u (づ￣ ³￣)づ": 2}}, {"id": 17978115, "category": {"id": 20, "name": "Others"}, "emotion": "Frustrated", "turns_number": 3, "dialogues": [[1546475, 0, "I have not slept well for so long , since I ended my relationship , my anxiety has returned , it is hard to eat badly and suffer for someone who is already following her life with someone else . I hope an osteoid clashes in this world .", []], [1294570, 2, "relationship sucks . Do not ruin your life for someone who does not care aboutyouryour I can feel you . I had some experiences like you . Prove yourself that way she would regret on her decision not to choosing you .", []], [1506527, 1, "I m sorry , the end of a relationship is like grief , there are stages you go through , but some people have it harder than others . if you are suffering too much , try therapy . it normally helps . was no tent makar too undo com else astride", []]], "speakers": {"Lucas f": 0, "Ibnat": 1, "Eric Silva": 2}}, {"id": 17978110, "category": {"id": 20, "name": "Others"}, "emotion": "Tired", "turns_number": 4, "dialogues": [[1017857, 0, "this girl still has not i haven me my $ 5 for my resin bookmark that i made her .", []], [541914, 3, "5 dollars ! ah . we getting your money , This absolute wish did not steal fromyouryour", []], [927565, 2, "I want a resin bookmark too ; - ;", []], [1543707, 1, "pale is not the best", []]], "speakers": {"tired bookworm🐌": 0, "Layla X Akechi ship": 1, "Rick Astley": 2, "omar": 3}}, {"id": 17978103, "category": {"id": 10, "name": "Friends"}, "emotion": "Caring", "turns_number": 4, "dialogues": [[1535852, 0, "Am i the only one who prefers younger friends ? I guess i feel old laugh out loud", []], [328815, 3, "it is do not make you realise your age but for sometime laugh out loud", ["😆", "😂"]], [488054, 2, "I prefer older or people my age .", []], [1054299, 1, "I prefer friend own age", []]], "speakers": {"Amber": 0, "scorpion 🦂♏❤️": 1, "Tandy": 2, "alone 🐺": 3}}, {"id": 17978084, "category": {"id": 20, "name": "Others"}, "emotion": "Inspired", "turns_number": 5, "dialogues": [[1243841, 0, "I m having a generation gap with my own generation .", ["😐", "😪"]], [1507185, 4, "I was born in the wrong generation", ["🤡"]], [1477404, 3, "oh my god , literally me . I do not get all the heartbreak stuff .", []], [536740, 2, "Hata . that is really a good one", []], [1532582, 1, "oh my god you maybe very old", []]], "speakers": {"Meuza 🍁": 0, "User Banned": 1, ".": 2, "Kay": 3, "User died": 4}}, {"id": 17978080, "category": {"id": 63, "name": "My Story"}, "emotion": "Lonely", "turns_number": 10, "dialogues": [[1078521, 0, "life as we know it , to", []], [1544945, 9, "Hey feel for you . it is tough especially what you are going through and secondly not letting people around know about it and conceal it . Take care !", []], [819375, 8, "it is hard . Mine just entered this face too , paper work is signed and now the hard part of splitting everything and me firing out how to raise two kiss on my own , it is clot of stress , but reaching out is a good start to finding help getting through it all", []], [536740, 7, "It is a lot to take it and I can not imagine what your going through . If you need someone to talk and share with , I m here foryouryour", ["💜"]], [1546506, 6, "i am sorry to hear i am praying for you if you need someone to talk to on here or the phone i am here . for u", []], [1102440, 5, "it takes clot to take that decision of outing for divorce , especially when you have kiss together . you are a very strong woman , buds to that.not everyone is brave enough to walk away with kiss . keep being strong and with time things will only get better.there if you wish to talk .", ["🤗"]], [1514385, 4, "Supporting someone through addition is so tough and i bet you did it for a long time before separating from him . I understand the feeling of wondering how the hell you got to where you are . Just know that while this transition is diffuse you later , it is necessary and you are so strong for pushing through it with compassion and patience . May God bless you on your journey .", []], [1546536, 3, "I m so sorry about that I know how bad you must be feeling dealing with your husband has divorce issues it is really a very hard decision you are taking and of course you are a very strong womanyou can message me if you need someone to talk to i would be very happy to make you feel very comfortable", ["🤗"]], [1415006, 2, "Hey , I know it is a lot you are going through . And we all here support you . I m here if you want to vent out . i would listen .", []], [723333, 1, "sorry to hear that - hope to stay strong for the kiss and have a good support system for yourself", []]], "speakers": {"Michael Scott": 0, "Honey badger": 1, "crock pot": 2, "Kay": 3, "scooby doo": 4, "Happy Soul": 5, "Callie": 6, "Hanson": 7, "𝚕𝚎𝚜𝚋𝚒𝚊𝚗𝚏𝚊𝚌𝚎": 8, "Prince 🤴🇺🇲": 9}}, {"id": 17978049, "category": {"id": 10, "name": "Friends"}, "emotion": "Inspired", "turns_number": 3, "dialogues": [[1533219, 0, "Who is the evil lion limb fought", []], [1521150, 2, "scar and he is not evil . limb was the face angel .", []], [1141912, 1, "s all y all do not know dinner . its obviously arab", []]], "speakers": {"BrodyBaker": 0, ".": 1, "Shim Stock": 2}}, {"id": 17978047, "category": {"id": 74, "name": "Depression"}, "emotion": "Hopeful", "turns_number": 3, "dialogues": [[1546512, 0, "i am lost in an ocean , the ocean of feelings.the waves toss and turn , pulling me under.i feel wrapped and lost , as i call for help.but everyone who passes by , does not seem to cares i ll stay stuck in this ocean , the ocean of feelings .", []], [518396, 2, "you know . each time I return to that ocean , I really do feel nostalgic . and that makes me kind of at home ? , it is really concerning .", []], [1076483, 1, "Tell me you wrote that !", []]], "speakers": {"Kayela": 0, "B r u u (づ￣ ³￣)づ": 1, "Taurean": 2}}, {"id": 17978042, "category": {"id": 11, "name": "Hopes"}, "emotion": "Meh", "turns_number": 3, "dialogues": [[1545811, 0, "I have both socks and blanket on , but my feet are still ice cold", ["😔"]], [1257499, 2, "my mon says that is bc they are sweat", []], [1481494, 1, "a hot tea and problem solved", []]], "speakers": {"Just Pain": 0, "User Banned": 1, "Maria Sol솔 👩‍💻🌎🚺": 2}}, {"id": 17978026, "category": {"id": 10, "name": "Friends"}, "emotion": "Hopeful", "turns_number": 3, "dialogues": [[0, 0, "how to be less socially awkward and weird . I end up being that person most of the time", []], [1543726, 2, "have a smile while facing people . it works always . And think before you speak if you need to", ["😁"]], [1545769, 1, "Do things that make you more confident . Learn a language . Take a dance class . Become a great cook . Be well read . Follow current events . Any of the above . Social settings are a lot easier when you remember these three things : 1 . ) Everyone is favourite subject is them self to . ) Everyone is favourite word is their first name 3 . ) You can come up with a follow up to every social conversation using the  What ? Why ? How ? When ? Who ? ", []]], "speakers": {"Anonymous": 0, "𝕍𝕚𝕫 😌": 1, "jDot": 2}}, {"id": 17978019, "category": {"id": 20, "name": "Others"}, "emotion": "Relaxed", "turns_number": 3, "dialogues": [[1546475, 0, "It seems that this pp brings together all the excluded people in the world , we are going to make a revolution .", []], [1331025, 2, "Brush , we are too depressed and morbid for that sort of deal .", []], [730101, 1, "We can not even fight our panic attack let alone fight for revolution", ["😩"]]], "speakers": {"Lucas f": 0, "✘은미✘": 1, "Kin 🇲🇾🏳️‍🌈": 2}}, {"id": 17978017, "category": {"id": 7, "name": "Relationships"}, "emotion": "Meh", "turns_number": 3, "dialogues": [[1539744, 0, "why do the best people always have to li have so far away .", []], [1534805, 2, "because we are meant to fight alone our battles", []], [1545769, 1, "Is it possible that you are inadvertently attracted to people far aware because it creates a safe barrier for you in that they are not actually emotional available to you and thus can not hurtyouryour", []]], "speakers": {"Newbie": 0, "Nobody": 1, "jDot": 2}}, {"id": 17978010, "category": {"id": 51, "name": "Helpful Tips"}, "emotion": "Meh", "turns_number": 3, "dialogues": [[0, 0, "What is the easiest and fattest way to get used to having a new name ?", []], [1303451, 2, "write it on paper , your muscle and cognition have memory both will increase doing so , or you can try saying new name in a audit , and just repeatedly listen to it .", []], [1524959, 1, "Meet new people :0 They ll call you by your new name , not your old one . It is going to sink in better i think .", []]], "speakers": {"Anonymous": 0, "Sparky 🐻": 1, ":χ Uta": 2}}, {"id": 17977989, "category": {"id": 20, "name": "Others"}, "emotion": "Optimistic", "turns_number": 5, "dialogues": [[451950, 0, "do you think social media has affected romantic relationships in a negative have or position have way ?", []], [536740, 4, "It is a good thing maybe , I do not have a relationship", []], [1393786, 3, "if there is a fight you can find support . and now abuse can be broadcast worldwide instantly", []], [541914, 2, "position have because social media is part of my romantic relationship", []], [1506527, 1, "they are good for people in long distance relationships , but for other relationships I guess it is slightly negative have , not something that makes a big difference though", []]], "speakers": {"Victor's": 0, "Kay": 1, "AJ": 2, "Layla X Akechi ship": 3, "Eric Silva": 4}}, {"id": 17977973, "category": {"id": 63, "name": "My Story"}, "emotion": "Loving", "turns_number": 4, "dialogues": [[1401197, 0, "A cop pulled me over and told me  paper is so i said  scissors , I win !  and drove off", []], [990150, 3, "does not that make you us ?", ["😂"]], [1141912, 2, "gold . how much is your bail the . i gotyouryour", []], [1517898, 1, "It is So Funny How Both Of Our Surnames Ends With to.0 Too .", []]], "speakers": {"̶M̶O̶N̶S̶T̶E̶R": 0, "Athelie": 1, "Shim Stock": 2, "Lesbian Jesus 2.0": 3}}, {"id": 17977971, "category": {"id": 5, "name": "Bullying"}, "emotion": "Depressed", "turns_number": 3, "dialogues": [[0, 0, "My evil neighbours are putting me through hell with their harassment / abuse / torture tactics", ["😔"]], [541673, 2, "with , why they down that to you . ? !", []], [1463572, 1, "pray for them . to pray for their peace is to destroy the authority of their own chaos . do not i have up they will be out of your life i know because i am going through the same thing", []]], "speakers": {"Anonymous": 0, "J2ShAdyX": 1, "Mauricio": 2}}, {"id": 17977965, "category": {"id": 71, "name": "Grief"}, "emotion": "Heartbroken", "turns_number": 5, "dialogues": [[1546514, 0, "it is been 172 days since my grand passed away from could . I am struggling really bad with his passing . I normally move on by now , but now I feel I have no purpose . I was trying to do better in school to make him proud , by time I actually passed all my classes it feels painless . I broke down crying in front of a teacher , and told her why everything feels painless now . Honestly just want to i have up on everything .", []], [868963, 4, "hey as someone who has lost a bunch of people I just want to say that it is ok to feel like cap and it is normal to cry and to break down . I mean you are breaking strong for pushing yourself in times like this and it is important to take care of yourself really sorry for your lost and if you ever need / want to talk , i am always there", []], [1160051, 3, "Why did his passing change anything about his desire to make him proud ? he is still floating around this un averse , after all .", []], [510462, 2, "I lost my mon to Could . I completely understand what you are going through but you still can make him proud . I was in the same boat but after a while you ll understand anything you would do will make them proud . They will always be proud of you no matter what you do .", []], [976835, 1, "hey I know you are sad and I m say to hear about your loss but that is how life is you need to keep surviving whatever happens everyone lost close friend or family due to could so this time will pass get back on you are knees and you are already there stay strong huge", []]], "speakers": {"Anessa": 0, "Alma": 1, "Magdalena": 2, "Cheyenne.": 3, "balvinder singh♈": 4}}, {"id": 17385029, "category": {"id": 7, "name": "Relationships"}, "emotion": "Supported", "turns_number": 4, "dialogues": [[1176436, 0, "Do you ever just grave your man ? Not sex but like his scent , his vice , his company ?", []], [541600, 3, "someone used to want me that way.and honestly that is the best knowing that all of you is wanted", []], [1503330, 2, "up for everything about about", []], [1513014, 1, "I grave my girl this . Her huge or just her voice her laugh just the little simple things that you would hear everyday or see .", []]], "speakers": {"Change your perception❣️💫": 0, "nobody": 1, "Piya": 2, "Masonzf": 3}}, {"id": 17385021, "category": {"id": 11, "name": "Hopes"}, "emotion": "Inspired", "turns_number": 3, "dialogues": [[1512993, 0, "I want to be the turtle from King ff and when he dissolved into thin all right all right", []], [1064162, 2, "I think his name is Doorway , right ?", []], [1243841, 1, "i thought the reason would be cause of his intelligence but no offence whatever attracts you", ["😐", "🙂", "😅", "😂"]]], "speakers": {"Newbie": 0, "Simon": 1, "Meuza 🍁": 2}}, {"id": 17385013, "category": {"id": 68, "name": "I Need Help"}, "emotion": "Tired", "turns_number": 3, "dialogues": [[1324558, 0, "I have been awake for for days now and have not slept since and I m fucking exhausted but can not seem to sleep , and it is absolutely killing me , any suggestions ?", []], [1504642, 2, "Try melanin its suppose to help you sleep", []], [1513014, 1, "Figure out what is keeping you awake . Is it insomnia or is something on your mind ?", []]], "speakers": {"Michael Woodward": 0, "🤡JokerFanNow🖤": 1, "Masonzf": 2}}, {"id": 17385003, "category": {"id": 10, "name": "Friends"}, "emotion": "Inspired", "turns_number": 4, "dialogues": [[1245735, 0, "can I hug you ? he asked no ! said her lips you do not have to take permission for that you stupid , said her eyes", []], [1480973, 3, "should I adopt a turtle ?", ["🐢"]], [1508972, 2, "how do I share this.it is so cut .", []], [1152131, 1, "This is so cut and adorable ", ["❤"]]], "speakers": {"Parth  with the D": 0, "Nick": 1, "Panda(◕ᴗ◕✿)": 2, "as_adrija✨": 3}}, {"id": 17384995, "category": {"id": 20, "name": "Others"}, "emotion": "Amused", "turns_number": 3, "dialogues": [[0, 0, "somebody hand over me tampons and pads in the mall in celebration of international women is month , up i do not even have fussy . our", []], [1219486, 2, "throw it in the air like confetti", []], [1108525, 1, "The our is what did it for me", []]], "speakers": {"Anonymous": 0, "Cakylynn 💀": 1, "𝒦𝒾𝒶𝓇𝒶": 2}}, {"id": 17384982, "category": {"id": 10, "name": "Friends"}, "emotion": "Worried", "turns_number": 6, "dialogues": [[1476459, 0, "Hell is empty all the devils are here .", ["😑"]], [1480973, 5, "not for long the .", []], [1179778, 4, "because devil king is here", ["😈"]], [1368310, 3, "honestly no one is devil it is just way people show themselves here that they are hot smart bah plain real life they are not all mostly they are dumb or suck in very well manners devil", ["🤣"]], [459417, 2, "really yeah they they li have with us on earth", []], [1454128, 1, "No you guess me wrong .", ["😂", "🎈"]]], "speakers": {"Stalker🙋": 0, "Nick": 1, "careless human": 2, "Jeezz": 3, "Mo": 4, "Fly_With_Andyy...💘🎈": 5}}, {"id": 17384979, "category": {"id": 7, "name": "Relationships"}, "emotion": "Supportive", "turns_number": 5, "dialogues": [[1506114, 0, "How do you know if someone is amazing ?", []], [1480973, 4, "they can do a backflip", []], [1501103, 3, "Its a feeling I guesslike how you feel hungry , sleepy", []], [1503733, 2, "are you left in amazement with them ?", []], [1491526, 1, "you look in the mirror", []]], "speakers": {"xena": 0, "Nick": 1, "Abhi": 2, "clancy": 3, "NightOwl29": 4}}, {"id": 17384950, "category": {"id": 10, "name": "Friends"}, "emotion": "Depressed", "turns_number": 3, "dialogues": [[1506265, 0, "Hi guns!I need a new doctor , cut l can not reach mine", ["😢"]], [1480973, 2, "what is the issue ?", ["🤔", "🧐"]], [1162004, 1, "what kind of dr ?", []]], "speakers": {"Nil Emgen": 0, "Nick": 1, "レフマン ヒフザー": 2}}, {"id": 17384948, "category": {"id": 75, "name": "Life Hacks"}, "emotion": "Optimistic", "turns_number": 3, "dialogues": [[1219486, 0, "Andrew the So boy is Was favorite just a public reminder that ll get taken down immediately peace and love", ["🤏🏻", "✌", "🏻", "💖"]], [506307, 2, "What is a so boy ?", []], [1482828, 1, "The so boy who has changed his name just because of fucking me", ["😂"]]], "speakers": {"Cakylynn 💀": 0, "JesusisLord (WWJD) WhatwouldJesusdo?": 1, "Arch Rival of Andrew": 2}}, {"id": 17384944, "category": {"id": 10, "name": "Friends"}, "emotion": "Supportive", "turns_number": 10, "dialogues": [[1288235, 0, "If sadness is eating you up , enjoy it . Just moan .", ["😉", "💕"]], [951853, 9, "now I m laughing and moaning", ["🤣"]], [723333, 8, "Def a glass half full perspective have - I LOVE IT", []], [1354181, 7, "* moans in sadness *", []], [1391799, 6, "It really helps i like that approach ;)", []], [1246456, 5, "why let sadness eat you when I can do that", []], [1333781, 4, "Moans can be exhilarating and incentivizes you for more challenges", ["😆"]], [1415182, 3, "Moans while eating a whole jar of Patella in sadness", ["🤧"]], [1392086, 2, "i think it is better to eat back sadnessbecause then it comes and will be done with you", []], [1514595, 1, "Is that what you do?It would be amazing to hear your moan", ["😉"]]], "speakers": {"Jen": 0, "νιℓℓαηєℓℓє": 1, "Prince 🤴🇺🇲": 2, "Zenith": 3, "Jon": 4, "doge the poor millionaire and his slave popatlal": 5, "OrpheusPooh": 6, "🧬2X Chromosomes 🧬": 7, "deepressed plaStick in the Buttle in the sea": 8, "SNEAKY_PEAKY _": 9}}, {"id": 17384941, "category": {"id": 7, "name": "Relationships"}, "emotion": "Confused", "turns_number": 3, "dialogues": [[1142898, 0, "Maybe i am nail have but why do people get into relationships even when knowing they will end ? ( I know some end in marriage but i am not talking about those )", []], [1480973, 2, "because she looking for a flame not a fire", ["👀", "🔥"]], [1165381, 1, "Cause life is meant to be li have , I knew it was not going to last with my ex - gas but that is never what we were going for in the first place , hurts when it ends , but in the end we would have missed so much if we did not go for it", []]], "speakers": {"Star Girl 💛": 0, "Nick": 1, "(っ◔◡◔)っ Hug": 2}}, {"id": 17384938, "category": {"id": 63, "name": "My Story"}, "emotion": "Tired", "turns_number": 3, "dialogues": [[1469112, 0, "After crying for six hours .Me to Me : it is not that Serious laughing my arms off", ["😂"]], [1142898, 2, "Maybe something is wrong laugh out loud", []], [1391628, 1, "my brain after crying for an hour,:let us see how my eyes looks now", ["😂"]]], "speakers": {"Tequila🍸": 0, "Star Girl 💛": 1, "Abdul Ahad": 2}}, {"id": 17384892, "category": {"id": 15, "name": "Family"}, "emotion": "Depressed", "turns_number": 4, "dialogues": [[1506520, 0, "This is the most painful thing that ever happened to me . I just lost the person who gave life to me and showed me the wonders of the world . Please , someone wake me up from this nightmare . Mon , I refuse to believe that you are gone . Tell me I m dreaming . This can not be true !", ["😭"]], [1356108, 3, "i am sorry , my condolence", []], [1020393, 2, "Sorry for your loss , let me know if there is anything I can do to help", []], [1391799, 1, "I am so sorry for your loss :( if you need someone to talk to i am here for you", []]], "speakers": {"Avery": 0, "enter yourname": 1, "Cautiously Optimistic 🇵🇸🇵🇸🇵🇸": 2, "Jon": 3}}, {"id": 17384891, "category": {"id": 20, "name": "Others"}, "emotion": "Hopeful", "turns_number": 4, "dialogues": [[1513001, 0, "I feel like maybe I need to die", []], [622943, 3, "What is wrong ? i am here for you", []], [1356108, 2, "can you bring me ?", []], [1483084, 1, "I need someone to talk to everyday", []]], "speakers": {"AshleyLaceWalls": 0, "blue": 1, "enter yourname": 2, "Gideon": 3}}, {"id": 17384879, "category": {"id": 58, "name": "LGBT"}, "emotion": "Calm", "turns_number": 5, "dialogues": [[0, 0, "what is the thing with super straight that is going on ? i keep hearing bout it here and there but i actually have no idea of it is ? can someone pus explain ? cut it seem like a homophobic thing or south from the things i saw ?", []], [754168, 4, "basically a bunch of at right transphobes made up a sexuality where they basically tell trans people they hate them and to fuck off .", []], [525598, 3, "People who are too insecure in their own sexuality to admit that they can be attracted to transgender people the same way they can be attracted to his people , so they are making a while movement to explain that they only care about someone is genitals . Very gross , i am i am", []], [1506700, 2, "people be really hating on people who are only attracted to the opposite sex . That is pretty much it", []], [506307, 1, "I read the definition of super straight . It only says people whose sexual orientation only allows them to date people of the opposite sex . A modern slang term for heterosexuality . How is that transphobia ?", []]], "speakers": {"Anonymous": 0, "Darcassian": 1, "Gikma": 2, "InquisitiveBeing": 3, "JesusisLord (WWJD) WhatwouldJesusdo?": 4}}, {"id": 17384851, "category": {"id": 10, "name": "Friends"}, "emotion": "Inspired", "turns_number": 5, "dialogues": [[673215, 0, "You ever meet someone and you both just clicked ?", []], [541600, 4, "yeah I did , the time she was in my life was the best of my life and now that she is gone I have an irreparable hole in my heart", []], [918050, 3, "yes . but clicked is also mean that some is switch off", []], [1473476, 2, "and then gradually we just became strangers too", []], [1290382, 1, "up they just broke my heart they created on me", []]], "speakers": {"Virtual World": 0, "nobody": 1, "/rhotacism": 2, "celestialruin": 3, "Kai is a HSP😐🏳️‍🌈": 4}}, {"id": 17384823, "category": {"id": 63, "name": "My Story"}, "emotion": "Sad", "turns_number": 4, "dialogues": [[1012422, 0, "I fix everyone , who will fix me ?", []], [1465956, 3, "but yourself sadly , we only have ourselves", []], [1508972, 2, "you , only you can fix yourself", []], [1368310, 1, "GOD is planbelieve me or not but you are not alone seriously It will be alright xx", ["❤"]]], "speakers": {"Her Winx": 0, "⠀": 1, "Panda(◕ᴗ◕✿)": 2, "Jeezz": 3}}, {"id": 17384803, "category": {"id": 47, "name": "Health"}, "emotion": "Sick", "turns_number": 4, "dialogues": [[1133409, 0, "How to get rid of a migrate ? the reason probably is I had a hard time sleeping last night cause of noise and I do not feel like taking a nap now", []], [1430132, 3, "put something cold over head", []], [1064162, 2, "Trying to cool down your head does a lot of work , lots of water , maybe a warm shower . There is plenty you can do to reduce the migrate to something more bearable", []], [1485157, 1, "drink lots of water and take a bath", []]], "speakers": {"sat🍁yayyy": 0, "Ria": 1, "Simon": 2, "brooks": 3}}, {"id": 17384787, "category": {"id": 47, "name": "Health"}, "emotion": "Stressed", "turns_number": 3, "dialogues": [[622527, 0, "The person I am will always be ugly . It is a shame that no choice that I make or path that I take will ever have the impact to change that . Those who believe in me . Wish me luck that I become wealthy so I may have mass have facial reconstruction have surgery . Only then will my life finally be important again .", []], [1297190, 2, "From what I see from your profile picture you look cut to me .", []], [557124, 1, "It must be the other side of your face that is ugly because this side of you that is showed is pretty good .", []]], "speakers": {"durka": 0, "FelixThecat": 1, "Her": 2}}, {"id": 17384777, "category": {"id": 62, "name": "Mental Health"}, "emotion": "Supported", "turns_number": 3, "dialogues": [[1512862, 0, "My mind is slowly killing me and my anxiety is very bad . I do not know how to stop it . Someone help me . Please", []], [1216989, 2, "calm down . take a deep breath", []], [622943, 1, "Message me , In that sinking feeling i am here foryouryour", []]], "speakers": {"Sky Rose": 0, "needle": 1, "blue": 2}}, {"id": 17384752, "category": {"id": 61, "name": "Positive"}, "emotion": "Caring", "turns_number": 4, "dialogues": [[1219486, 0, "Laughing my arms off you can remove my post so fast but you totally allow penis , sexual harassment by admits , weird unity in my chats- this is a mental health pp ?", []], [665054, 3, "they do not allow that , they are not sending them to your DES .You should block and report them .", []], [583005, 2, "soon they will remove this post too hahhaha", []], [265543, 1, "admits no longer care about it what they care about is holding more and more people on to the pp", []]], "speakers": {"Cakylynn 💀": 0, "Iwon'tHURTchew": 1, "Just a Man 🇵🇸Palestine": 2, "love_me_like_I_do": 3}}, {"id": 17384751, "category": {"id": 51, "name": "Helpful Tips"}, "emotion": "Supportive", "turns_number": 4, "dialogues": [[1512990, 0, "i can see my future", []], [1401897, 3, "can you change it before happening ?", []], [1432611, 2, "hope that it bright and nice for you", []], [1265633, 1, "can up see mine ?", []]], "speakers": {"Deepika": 0, "deep": 1, "RICHDOTCOM": 2, "Robert Leone ❤️": 3}}, {"id": 17384723, "category": {"id": 53, "name": "Education"}, "emotion": "Anxious", "turns_number": 3, "dialogues": [[1415018, 0, "headteacher just called my mon . what a stitch", ["😾"]], [1480973, 2, "what did you do brush ?", []], [1474441, 1, "You know what we do to stitches in prison ?", []]], "speakers": {"bluê": 0, "Nick": 1, "Hank Moody": 2}}, {"id": 17384716, "category": {"id": 15, "name": "Family"}, "emotion": "Angry", "turns_number": 4, "dialogues": [[1337254, 0, "can I know who is disturbing this sweet person", []], [704223, 3, "drink some water relax di", []], [1512995, 2, "but why you angry.what happened ?", []], [369669, 1, "hey what is wrong i am here for you always", []]], "speakers": {"𝑭𝒂𝒌𝒆💔𝒍𝒐𝒗𝒆 🇵🇸": 0, "ohmydog": 1, "M Arslan Younas.": 2, "jer is awesome": 3}}, {"id": 17384704, "category": {"id": 20, "name": "Others"}, "emotion": "Nothing", "turns_number": 5, "dialogues": [[0, 0, "I do not know why but when women do not support other women it hurts differently . Just yesterday a heard a women on Twitter say that women should be submission have to their husbands , not work , should not vote and women who put their career before marriage and children are not real women . That woman is certainly stuck in 1950s . What hurts more is many supported her .", []], [1069844, 4, "I m with you on the stance , that thick is literally putting down women , I was raised by a single mother , and I believe that women do not need men , they are capable of doing everything on their own , also I hate men is", []], [1142898, 3, "Yeah I do not know why either but it hurts more when women do not support other women :(", []], [1473869, 2, "so true . unfortunately they are so eager for male acceptance", []], [1216989, 1, "different people have different opinions . you can not force one idea to another . we are all different .", []]], "speakers": {"Anonymous": 0, "Looneytunes": 1, "Star Girl 💛": 2, "sara": 3, "needle": 4}}, {"id": 17384693, "category": {"id": 72, "name": "Anxiety"}, "emotion": "Anxious", "turns_number": 3, "dialogues": [[1494624, 0, "I think I ll have an anxiety attack in and I m in public .", ["😖", "😬"]], [1496497, 2, "Tell your friends talk about something to keep your mind off it", []], [1337376, 1, "take deep breath in rhythm of your heart beats you will feel better ", ["☘"]]], "speakers": {"FUBUKI": 0, "xKCX95": 1, "Mayur": 2}}, {"id": 17384661, "category": {"id": 47, "name": "Health"}, "emotion": "Stressed", "turns_number": 3, "dialogues": [[622527, 0, "I would do anything for a Forever Full trait in real life . The tireless struggle of eating and eating and eating only for this ridisee you laterous pain to come back over and over and over and nothing can be done about it because I m this worthless waste of human life . Starve me to death please , i have the food to a man who matters so he can feed his wife and child .", []], [1017360, 2, "same , like why is not life the fucking aims ? why can not i just earn enough points to not eat forever ? i kind of hate eating .", []], [1479653, 1, "No you deserve to eat", []]], "speakers": {"durka": 0, "bea 🐇": 1, ".": 2}}, {"id": 17384646, "category": {"id": 7, "name": "Relationships"}, "emotion": "Proud", "turns_number": 3, "dialogues": [[0, 0, "it is fine to being single , rather than spread hope or having hope to men . why i should be worried about soulmate ? i believe in Allah will i have me the best one . or maybe i will die first ? ! who knows.rather than giving you hope and hurt . better do not attach to me", ["🙃", "🙂"]], [1501103, 2, "Proud of you If you can be happy by your own , nothing can be better than that . Be blessed , be happy always ", ["😀", "☺"]], [1404675, 1, "Inshallah his , we do not know what Allah ( sat ) has in stored for us , just wait and be patient , Even if we do die before then we can always meet our soul mate in hannah", []]], "speakers": {"Anonymous": 0, "Abhi": 1, "Alijah": 2}}, {"id": 17384629, "category": {"id": 10, "name": "Friends"}, "emotion": "Supportive", "turns_number": 11, "dialogues": [[1510880, 0, "do not waste your time and energy on someone who does not return your feelings . if you have made him aware of how you feel then you have done all you can . the ball is now in his court . perhaps he will eventually decide to i have you a chance and perhaps not . in the mean time , do not let it stop you from pursuing other romantic interests .", []], [1483652, 10, "now it is a chaos , I will say to all of them no like I wo not date them , until I figure out how I really feel and until I feel good with myself", ["😂"]], [1480973, 9, "I do not know man just say fuck it move on (;", []], [820496, 8, "Honestly . Just distance yourself or be straight honest that her problems are emotional draining you . Because I had the same thing happen to me with my male best friend . He was constantly draining me every single day . There is only so much we can do for them .", []], [1398179, 7, "are you doing this or facing ?", []], [1216283, 6, "Caution because if one of us is in an emotional unstable midst ( reminiscing over ex ) then it puts both parties at risk for emotional harm .", []], [1488642, 5, "i do not have any friends", []], [327192, 4, "* eats popcorn * interesting", []], [1223709, 3, "due , i need to are - read it again but unfortunately i m not men or boys .", ["🧐", "🙄"]], [1204343, 2, "I do not understand this", []], [1293258, 1, "let friends be friends and lovers be loved , mix that shit and both of you on na get hurt . getting drunk and fucking is fine the", []]], "speakers": {"Mr. Blue": 0, "stef33": 1, "Nick": 2, "•A•": 3, "Deja Vu 🤔": 4, "radiance of reality ENFP-T": 5, "mk": 6, "Masquerade": 7, "Nina Faraway 💗": 8, "comeback": 9, "recovering bully": 10}}, {"id": 17384612, "category": {"id": 61, "name": "Positive"}, "emotion": "Optimistic", "turns_number": 4, "dialogues": [[285024, 0, "if Captain America ate crutch foods.he could also be CAPTAIN CRUTCH", []], [981548, 3, "forever and it is amazing", []], [1000984, 2, "or drink rum he would be captain morgan", []], [675844, 1, "as long as he is not eating the crutch peanuts butter we are safe", []]], "speakers": {"Daughter of Ares⚔": 0, "Cynical Skin 💚": 1, "⚔🗡Maximus 🗡⚔": 2, "Logan": 3}}, {"id": 17384594, "category": {"id": 12, "name": "Self Harm"}, "emotion": "Supported", "turns_number": 5, "dialogues": [[1512984, 0, "I am good for nothing I am a big failure , I do not want to li have anymore but when I think of my parents", ["😔"]], [1411711, 4, "do not feel that wayyou are precious", []], [1252986, 3, "You are not a failure people are trying to make you think you are", []], [1432611, 2, "good , if you think of you are parents then , then do not i have up and li have you are life", []], [1483084, 1, "I need someone to talk to everyday", []]], "speakers": {"35woman": 0, "Smile": 1, "anz3lm0": 2, "RICHDOTCOM": 3, "Gideon": 4}}, {"id": 17384592, "category": {"id": 10, "name": "Friends"}, "emotion": "Supportive", "turns_number": 3, "dialogues": [[948233, 0, "I hope you had / have a great day (:", []], [1020393, 2, "Thanks , same to you , how are you doing ?", []], [1469113, 1, "I am not very good honestly but thanks . Hope you are having a great day , though", []]], "speakers": {"Sera(:": 0, "Cautiously Optimistic 🇵🇸🇵🇸🇵🇸": 1, "Daniel": 2}}, {"id": 17384562, "category": {"id": 12, "name": "Self Harm"}, "emotion": "Bored", "turns_number": 3, "dialogues": [[526317, 0, "I feel like nothing and no one .", []], [952698, 2, "I do not know why you feel like that because you are ! And can you please stop allowing negative have thoughts to flood your brain ? Your bigger thank what you think .", []], [1200600, 1, "I am nobody , I have bee summoned .", []]], "speakers": {"Pathetic": 0, "raya✨": 1, "Aman": 2}}, {"id": 17384558, "category": {"id": 20, "name": "Others"}, "emotion": "Encouraged", "turns_number": 3, "dialogues": [[1360115, 0, "So I have the Bible pp I have never completely read the Bible Barely ever made it past genesis which version do you think is good ? Not diffuse you later to read Straight forward Thanks", []], [1418733, 2, "AMP , CAB , EST or NOT just check it out :)", []], [1465956, 1, "Good news Bible ( AND ) has good English or the ones they use at schools IV", []]], "speakers": {"♈️🐘🍍": 0, "♡": 1, "⠀": 2}}, {"id": 17384556, "category": {"id": 11, "name": "Hopes"}, "emotion": "Hopeful", "turns_number": 3, "dialogues": [[1251291, 0, "i want to experience a kind of love that someone will i have you importance on there life . not just by a bunch of gifts or money , but a true depth feelings they can i have to you . A true love can never change and never fade that can respect and accept you until you both getting old .", []], [658263, 2, "are you that true love because you attract what you are .", []], [1396716, 1, "You ll def going to meet them at the right tidings in the mean time try to become the one you want in life .", []]], "speakers": {"Black": 0, "ɐpuᴉ⅂": 1, "🇵🇸": 2}}, {"id": 17384546, "category": {"id": 7, "name": "Relationships"}, "emotion": "Heartbroken", "turns_number": 4, "dialogues": [[1468444, 0, "I m proud of you", []], [1200600, 3, "i am not , so you can slap me now .", []], [1507191, 2, "words i never heard and probably never will sincerely laugh out loud", []], [1260081, 1, "Well I m proud of you too ", ["♥"]]], "speakers": {"firefly": 0, "Aman": 1, "this guy u nvr knew": 2, "MrWhiteNight": 3}}, {"id": 17384540, "category": {"id": 20, "name": "Others"}, "emotion": "Tired", "turns_number": 3, "dialogues": [[0, 0, "than someone prevent me from carving this guy is name into my leg", ["⚠"]], [1487354, 2, "Do not do it i have branded myself many times and I regret it like a for", []], [1491339, 1, "he is not worth it", []]], "speakers": {"Anonymous": 0, "🔥COLE🔥": 1, "princess": 2}}, {"id": 17384536, "category": {"id": 10, "name": "Friends"}, "emotion": "Heartbroken", "turns_number": 3, "dialogues": [[481636, 0, "I never thought a friend shouting you could be so much more heartbreaking than a relationship breakup . If anyone wants to talk , i would really appreciate it .", []], [1508822, 2, "yeah I understand that feeling , especially when you have been talking to them for a long time", ["😔"]], [1396716, 1, "I hope you are getting better with it . The only merit is not about people is they can leave daytime as they like .", []]], "speakers": {"minimalinistic": 0, "Kurtis": 1, "🇵🇸": 2}}, {"id": 17384530, "category": {"id": 63, "name": "My Story"}, "emotion": "Hopeful", "turns_number": 3, "dialogues": [[1442126, 0, "wish me luck , i have my exam today", ["😭", "🖤"]], [1394483, 2, "good luck you got this", ["👍"]], [1396716, 1, "All the best girl you ll rock it do", []]], "speakers": {"yoogurl": 0, "cruzer": 1, "🇵🇸": 2}}, {"id": 17384516, "category": {"id": 7, "name": "Relationships"}, "emotion": "Sad", "turns_number": 4, "dialogues": [[956715, 0, "my mind wants to stay in love with past but the future is what I grave", ["😥", "😅", "😝"]], [1370906, 3, "Well perfect one will be to focus on present and make efforts . Past we ca not change and future will depend on today is efforts . You need to move ahead from your past somehow .", []], [1152744, 2, "end up in the present , a balance of both", []], [613129, 1, "Same . I ground it in create have expression .", []]], "speakers": {"Mean Nerd": 0, "Rainbow Sparkle": 1, "ᒐvstiʌ": 2, "Mr. Rusty": 3}}, {"id": 17384503, "category": {"id": 10, "name": "Friends"}, "emotion": "Supportive", "turns_number": 4, "dialogues": [[1464419, 0, "hey ? My life is still garage d how is yours ?", []], [1491339, 3, "am i you ? because we are living the same life", []], [940104, 2, "stars are space trash but they still shine bright . I forgot my point", []], [658263, 1, "it is awesome .I love this life", ["😄"]]], "speakers": {"Le Steffen": 0, "princess": 1, "i": 2, "ɐpuᴉ⅂": 3}}, {"id": 17384482, "category": {"id": 20, "name": "Others"}, "emotion": "Supportive", "turns_number": 9, "dialogues": [[1301478, 0, "I see a lot of people here , asking for help and not getting any.and it breaks my heart . Try being there for someone when you can . Please . I know you guns are there for female users and they do not have much trouble getting help , but now we have to stand up for our fallen Brothers on this pp as well .", []], [480238, 8, "I usually do not get much help when I m cleareally asking for support . Probably because no one knows I m female unless you check my profile .", []], [1373085, 7, "the ones commenting on girl is posts are mostly creep too so it is no help to anyone ! so let us Rather be genuine and help everyone regardless of gender", []], [461192, 6, "It is always those meaningless stupid posts that get the attention", []], [770734, 5, "the thing is men who want help and only help always get it in some way or other .", []], [851088, 4, "I only got one comment on my post it is anonymous", []], [1142898, 3, "Quick question how did you put the  serious only  label on your post ?", []], [1338780, 2, "up this is so true . lots of such posts get ignored here .", []], [1491339, 1, "this others me so much . the most serious post get less attention and interactions compared to other ones like  when was your first kiss  it is ridisee you laterous to me .", []]], "speakers": {"Agent 47": 0, "Creature_of_tea": 1, "Hedwig🌺": 2, "♋️": 3, "Maxiii": 4, "heartfilledwithpain": 5, "Star Girl 💛": 6, "sandy": 7, "princess": 8}}, {"id": 17384474, "category": {"id": 47, "name": "Health"}, "emotion": "Moody", "turns_number": 3, "dialogues": [[615781, 0, "looked want to smoke but i m trying so hard not to :/", []], [723333, 2, "why do not you want to ?", []], [1346172, 1, "no , that is bad for you", []]], "speakers": {"ris": 0, "Prince 🤴🇺🇲": 1, "User Suspended": 2}}, {"id": 17384461, "category": {"id": 72, "name": "Anxiety"}, "emotion": "Sad", "turns_number": 3, "dialogues": [[1256619, 0, "I want to get out of here its so awkward and weird", []], [1283212, 2, "What is stoppingyouryour", []], [930519, 1, "What happened that made you feel that way towards your life ?", []]], "speakers": {"✨Elsa✨": 0, "A friend": 1, "Joseph": 2}}, {"id": 17384457, "category": {"id": 61, "name": "Positive"}, "emotion": "Supportive", "turns_number": 3, "dialogues": [[1506265, 0, "! Happy Women is Day !", []], [780470, 2, "every day is women day .", []], [1283212, 1, "Happy Women is Day :)", []]], "speakers": {"Nil Emgen": 0, "Delil": 1, "A friend": 2}}, {"id": 17384454, "category": {"id": 75, "name": "Life Hacks"}, "emotion": "Nothing", "turns_number": 4, "dialogues": [[1386864, 0, "What would your perfect room look like ?", []], [246407, 3, "filled with aime figures and guns and a new pp set", []], [1495362, 2, "cold , dark , clean , with mood lights and a star protector", []], [1478373, 1, "Mostly something soft and which is pleasant for eyes", []]], "speakers": {"Ahmad Ahmar Chowdhury": 0, "toaster oven": 1, "Tuk": 2, "# 𝐌𝐫𝐍𝐨𝐭𝐒𝐨𝐏𝐞𝐫𝐟𝐞𝐜𝐭": 3}}, {"id": 17384432, "category": {"id": 72, "name": "Anxiety"}, "emotion": "Lonely", "turns_number": 3, "dialogues": [[1511365, 0, "I miss home so much right now . I want to go home but I can not and all I can do is cry . I have people here trying to make it better but it is not the same as being him with your friends .", []], [1488028, 2, "it happens , call your friend is talk to them you ill feel better", ["👍"]], [1228800, 1, "I can feelyouryour", ["😞"]]], "speakers": {"Daija Harrison": 0, "Velar": 1, "Abominate.": 2}}, {"id": 17384421, "category": {"id": 20, "name": "Others"}, "emotion": "Tired", "turns_number": 3, "dialogues": [[0, 0, "sometimes you have to be narcissistic or sociopathic to sure have", []], [0, 0, "and if you can not relate I envy you", []], [1200600, 1, "good thing i am both , only good people die young .", []]], "speakers": {"Anonymous": 0, "Aman": 1}}, {"id": 17384410, "category": {"id": 12, "name": "Self Harm"}, "emotion": "Inspired", "turns_number": 3, "dialogues": [[685593, 0, "tonight might be my last", []], [1511365, 2, "I m here for you", []], [1511022, 1, "do you need any help ?", []]], "speakers": {"balisticAnxiety": 0, "Daija Harrison": 1, "MM": 2}}, {"id": 17384403, "category": {"id": 59, "name": "Pregnancy"}, "emotion": "Thankful", "turns_number": 3, "dialogues": [[1512967, 0, "congratulations ! i m happy for used toy healthy for you and the baby<3", []], [1017360, 2, "may ! that is great ! i wish all the best for you ! see see", []], [1301478, 1, "God bless you and that little one", ["💙"]]], "speakers": {"selenomia": 0, "bea 🐇": 1, "Agent 47": 2}}, {"id": 17384350, "category": {"id": 10, "name": "Friends"}, "emotion": "Loving", "turns_number": 6, "dialogues": [[1510727, 0, "I like salt things which baby will I have boy or girl", []], [591899, 5, "what you are willing for ?", []], [1468422, 4, "my mon carved salt stuff when she was pregnant with my brother , so maybe a boy", []], [1149047, 3, "You will have a human being who is non binary ! :)", []], [1271902, 2, "A baby girl & a baby boy .", []], [702991, 1, "depends on the dad though . not you in", []]], "speakers": {"neha": 0, "insomniac": 1, "🌻sunflower#3🌻": 2, "Dumbledore": 3, "🅽🅸🅷🅰🅻": 4, "Olive": 5}}, {"id": 17384343, "category": {"id": 7, "name": "Relationships"}, "emotion": "Loving", "turns_number": 3, "dialogues": [[1495410, 0, "how to know you are in love .", ["🥴"]], [1468997, 2, "You will feel like you are in heaven", []], [1338780, 1, "you think about that person constantly", []]], "speakers": {"ItsMeKluh😈🚬💨": 0, "ÒwÓ": 1, "sandy": 2}}, {"id": 17384332, "category": {"id": 75, "name": "Life Hacks"}, "emotion": "Positive", "turns_number": 3, "dialogues": [[1330381, 0, "Do not choose the one who is beautiful to the world . But rather , choose the one who makes your world beautiful .", []], [1466213, 2, "Perhaps it is Beautifully worded thou . !", []], [1359648, 1, "They make my world miserable", ["😂"]]], "speakers": {"𝑨𝒗𝒊𝒌...": 0, "Mafian troll": 1, "Lickweed 🍸": 2}}, {"id": 17384319, "category": {"id": 72, "name": "Anxiety"}, "emotion": null, "turns_number": 6, "dialogues": [[1512967, 0, "i m just scared about being 20like the responsibility , career , married /sigh/", []], [1503005, 5, "I m almost there you you", []], [1331357, 4, "You do not have to marry in your to to", []], [1513216, 3, "One step at a time .", ["💚"]], [1513309, 2, "No need to follow people is life . Take your time . you will be are are", []], [1510899, 1, "You have got till your 30s for all that . Enjoy adulthood . I personally liked my 30s more than my 20s . BUT both had its peaks . I miss things about both .", []]], "speakers": {"selenomia": 0, "Love🇵🇭 ˚₊· ͟͟͞͞➳❥": 1, "26.2": 2, "Antigone": 3, "Newbie": 4, "N M": 5}}, {"id": 17384311, "category": {"id": 7, "name": "Relationships"}, "emotion": "Anxious", "turns_number": 3, "dialogues": [[1512971, 0, "I just wanted to end the sadness", []], [755246, 2, "humanity will kill you are sadness and I m here to help you magical", []], [1502565, 1, "now!so sorry about that . I know you felt", []]], "speakers": {"EllishaBoyea": 0, "AKM 🤘": 1, "Alberto": 2}}, {"id": 17384310, "category": {"id": 20, "name": "Others"}, "emotion": "Nothing", "turns_number": 3, "dialogues": [[859993, 0, "couch caps are the best caps", []], [1473604, 2, "Especially when you got shit to do", []], [780470, 1, "you obviously have not had a 10 hour nap in your bed before", ["😋"]]], "speakers": {"Zak": 0, "sadboihours": 1, "Delil": 2}}, {"id": 17384308, "category": {"id": 62, "name": "Mental Health"}, "emotion": "Frustrated", "turns_number": 3, "dialogues": [[1512608, 0, "I do not want to put my energy to meeting people anymore . Met this girl at work , just wanted to be her friend . I thought we was cool and and seemdown to earth and stuff . I asked to add her on ff and she said yeah . I added her at the parking lot then when I get home the add friend button disappeared meaning she declined it , Now I feel ugly and worthless :(", []], [1496976, 2, "girls are like that . a lot of them they just do things that they do not want but they are too SHY to tell the truth . you are not ugly and worthless . she is dumb", []], [715618, 1, "If she did not want you that is her business you do you brow . Besides , maybe she accidentally declined it . But either way , do not let a little button tell you how to feel . Can not let 1 person ruin your whole day .", ["😂"]]], "speakers": {"Fixing the pieces": 0, "Jen Yana": 1, "Jay 🧃": 2}}, {"id": 17384295, "category": {"id": 63, "name": "My Story"}, "emotion": "Frustrated", "turns_number": 4, "dialogues": [[0, 0, "I need a job ! People look down on you when you do not work .", []], [956715, 3, "You do not want to work you have anxiety or sun ?", []], [1334152, 2, "I do not work and I do not think people . Look down on me", []], [1465956, 1, "working is something you ll never regret in the sense you depend on yourself and nobody can have a say on what you choose to do with yourself", []]], "speakers": {"Anonymous": 0, "Mean Nerd": 1, "🇳🇱 Margaery": 2, "⠀": 3}}, {"id": 17384291, "category": {"id": 20, "name": "Others"}, "emotion": "Anxious", "turns_number": 3, "dialogues": [[1119716, 0, "Can somebody i have advice on my last post please ? I do not want to go on autopilot and wait til for am tomorrow to cry about everything", []], [622943, 2, "Do you have the means to get them fixed ?", []], [319755, 1, "Have got to get them fixed sap , but its never too late to start picking the habit of taking care of your dental hygienic , taking care of oneself can be great for mental health", []]], "speakers": {"Mrs. Spencer Reid": 0, "blue": 1, "Ｓｅｒｕｐｉｋｏ": 2}}, {"id": 17384288, "category": {"id": 47, "name": "Health"}, "emotion": "Sad", "turns_number": 3, "dialogues": [[956715, 0, "I m so down . I have always fought hard to earn a happy life.all life did was surround me with envious and wicked hearted selfish people.they broke me", []], [622943, 2, "For real ! Why is it so hard to find people that just at least match the level of respect you show them", []], [1495410, 1, "life is a war . and we are warriors . what will you do surrender or fight", []]], "speakers": {"Mean Nerd": 0, "blue": 1, "ItsMeKluh😈🚬💨": 2}}]