[{"id": 17895667, "category": {"id": 62, "name": "Mental Health"}, "emotion": "Stressed", "turns_number": 3, "dialogues": [[1541858, 0, "can somebody please talk to me.i m in pain and do not know what to do", []], [1539757, 2, "Hey muddy what is wrong ?", []], [1541902, 1, "hey if you need someone to talk to my des are open", []]], "speakers": {"Aman Srivastava": 0, "Cinderella 👸": 1, "lynn": 2}}, {"id": 17895665, "category": {"id": 20, "name": "Others"}, "emotion": "Chilled", "turns_number": 7, "dialogues": [[1528358, 0, "Do you prefer to li have alone ? You have your privacy , yes , but loneliness .", []], [1310448, 6, "Forest just have got to learn survival", []], [1368310, 5, "Yes I agree with you due . Living  alone i have loneliness but best part is we get lot of privacy that is much important", []], [1441806, 4, "I li have alone and it does it get lonely , before could I used to just dry have around , did not want to be home", []], [1534089, 3, "Living alone is a privilege that I stir have for . Peace is hell of a drug !", []], [1535567, 2, "ida about loneliness , I just want to li have alone", []], [1524188, 1, "no I love as many roommates as possible", []]], "speakers": {"Ragnar29 🦅 🗡": 0, "Tej": 1, "Jeezz": 2, "🦇𝐕𝐚𝐦𝐩𝐲🦇": 3, "Jay": 4, "xoxo": 5, "𝚊𝚗𝚍𝚛𝚘 🖕": 6}}, {"id": 17895660, "category": {"id": 7, "name": "Relationships"}, "emotion": "Loved", "turns_number": 3, "dialogues": [[1535503, 0, "Will muddle all of you", []], [1178467, 2, "How long is your arm", []], [448300, 1, "bet I need some muddles", []]], "speakers": {"inthecourtofthecrimsonking": 0, "\"Yaar\"💐": 1, "briboo16": 2}}, {"id": 17895655, "category": {"id": 62, "name": "Mental Health"}, "emotion": "Tired", "turns_number": 3, "dialogues": [[1541863, 0, "I want to cry and sleep but I just ca not . it is like i am too tired to even cry .", []], [1468552, 3, "cry and sleep , it will help", []], [1541902, 1, "it is like there is no tears left to see see", []]], "speakers": {"Annabelle": 0, "ꫝꪮρꫀ💫": 1, "lynn": 2}}, {"id": 17895651, "category": {"id": 62, "name": "Mental Health"}, "emotion": "Nothing", "turns_number": 3, "dialogues": [[0, 0, "I have trichotillomania . I have decided to cut pieces of my hair with a scissors that I would otherwise pull from the root or mentally break . I think this is a much better alternate have", []], [1524188, 2, "what if you plucked doll hairs or made a career out of professionally plucking brows", ["🤔"]], [1536089, 1, "Hope you find it helpful . is there a way to overcome this ?", []]], "speakers": {"Anonymous": 0, "𝚊𝚗𝚍𝚛𝚘 🖕": 1, "MajesticPie": 2}}, {"id": 17895639, "category": {"id": 20, "name": "Others"}, "emotion": "Supportive", "turns_number": 4, "dialogues": [[1334208, 0, "I m not raising my son to be a gentleman just so some little he can ruin him , go mess with someone else is pride and joy Jessica !", []], [1316671, 1, "terrible just terrible I take pleasure in being ruined the harder I fall the better j", []], [1316671, 1, "but you do realize your son is the complete opposite of what you raised when he is with his friends and you are not around so its not only Jessica is fault", []], [1316671, 1, "the key ingredient to the best life is a cut happy female that adores you and you adore her the earth could be crumbling around you but that love you share wo not let it bother you i am guessing you never felt that before", []]], "speakers": {"POWER CAT": 0, "69/24/7": 1}}, {"id": 17895638, "category": {"id": 10, "name": "Friends"}, "emotion": "Confused", "turns_number": 3, "dialogues": [[1383016, 0, "so basically my of told one of my cousins that i was sexual without my permission / knowledge and i just found this out like a few days ago , like hello i wanted to do that on my own time.damnplus she do not even use the right profound with me either", []], [631715, 2, "This happened to me before ! It was so embarrassing i am sorry they did that .", ["😳"]], [1539064, 1, "My mon and grand outer me to my dad way back when . I was / still am upset they did that . They were like  he should know  . But I wanted to be the one to tell him . And it was not for them to decide who should or should not know , that was and is my decision .  I feel for you . ", ["❤"]]], "speakers": {"Moth(they/xe/he)": 0, "Mimiwithacne": 1, "BrightEyedBirdie": 2}}, {"id": 17895620, "category": {"id": 10, "name": "Friends"}, "emotion": "Insecure", "turns_number": 5, "dialogues": [[1541863, 0, "I am honestly tired of thinking this way and I want to stop daring about what others think about me . Whenever I see my friends testing in a go and they are getting along so well then when I try and text , I get the feeling that i am annoying them .", []], [1398671, 4, "www what is up with that ?", []], [1541856, 3, "i feel the same .", []], [1541860, 2, "i used to feel like that , you just got to try and make yourself feel bit more confident and eventually you wo not care what others think of you the only persons opinion on yourself that matters is yours , as long as your who you want to be then other people is opinions do not matter", []], [891536, 1, "it is not easy to not care about other people is opinions", []]], "speakers": {"Annabelle": 0, "Timothy Matthews": 1, "自殺したい": 2, "Lindsey": 3, "Deksam": 4}}, {"id": 17895619, "category": {"id": 20, "name": "Others"}, "emotion": "Supported", "turns_number": 3, "dialogues": [[985796, 0, "I am so pick when it comes to guns but somehow I always pick the wrong ones", []], [536740, 2, "loops . never found a right one ?", []], [1245735, 1, "cut you have a low self - esteem.u do not feel that you deserve anything better", []]], "speakers": {"Chrissy": 0, "Kay": 1, "Parth  with the D": 2}}, {"id": 17895618, "category": {"id": 20, "name": "Others"}, "emotion": "Amused", "turns_number": 3, "dialogues": [[822335, 0, "Fighting for peace is like fucking for virginia .", ["🙄"]], [1507185, 2, "So world war to should not of happened ? Should of just let hither trample on europe", []], [1515414, 1, "Hata but sometimes you need to fight in order to maintain peace .", []]], "speakers": {"Mr. High 🖤": 0, "User Banned": 1, "Daylight": 2}}, {"id": 17895615, "category": {"id": 10, "name": "Friends"}, "emotion": "Inspired", "turns_number": 4, "dialogues": [[673215, 0, "Only few people care , the rest are just curious .", []], [1541196, 1, "What a statement ! Love it ! Unfortunately , so true ! What is your experience on this ?", []], [1527105, 2, "Now wait a damn minute . That is facts . I have never thought of it that way damn", ["🤔"]], [1541196, 1, "Challenge negative have thoughts . Apply the same logic to your own thoughts . Ask yourself if you are assuming the worst will happen or blaming yourself for something that has not gone the way you wanted . And then think about other possible outcome or reasons that something turned out differently than you hoped .", []]], "speakers": {"Virtual World": 0, "Sam": 1, "SIMMY": 2}}, {"id": 17895614, "category": {"id": 50, "name": "Music"}, "emotion": "Nothing", "turns_number": 3, "dialogues": [[1428004, 0, "I Love astrologyhell yeahbut not too deep", []], [684673, 2, "what is your have planet ?", []], [1524188, 1, "have you used the pattern pp", []]], "speakers": {"Numb♑": 0, "Kama2": 1, "𝚊𝚗𝚍𝚛𝚘 🖕": 2}}, {"id": 17895587, "category": {"id": 7, "name": "Relationships"}, "emotion": "Tired", "turns_number": 4, "dialogues": [[1311668, 0, "he is made me into such a miserable human being . I have diffuse you later sleeping every night while he lies there peacefully asleep", []], [1539757, 3, "I am sorry to know that just forget what is done by him ! And focus on what you want to do . That will make you feel better . My concern for you , please take care", ["😊"]], [1532955, 2, "Hey , I m 21 , male and I m really struggling with body image anxiety issues . Are you free to talk ?", []], [1482846, 1, "It is a long road", []]], "speakers": {"Maria": 0, "Cinderella 👸": 1, "User Suspended": 2, "Talk Life Nero": 3}}, {"id": 17895585, "category": {"id": 20, "name": "Others"}, "emotion": "Frustrated", "turns_number": 5, "dialogues": [[1541856, 0, "i want to interact but my awkward ass can not . any tips ?", []], [700523, 4, "talk to the mirror and practice", []], [1496894, 3, "do not ever take steps about what others are thinking about you . be yourself , be random , be weird . no one has to act perfect . the people who truly cares will appreciate you no matter how awkward you are . do not try to please the ones who do not , you do not need them in life anyone welcomed", []], [1488709, 2, "do not worry I m here want to talk ? I m sure you are not awkward", []], [1541965, 1, "just say hi and ride the moment . even if what you say feels awkward it is better than nothing .", []]], "speakers": {"自殺したい": 0, "Calidum Capulus ☕🇮🇹": 1, "HouseOfCards": 2, "lydiaa47": 3, "disconnected": 4}}, {"id": 17895575, "category": {"id": 20, "name": "Others"}, "emotion": "Tired", "turns_number": 4, "dialogues": [[1285727, 0, "stay awake stay awake stay awake", ["😴", "😣"]], [1368310, 3, "laugh out loud I feel that hata", []], [536740, 2, "yeah , I m just awake . can not sleep much though", []], [1178467, 1, "why why whyoure welcomed not sleep", []]], "speakers": {"~◇Savina◇~": 0, "Jeezz": 1, "Kay": 2, "\"Yaar\"💐": 3}}, {"id": 17895563, "category": {"id": 63, "name": "My Story"}, "emotion": "Sad", "turns_number": 4, "dialogues": [[1173226, 0, "Holding back the tears in the crowd is another level of pain .", []], [1008564, 3, "let your tear flow . out . the more you take them inside . the more you feel pain . !", []], [1101905, 2, "oh my god - if you went through that I am so sorry . being in a crowded room and feeling alone . I hear a", []], [1533229, 1, "I have cried in public bell have me nobody will notice", []]], "speakers": {"Jackfruitchips": 0, "💕 love   💕": 1, "Craftygirl": 2, "Your Dad is proud of you ♥": 3}}, {"id": 17895554, "category": {"id": 74, "name": "Depression"}, "emotion": "Depressed", "turns_number": 3, "dialogues": [[1541021, 0, "i am not depressed because of module.in depressed because of this tormenting life having no one to open up my problems with , no one to play or interact with.in not close to my parents.i want friends but i am social.i get too moody because of bad memories suddenly hoping up on my mind.i have nothing and no one important , life is just making me suffer.for what reason should i continue ? to have a diploma ? to have work ? and then what?why are we working so hard when we ll just die anyone welcomed ?", []], [1537530, 2, "well you see . I gave them my love.gave them happiness.made them smile.gave myself to them.and I rubbed their tears.all I got in return was to get created by them .and being left alone in a whirlpool of my own tears where I keep drowning and In I m going to die.and the land under me just keeps sliding away", []], [1463991, 1, "I feel you . It feels like it does not even make sense so why should we continue ? What is our real purpose here ? I want to i have up . But i am also curious", []]], "speakers": {"Anixyl": 0, "John": 1, "N": 2}}, {"id": 17895539, "category": {"id": 62, "name": "Mental Health"}, "emotion": "Angry", "turns_number": 6, "dialogues": [[1533717, 0, "laughing my arms off i have not cried in two weeks i am so angry n ready to explode lafa", []], [1260231, 5, "how often is it normal to cry ?", []], [448300, 4, "it took my car not starting for me to finally see see", []], [1501543, 3, "Do you want to cry ? !", []], [1395108, 2, "when you say cry .do you really mean cry ?", []], [1524188, 1, "pluck a nose hair then", []]], "speakers": {"errrorrrr": 0, "a-a-ron": 1, "briboo16": 2, "Riddler": 3, "PlAyErs ClUb 🍸👯🎶 😑": 4, "𝚊𝚗𝚍𝚛𝚘 🖕": 5}}, {"id": 17895518, "category": {"id": 7, "name": "Relationships"}, "emotion": "Sad", "turns_number": 4, "dialogues": [[448300, 0, "I tell people to run from me but no they wait til it is deep in the friendship . lost an important friend due my self sabotage", []], [665054, 3, "it be like that sometimes", []], [780470, 2, "that happens to me too . too often th", []], [1496894, 1, "I am sure you will find like minded people soon , who will make you feel appreciated", []]], "speakers": {"briboo16": 0, "Iwon'tHURTchew": 1, "Delil": 2, "HouseOfCards": 3}}, {"id": 17895506, "category": {"id": 20, "name": "Others"}, "emotion": "Anxious", "turns_number": 3, "dialogues": [[800778, 0, "I do not feel right . Every time I try to fall asleep it feels like I m going to die . There is a weird pressure in my head . I hate this . I just want to sleep .", []], [1316671, 1, "some clean long protected sex the kind you do not have to worry about in the morning", []], [1316671, 1, "do not i have me shit i am not offering", []]], "speakers": {"lesbidead": 0, "69/24/7": 1}}, {"id": 17895493, "category": {"id": 7, "name": "Relationships"}, "emotion": "Heartbroken", "turns_number": 3, "dialogues": [[165375, 0, "My fwo of 5 years did not say he loved me back and moment want relationship should i just move on", []], [604116, 2, "I am sorry . I think you should move on from him too :(", []], [449581, 1, "no offense , but that is what fwo is . if you wanted to be more than that you should have told him 5 years ago .", []]], "speakers": {"1992": 0, "rmxsin": 1, "𝓢𝓪𝓫𝓸𝓽𝓪𝓰𝓮": 2}}, {"id": 17895488, "category": {"id": 7, "name": "Relationships"}, "emotion": "Nothing", "turns_number": 3, "dialogues": [[0, 0, "I heard stories of men who spent YEARS in prison for being falsely accused of rape and what do they get ? Some clump change as compensation . I do not get why woman can falsely accuse a man of rape , ruin his whole life , and nothing happens to her . it is still the guy at fault", ["😪"]], [541914, 2, "even when they do not go to prison they are still stigmatized . Michael Jackson is a pretty good example of being falsely accused obviously but still seen as a bad person :(", []], [1534089, 1, "Men are very well used as a scapegoat by system and society that is why .", []]], "speakers": {"Anonymous": 0, "Layla X Akechi ship": 1, "Jay": 2}}, {"id": 17895468, "category": {"id": 48, "name": "Work"}, "emotion": "Bored", "turns_number": 5, "dialogues": [[1484135, 0, "What would you do on your first paycheck", []], [250044, 4, ".I spent it all on aime figures ; true story d(5 yes ago~ )", []], [1441033, 3, "I used mine on student hello hello", []], [665054, 2, "I ll i have 25 % as makar , buy gifts for family from the other 50 % and rest 25 % will be kept as memory", ["🤐"]], [1496894, 1, "I do not remember what I did with mine . But I will advise everyone to open a savings account and keep saving 25 % of your salary every month .", []]], "speakers": {"Username": 0, "𝑨𝒏𝒐𝒏 𝑵𝒆𝒆-𝒄𝒉𝒂𝒏 ⛧": 1, "river song": 2, "Iwon'tHURTchew": 3, "HouseOfCards": 4}}, {"id": 17895466, "category": {"id": 11, "name": "Hopes"}, "emotion": "Supportive", "turns_number": 9, "dialogues": [[431259, 0, "Hope everyone has a great day ", ["♥"]], [1260790, 8, "Thank you , you too !", []], [1009381, 7, "thanks you too , missed you", []], [1541476, 6, "you too ! thank you", []], [952142, 5, "yes I am having a great day thanks for asking bu ", ["☺"]], [1541858, 4, "thanks and i wish you the same be happy and have a great day", []], [1373085, 3, "wishing you the very same", ["❤"]], [972119, 2, "Hello friend , how areyouryour", []], [763698, 1, "Thank you so much , have a great day you too", ["🤗", "💕", "🍀"]]], "speakers": {"✨ Emma ✨": 0, "JaM1209": 1, ".": 2, "julia": 3, "Lucifer": 4, "Aman Srivastava": 5, "Hedwig🌺": 6, "Pranesh": 7, "Damus": 8}}, {"id": 17895440, "category": {"id": 11, "name": "Hopes"}, "emotion": "Hopeful", "turns_number": 3, "dialogues": [[807845, 0, "I have yourself some time .", []], [938022, 2, "what if you do not have", []], [763698, 1, "All the best wishes as always and I hope you are having a nice weekend muddy", ["🤗", "💕"]]], "speakers": {"DnC 🦋": 0, "ROGUE🔥": 1, "Damus": 2}}, {"id": 17895439, "category": {"id": 20, "name": "Others"}, "emotion": "Calm", "turns_number": 8, "dialogues": [[1484135, 0, "If we could colonies mars why would we not save the earth", []], [786492, 7, "Because humans are not that worthy", []], [541914, 6, "because if we save earth we ll lose out on profits and we can not have that now can we ?", []], [1379161, 5, "laughing my arms off that would take more time than is left for us on earth", []], [925483, 4, "Because Some Humans a Just Stupid see you see you", []], [896599, 3, "exactly & they want to explore space when they barely explored our waters", []], [1541597, 2, "lafa by doing what ? we all know that everything is going to ships but what are we doing about it ? the point of space exploration is to find the point of it , of everything . without wonder and without the spirit of inquiry , evolution is impossible . we would still be stuck in the stone ages had we not explored further .", []], [1536390, 1, "Colonizing Mars to destroy it like Earth ! We do not know how to save , we are good at destroying ! Simple !", []]], "speakers": {"Username": 0, "thunderstorm": 1, "Layla X Akechi ship": 2, "Daddy Zach": 3, "𝙉𝚘 𝙉𝚊𝚖𝚎": 4, "God": 5, "kissmyash": 6, "Hassan🕊️": 7}}, {"id": 17895434, "category": {"id": 62, "name": "Mental Health"}, "emotion": "Annoyed", "turns_number": 3, "dialogues": [[1535567, 0, "no but my friend really use self h4am pictures to make aesthetic video that shit trigger me so much", ["🤡"]], [1169652, 2, "Talk to her / him , cause that is some crazy shit", ["🤔"]], [1540282, 1, "not good because I used to cut but my feelings on that are coming back ! I hate these intrusion have thoughts oh my god", ["🤔", "😫"]]], "speakers": {"xoxo": 0, "Richalcoholic": 1, "Jose MC": 2}}, {"id": 17895418, "category": {"id": 10, "name": "Friends"}, "emotion": "Calm", "turns_number": 4, "dialogues": [[567597, 0, "Sometimes I m not happy and I do not know why .", []], [1453024, 2, "So you should find someone who will give you happiness", []], [1527105, 1, "Maybe just maybe . you are depressed .", ["🥲"]], [1527105, 1, "Also do not FIND SOMEONE to make you happy find something that makes You happy . Because people will come and go .", []]], "speakers": {"therealme": 0, "Ayan": 1, "SIMMY": 2}}, {"id": 17895381, "category": {"id": 20, "name": "Others"}, "emotion": "Insecure", "turns_number": 3, "dialogues": [[0, 0, "i was teased about my weight when i was younger and i hate my body so much i want to die its like i always think if i meet someone they ll just leave me for someone who has a better body or is better I do not know how to stop hating my body", []], [780470, 2, "I have had that same issue since I was a kid . And never having any women want me for 31 years just proves that I m worthless as a man and as a partner . my ugly fat hairy body is undesirable to everyone .", []], [952526, 1, "it is beautiful < 3do not hate those you ll meet someone that appreciated it !", []]], "speakers": {"Anonymous": 0, "Delil": 1, "everybody": 2}}, {"id": 17895341, "category": {"id": 7, "name": "Relationships"}, "emotion": "Sick", "turns_number": 3, "dialogues": [[655426, 0, "People still post pictures on facebookis this 2011", []], [547964, 2, "I just use facebook for metes and a few groups ! D", []], [1534089, 1, "Mostly Good morning Post form old people and stalk the really have and ex is !", []]], "speakers": {"Question Everything": 0, "Aquiver": 1, "Jay": 2}}, {"id": 17895323, "category": {"id": 12, "name": "Self Harm"}, "emotion": "Supportive", "turns_number": 4, "dialogues": [[1541844, 0, "i fill like cutting again my parents act like just because I m a been that it is nothing serious", []], [1091289, 3, "* fulfill is something you do when you want a refill . Now , to hell with them if they are not worried , seek a friend . That do not work ? Try finding something else to abscess over to distract that feeling", []], [1434515, 2, "oh I m sorry to hear that", []], [891536, 1, "my parents think the same , if you want to talk , you can do me", []]], "speakers": {"Jizzel Pina": 0, "╘ᑘ𝘕∧cŸ": 1, "Rachael": 2, "Deksam": 3}}, {"id": 17895312, "category": {"id": 20, "name": "Others"}, "emotion": "Stressed", "turns_number": 5, "dialogues": [[1513204, 0, "guns have you watched the girl in the basement ?", ["😳"]], [1539733, 4, "yes I saw her she seemed is is", ["😳"]], [1334208, 3, "yeah I have her on camera right now", []], [1537639, 2, "which one ye talking about ?", []], [925483, 1, "there is no girl in my basement", []]], "speakers": {"Marie Alegado": 0, "Mayank": 1, "POWER CAT": 2, "NotUrSaviour": 3, "𝙉𝚘 𝙉𝚊𝚖𝚎": 4}}, {"id": 17895306, "category": {"id": 10, "name": "Friends"}, "emotion": "Annoyed", "turns_number": 14, "dialogues": [[1392058, 0, "Why do days have this annoying habit of walking into your rooms announced ! ?", []], [1519236, 13, "maybe because its his house and he pays the bills , but I personally think he should knock first", []], [1427120, 12, "see fathers are overprotecti have especially with their daughters and hence he may tries to keep an eye on you , in boys it is the mon . I HE experienced it", []], [1429927, 11, "to see what you are doing", []], [1334208, 10, "beau you your room is really just his room he let us you use", []], [1415641, 9, "Lock your door , or just ask him to knock . Normally they should respect your privacy . it is not the norm not to knock", ["🔒"]], [1399332, 8, "c he love you but still must knock before come", []], [1541853, 7, "maybe he just wants to check if my daughter needs something", ["🥰"]], [1527105, 6, "Yeah my dad does not do that anymore . Not after he cough me watching mental on my phone . Damn that was so awkward anyone welcomes he always knocks now .", []], [1398671, 5, "him so we can see what you are doing right now", []], [1398671, 5, "what is your opinion about this", ["🤔", "👀"]], [1260790, 3, "I do not approve of it but not all have bad intentions behind it but this should not be done laugh out loud like they should understand and i have kiss some privacy , being strict and forcing this way would only make the kiss hide things more", []], [1008671, 2, "wait . so days are supposed to knock ?", ["😳"]], [663341, 1, "I do not see why I would have to deal with any dad .", []]], "speakers": {"Alexi": 0, "just wait and see": 1, "NOBIIITAAA": 2, "Adinx": 3, "POWER CAT": 4, "Gritty": 5, "Salman": 6, "Junaid": 7, "SIMMY": 8, "Timothy Matthews": 9, "JaM1209": 10, "✨ Mademoiselle✨": 11, "Razor M": 12}}, {"id": 17895283, "category": {"id": 61, "name": "Positive"}, "emotion": "Supportive", "turns_number": 3, "dialogues": [[1537782, 0, "You can talk to a mirror , and he / she will listen to you patiently", ["❤"]], [560723, 2, "No , he / she will speak at the same moment I want to speak . I ll eventually get angry at my reflection for interrupting me laughing my arms off .", []], [684673, 1, "I think she / he will always keep talking over me", ["🙁"]]], "speakers": {"Midhun": 0, "the horse from horsin' around": 1, "Kama2": 2}}, {"id": 17895266, "category": {"id": 7, "name": "Relationships"}, "emotion": "Nothing", "turns_number": 3, "dialogues": [[1332964, 0, "Is it ok for a husband to look at other women ?", []], [1519236, 2, "yes , why not . its just looking and no touching what is the harm ?", []], [1257431, 1, "I hope you are playing", []]], "speakers": {"Kat": 0, "just wait and see": 1, "🪐Zarina🪐": 2}}, {"id": 17895253, "category": {"id": 7, "name": "Relationships"}, "emotion": "Sad", "turns_number": 4, "dialogues": [[1541835, 0, "Hi I just found this pp because i am really feeling lonely not having anyone I can open up . anyone would be able to listen to my boring life problems ?", []], [1526817, 3, "Sure i will listen and help you", ["👍"]], [1532439, 2, "sure . you can talk to me", []], [1463310, 1, "plenty of us people on here are open to help , you just need to pick cautiously", ["🤔"]]], "speakers": {"Newbie": 0, "Truth Searcher": 1, "Shivoham": 2, "NezMarti": 3}}, {"id": 17895251, "category": {"id": 10, "name": "Friends"}, "emotion": "Supported", "turns_number": 3, "dialogues": [[1359839, 0, "Do I need to call and wake up my friends on a Saturday morning just so they could hope me up or do I need to learn what healthy boundaries are", []], [560723, 2, "I think you should respect their boundaries . Even good friends leave when they get tired . I have experienced this type of thing", []], [1527105, 1, "How about calling them in the afternoon instead .", []]], "speakers": {"Lau": 0, "the horse from horsin' around": 1, "SIMMY": 2}}, {"id": 17895250, "category": {"id": 61, "name": "Positive"}, "emotion": "Supportive", "turns_number": 3, "dialogues": [[1392847, 0, "if you think you can , or you think you ca not , you are right", []], [1537234, 2, "Quote by Henry ford .", []], [1541196, 1, "Absolutely , it is all about mind over matter . You can achieve lots of awesome things when you want too .", []]], "speakers": {"C- Moore": 0, "Anonymous": 1, "Sam": 2}}, {"id": 17895245, "category": {"id": 47, "name": "Health"}, "emotion": "Inspired", "turns_number": 3, "dialogues": [[788556, 0, "We can Do you together", ["💕"]], [480238, 2, "Look up Progress have muscle relaxation . It is supposed to help you relax .", []], [1527198, 1, "There are tons of books on you and pranayama .", []]], "speakers": {"Not Cute🥺": 0, "Creature_of_tea": 1, "erecura": 2}}, {"id": 17895234, "category": {"id": 7, "name": "Relationships"}, "emotion": "Exhausted", "turns_number": 4, "dialogues": [[0, 0, "I never realized it would be this unbelievably hard to find a dominant girl", []], [541914, 3, "it is def a struggle . oh well : see", []], [254185, 2, "find a switch if you ca not find a do  ", ["🤷", "♀"]], [881356, 1, "you are still way ahead of me in the dating game laugh out loud", []]], "speakers": {"Anonymous": 0, "Layla X Akechi ship": 1, "Upgraded.": 2, "Jay J": 3}}, {"id": 17895231, "category": {"id": 7, "name": "Relationships"}, "emotion": "Confused", "turns_number": 7, "dialogues": [[975732, 0, "What is you are opinion on getting back with you are ex ?", []], [1353289, 6, "there are exceptions of course , but generally , it is like shoving poor back where it came from", []], [1527198, 5, "Bad idea usually . Did anything actually change ?", []], [696305, 4, "i mean they are an ex for a reason . in most cases , it would be pretty dumb to go back to them . there are some exceptions the i guess", []], [1283064, 3, "he is married . i can not be his 2nd wife", []], [1337254, 2, "well I have not had a friend so ex", ["😐"]], [1523005, 1, "Well he is an Ex for a reason .", []]], "speakers": {"𝔩𝔢𝔪𝔬𝔯𝔦𝔫𝔤": 0, "not D.Va": 1, "erecura": 2, "Ibuprofen bitch": 3, "LIONESS__GIRL": 4, "𝑭𝒂𝒌𝒆💔𝒍𝒐𝒗𝒆": 5, "Evangeline": 6}}, {"id": 17895229, "category": {"id": 15, "name": "Family"}, "emotion": "Sad", "turns_number": 3, "dialogues": [[862295, 0, "Parma says Do not be too happy when people say they love you and care for you.the real question is , until when ? Because just like seasons , people change .", []], [421767, 2, "I would say intervene , but I do not really know . I know that it is not your place to separate her from him , but abuse have relationships are really a big deal . I think you have that choice , but also , I guess you could try also to let her know that the world will not end if he leaves , that she is an individual , and that she really deserves much better .", []], [1514922, 1, "you need to tell her or help her see the red flags she is ignoring now", []]], "speakers": {"Keanu": 0, "palechub": 1, "Nessa 👸": 2}}, {"id": 17895212, "category": {"id": 72, "name": "Anxiety"}, "emotion": "Heartbroken", "turns_number": 5, "dialogues": [[0, 0, "Would it be bad of me to tell him at all that I ca not stop thinking about him and still having dreams about him 8 months after we split up ? I want to so bad but I think he is got a new place with his new girlfriend of to months", ["😔", "🥺"]], [1527198, 4, "Yeah . Seems like a bad idea .", []], [905890, 3, "what do you think about him", []], [1461546, 2, "If he has a new girlfriend , then it is a bad idea .", []], [1541684, 1, "its time to move on my friend .", []]], "speakers": {"Anonymous": 0, "erecura": 1, "null": 2, "Stacey Christian": 3, "sia": 4}}, {"id": 17895211, "category": {"id": 10, "name": "Friends"}, "emotion": "Confused", "turns_number": 5, "dialogues": [[1537570, 0, "How is it possible to have a friend help you through the hardest problems in your life with such ease and patience . to that same friend making you feel like your problems are minussee you later and funny ? It is pretty heartbreaking . Now I feel like I ca not confide in them anymore .", ["🥺"]], [780470, 4, "i am very curious to how this friend managed to do that", []], [1399332, 3, "well only those friend will understand who already facing that problem or who care you", []], [857981, 2, "that is not a friend but it seems like just wanting to stick with you for something", []], [1495153, 1, "Unfortunately time reveals who people truly are .", []]], "speakers": {"Victoria 👑": 0, "Delil": 1, "Salman": 2, "Amit8": 3, "Carina Ashley": 4}}, {"id": 17895202, "category": {"id": 10, "name": "Friends"}, "emotion": "Caring", "turns_number": 5, "dialogues": [[1514034, 0, "I smell you fuckboys from miles away laughing my arms off", []], [1334208, 4, "and I can smell the hoes", ["😂"]], [934003, 3, "you are taken so why worry", []], [1519236, 2, "well then I know you do not smell me . laugh out loud", []], [857981, 1, "they seem to stink too much damn", []]], "speakers": {"Larissa": 0, "POWER CAT": 1, "no.": 2, "just wait and see": 3, "Amit8": 4}}, {"id": 17895195, "category": {"id": 20, "name": "Others"}, "emotion": "Nothing", "turns_number": 3, "dialogues": [[1404031, 0, "Do you understand your dreams ?", []], [1398179, 2, "No that makes me more anxious !", ["🙁"]], [696305, 1, "ah my dreams are about chickens on a ferries wheel", []]], "speakers": {"Karolina": 0, "Deja Vu 🤔": 1, "Ibuprofen bitch": 2}}, {"id": 17895187, "category": {"id": 10, "name": "Friends"}, "emotion": "Caring", "turns_number": 4, "dialogues": [[1514034, 0, "Its kind of funny how people do everything for money and nothing to be a better person . If you got paid for being a good person and taking away your ego then we would li have in a world full with peace", []], [1519236, 3, "sounds to good to be true", []], [934003, 2, "everyone thinks they are a good person even now . and now after reading this they might be thinking of an income .", []], [1066151, 1, "people would still struggle to make an income . Character can not be changed so easily . It takes time .", []]], "speakers": {"Larissa": 0, "just wait and see": 1, "no.": 2, "Cheese burst pizza": 3}}, {"id": 17895180, "category": {"id": 62, "name": "Mental Health"}, "emotion": "Lonely", "turns_number": 3, "dialogues": [[1168901, 0, "all i want is a hug . that is it . someone to hold me and tell me that i ll be ok and they will be there for me and they care about me . i just want someone to care about me so bad .", []], [925483, 2, "Me too , I hope we both find someone soon .", []], [1415641, 1, "really , everything will be ok , You can reply daytime , will be here to support you . You are not alone", ["💕", "✨", "🤗", "👌"]]], "speakers": {"shannon": 0, "𝙉𝚘 𝙉𝚊𝚖𝚎": 1, "Gritty": 2}}, {"id": 17895146, "category": {"id": 12, "name": "Self Harm"}, "emotion": "Numb", "turns_number": 3, "dialogues": [[1168901, 0, "i cut tonight . i do not even care that i did it :(", []], [1434515, 2, "yea sometimes when I hurt myself I do not care but regret it after", []], [1541881, 1, "Do not do that again :(", []]], "speakers": {"shannon": 0, "Rachael": 1, "John Jonathan": 2}}, {"id": 17895136, "category": {"id": 10, "name": "Friends"}, "emotion": "Loving", "turns_number": 8, "dialogues": [[1535598, 0, "Why can not people be nice to each other", []], [994467, 1, "Because it is more fun this way", []], [1514034, 6, "Because people like to judge to make them serves feel better . This life is all about feelings", []], [1170506, 5, "because we are at war with people who are condescending", []], [1524614, 4, "Because not everyone is nice and being nice to people who are not nice comes with a price .", []], [1527105, 3, "Because anything that anyone ever cares about is themselves . Our planet is one but our people are divided .", []], [1537749, 2, "sometimes it is just because of a small misunderstanding", ["✨"]], [994467, 1, "Video calls , video messages and video comments would solve this", []]], "speakers": {"her_chaos": 0, "aš☠︎︎ℳ𝓎𝓁𝒾𝓊 𝓉𝒶𝓋ℯ 𝒾𝓇 𝓈𝒶𝓋ℯ☢︎︎": 1, "Larissa": 2, "Teddy Flowers": 3, "FriendlyNeighbourhoodOreo": 4, "SIMMY": 5, "Polaris": 6}}, {"id": 17895095, "category": {"id": 20, "name": "Others"}, "emotion": "Tired", "turns_number": 4, "dialogues": [[1017857, 0, "i became a nurse for my mother , not for anyone else . so i could take care of my mother .", []], [1485833, 3, "now that is great ofyouryour", []], [1259948, 2, "good heart . God blessyouryour", ["❤"]], [938022, 1, "such a sweetheart you are", ["❤"]]], "speakers": {"tired bookworm🐌": 0, "FARMER": 1, "Cristy🌹": 2, "ROGUE🔥": 3}}, {"id": 17895064, "category": {"id": 10, "name": "Friends"}, "emotion": "Caring", "turns_number": 3, "dialogues": [[770734, 0, "I love how the comments in here are not even related to what you have posted", ["😂"]], [1415641, 2, "Just to clarify , you are real goal in life is to be rich ? I got the say it as is part , be fearless . I am not sure what you mean", ["🤔", "✨"]], [1492335, 1, "Well by any chance are you a i ?", []]], "speakers": {"Maxiii": 0, "Gritty": 1, "Aria": 2}}, {"id": 17895063, "category": {"id": 50, "name": "Music"}, "emotion": "Numb", "turns_number": 3, "dialogues": [[700442, 0, "Why does music help  ? And people just judge ? ! ? it is stupid", []], [500922, 2, "music is art and the best thing to help cope with stress", []], [1527601, 1, "they do not have taste", []]], "speakers": {"Country Boy!": 0, "Mark the metalhead": 1, "weeping willow": 2}}, {"id": 17895058, "category": {"id": 11, "name": "Hopes"}, "emotion": "Supportive", "turns_number": 4, "dialogues": [[1472563, 0, "first 9 comments will get talk life gift cards", ["😁", "💥", "😂"]], [1392847, 3, "what do those do ?", []], [834665, 2, "what are those cards anyone welcomed ?", []], [1519236, 1, "no thankyou , they sound useless and a waste of money", []]], "speakers": {"kar34": 0, "C- Moore": 1, "🌧🌧🌧🌧": 2, "just wait and see": 3}}, {"id": 17895051, "category": {"id": 68, "name": "I Need Help"}, "emotion": "Anxious", "turns_number": 5, "dialogues": [[582412, 0, "I m so paranoid , mon said that I m target and I m constantly worried about getting i do not knowapped", []], [1517058, 3, "that is why stay inside , kitty", ["🙈", "🙉"]], [1517475, 2, "Paranoia is valid . I have been jumped a couple of times . Also had people with mental issues screaming at me .", []], [1541196, 1, "Hi there , first of all , in sorry your feeling like this . If you or someone is in immediate danger , call local emergency services immediately . Feel free to follow and DO when ever you like .", []], [1541196, 1, "Challenge negative have thoughts . Apply the same logic to your own thoughts . Ask yourself if you are assuming the worst will happen or blaming yourself for something that has not gone the way you wanted . And then think about other possible outcome or reasons that something turned out differently than you hoped.5 Ways to Stop Sparkling Negative have Thoughts from Taking controlremove  should  thoughts . Recognize automatic negative have thinking . Putting your thoughts on trial . Acknowledge how overwhelmed you feel . Do not force position have thoughts .", []]], "speakers": {"Señorita Сука": 0, "𝕴𝖑𝖒𝖊𝖘𝖙𝖞𝖘🦉": 1, "Newbie": 2, "Sam": 3}}, {"id": 17894991, "category": {"id": 72, "name": "Anxiety"}, "emotion": "Stressed", "turns_number": 10, "dialogues": [[1192317, 0, "I believe he does answer prayers.but in a certain specific .manner in which HE decides to i have us which is good for us .", []], [770224, 9, "if there is a god , he seems disinterested", []], [994467, 8, "God is a woman that is why you are not getting your prayers answered .", []], [1534089, 7, "I think there is an creator a higher dimensions being . but he may not be a kind and benevolent being as we think .", []], [1440466, 6, "I totally understand you and how you are feeling , and I have been feeling the same too even if I m a believer.howe have , the big answer to all your questions is : this all depends on who you call God . if you are worshipping the true God or just an imaginary or face god that others made stories about .", []], [1310537, 5, "Millionaires often do ungodly things to get where they are in life . God asks us to have faith in him and he will answer out prayers in his time . He wants us to be trust that he will pull us through . Sometimes our prayers are answered in ways we do not like because God is trying to teach us something .", []], [820364, 4, "Same questions here . But I do not discourage not to believe or keep faith in Him . Maybe it is beyond our understanding or to understand better , we have to acquire knowledge better . So that things we see now could have explanation to us .", []], [1538330, 3, "God is a delusion idea made by people to assure themselves .", []], [1540621, 2, "something wishes God do not grant cut it has some right in it , God shows you afterwards and then you realise it was not good for me", []], [1461546, 1, "God ( The Creator of all ) He does answer prayer is . May not be right away . But he does . He answered mine after 5 months of praying and praying .", []]], "speakers": {"0...the Harini": 0, "Marco 🦆": 1, "aš☠︎︎ℳ𝓎𝓁𝒾𝓊 𝓉𝒶𝓋ℯ 𝒾𝓇 𝓈𝒶𝓋ℯ☢︎︎": 2, "Jay": 3, "I don't exist": 4, "A-Kay47": 5, "s1🍁🚬n1": 6, "..": 7, "Amna": 8, "Stacey Christian": 9}}, {"id": 17894988, "category": {"id": 72, "name": "Anxiety"}, "emotion": "Supported", "turns_number": 3, "dialogues": [[1541822, 0, "help , how do i begin to trust again ? i feel like i make progress & then end up back in square one :( it is eating me ali have , i am anxious all the time , i feel caseous & i constantly overthink . pus help , i just went to get better .", []], [780470, 2, "Trust nobody but yourself .", []], [1065896, 1, "please go to a counsellor , trust me its going to be worth it . i have been where you are and counsellor helped me a lot", []]], "speakers": {"nelliuzumaki": 0, "Delil": 1, "meowmeow": 2}}, {"id": 17894987, "category": {"id": 7, "name": "Relationships"}, "emotion": "Meh", "turns_number": 4, "dialogues": [[925483, 0, "I would Like to Order a Girlfriend Please :/", []], [1145567, 3, "I ll have two of it please", []], [1519236, 2, "well there are mail order bridges", []], [1320659, 1, "do not order buddyjust go and propose your love it is make her happy if she love your it is make her shock if she did not from expect you", ["💕"]]], "speakers": {"𝙉𝚘 𝙉𝚊𝚖𝚎": 0, "kiss my sarcastic ass": 1, "just wait and see": 2, "👅": 3}}, {"id": 17894972, "category": {"id": 20, "name": "Others"}, "emotion": "Caring", "turns_number": 3, "dialogues": [[834665, 0, "it is going to be ok it is going to be ok it is going to be ok it is going to be ok", []], [1538686, 2, "You are going to B ok :)", []], [1518267, 1, "sure . I believe it and you", []]], "speakers": {"🌧🌧🌧🌧": 0, "Kasey": 1, "Valery💐": 2}}, {"id": 17894965, "category": {"id": 11, "name": "Hopes"}, "emotion": "Proud", "turns_number": 3, "dialogues": [[1541715, 0, "I do not know how i feel about this pp , th i just download it bc my favorite friend meeting pp delete my account for no reason ):", []], [1145567, 2, "what pp was that ?", []], [1537570, 1, "Sometimes it can be a little depressing but this is a mental health pp so we are just trying to help each other .", []]], "speakers": {"Newbie": 0, "kiss my sarcastic ass": 1, "Victoria 👑": 2}}, {"id": 17894958, "category": {"id": 72, "name": "Anxiety"}, "emotion": "Heartbroken", "turns_number": 3, "dialogues": [[1013122, 0, "Will these dreams of him ever stop ? Just had one of him again . I keep getting upset when this happens when he walks away from me again . it is been 8 months and it is still happening", []], [1344446, 2, "Hang in there . You will get over it all in time .", []], [844466, 1, "It is happening boy you are thinking about him . Everything will stop once you stop thinking . it is not him but it is you and your thoughts who are disturbing you . ! I hope you understand this SAP", []]], "speakers": {"Hedwig 💜💜": 0, "DayDreamer😌": 1, "Harsh": 2}}, {"id": 17894946, "category": {"id": 20, "name": "Others"}, "emotion": "Nothing", "turns_number": 4, "dialogues": [[1503428, 0, "the bigger your ego is , the more depressed and angry you are", []], [1394533, 3, "yes.how did you know ?", []], [725140, 2, "Sorry to ask , how do you make your ego disappear ?", []], [1491394, 1, "The more we blame the world for our suffering , the more we deny the truth of where our suffering comes fromourselves.just thought i would share . No i am not being sarcastic", []]], "speakers": {"Styx": 0, "SSR": 1, "Cruel World": 2, "🎃 🍁 🎃 🍂": 3}}, {"id": 17894935, "category": {"id": 20, "name": "Others"}, "emotion": "Tired", "turns_number": 6, "dialogues": [[1017857, 0, "found a hidden soda in the fridge . well guess what , it is mine now", []], [1145567, 5, "or you can share with me", ["🥺"]], [449581, 4, "not cool that was mine", ["😔"]], [1539857, 3, "i can relate to your side and to the side of the one who hid it", ["😂"]], [1537639, 2, "this act of us can start a bloody war in the house y", []], [1491394, 1, "Usually the soda loses its spirit when stored for a very long time", []]], "speakers": {"tired bookworm🐌": 0, "kiss my sarcastic ass": 1, "𝓢𝓪𝓫𝓸𝓽𝓪𝓰𝓮": 2, "Yon Kyrie": 3, "NotUrSaviour": 4, "🎃 🍁 🎃 🍂": 5}}, {"id": 17894926, "category": {"id": 68, "name": "I Need Help"}, "emotion": "Hopeful", "turns_number": 4, "dialogues": [[1512079, 0, "hi I hate to ask this but would anyone be willing to help put me to sleep I wo not sleep the same without it . i am sorry", ["😭"]], [1409872, 3, "What helps you sleep ? I m sure I can help", ["🥺"]], [972786, 2, "I am here if you need to sleep just tell me what helps u", []], [1541196, 1, "Hi there , first of all , in sorry your feeling like this . Feel free to follow and DO when ever you like . People also show do I turn my brain off to sleep?If You Can not Fall Asleep When Your Head Hits the Pillow , Here is What to ditch the Devices . Schedule Worry Time . Create a Routine to Power Down Your Brain . Keep a Gratitude List . Practice for - 7 - 8 Breathing . Do Progress have Muscle Relaxation . Maintain a Consistent Sleep Schedule . Get Out of Bed .", []]], "speakers": {"Mr.Meeseeks": 0, "Shay": 1, "DestinyMagallanes": 2, "Sam": 3}}, {"id": 17894921, "category": {"id": 10, "name": "Friends"}, "emotion": "Shocked", "turns_number": 4, "dialogues": [[1471878, 0, "So how was your Friday night ? I bet mine was brazier", ["🤧"]], [1518849, 3, "spent with me watching dramas and eating snacks", []], [449581, 2, "it was so crazy I sat here and did nothing", ["😩"]], [1224316, 1, "Hey!It was boring . I m in a lockdown laugh out loud", []]], "speakers": {"User Banned": 0, "Aéra": 1, "𝓢𝓪𝓫𝓸𝓽𝓪𝓰𝓮": 2, "Anatomy of Talklife": 3}}, {"id": 17894918, "category": {"id": 7, "name": "Relationships"}, "emotion": "Hopeful", "turns_number": 3, "dialogues": [[1540701, 0, "Can i find some fun around this pp", ["🥺"]], [1542208, 1, "Depends on you are definition of fun", ["👻"]], [1542208, 1, "Let me use myself as an example . Am a lover for quotes and such staff so just finding this pp was like a blessing", ["😍"]]], "speakers": {"Tyler Adams": 0, "ShazzyK💖": 1}}, {"id": 17894913, "category": {"id": 15, "name": "Family"}, "emotion": "Relaxed", "turns_number": 3, "dialogues": [[1257431, 0, "i can not wait to have a son so I can raise him to be a respectful man", []], [1517475, 2, "good luck . You may apply your entire heart and soul into it and fail .", []], [749374, 1, "and what do you consider to be a respectful man", []]], "speakers": {"🪐Zarina🪐": 0, "Newbie": 1, "Jack": 2}}, {"id": 17894901, "category": {"id": 68, "name": "I Need Help"}, "emotion": "Supported", "turns_number": 3, "dialogues": [[1540787, 0, "Can someone cheer me up ? , I m down again , I do not want to die , so I want to cheer up to be able to continue here , I m getting more and more tired of this and I do not want to reach my limit , I feel like there is still something to li have for .", []], [1540376, 2, "there is something to li have for , i just got out from a really bad crisis 5 min ago , and I m feeling better already . its temporary , just let it all out , it will pass", []], [1540463, 1, "i am sorry . Life is a rose . has thorns but is a beautiful flower . things gets better with time and hope", ["🌹"]]], "speakers": {"PacíficEyes": 0, "Void": 1, "you hurt me": 2}}, {"id": 17894884, "category": {"id": 7, "name": "Relationships"}, "emotion": "Hopeful", "turns_number": 3, "dialogues": [[1492729, 0, "being married someday is going to be cool . Like you get to come home to your best friend every single day and just do life together .", []], [780470, 2, "* cries in foreveralone )", []], [1009902, 1, "that is a dream of mine I would love to get to come home everyday to the man I love and best friend in the world and I hope that happens with me and my boyfriend he is my world", []]], "speakers": {"Ella": 0, "Delil": 1, "Diane Rivera": 2}}, {"id": 17894878, "category": {"id": 67, "name": "Self-Care"}, "emotion": "Insecure", "turns_number": 4, "dialogues": [[1257497, 0, "I do not like my brown skin", ["🙃", "😓"]], [1091289, 2, "Neither did I when I was younger .", []], [1091289, 2, "sad.if a white girl said this you would have 60 comments or something", []], [1310448, 1, "Why is that . ?", []]], "speakers": {"Øzzy 💀": 0, "╘ᑘ𝘕∧cŸ": 1, "Tej": 2}}, {"id": 17894874, "category": {"id": 10, "name": "Friends"}, "emotion": "Hopeful", "turns_number": 4, "dialogues": [[1471878, 0, "I am such an attention who3", ["😔"]], [1441033, 3, "I m not . I want marcella . and to hide in the background", ["😭"]], [518871, 2, "That can lead to bad decisions and might also ruin relationships", []], [1224316, 1, "Are not we all ?", []]], "speakers": {"User Banned": 0, "river song": 1, "Sherlocked": 2, "Anatomy of Talklife": 3}}, {"id": 17894872, "category": {"id": 62, "name": "Mental Health"}, "emotion": "Numb", "turns_number": 3, "dialogues": [[972786, 0, "I like to be in my own world cut i wo not hurt there but sometimes it gets lonely", []], [1380578, 2, "Show other people your world they going to few it for sure", []], [1425917, 1, "believe me it DOES hurt you in the long run . I know it feels comfortable and familiar , safe even but , do not stay there too long . reach out sometimes and try to be with people experiencing life . there is nothing wrong with coming back to that place sometimes and devote a couple hours to be in your own world and space but prolonged isolation sounds all avenues of personal growth . so , do not stay too long , you deserve much more than that .", []]], "speakers": {"DestinyMagallanes": 0, "Ozone": 1, "*Amira❤️Adore*": 2}}, {"id": 17894864, "category": {"id": 63, "name": "My Story"}, "emotion": "Annoyed", "turns_number": 4, "dialogues": [[1387883, 0, "2021 is just like your ex who told you he has changed", []], [421767, 3, "You are so ri you laughing my arms off ugh", []], [1526613, 2, "it is a bit better . at least for me", []], [1541823, 1, "its ok he want you to feel that way but all you have to do is ignore it", []]], "speakers": {"🍕": 0, "palechub": 1, "DARK SKY3  🎧": 2, "Derrick semien": 3}}, {"id": 17894860, "category": {"id": 11, "name": "Hopes"}, "emotion": "Hopeful", "turns_number": 5, "dialogues": [[770924, 0, "Love is not all I need , I need money.  ", ["🤷", "♀"]], [1267378, 4, "money nd love if you compare both now a days money wins", []], [1041807, 3, "All I want to do is and take a money", ["😘", "🤐", "😌", "💅"]], [1515296, 2, "at least you are honest", []], [770734, 1, "we need to rob a bank then", []]], "speakers": {"mystique": 0, "shree《^● ¤ ●^》": 1, "Ashley 🥀": 2, "Warmanxiety": 3, "Maxiii": 4}}, {"id": 17894791, "category": {"id": 10, "name": "Friends"}, "emotion": "Lonely", "turns_number": 5, "dialogues": [[1234637, 0, "How does one make friends as an adult ? I mean girl , not online friends", []], [1517475, 4, "through work I m afraid", []], [1266742, 3, "Summon them with a oui board I guess  ", ["🤷", "♂"]], [1539836, 2, "I would really love to know", ["🤞", "🏻"]], [1541828, 1, "I also do not have any friends bc I am an introvert with zero social life so yeah !", []]], "speakers": {"ᶜᵘʳᵈˡᵉᵈ ᶜʰᵒᶜᶜʸ ᵐⁱˡᵏ": 0, "Newbie": 1, "Señor Сука": 2, "nø♡øne": 3, "Noor": 4}}, {"id": 17894753, "category": {"id": 20, "name": "Others"}, "emotion": "Annoyed", "turns_number": 4, "dialogues": [[1540816, 0, "Can anyone help me ? I m from Kurdistan which is still not a country yet , few into it is in middle east , South of Turkey , east of Ran , north of ran and west of Syria . Those countries never let Kurdistan be a country and I m so stressed that I m a furnish and turkey still kill words .", []], [1115423, 3, "Wat can any of us do", []], [580648, 2, "Slain ( Sarah al - been ) was a our but never said he wanted to establish a Furnish state . He established a Muslin caliphate in Egypt .", []], [1539857, 1, "these kind of problem is very hard to deal since we may really wanted to help physically but we ca not seem to do it because were so far away . I will just pray for you and your fellow furnish . You should pray too .", []]], "speakers": {"️\n️\n️️\n️\n️️\n️\n️️\n️\n️️\n️\n️": 0, "shadeisntreal": 1, "Peace": 2, "Yon Kyrie": 3}}, {"id": 17894737, "category": {"id": 62, "name": "Mental Health"}, "emotion": "Afraid", "turns_number": 4, "dialogues": [[480238, 0, "I m feeling really disconnected and I do not even know if any of this is real . Is this real ? Am I real ? Please do not toll I can not handle that right now .", []], [1517475, 3, "this is just real life or is it fantasy ?", []], [1537510, 2, "can you please send the pictures in you are gallery ?", ["🤍"]], [656550, 1, "you are very very real love", []]], "speakers": {"Creature_of_tea": 0, "Newbie": 1, "Ahmed Samer": 2, "GalaxySky": 3}}, {"id": 17894734, "category": {"id": 63, "name": "My Story"}, "emotion": "Afraid", "turns_number": 3, "dialogues": [[1287615, 0, "I love my imaginary world . kind of hate the real world .", []], [809733, 2, "Said like a true Pieces . I m one too .", ["😌"]], [1440466, 1, "I can not blame you . I used to li have in my own world very happy . but once I realized how is the true world I feel mostly sad , especially when I realized that most people around me are / were face .", []]], "speakers": {"Pisces ♓️": 0, "EthereaLunaMoth": 1, "I don't exist": 2}}, {"id": 17894723, "category": {"id": 62, "name": "Mental Health"}, "emotion": "Inadequate", "turns_number": 3, "dialogues": [[506396, 0, "whenever someone provokes me to the max , I get an obsessed have and merciless desire to see them suffer .", []], [1534089, 2, "Just stay away from provoked as desire to make someone suffer eats away your peace and energy .", []], [1441051, 1, "Remind me not to get on your bad side laugh out loud", []]], "speakers": {"Brennon Joseph OldBear": 0, "Jay": 1, "Danielle ♡": 2}}, {"id": 17894717, "category": {"id": 74, "name": "Depression"}, "emotion": "Depressed", "turns_number": 3, "dialogues": [[278239, 0, "I just want to i have up . does not matter what is left to be done . I need out . the most , at this time . it does not matter who will be affected ( nobody ) .", []], [1142898, 2, "The only thing that keeps me from giving up is hope that things will get better for me . Maybe you need to find some hope or something so that you can get out of this feeling and feel better", []], [1528472, 1, "I understand . I was there 5 days ago . What helped wad talking to trusted friend about my feelings , self care , trying to do things i enjoy . Trying to make life more enjoyable . Also , talking to an expert .", []]], "speakers": {"Pearl Diver 🐚": 0, "Star Girl 💛": 1, "Jim Ghi": 2}}, {"id": 17894710, "category": {"id": 10, "name": "Friends"}, "emotion": "Anxious", "turns_number": 3, "dialogues": [[404675, 0, "Social anxiety is just . yes", []], [1115423, 2, "It is an unwanted companion", []], [1306097, 1, "Yes , a huge yes", []]], "speakers": {"Sad Chicken Nugget": 0, "shadeisntreal": 1, "🌻sunny gay song🌻": 2}}, {"id": 17894696, "category": {"id": 15, "name": "Family"}, "emotion": "Caring", "turns_number": 3, "dialogues": [[1511354, 0, "Is it cool to be in a relationship just to forget about your ex , when you are sure you do not love the person you are with in your present relationship ?", []], [918050, 2, "this is not cool . heal yourself first before moving on to new relationship", []], [518871, 1, "no , never do that", []]], "speakers": {"Newbie": 0, "/rhotacism": 1, "Sherlocked": 2}}, {"id": 17894682, "category": {"id": 63, "name": "My Story"}, "emotion": "Depressed", "turns_number": 3, "dialogues": [[1041244, 0, "I still ca not believe I was orphan for the second time in my life . What did I do to cause this ? Why did I lose two families .", []], [1350083, 2, "You ok ? I m sorry", []], [1102440, 1, "I am so sorry you had to go through that.hope you find the strength to deal with the loss & feel better soon", ["🤗"]]], "speakers": {"Atlas": 0, "Dreamer": 1, "Happy Soul": 2}}, {"id": 17894647, "category": {"id": 7, "name": "Relationships"}, "emotion": "Calm", "turns_number": 3, "dialogues": [[0, 0, "Damn maybe Jake Paul is 61 . he is pretty damn big", []], [1503428, 2, "am going to watch the fight today laugh out loud as much as I want Ben Asked to win , he is going to lose for sure", []], [905489, 1, "He was wearing trainer compared to Ben who was barefoot . They will be the same height in the ring .", []]], "speakers": {"Anonymous": 0, "Styx": 1, "Wanderer": 2}}, {"id": 17894640, "category": {"id": 20, "name": "Others"}, "emotion": "Inspired", "turns_number": 3, "dialogues": [[1460490, 0, "* drug dealer voice * do you want to buy some self esteem ?", []], [1266742, 2, "Only if it is a suppository .", []], [1041807, 1, "Yeah , that what it seems like .", []]], "speakers": {"Ash🦁": 0, "Señor Сука": 1, "Ashley 🥀": 2}}, {"id": 17894636, "category": {"id": 20, "name": "Others"}, "emotion": "Amused", "turns_number": 4, "dialogues": [[0, 0, "I am telling you , women have some sort of super intuition super power .", []], [1534089, 3, "Ah they are just observant . and in control of themselves . mostly .", []], [1334208, 2, "not really , they are just more socially tormented and tend to overthink", []], [1517475, 1, "such a superpower they can predict 100 out of to times a guy might be cheating .", []]], "speakers": {"Anonymous": 0, "Jay": 1, "POWER CAT": 2, "Newbie": 3}}, {"id": 17894627, "category": {"id": 7, "name": "Relationships"}, "emotion": "Confused", "turns_number": 4, "dialogues": [[0, 0, "Are relationships truly mutual these days ? Are not men expected to care more ?", []], [1142898, 3, "No I think women are expected to care more and barely get back any care from the guy", []], [846083, 2, "In my experience , I do not know males who have cared more or demonstrated that , more than me or even reciprocal , watching  ", ["🤷", "♀"]], [919810, 1, "co men are usually cold so have got to teach them", []]], "speakers": {"Anonymous": 0, "Star Girl 💛": 1, "Yo Momma": 2, "Moonlight": 3}}, {"id": 17894618, "category": {"id": 20, "name": "Others"}, "emotion": "Relaxed", "turns_number": 3, "dialogues": [[0, 0, "When was the last time you spent time with yourself ? Just yourself not with the phone or to or game or book , justyouryour", []], [1540463, 2, "I meditate a lot so myself is kind of bored of me laugh out loud", ["😝"]], [919810, 1, "I have panic attacks so never", []]], "speakers": {"Anonymous": 0, "you hurt me": 1, "Moonlight": 2}}, {"id": 17894569, "category": {"id": 20, "name": "Others"}, "emotion": "Overwhelmed", "turns_number": 3, "dialogues": [[654502, 0, "i seriously do not feel like doing this anymore . can i just be gone forever , i feel so done", []], [1223172, 2, "I also feel the same .", []], [1469948, 1, "You are the maker of your life , lead it the way you want it to go .", []]], "speakers": {"❤💙💚💛💜♥": 0, "Darklite": 1, "47": 2}}, {"id": 17894564, "category": {"id": 15, "name": "Family"}, "emotion": "Afraid", "turns_number": 5, "dialogues": [[1198694, 0, "My step dad and mon keep on fucking while i am on the same room . I am honestly deeply disturbed , I fucking hate it . i am old but i hate it my mon is such a he", []], [668144, 4, "that is gross thing to watch and hear", []], [875827, 3, "that is definitely not normal . i would be dramatized", ["😳"]], [1539857, 2, "tell them that you are uncomfortable of what they are doing and tell them to go to other room . Or you can go to the other room instead", []], [518871, 1, "Maybe that is their king , maybe you can just move out when they do it , that might make them understand that you feel uncomfortable", []]], "speakers": {"asahi!!": 0, "MadmaX": 1, "Elaina Smith": 2, "Yon Kyrie": 3, "Sherlocked": 4}}, {"id": 17150178, "category": {"id": 62, "name": "Mental Health"}, "emotion": "Hopeful", "turns_number": 3, "dialogues": [[1498871, 0, "I want to be free but I know I can not", []], [1451336, 2, "ha . you shed think in a position have way the you can find peace", []], [1025482, 1, "If you want to be , you can . If you can not do it , that means you are not trying hard enough or you are but not trying the right way .", []]], "speakers": {"Michael": 0, "FLUFFY PUFF": 1, "Potato Angel💝": 2}}, {"id": 17150162, "category": {"id": 47, "name": "Health"}, "emotion": "Meh", "turns_number": 4, "dialogues": [[1150637, 0, "had surgery the other day on my eye still kind of only but Its itchy like hell right now I m using a rag on it", []], [1476799, 3, "you will be fine kind", []], [1065983, 2, "you actually can get an eyepatch for in laugh out loud sorry take care", []], [1287886, 1, "What did they did ? I had a bunch of work done and it sucks", []]], "speakers": {"NarAlivia Maybe": 0, "Him Again": 1, "Assassin's Dwell": 2, "TheShepard": 3}}, {"id": 17150154, "category": {"id": 10, "name": "Friends"}, "emotion": "Heartbroken", "turns_number": 5, "dialogues": [[0, 0, "Why do people of us leave their parents alone when they turn 20 + ?", []], [1436869, 4, "each there is people wo do not", []], [1459529, 3, "I think its about privacy independency for people there so they leave and I think parents also let go them because of the expenditure that they need to put on them I guess I do not know I am not from you you", []], [1353289, 2, "basically , you are an adult and usually expected to be independent and not be a drain on your parents . it is kind of rough sometimes", []], [1479761, 1, "Parents , in most cases , expect their adult children to leave . It is what they prepare them to do while raising them .", []]], "speakers": {"Anonymous": 0, "Homer": 1, "Alone Wolf": 2, "not D.Va": 3, "Casual Geek": 4}}, {"id": 17150153, "category": {"id": 7, "name": "Relationships"}, "emotion": "Inadequate", "turns_number": 3, "dialogues": [[1474260, 0, "guy called me chronic what does that mean ?", []], [1322073, 2, "You are Capable and Fantastic ( Chronic )", ["🤔"]], [1453971, 1, "it could also means you are liable if he loves a person who is chronic", []]], "speakers": {"em": 0, "Kutti Kamini Cheez 😇": 1, "User Banned": 2}}, {"id": 17150128, "category": {"id": 10, "name": "Friends"}, "emotion": "Inspired", "turns_number": 3, "dialogues": [[711385, 0, "i do not have ff too", ["😌"]], [1330381, 2, "Even I do not have any Facebook account .", []], [1393045, 1, "I have not either laugh out loud", []]], "speakers": {"❤": 0, "𝑨𝒗𝒊𝒌...": 1, "xyx": 2}}, {"id": 17150123, "category": {"id": 7, "name": "Relationships"}, "emotion": "Worried", "turns_number": 3, "dialogues": [[1498987, 0, "Should I tell my fiance about this pp ? Like I do not want to lie to her but i am really enjoying having somewhere to privately vent . I just do not want her to think i am hiding anything you know ?", []], [1440209, 2, "This itself tells a lot about you . You do not want to hide anything and that is amazing of you . So I feel you do not need to tell her as long as you are getting the help you need and stuff . Like I do not think it is necessary .", []], [875785, 1, "I think it would be better if you wo not , like just in case in future if you come on this pp to vent about her and she checks that out , she might pull a drama .", []]], "speakers": {"Pho": 0, "User Banned": 1, "scorpio": 2}}, {"id": 17150119, "category": {"id": 15, "name": "Family"}, "emotion": "Caring", "turns_number": 4, "dialogues": [[0, 0, "are you satisfied in your married life ?", []], [1354181, 3, "Will tell you after I get married", []], [937607, 2, "Yes ! she lets me see on her", []], [1164206, 1, "I was not . But now that I m divorced , I m extremely happy !", []]], "speakers": {"Anonymous": 0, "Zenith": 1, "Dexter": 2, "Freyja": 3}}, {"id": 17150117, "category": {"id": 74, "name": "Depression"}, "emotion": "Exhausted", "turns_number": 3, "dialogues": [[1451336, 0, "we all love you do not you worry you r perfect in every way . take a break for yourself", ["🙂"]], [1499046, 2, "it is ok to want more . do not feel bad for being mentally in a bad condition . we have all been there . stay strong :)", []], [1459529, 1, "hey your not alone ! I think your looking for some exciting to happened In your life.and that is a normal think do not blame yourself for feel that way you may have everything like you think but you also a human and you need love and you will find it for sure !", ["❤"]]], "speakers": {"FLUFFY PUFF": 0, "b": 1, "Alone Wolf": 2}}, {"id": 17150105, "category": {"id": 20, "name": "Others"}, "emotion": "Inspired", "turns_number": 6, "dialogues": [[1497744, 0, "Can your tongue touch your nose ?", ["👅", "👃"]], [1329910, 6, "yeah really.it can touch yours too ", ["😉", "😂", "🍑", "♥"]], [1443099, 5, "do not lie you all just tried it", []], [582138, 3, "I am at work in and I am not even going to think of trying it .", ["😤"]], [1081262, 2, "heart this if you tried laugh out loud", []], [1499163, 1, "My tongue can touch my toes", []]], "speakers": {"Bubbles": 0, "User Banned": 1, "Anton 🦝": 2, "𝑃𝑙𝑢𝑡𝑜𝑛𝑖𝑐 𝑅𝑜𝑠𝑒": 3, "SMOKE.": 4, "R": 5}}, {"id": 17150094, "category": {"id": 7, "name": "Relationships"}, "emotion": "Heartbroken", "turns_number": 4, "dialogues": [[332277, 0, "so I m just sad to be honest there is this guy I used to be around all the time and I liked him . he made me believe he liked me it was a lie . he had sex with me and stopped talking to me the only time he wanted to meet with me after was for sex and it sucks that this person will forever be in my memory and for him I will be another girl for him . I have never felt so worthless", []], [791196, 3, "do not go there . You trusted him and he broke it . Nothing wrong in what you did . :)", []], [1499046, 2, "do not ever feel worthless . try to look at it like it was a good time , it happened and ended when it was supposed to . if you two had sex , he probably liked your looks so there is no need to feel worthless physically . for your emotions , it is not impossible to heal from this . you can always reach out to people , like i do to you right now . please stay strong , do me any time you want", []], [1498685, 1, "He used you but you are feelings were true for him , so you are not at fault , all you can do is somehow move on , i know it will be tough to begin with but you have to try , speak to people here and lighten you are heart out !", []]], "speakers": {"AnonymousUserr": 0, "Semper_Fi": 1, "b": 2, "NOSTRADAMUS💫": 3}}]