[{"id": 17760265, "category": {"id": 66, "name": "Addiction"}, "emotion": "Sad", "turns_number": 3, "dialogues": [[1200016, 0, "can someone helps me to forget someone", []], [769590, 2, "Laugh out loud what a cut sentence", []], [1418881, 1, "Might sound caleche . But be as social as you can . Enjoy your time to full limits . Try your best to shut any thoughts about the person with rational closure of why you are not together", []]], "speakers": {"Alice Dct": 0, "blckby": 1, "Blackfeather": 2}}, {"id": 17760238, "category": {"id": 5, "name": "Bullying"}, "emotion": "Hopeful", "turns_number": 4, "dialogues": [[1534389, 0, "Instagram is so toxic nowadays", []], [1470503, 3, "Not for me . I just look at cars and military stuff .", []], [1027343, 2, "I can imagine , I stay very far away from stuff like that", []], [1252986, 1, "have you ever played League of Legends", []]], "speakers": {"Qt": 0, "User Banned": 1, "Dandy Chiggins 👻": 2, "anz3lm0": 3}}, {"id": 17760222, "category": {"id": 11, "name": "Hopes"}, "emotion": "Hopeful", "turns_number": 3, "dialogues": [[0, 0, "let us discuss our past mistakes", ["😉"]], [700523, 2, "well it all started when I installed this pp .", []], [721960, 1, "should not have spent the last to his on to , it is 3 am now and I have to get up really", []]], "speakers": {"Anonymous": 0, "Calidum Capulus ☕🇮🇹": 1, "Feles": 2}}, {"id": 17760220, "category": {"id": 11, "name": "Hopes"}, "emotion": "Hopeful", "turns_number": 4, "dialogues": [[800096, 0, "hope could ends this year ,", []], [1350922, 3, "It will always be here , but we will always be equipped to fight it .", []], [1380380, 2, "I do not think so . election the ha pure world me e sat", ["😁"]], [952165, 1, "Probably will not . Next year , perhaps . The majority of the countries must vaccine their pp , and only then we could think about herd immunity . According history , the former pandemics just like Spanish Fly took around three years to be seated .", []]], "speakers": {"SouL mAn oUt": 0, "Mr. Hatt": 1, "rollercoaster": 2, "Melkor": 3}}, {"id": 17760201, "category": {"id": 47, "name": "Health"}, "emotion": "Stressed", "turns_number": 5, "dialogues": [[0, 0, "we asia are treated like pure shit in france but I think it is worse in US i am scared to go out because some people humiliated me to days ago", ["😔"]], [1495987, 4, "Really ? I m sorry to hear .", []], [1253816, 3, "40 Signs have died in US ( hate crime related ) I am afraid to go outside sometimesnot living in US but e but still carry", []], [1523140, 2, "Some people is stupidity is truly shameful . I hope you ll be alright and able to go outside fearlessly soon", ["👑"]], [1027343, 1, "I am sad to hear that , I have respect for Asia people and their see you literature and I treat them like they are family .", []]], "speakers": {"Anonymous": 0, "Pixel_ City": 1, "hobocollector": 2, "𝓪෴𝔂᛫☂︎": 3, "Dandy Chiggins 👻": 4}}, {"id": 17760192, "category": {"id": 10, "name": "Friends"}, "emotion": "Optimistic", "turns_number": 3, "dialogues": [[677923, 0, "so like will you be my friend the ? and actually care and talk with you the way i do ? care like i do ? i need someone to match my level of daring , bullshit all the time", []], [1522445, 2, "I hope you find one . I pray so .", ["☺"]], [1534394, 1, "I feel you 100 % I m always putting in more effort than others . I m looking for more friends hopefully to find some more pp like me so pus hit me up if you want to", []]], "speakers": {"Jahseh": 0, "noob.": 1, "Autumn Rutkowski": 2}}, {"id": 17760185, "category": {"id": 7, "name": "Relationships"}, "emotion": "Caring", "turns_number": 3, "dialogues": [[1534394, 0, "I know the feeling , everyone leaves me too . i am starting to think love is a myth", []], [1155058, 2, "is not that Obvious ?", []], [1436502, 1, "Mount Everett : Are you joking to me ?", []]], "speakers": {"Autumn Rutkowski": 0, "Stardust ✨": 1, "hopeful PINGU": 2}}, {"id": 17760169, "category": {"id": 62, "name": "Mental Health"}, "emotion": "Tired", "turns_number": 3, "dialogues": [[1534326, 0, "I m scared!I am scared of losing someone . I am scared of trust somebody . I m scared of losing control . I am scared of my thoughts . I am scared of myself .", []], [1515763, 2, "I wish I could help somehow", ["😔"]], [1523187, 1, "If you want to talk or vent to try and feel better I m always here !", []]], "speakers": {"Collien": 0, "exodus": 1, "Jesse": 2}}, {"id": 17760168, "category": {"id": 7, "name": "Relationships"}, "emotion": "Loving", "turns_number": 4, "dialogues": [[1534389, 0, "honestly it sucks to have a boyfriend and yet feel lonely", []], [532358, 3, "yeah I know how you feel I m married yet I feel alone and lonely", []], [721960, 2, "think about those who do not even have a partner", []], [568664, 1, "hey would you like to talk about it", []]], "speakers": {"Qt": 0, "Ryan Daly": 1, "Feles": 2, "animalpuppy83": 3}}, {"id": 17760167, "category": {"id": 7, "name": "Relationships"}, "emotion": "Lonely", "turns_number": 5, "dialogues": [[1534385, 0, "I just left an abuse have relationship I miss him but I do not want to be abused .I just lost my husband to suicide 3 years ago", []], [1371154, 4, "I m so sorry for your loss . I am proud of you for getting out of that situation . It is not easy , but you are worth it .", []], [1016455, 3, "Next time , pick someone who is actually good for you", []], [1270690, 2, "i am sort .but you did good thing let him off.dont worry you will you wallet good guy", []], [677923, 1, "good shit , stay away , man is trash , just focus on you , sorry for your loss", []]], "speakers": {"Candice Kelly turner": 0, "purple patootie": 1, "Dystopian Poetry 🇳🇱": 2, "unknown origin": 3, "Jahseh": 4}}, {"id": 17760153, "category": {"id": 7, "name": "Relationships"}, "emotion": "Lonely", "turns_number": 3, "dialogues": [[1534385, 0, "just left an abuse have relationship", []], [1519984, 2, "well done let us celebrate", []], [656550, 1, "I m so proud of you", []]], "speakers": {"Candice Kelly turner": 0, "User Banned": 1, "GalaxySky": 2}}, {"id": 17760148, "category": {"id": 63, "name": "My Story"}, "emotion": "Down", "turns_number": 5, "dialogues": [[724451, 0, "Not sure if I need a hug , 20 shots of vodka or to punch someone in the face", []], [707787, 4, "do all 3 you will feel better", []], [674567, 3, "Another option is to go lay in some soft grass or a field with flowers .", []], [1035358, 2, "You are happy or sad or angry ?", []], [622527, 1, "A little bit of all of it can go a long way . Maybe less than 20 shots . But I do not know your tolerable so .", []]], "speakers": {"𝔓𝔢𝔫𝔡𝔦𝔫𝔤 𝔠𝔬𝔯𝔭𝔰𝔢": 0, "🎻📏": 1, "fine_oath": 2, "Phoque": 3, "durka": 4}}, {"id": 17760133, "category": {"id": 63, "name": "My Story"}, "emotion": "Nostalgic", "turns_number": 3, "dialogues": [[1350258, 0, "Who is going to fly with me to Same is house ? I need some Master Rose wisdom .", []], [622527, 2, "I hear you there . I need energy , could use a trip to King Ai , learn some of that Spirit Bomb", []], [1058171, 1, "you need the limbs cloud .", []]], "speakers": {"LostInThisWorld": 0, "durka": 1, "Dannimal": 2}}, {"id": 17760132, "category": {"id": 63, "name": "My Story"}, "emotion": "Overwhelmed", "turns_number": 8, "dialogues": [[1212141, 0, "i probably have add , am I stupid now ?", []], [1350922, 7, "If you were in a tribe , you had be the hunter .", []], [674567, 6, "Brow , if you are , I am . Laughing my arms off", []], [1349838, 5, "no , you are not", []], [1529469, 4, "if you are stupid for having add , then i am too", []], [1485776, 3, "Maybe . do not say that type of stuff Cause it can offend other people And that is really not how it works", []], [1503619, 2, "add does not mean you are stupid , it means you were diagnosed with add", []], [1518369, 1, "Ah , you are fine . At least you do not have Aspergers , it is a hidden curse .", []]], "speakers": {"🅶RACE": 0, "Mr. Hatt": 1, "fine_oath": 2, "ñ": 3, "Lucass": 4, "Issei hyoudou": 5, "User Banned": 6, "Brandon": 7}}, {"id": 17760125, "category": {"id": 12, "name": "Self Harm"}, "emotion": "Depressed", "turns_number": 4, "dialogues": [[1531430, 0, "my mon caught could again , I have exam in 3 months , I have not learned anything , I m thinking of jumping off a bridge", ["🌉"]], [1155058, 3, "pretty much the same situation dad as a major brain surgery this month and I have exam from next month I am doomed , so are in this together", []], [1225603, 2, "we on the same level sister , down rush", []], [1500569, 1, "I am kind of in a similar situation with exam and family situations if you ever want to talk or vent about it I got u", []]], "speakers": {"No Name": 0, "Stardust ✨": 1, "rin": 2, "Newbie": 3}}, {"id": 17760120, "category": {"id": 11, "name": "Hopes"}, "emotion": "Nostalgic", "turns_number": 3, "dialogues": [[0, 0, "I really like this one guy on here but he follows only hot girls and almost all the hot girls like him .", []], [541914, 2, "he is married , brush .", []], [405671, 1, "You answered your one question", []]], "speakers": {"Anonymous": 0, "Layla X GunSenpai": 1, "sta:>ros": 2}}, {"id": 17760111, "category": {"id": 20, "name": "Others"}, "emotion": "Nothing", "turns_number": 3, "dialogues": [[1516879, 0, "I am the only good person ali have .", []], [1426916, 2, "I m half bad and half good", []], [1311796, 1, "I am also a good person as well", []]], "speakers": {"Solomon's Hermeticist": 0, "300": 1, "🙂MYSTERY  WIZARDESS🙂": 2}}, {"id": 17760103, "category": {"id": 61, "name": "Positive"}, "emotion": "Supportive", "turns_number": 7, "dialogues": [[1422504, 0, "When have you felt the most proud of your self ?", []], [1426916, 6, "when I finally did my very own proper drawing", []], [951178, 5, "when I stood up to some idiot calling me iris despite being scared", []], [1035358, 4, "when I scored 89 goals against primary school kiss in school", []], [1390145, 3, "I think I m proud of myself right now . Despite my mental health , the many times I have fallen and being a first - gen , I ll be granulating college this may .", []], [416629, 2, "when I was running a junior section in my unit and teaching kiss how to become better people and develop great life long skillswatching them grow and mature was amazing", []], [1506527, 1, "when an eldereally man cried of happiness for having my friendship in his last months ali have on Earth", []]], "speakers": {"Ievateho": 0, "300": 1, "Newbie": 2, "Phoque": 3, "Maya 🛸": 4, "Shaniqua": 5, "Eric Silva": 6}}, {"id": 17760088, "category": {"id": 50, "name": "Music"}, "emotion": "Lonely", "turns_number": 4, "dialogues": [[1392897, 0, "Does music helps you to get better ?", []], [1311796, 3, "Yes it can help with the soul", []], [1090345, 2, "it can help put your emotions into words , which can help you understand them better and heal faster", ["💛"]], [1427075, 1, "I m blinded by the lights", []]], "speakers": {"Bhargav Patel": 0, "🙂MYSTERY  WIZARDESS🙂": 1, "Jilly": 2, "JKC": 3}}, {"id": 17760087, "category": {"id": 12, "name": "Self Harm"}, "emotion": "Depressed", "turns_number": 3, "dialogues": [[0, 0, "I lost my streak today . Guess we are back to no days", []], [1523187, 2, "hey that is ok , it is good you had a streak to start with", []], [538809, 1, "It is ok , things happen , you just need to start up a new streak", []]], "speakers": {"Anonymous": 0, "Jesse": 1, "Joshie": 2}}, {"id": 17760083, "category": {"id": 15, "name": "Family"}, "emotion": "Tired", "turns_number": 3, "dialogues": [[1515371, 0, "It is kind of sad when people who should support you but they do it", ["😅"]], [416629, 2, "yeah family can be so shit sometimes", []], [1426916, 1, "am I supposed to help if I can not even help myself . well I still help pp anyone welcomes so it does not matter to me", []]], "speakers": {"Yellow are drying": 0, "Shaniqua": 1, "300": 2}}, {"id": 17760077, "category": {"id": 10, "name": "Friends"}, "emotion": "Confused", "turns_number": 3, "dialogues": [[1534021, 0, "All my friends are in relationships and have li have and i am just here  ", ["♀"]], [1453740, 2, "I have me a chance and you will be two", ["🙂"]], [1346892, 1, "Do not focus too much on their li have . i know its rough because most of my friends are in relationships and are parents but stay in your lane . Do things that makes you happy and focus on yourself . What is destined for you will are have when the time is right", ["❤"]]], "speakers": {"hopeless.02": 0, "NotRequired": 1, "Passionate_Addicted Poet Author/Poet": 2}}, {"id": 17760063, "category": {"id": 11, "name": "Hopes"}, "emotion": "Inadequate", "turns_number": 3, "dialogues": [[0, 0, "Why does not pp like me on this pp ?", ["😞"]], [1225603, 2, "cut we do not know who you is ! ?", []], [1404895, 1, "do not you find a friend yet ?", []]], "speakers": {"Anonymous": 0, "rin": 1, "Rohit💛": 2}}, {"id": 17760059, "category": {"id": 20, "name": "Others"}, "emotion": "Lonely", "turns_number": 3, "dialogues": [[1329359, 0, "I want to feel loved . Even if it is face .", []], [1371154, 2, "You deserve true love , do not settle for less is my advice", []], [968613, 1, "loving yourself is more prior than someone providing face one , trust me ( speaking from experience ) .", []]], "speakers": {"B̷a̴c̸t̴e̷r̸i̶a̴ ̸#̴1̴": 0, "purple patootie": 1, "Cherry blossom": 2}}, {"id": 17760047, "category": {"id": 74, "name": "Depression"}, "emotion": "Sad", "turns_number": 5, "dialogues": [[1533666, 0, "Suggest me a sad film . I want to cry my eyes out .", []], [878674, 4, "Oh I know one ! The Amazing Bulk . That one had me crying for days .", []], [928395, 3, "the fault in our stars .", []], [1524950, 2, "why you want to cry . try to get distracted instead watch a comedy movie.depressed time is no fun . try to fight back", []], [1531430, 1, "avenge engage , i suggest watching all the avenge moves to understand", []]], "speakers": {"Amy Jn": 0, "Brandon Bridges": 1, "Kuala Kangsar": 2, "🎀  𝒜𝒹𝒾𝓉𝒾  🎀": 3, "No Name": 4}}, {"id": 17261643, "category": {"id": 7, "name": "Relationships"}, "emotion": "Down", "turns_number": 5, "dialogues": [[0, 0, "Pretty broken and down . Is it wrong for men to cry ? I just want to listen to a sad song and tear up .", []], [1480973, 4, "yeah man . your a human", []], [816869, 3, "No it is only wrong if someone see you . Lock the door brother and let it go", []], [597642, 2, "we i have meaning to so many things we lack and this cause . negative have emotion we i have meaning to what we are from within and we experiencepositi have emotion . take care of yourself", []], [1083704, 1, "it is all good to cry . who says it is not ok . cry it out . do not hold back anything to yourself ! * huge *", []]], "speakers": {"Anonymous": 0, "Nick": 1, "Sad Shawn": 2, "Yato": 3, "👽": 4}}, {"id": 17261642, "category": {"id": 63, "name": "My Story"}, "emotion": "Nostalgic", "turns_number": 4, "dialogues": [[1455746, 0, "I am going to ask a girl for date pray for me", []], [1408159, 3, "done . good luck to you", []], [542249, 2, "i will pray foryouryour", []], [1058171, 1, "you can do it man you are the chosen one", []]], "speakers": {"Neo": 0, "Ingydar": 1, "Geezo": 2, "Dannimal": 3}}, {"id": 17261639, "category": {"id": 7, "name": "Relationships"}, "emotion": "Loving", "turns_number": 6, "dialogues": [[1398862, 0, "There is still women out here that do not want anything from a man . Not Money , Materialistic things , Nothing . Nothing But Trust , Support & Lot is Of Affection . I m Her . She Is Me .I am One Of Those Women !", []], [1496894, 4, "no woman is like that . you think you are , but at the end you will understand your priorities", []], [1435345, 2, "you are nice , but people get too practical and that is how things turn sour", []], [1431041, 3, "Honestly , I believed such woman exist and i am ff * . Now , i do not think there are anyone like that . It is just in books", []], [1435345, 2, "can all of you guns be honest and say if you guns have a trusted by partner?That is the most important asset , and seldom people have this .", []], [1502646, 1, "I do not want a man anymore", []]], "speakers": {"Anju": 0, "HouseOfCards": 1, "Zaf": 2, "Ragib": 3, "Zeed": 4}}, {"id": 17261607, "category": {"id": 7, "name": "Relationships"}, "emotion": "Confused", "turns_number": 4, "dialogues": [[783081, 0, "How can I love you if I do not have a heart", []], [1092562, 3, "I have a big on", []], [1480973, 2, "you do not need a heart to love", ["💔"]], [816869, 1, "Oh my god girl say it again wait.how are you breathing", []]], "speakers": {"The Real Life Harley Quinn": 0, "DJ Lucas": 1, "Nick": 2, "Sad Shawn": 3}}, {"id": 17261573, "category": {"id": 7, "name": "Relationships"}, "emotion": "Heartbroken", "turns_number": 3, "dialogues": [[1493455, 1, "Well.lets hope you learned by now . Look to the future and something good will come .", []], [1480973, 3, "we all do stupid stuff so do not worry (:", []], [1505768, 2, "do not worry we all make mistakes someday you will find someone I m sure of it", []]], "speakers": {"VolkRebel": 0, "Nick": 1, "James Açoriano": 2}}, {"id": 17261561, "category": {"id": 20, "name": "Others"}, "emotion": "Nostalgic", "turns_number": 3, "dialogues": [[1023788, 0, "I ll be 18 this year but I m still a kid from heart .", []], [1421849, 2, "its what life actually means", []], [1135297, 1, "I m 21 and I m still a kid but now a lost kid", []]], "speakers": {"𝓑𝓱𝓪𝓿✨": 0, "MawRa": 1, "alalalalla": 2}}, {"id": 17261559, "category": {"id": 20, "name": "Others"}, "emotion": "Inspired", "turns_number": 3, "dialogues": [[1223624, 0, "it is been a long time since I have watched a good horror movie , any suggestions ?", []], [1392016, 2, "me too . I need a good one .", []], [460904, 1, "are there any good ones the", []]], "speakers": {"RM": 0, "Mixed Masala 😌": 1, "lyfsgood": 2}}, {"id": 17261558, "category": {"id": 58, "name": "LGBT"}, "emotion": "Afraid", "turns_number": 4, "dialogues": [[1328286, 0, "What is wrong with being gay , like i honestly do not get it", []], [1392016, 3, "may be beck pp are not used to it yet", []], [994467, 2, "Nothing , being loud and annoying is", []], [1505834, 1, "nothing is wrong the only thing that is wrong is not to be true to yourself .", []]], "speakers": {"Ash": 0, "Mixed Masala 😌": 1, "⁄(⁄ ⁄•⁄-⁄•⁄ ⁄)⁄": 2, "ΠΑΡΑΣΚΕΥΗ ΜΙΧΑΗΛΟΥ": 3}}, {"id": 17261542, "category": {"id": 10, "name": "Friends"}, "emotion": "Sad", "turns_number": 5, "dialogues": [[1171384, 1, "I want to be friends w the chicken", []], [232309, 7, "would you like to add a human in to the list ? free", []], [1480973, 6, "my only friends are my headphones", []], [1152544, 5, "you got loyal friends right there", []], [311881, 3, "They are as good friends as humans .", []]], "speakers": {"Aleen": 0, "marcus licnius crassus": 1, "Nick": 2, "𝖘𝖕𝖎𝖗𝖎𝖙 🖤": 3, "Gracia Blessy": 4}}, {"id": 17261540, "category": {"id": 20, "name": "Others"}, "emotion": "Meh", "turns_number": 3, "dialogues": [[1497843, 0, "I have got the head of an egg", []], [801545, 2, "no you do not . you are wonderful", []], [1024882, 1, "I have got the body of a brick", []]], "speakers": {"Princess Creamy 🍰": 0, "MrLooping82": 1, "🌼Luna": 2}}, {"id": 17261537, "category": {"id": 10, "name": "Friends"}, "emotion": "Confused", "turns_number": 5, "dialogues": [[1503843, 0, "My befriend wants to date me and i am already dating , so now my boyfriend does not want me to talk to my befriend anymore and i ca not leave my befriend cause i have been friends with him for 7yes , I do not know what to do", []], [1156277, 3, "you are but friend is absolutely wrong", []], [1435611, 2, "nice case . need to think", ["🤔"]], [1435611, 2, "you can date with best friends forever as friend.if you do not want to hello hello", ["😄"]], [1455671, 1, "you back with him ? congress", ["🥴"]]], "speakers": {"Aditi": 0, "Parvana": 1, "the boy who...": 2, "Aryan Wills": 3}}, {"id": 17261536, "category": {"id": 12, "name": "Self Harm"}, "emotion": "Supported", "turns_number": 3, "dialogues": [[1230307, 0, "Everything seems so flurry !", []], [1505324, 2, "it is your drugs doing it", []], [1505606, 1, "Nothing is like it seems", []]], "speakers": {"John": 0, "User Banned": 1, "babyonemoretime": 2}}, {"id": 17261509, "category": {"id": 63, "name": "My Story"}, "emotion": "Nothing", "turns_number": 4, "dialogues": [[411648, 0, "To everyone who told me things will get better : jokes on you , its only got worse", []], [1392016, 3, "same .just fought with sum about it . she is like be optimistic.am like . HELLO look at the reality sum .I fled up .enough dreams", ["🤣", "🥴"]], [597642, 2, "did you asked yourself though ? what does your heart say ?", []], [1085089, 1, "god bless you .there is always a end right ?", []]], "speakers": {"I am Lewis": 0, "Mixed Masala 😌": 1, "Yato": 2, "Desspreced Perssen": 3}}, {"id": 17261482, "category": {"id": 62, "name": "Mental Health"}, "emotion": "Heartbroken", "turns_number": 3, "dialogues": [[935879, 0, "I wish that I could hug some of you here . It makes me so sad when I read posts about someone going through depression or anxiety because I know what it feels like . As someone who is suffered for years , I try my best to li have a happy life . Some days are better than others but I still try to get back up . We ll get through this . I know we will .", []], [1076477, 2, "I m going through every mental illness , but you know what I m hugging you , virtual huge", ["🤗"]], [801545, 1, "You are so wonderful . if i could hug you , i would . i can offer you to talk to you whenever you would need to", []]], "speakers": {"W": 0, "𝕵𝖚𝖑𝖎𝖆𝖓 𝕸𝖆𝖓𝖙𝖑𝖊💙": 1, "MrLooping82": 2}}, {"id": 17261474, "category": {"id": 7, "name": "Relationships"}, "emotion": "Supportive", "turns_number": 3, "dialogues": [[0, 0, "Someone said cockroaches can not beat Mode so let us see ; Cockroaches or Mode ?", []], [1372294, 2, "it is fine if you do not support his ideology or what even I do not but do not disrespect him at the end he is our prime minister", []], [419240, 1, "get a life brush ? asking for our views on Mode on of ? brow you are already hiding . nobody cares about you though in", []]], "speakers": {"Anonymous": 0, "Elsa🦋": 1, "rick": 2}}, {"id": 17261453, "category": {"id": 62, "name": "Mental Health"}, "emotion": "Disgust", "turns_number": 3, "dialogues": [[1390145, 0, "I literally can not enjoy anything because of these thoughts . Can not you just shut the fuck up . Please .", []], [1297757, 2, "Just let them pass through . You are not your thoughts , you are the conscience behind observing it all , taking it in .", []], [881263, 1, "Are you ok ? Do you need any help?:/", []]], "speakers": {"Maya 🛸": 0, "Cvet": 1, "💛CuddleInTheDark💛": 2}}, {"id": 17261381, "category": {"id": 62, "name": "Mental Health"}, "emotion": "Overwhelmed", "turns_number": 3, "dialogues": [[1139720, 0, "can I just jump off of a building and hope my parachute works . it is a 50 / 50 if I pull the cord . I push to find happiness but I truly believe happiness and true love is face and just made up . today has been a very hard day . I have to do something I do not want to do but my job needs to be fixed . my mind is overloaded with thoughts . how can I just turn it off ?", []], [1361633, 2, "do not worry , I will be down to holdyouryour", []], [1312627, 1, "meditation and seek your inner selfinterested ?", []]], "speakers": {"❤🐘Refinnej🐘❤": 0, "Black Coffee": 1, "Righteous Force": 2}}, {"id": 17261354, "category": {"id": 74, "name": "Depression"}, "emotion": "Hopeful", "turns_number": 3, "dialogues": [[1505779, 0, "I have getting flashbacks from things I do not want to remember !", []], [647135, 2, "Talk to a therapist about it . It completely cures you. Howe have freak or horrible it might be", []], [1135297, 1, "oh my god hold it in suppress it", []]], "speakers": {"Jaden Andrew": 0, "The fruit dude 🍉": 1, "alalalalla": 2}}, {"id": 17261342, "category": {"id": 10, "name": "Friends"}, "emotion": "Down", "turns_number": 6, "dialogues": [[1505816, 0, "Being a military wife is hard I have a step daughter and son with him but depression is kicking in", []], [328815, 5, "do you need to talk ?", []], [463498, 4, "everything will be alright soon.god bless you and you are family . I will pray to God for you to free you from depression.stay safe keep smiling ", ["🤗", "❤", "😘"]], [1399774, 3, "i mean yes but then you should not be too afraid since your husband will protect them", []], [1414475, 2, "More strength to you . Take care", []], [1483084, 1, "I need someone to talk to everyday", []]], "speakers": {"Sarah": 0, "scorpion 🦂♏❤️": 1, "꧁༺💕 KaRaN💕༻꧂": 2, "Ice King👨‍⚕️": 3, "Thewannabe": 4, "Gideon": 5}}, {"id": 17261333, "category": {"id": 68, "name": "I Need Help"}, "emotion": "Sad", "turns_number": 7, "dialogues": [[1505818, 0, "i m new here , i wish i could make new friends , to be able to be here with me in both good and bad times . I have been very sad lately , last year I did something that almost took my life but I decided to i have it another chance for what we call living .", []], [1285377, 6, "Hi i am here for you", []], [328815, 5, "you can talk to me daytime", []], [1446265, 4, "Here for you . text me", []], [568664, 3, "hey would you like to talk about it", []], [1414475, 2, "Hope you do make good friends . Keep smiling , glad you are trying to embrace life . Here if you ever feel like talking .", []], [1483084, 1, "I need someone to talk to everyday and someone to be happy with", []]], "speakers": {"Esterfany Lima": 0, "MattY": 1, "scorpion 🦂♏❤️": 2, "Palestine_ is_ bleeding": 3, "animalpuppy83": 4, "Thewannabe": 5, "Gideon": 6}}, {"id": 17261303, "category": {"id": 74, "name": "Depression"}, "emotion": "Lonely", "turns_number": 3, "dialogues": [[1475316, 0, "I am really broken why all of this happened to me !", ["😭", "🥺", "💔"]], [1505324, 2, "cut you a monster.wish now it is time for you to face your tidal wave wish. March 2021", ["😝", "🤘"]], [1312627, 1, "needing help about Depression ?", []]], "speakers": {"Unknown ⚘": 0, "User Banned": 1, "Righteous Force": 2}}, {"id": 17261272, "category": {"id": 10, "name": "Friends"}, "emotion": "Proud", "turns_number": 6, "dialogues": [[1505816, 0, "Hello everyone I m new here I m a mother and wife but suffer from ITS really bad just looking to meet some friends", []], [1474389, 5, "Hope you ll find what you need", ["🤗"]], [1198678, 4, "i am here if you want to chat !", []], [1271050, 3, "you seems to be amazing mother with adorable child", []], [1030331, 2, "always here to help you . we can have a conversation", []], [1501836, 1, "hi , nice to meet you", ["👋"]]], "speakers": {"Sarah": 0, "Abbadia": 1, "Oifog": 2, "Ordinay Man": 3, "MrJaymin": 4, "Chocopie🍫": 5}}, {"id": 17261262, "category": {"id": 68, "name": "I Need Help"}, "emotion": "Worried", "turns_number": 4, "dialogues": [[0, 0, "How to ask your parents to let them take you to a mental health professional ? Never in my life I talked to them on a deeper , emotional level . We just never had those talks , in a way I just grew up alone . That is why it is hard to approach them for this and every time I m about to try , LITERALLY no words are coming out of my mouth . Like I physically could not say it .", []], [311881, 3, "Me neither . But get yourself together and tell them all about it . it also might help bridge the gap by the way you guns . Try to focus on what you want them to listen , understand and help with rather than the outcome . Good Luck , you have got this !", []], [1504669, 2, "I find it easier to write or text the things I can not say out loud . Maybe try writing a short letter to get the introduction out of the way . Say something like ,  I would like to have a serious conversation with you guns , I have a question I would like to ask . Would it be ok if we could get together and chat ? ", []], [1493455, 1, "There is no magical solution.you need to take up your courage and open yourself . Just say you is not well.explain what is wrong and ask them to help you . Every parent wants best for its children", ["🙂"]]], "speakers": {"Anonymous": 0, "Gracia Blessy": 1, "HereToHelp": 2, "VolkRebel": 3}}, {"id": 17261261, "category": {"id": 10, "name": "Friends"}, "emotion": "Supported", "turns_number": 4, "dialogues": [[1498431, 0, "everyone is temporary so be careful to call someone as your friend .", []], [1505543, 3, "That is so true , I have not had a friend that I have known FOR LIFE . They are always temporary .", []], [1492906, 2, "they will leave us for the sake of their family .", []], [1178467, 1, "You are my friend now", []]], "speakers": {"A.E.I.O.U": 0, "Jelly": 1, "Stranger": 2, "\"Yaar\"💐": 3}}, {"id": 17261238, "category": {"id": 10, "name": "Friends"}, "emotion": "Lonely", "turns_number": 16, "dialogues": [[1091292, 0, "Does the pain ever go away ?", []], [416629, 15, "depends what pain your talking", []], [1505324, 14, "yes but you got to go to hell then you will feel more pain", ["😝", "🤘"]], [1504450, 13, "eat the pain and challenge it with you are love", []], [725140, 12, "It may , depends onyouryour", []], [1421849, 11, "it goes then comes again", []], [1505821, 10, "it does , but depends on you", []], [1505105, 9, "yes it does but it takes time", []], [1489740, 8, "it depends on how such you r trying", []], [733682, 7, "it gets fragile with time", []], [1501836, 6, "lost but made an impression", ["🙊"]], [801545, 5, "Yeah it will but it needs time", []], [1209537, 4, "They say time heals but trust me its just gets as used to with it . The best thing is to focus on or other things that you li have to do and be around people with position have laura", ["🙂"]], [1505927, 3, "Time will heal all <3", []], [1505925, 2, "it takes time , but yes , it does", ["💖"]], [783081, 1, "No a small part of you will always be broken", []]], "speakers": {"Nomi": 0, "Shaniqua": 1, "User Banned": 2, "Charbel Ghosn": 3, "Cruel World": 4, "MawRa": 5, "Sharifahn939": 6, "Rish🥺": 7, "unknown & unloved potato": 8, "remember me": 9, "Chocopie🍫": 10, "MrLooping82": 11, "Bishal Sharma": 12, "Newbie": 13, "Lonely Girl": 14, "The Real Life Harley Quinn": 15}}, {"id": 17261234, "category": {"id": 11, "name": "Hopes"}, "emotion": "Caring", "turns_number": 3, "dialogues": [[1505663, 0, "I wish you are content and happy with your life .", []], [1505324, 2, "thank you.now send $ 537 western union", []], [1408351, 1, "when I m sad yes", []]], "speakers": {"Nid": 0, "User Banned": 1, "Nathan": 2}}, {"id": 17261232, "category": {"id": 58, "name": "LGBT"}, "emotion": "Loving", "turns_number": 4, "dialogues": [[836225, 0, "wishing the trans community a lovely day", []], [1505324, 3, "thick with a d*c.gross.that due can have you", ["😝", "🤘"]], [722176, 2, "I m not trans but I want to be wished a lovely day too :(", []], [1505742, 1, "happy lovely day ! i m not trans but i love you all", ["🥺"]]], "speakers": {"yami": 0, "User Banned": 1, "Noted": 2, "kurapika is now drowning": 3}}, {"id": 17261226, "category": {"id": 10, "name": "Friends"}, "emotion": "Motivated", "turns_number": 3, "dialogues": [[0, 0, "Time to start wedding out my chats and des", []], [952242, 2, "time to start wedding out pp from my life", []], [820440, 1, "Time to weed myself out", ["🤡"]]], "speakers": {"Anonymous": 0, "Ms. zazzy": 1, "Var☃️🐕": 2}}, {"id": 17261221, "category": {"id": 47, "name": "Health"}, "emotion": "Sad", "turns_number": 4, "dialogues": [[1501683, 0, "How long do you usually shower?and why", []], [1452059, 3, "Are you asking , why I take a shower ?", []], [859993, 2, "cold shower around 5 min , hot shower 20 min", []], [1027343, 1, "about 10 minutes , i listen to music in the shower so i usually play to or 3 songs then i m done . i try to keep it quick to not waste water", []]], "speakers": {"Meow girl": 0, "TheGreatOne5000": 1, "Zak": 2, "Dandy Chiggins 👻": 3}}, {"id": 17261210, "category": {"id": 7, "name": "Relationships"}, "emotion": "Loving", "turns_number": 3, "dialogues": [[1080721, 0, "You will always win when you move with love and genuine intentions . ALWAYS", []], [1465956, 2, "are you sure ? a lot of people take advantage of this people nowadays are only looking out for themselves", []], [1368389, 1, "Are you sure about that ?", []]], "speakers": {"B": 0, "⠀": 1, "HeshamEbada": 2}}, {"id": 17261200, "category": {"id": 48, "name": "Work"}, "emotion": "Supportive", "turns_number": 5, "dialogues": [[1505813, 0, "the last couple months my manager at work seems to only want to put me down and tell me what a bad job i am doing as well as making little jaws in front of other workers . I want to quit so bad but I do not have another job yet", []], [849513, 4, "who you work ? . country ? and you are profile ?", []], [1435131, 3, "that is a happy manager I had a similar situation but afterwards , he could not stand me because I started standing my ground and confronting him he was a gay guy so he hated girls .", []], [1483084, 2, "I need someone to talk to everyday and someone to be happy with", []], [935870, 1, "if you think you are right just answer back or you need to endure this till you get a job . if you want to talk I m here for you", []]], "speakers": {"Claire": 0, "let's get connected ❤": 1, "User Suspended": 2, "Gideon": 3, "Zenon": 4}}, {"id": 17261192, "category": {"id": 10, "name": "Friends"}, "emotion": "Proud", "turns_number": 3, "dialogues": [[1286996, 0, "raise hands on being from lucknow!love to make a group and hangout !", ["❤", "🌚"]], [466534, 2, "I m from Lucknow . I li have in Marya gang . bu", []], [1435611, 1, "I m not from Lucknow . but . was shift ho data he . wo group ke like", ["🙂"]]], "speakers": {"Anudita Manvi": 0, "Dr. geller": 1, "the boy who...": 2}}, {"id": 17261187, "category": {"id": 20, "name": "Others"}, "emotion": "Nothing", "turns_number": 3, "dialogues": [[1135196, 0, "I ca not li have without mint candles", []], [859993, 2, "if I have candles , i wo not li have", []], [1408351, 1, "I can not li have without lemon sheets", []]], "speakers": {"🍥Mel🍥": 0, "Zak": 1, "Nathan": 2}}, {"id": 17261176, "category": {"id": 7, "name": "Relationships"}, "emotion": "Inspired", "turns_number": 3, "dialogues": [[1455757, 0, "If i put my picture as a profile picture . my do is will be full , laughing my arms off .", []], [626869, 2, "showing you are face has its benefits when you want more interaction with you are posts", ["👍", "🏻"]], [1059126, 1, "unless you are a man", []]], "speakers": {"you're the best": 0, "w": 1, "('-' )": 2}}, {"id": 17261161, "category": {"id": 67, "name": "Self-Care"}, "emotion": "Sad", "turns_number": 3, "dialogues": [[1319684, 0, "maybe in different un averse , everything is according to me , wish I have the courage to take my own life . why do we exist in the first place ?", []], [1502935, 2, "To love God and love others", []], [1451413, 1, "that is one of unanswered questions in life", []]], "speakers": {"Hapless Soul": 0, "Aimee🦋💕": 1, "Alyssa //\\\\//\\\\//\\\\//\\\\": 2}}, {"id": 17261160, "category": {"id": 10, "name": "Friends"}, "emotion": "Lonely", "turns_number": 3, "dialogues": [[1505002, 0, "i am so alone and i deserve it , i am just waiting for death", []], [1250445, 2, "no not death just loving and cabin people", []], [1498685, 1, "Nobody deserves to be alone!u too !", []]], "speakers": {"dayaa": 0, "Messy": 1, "NOSTRADAMUS💫": 2}}, {"id": 17261151, "category": {"id": 20, "name": "Others"}, "emotion": "Sad", "turns_number": 4, "dialogues": [[0, 0, "Stop saying all indians are creep . whoever told this again . then may you are talklife account get ban", ["😡"]], [1303451, 3, "yes exactly , I just an anonymous post accusing all Indians as whole just total shit post", []], [853190, 2, "My best online friend is indian", ["😇", "😊"]], [816869, 1, "Must be an Indian right here , stay creeping on the to", []]], "speakers": {"Anonymous": 0, "Sparky 🐻": 1, "thomas": 2, "Sad Shawn": 3}}, {"id": 17261142, "category": {"id": 63, "name": "My Story"}, "emotion": "Tired", "turns_number": 7, "dialogues": [[1080844, 0, "girl , do y all feel comfortable wearing revealing clothes ?", []], [1480758, 5, "yeah I do not really have a problem with it", []], [658263, 4, "no .I do not want men staring at wrong places .it makes me feel uncomfortable .", []], [1505641, 3, "I like wearing them , but the 60 years old men that staring at me makes it less comfortable", ["😃"]], [579770, 2, "well , i love wearing them but i rely do not feel comfortable bc of the harassment", []], [508050, 1, "i am definitely not usually . because I do not think I can pull it off . but to people you can damn girl . you you had", []], [508050, 1, "this thread SCREAMS - women still feel safe going out - what women wear is influenced by male gazette we will have dukes discussing it all the time laugh out loud", []]], "speakers": {"Numb to the feeling": 0, "Jessica Rabbit 🐇": 1, "ɐpuᴉ⅂": 2, "𝗋𝗈𝗇𝗂": 3, "🌻": 4, "hello! it's a potato": 5}}, {"id": 17261115, "category": {"id": 48, "name": "Work"}, "emotion": "Supportive", "turns_number": 3, "dialogues": [[1354627, 0, "What job do you think is a suitable job to apply for if you just finished highschool and have no working experience ?", []], [1016004, 2, "internship based in your highschool subject choice", []], [236697, 1, "just take what you can get th , something with customer service is very desirable cos it can be transferred to pretty much any job . but if you find something close to what you want to do in the future , it ll i have you a mass have head start in your career .", []]], "speakers": {"Quinn": 0, "Man of Steel (Straight only)": 1, "Tomothy": 2}}, {"id": 17261113, "category": {"id": 63, "name": "My Story"}, "emotion": "Exhausted", "turns_number": 3, "dialogues": [[1342814, 0, "Can somebody shoot me in the head!cause I feel like dying in my sleep . I do not want to feel anymore . I just want to die . kill me now . willyouryour", []], [1505768, 2, "Please do not ! please do not do this seriously just try to calm down and find or do something you truly love remember to yourself you are loved by someone and even if you are not then you can be loved by someone out there you just have find someone I m have been in to some dark places too so i can understand how you feel so please if you need help or just want to talk message . I m here for you ! truly .", []], [1201366, 1, "do not say that Think . do not even think about it . please just look at Else and you are last experiences . if you did not i have up then . why now?hold on . do not let anything overpowered u", []]], "speakers": {"💛Athina💛": 0, "James Açoriano": 1, "hmmmmmmmm": 2}}, {"id": 17261101, "category": {"id": 20, "name": "Others"}, "emotion": "Calm", "turns_number": 3, "dialogues": [[1411784, 0, "anyone have interest in Greek mythology", []], [978489, 2, "i have interest in Greek man", []], [1408351, 1, "up . n horse N Egyptian", []]], "speakers": {"asa": 0, "🧸breadcrumbs🧸": 1, "Nathan": 2}}, {"id": 17261100, "category": {"id": 63, "name": "My Story"}, "emotion": "Sad", "turns_number": 4, "dialogues": [[0, 0, "i could talk to people about anything but for some reason i draw the line when it comes to my emotions . i literally can not talk about my emotions because i do not even know how to", []], [680791, 3, "You do not have to if that makes you uncomfortable .", []], [1498685, 2, "Just speak you are heart out without thinking , the right people will understand you you", []], [1501816, 1, "You need someone to talk to . Try to find a person that you trust whole heartily . When you do , it wo not be diffuse you later for you to talk about your emotions .", []]], "speakers": {"Anonymous": 0, "ᴇ ʟ ʟ ᴇ": 1, "NOSTRADAMUS💫": 2, "Ano Nymous": 3}}, {"id": 17261099, "category": {"id": 7, "name": "Relationships"}, "emotion": "Inspired", "turns_number": 3, "dialogues": [[1002695, 0, "Cow of course , who is the other animal never heard of it ?", []], [1408159, 2, "they on the same team but", []], [1392016, 1, "cow .at least not fascia like him", []]], "speakers": {"User Banned": 0, "Ingydar": 1, "Mixed Masala 😌": 2}}, {"id": 17261092, "category": {"id": 62, "name": "Mental Health"}, "emotion": "Hopeful", "turns_number": 3, "dialogues": [[1036915, 0, "Is it possible for someone to be stuck emotional at child is age?Long story short : We were discussing something and my father is girlfriend told me that i am stuck at being a child . What gave me away was my pink fluffy slippers and some childish things i own and i felt there were many more but she did not want to hurt my feelings more than she already did . I growled this and there were some things that she might be right about . Anyone have some experience with this ? Please share .", []], [1270301, 2, "what is wrong with pink fluffy slippers?she being a bench", []], [1441214, 1, "yes of course I have seen people , but inside of them I also have seen some genius material too .", []]], "speakers": {"Artbyme": 0, "Dipankar": 1, "Kartic": 2}}, {"id": 17261080, "category": {"id": 74, "name": "Depression"}, "emotion": "Down", "turns_number": 5, "dialogues": [[1473034, 0, "Is suicide selfish ? Personally i am not sure anymore . I think it is , but it is also understandable . it is death by an illness like any other .", []], [978489, 4, "pp around you who do not care bout you is selfish", []], [591469, 3, "just do what you want laugh out loud", []], [1262426, 2, "Think about something that feels super unfair and hurts you a lot . That is how others feel when you take your life . Its an anguish and sadness time never heals . Suddenly you ca not look at death the same way , or suicide , or anything that reminds you of that person . And it passes you off , not that they decided to do it , but that the world made them end up feeling like it was a good solution .", []], [1098821, 1, "It is neither selfish nor brave . It is the choice between being miserable or passing that misery to others . It is a caleche but for many suicide is a permanent solution to a temporary problem . And for many recovery is an option .", []]], "speakers": {"🧡yawyr🌱": 0, "🧸breadcrumbs🧸": 1, "User Banned": 2, "Blue Eyes White Devil": 3, "Puma (🎖️Jaat, edict of 👑 Sher)": 4}}, {"id": 17261074, "category": {"id": 75, "name": "Life Hacks"}, "emotion": "Supportive", "turns_number": 11, "dialogues": [[1276667, 0, "Fuck drugs have you ever moved at a cow and had it too back at you", []], [1453108, 11, "no but that sounds cut see see", []], [1354181, 10, "It means she likes you", []], [314799, 9, "oh my god a new life goal", []], [1194921, 8, "Yes , even before a year when I saw this post on Inst", []], [1293658, 7, "Yes and yes . I do not do drugs anymore but I would still prefer to smoke my Weed", ["😂"]], [1251730, 6, "Sort of jumped in the afraid a baby seal tried it is best to jump alloit did not get very highest it was pretty wholesome regardless", []], [865414, 5, "Never had that level of giving , man !", []], [349954, 4, "no , cows make me horny", []], [696305, 3, "have you ever moved at a cow and it barked atyouryour", []], [1283734, 2, "no but I will do it next time I see one", ["🐮"]]], "speakers": {"🅳eadpool🦄": 0, "deadpool": 1, "Zenith": 2, "ddolly": 3, "Satan": 4, "Lukas": 5, "Muggins": 6, "Cursed Owl": 7, "ᴮᴵᴿᴰ": 8, "Ibuprofen bitch": 9, "🖤baby dino🖤": 10}}, {"id": 17261067, "category": {"id": 58, "name": "LGBT"}, "emotion": "Confused", "turns_number": 3, "dialogues": [[749374, 0, "so long as people are not legally forced to use said profound all good", []], [840105, 2, "So what you are saying is the sole reason transgender people exist is because gender roles were set by society . or do you mean that have urge to change into the other gender biological or is the second one a consequence of that", []], [560471, 1, "Gender dysphoria is not the defining characteristic of trans experience . Some of us are very dysphoric , some of us are not . We are united in our experience of not affirming to our assigned sex and gender at birth . Gender euphoria exists .", []]], "speakers": {"Jack": 0, "ириc": 1, "Jumatsuga": 2}}, {"id": 17261022, "category": {"id": 62, "name": "Mental Health"}, "emotion": "Sad", "turns_number": 3, "dialogues": [[1390145, 0, "Sometimes I have very big reactions to insignificant things .", []], [1492755, 2, "that is something good . i do not . and i hate it", []], [1500155, 1, "I feel you I am very good at ruining friendships and relationships because of this trait xx", ["😪"]]], "speakers": {"Maya 🛸": 0, "ⴑⲘⲂꞄⲀ": 1, "BorderlineButterfly🦋🌷": 2}}, {"id": 17261018, "category": {"id": 7, "name": "Relationships"}, "emotion": "Heartbroken", "turns_number": 8, "dialogues": [[1354504, 0, "I confessed to the guy I like and he friendzoned me us he is too afraid of relationships even the he likes me too . ah i am too hurt in .", []], [1498685, 7, "Just go with the flow , things can change later at least that way all will still be together !", []], [1454451, 6, "Are you sure that he is too afraid or He does not needs you", []], [1488703, 5, "it is ok , do not feel less of you are self", []], [1439772, 4, "99.9percent of those that do friend going who said afraid of attachment are liar .", []], [369338, 3, "Sounds like something I would have done in my really to to", []], [1496484, 2, "Ah the guy is too flustered . Sometimes taking a decision on spot feels overwhelming . I have him some time", []], [1504844, 1, "You should not be further did not do it to hurt you but for protecting himselfplease be patient if you love him", []]], "speakers": {"moon": 0, "NOSTRADAMUS💫": 1, ".": 2, "Angel in disguise": 3, "333": 4, "adi": 5, "JB": 6, "UglyInside 😏": 7}}, {"id": 17260998, "category": {"id": 10, "name": "Friends"}, "emotion": "Frustrated", "turns_number": 3, "dialogues": [[1432531, 0, "I took a break from this pp because I m tired of guy is coming at like I m a piece of meat ! I m not here for sex I m not here to hook up ! And another thing I m not here to be passed", []], [1453108, 2, "creep ruin everything : see", []], [591469, 1, "fuck people and internet is what I is is", []]], "speakers": {"Kara Jacobs": 0, "deadpool": 1, "User Banned": 2}}, {"id": 17260982, "category": {"id": 20, "name": "Others"}, "emotion": "Irritated", "turns_number": 4, "dialogues": [[1207727, 0, "Why do I always the do wrong decisions with knowing that it is the wrong decision Am I dumb Do you ever have this moments ?", ["🤔", "😅", "😉"]], [1496894, 3, "no I do them all the time . you just listen to you are heart I guess", []], [591469, 2, "maybe its the wrong one but the easy one", []], [647135, 1, "Always laugh out loud but i learned to stop doing them because i learned it will all come back to you in therapy one day and i do not want these cringe sessions again hata", []]], "speakers": {"Carol": 0, "HouseOfCards": 1, "User Banned": 2, "The fruit dude 🍉": 3}}, {"id": 17260972, "category": {"id": 7, "name": "Relationships"}, "emotion": "Confused", "turns_number": 5, "dialogues": [[364938, 0, "Tell me why most guns are so afraid of marriage?why enter a relationship at first place ?", []], [1370953, 4, "Probably the lagging and the worry of little / no is is", []], [1346896, 3, "we grew up seeing unsuccessful marriages and see how bad they get , financially , mentality , sometimes physically . so we tend to stay away from them", []], [1194921, 2, "I do not know , my therapist says I got serious commitment issues but forget marriage i am even scared of a commitment in a relationship .", []], [749374, 1, "because marriages can get extremely ugly and if it ends badly you will always lose more than your wife will", []]], "speakers": {"cireharthcer": 0, "✿Mia": 1, "Andrew": 2, "Satan": 3, "Jack": 4}}, {"id": 17260938, "category": {"id": 20, "name": "Others"}, "emotion": "Supported", "turns_number": 3, "dialogues": [[1432374, 0, "Two guns i willing in the bathtubs i have - feet - apart - cause - they are - not - gay", []], [1231309, 2, "so i m sitting there.barque sauce on my cities .", []], [967993, 1, "But the hell is going on in here . * gay silence *", []]], "speakers": {"User Banned": 0, "isaac 🔮": 1, "Alexander 🇭🇺": 2}}, {"id": 17260928, "category": {"id": 10, "name": "Friends"}, "emotion": "Tired", "turns_number": 3, "dialogues": [[1370953, 0, "Girls who abscess over their boyfriend / crushed and talk about nothing else", ["🥱", "😴"]], [508050, 2, "i am allowed to abscess over eyebrow scars ok ", ["😤", "🖐"]], [658263, 1, "that is also a phase of life .let them enjoy it", ["😄"]]], "speakers": {"✿Mia": 0, "hello! it's a potato": 1, "ɐpuᴉ⅂": 2}}, {"id": 17260926, "category": {"id": 7, "name": "Relationships"}, "emotion": "Loving", "turns_number": 4, "dialogues": [[328815, 0, "Some love stories are not epic novels . Some are short stories . But that does not make them any less filled with love .", []], [1486104, 3, "I am a scorpio to wait you are a scorpio right", []], [1408159, 2, "agreed of . my favorite love story is a short story", []], [1346892, 1, "and some can be in a form of a poem", []]], "speakers": {"scorpion 🦂♏❤️": 0, "fatyma": 1, "Ingydar": 2, "Passionate_Addicted Poet Author/Poet": 3}}, {"id": 17260911, "category": {"id": 72, "name": "Anxiety"}, "emotion": "Insecure", "turns_number": 4, "dialogues": [[1436690, 0, "why am I so ugly ? I get even more self conscious when the guns I meet off of apes do not even want to speak to me afterwards or ask for a second date . they know what I look like and the conversation goes well just like the ones we have over text and calls . so , it must be how I look in person .", []], [1476090, 3, "muddy , do not look at the outlet beauty", []], [1483734, 2, "I m sorry that you had this expense have . I m sure you are not ugly but they are just stupid", []], [1315688, 1, "may be they thought you r too pretty for them honestly in love life this will keep going until someone good hits you . nd that person will love with all of his heart . until then . love yourself . who the hell ask one self that.hut . you r not ugly . my girl . you are beautiful if you are heart is beautiful . if you feel beautiful .", ["😅", "😂", "💕"]]], "speakers": {"rose-noir": 0, "Rookiehelper": 1, "Gibbon the wise": 2, "your_bro": 3}}, {"id": 17260902, "category": {"id": 62, "name": "Mental Health"}, "emotion": "Anxious", "turns_number": 3, "dialogues": [[626945, 0, "When it is really quiet , I get worried something bad is about to happen . Anxiety starts kicking in.and I feel like something is silently watching me .", []], [1384685, 2, "Same . I try to concentrate on something to occupy my mind .", []], [1504844, 1, "Really ? It is scar Do you pray ? or you do not believe excuse me", ["😱"]]], "speakers": {"Prabz": 0, "A💕": 1, "UglyInside 😏": 2}}, {"id": 17260901, "category": {"id": 20, "name": "Others"}, "emotion": "Loving", "turns_number": 3, "dialogues": [[861066, 0, "In case you do not realize this . You are perfect exactly as you are . With all your flaws and problems , there is no need to change anything . All you need to change the thought thatyou are not good enough . Sending all my blessings .", []], [1394701, 2, "Up agreed , we should not change anything especially to make someone like us better or because they said so but you made another amazing post my friend and I agree with you hata", []], [1378646, 1, "very well said my dear friend sometimes we forget but sometimes it hard to accept and change the thought", []]], "speakers": {"®PoeticJustice™": 0, "Shy Sky": 1, "💀🗡TwistedPsycho 🗡💀": 2}}, {"id": 17260892, "category": {"id": 7, "name": "Relationships"}, "emotion": "Lonely", "turns_number": 3, "dialogues": [[1436690, 0, "I have not had a long term relationship since I was 18 . The second longest was maybe for months as opposed to the longest , which was 3 years . I feel so lonely , like I m running out of time , and ugly .", []], [1498685, 1, "You do not need to feel that way since you are still young , checked you are age to see y you feeling like you are running out of time , i mean , look at so many of us out here , or 30 and 40 and have nobody , so instead of having a bad partner its just best to wait for the right one which will hold onto you forever !", []], [1498685, 1, "And , you are not ugly !", []]], "speakers": {"rose-noir": 0, "NOSTRADAMUS💫": 1}}, {"id": 17260871, "category": {"id": 7, "name": "Relationships"}, "emotion": "Supportive", "turns_number": 3, "dialogues": [[1143558, 0, "Anyone who is willing to have a deep conversation? The Night is stillyouryour", ["🤷", "♂", "😌"]], [978489, 2, "how deep do you want", []], [1505768, 1, "what kind of deep conversation ? i mean what is the topic ?", []]], "speakers": {"Eshad": 0, "🧸breadcrumbs🧸": 1, "James Açoriano": 2}}, {"id": 17260859, "category": {"id": 20, "name": "Others"}, "emotion": "Supported", "turns_number": 3, "dialogues": [[1432374, 0, "It feels so good to pass off immature teenager laugh out loud", []], [1485502, 2, "And i feel so good to pass off immature adults", []], [1173562, 1, "you are not the adult or mature you think you are", ["😑"]]], "speakers": {"User Banned": 0, "Illusion": 1, "yoonie": 2}}, {"id": 17260855, "category": {"id": 67, "name": "Self-Care"}, "emotion": "Insecure", "turns_number": 3, "dialogues": [[1330312, 0, "I m guilty of rotten things and I m ashamed of myself . it is easy to have negative have thoughts of myself on repeat when I have done something wrong . But being understanding of myself and why I have done what I have done is closer to reality than negative have self - talk and shame . I still struggle with being a better person and not giving in to bad habits . Grace is the only thing that can change me .", []], [1205644, 2, "You will definitely change as you wish .", ["👍"]], [1515375, 1, "that is ok . we all are guilty of something", []]], "speakers": {"almost done here": 0, "꧁ℍ𝕒𝕡𝕡𝕪 𝕊𝕠𝕦𝕝꧂☜︎︎︎      ❣️": 1, "Sangeeta": 2}}, {"id": 17260845, "category": {"id": 5, "name": "Bullying"}, "emotion": "Hopeful", "turns_number": 3, "dialogues": [[1505787, 0, "why are so people so very cruel ?", []], [1017997, 2, "It depends on what they want , usually . People will do anything to achieve what they want . Everyone does .", []], [619810, 1, "Because they have nothing nothing", []]], "speakers": {"Goose Dad": 0, "Nat_says": 1, "claudia figueroa": 2}}, {"id": 17260810, "category": {"id": 10, "name": "Friends"}, "emotion": "Happy", "turns_number": 3, "dialogues": [[1252288, 0, "your the bigger better person if you do not hold grudge , do not fight for no reason , and move on from a past argument", []], [1346892, 2, "The past is the past . Time to move onto the present , the past should be left behind and we should focus on our new li have with position have reviews in our minds", []], [1432374, 1, "I keep visiting the past to keep myself reminding that I m better than them", []]], "speakers": {"Kixmbxrly": 0, "Passionate_Addicted Poet Author/Poet": 1, "User Banned": 2}}, {"id": 17260777, "category": {"id": 62, "name": "Mental Health"}, "emotion": "Supportive", "turns_number": 3, "dialogues": [[1501379, 0, "I so much want to feel useful by helping people . so you can drop all you are problems here if you need or message me too", []], [1471878, 2, "My problem is i am bored", ["😔"]], [1076483, 1, "A had a sugar rush just reading this", []]], "speakers": {"lyly minno": 0, "User Banned": 1, "Taurean": 2}}, {"id": 17260772, "category": {"id": 20, "name": "Others"}, "emotion": "Sad", "turns_number": 3, "dialogues": [[1485074, 0, "I need someone I can talk to", []], [1346892, 2, "What is up man . i am here for you brow", []], [1183185, 1, "I know the feeling . Know that I m here to listen", []]], "speakers": {"Smile and keep going": 0, "Passionate_Addicted Poet Author/Poet": 1, "Instagal": 2}}, {"id": 17260760, "category": {"id": 15, "name": "Family"}, "emotion": "Loved", "turns_number": 5, "dialogues": [[1402480, 0, "Joe Bien is trying to use the government to let the church shelter to be into a shelter for the LGBTQ community and Joe Bien its trying to banner all churches from preaching the word of God . i believe that people have a right to speak the name of jesus and I believe that people have a right to speak their opinions about the situations that matter like this situation because people is opinions matter and our voice matters .", []], [404462, 4, "is there an article about this ?", []], [820246, 3, "I do not think this is true", []], [1098821, 2, "Not only is religion protected under the bill of rights but churches is an institution that has the most tendency under the government where they do not even pay taxes . No president has the power to change this , It would have to pass through congress and senate which are all composed of mostly christians .", []], [656550, 1, "this is not true at all .", []]], "speakers": {"Christian": 0, "may": 1, "Isaac": 2, "Puma (🎖️Jaat, edict of 👑 Sher)": 3, "GalaxySky": 4}}, {"id": 17260755, "category": {"id": 62, "name": "Mental Health"}, "emotion": "Anxious", "turns_number": 3, "dialogues": [[1411420, 0, "I have thought about going to therapy before . But the thought of my problems not muttering , that other people have worse things going on , has stopped me .", []], [826294, 2, "your problems matter here regardless if someone has it worse your feelings are valid", []], [935879, 1, "Your problems always matter , no matter how big or small they may be . Besides therapy is not just a place for people with any severe trauma , it is a safe place where you can share your problems and to not be judged while doing so . It is essentially a place that can help prevent people from reaching their tapping point . I wish I had gone to therapy sooner th .", []]], "speakers": {"Smitten Kitten": 0, "Keith Baker": 1, "W": 2}}, {"id": 17260753, "category": {"id": 7, "name": "Relationships"}, "emotion": "Sad", "turns_number": 5, "dialogues": [[1505783, 0, "I have a question for Indians I m attracted to a women which is older than me I m 23 and she look like 30 around . Even I do not know she is married or not . what are the ways from which I can find out she is married or not ?", []], [1488703, 4, "Ask her , what is wrong with you , just ask her", []], [1270690, 3, "the way she talk you can figure it out .", []], [1029989, 2, "indoor mangalsutra.or there is a foolproof way.ask her .", []], [1131853, 1, "hm make a conversation . flirt . after get confused and ask a favor that pus delete our convoy . maybe your boyfriend , or husband get angry with me . And she will reply of course and you will know what is the next answer", []]], "speakers": {"Himanshu Khanna": 0, "Angel in disguise": 1, "unknown origin": 2, "Sam": 3, "AL MA": 4}}, {"id": 17260738, "category": {"id": 74, "name": "Depression"}, "emotion": "Hopeful", "turns_number": 3, "dialogues": [[1505779, 0, "Lately I have been going through clot , it is like I do not know myself anymore I do not want to think of dying but in the end when I look at myself the pain I feel in my nerves the way my heart beats differently all I could think about then is to die to end my life ! I do not know what to do !", ["🥺"]], [1505767, 2, "Whatever happens , please do not hurt yourself , do not even think about it", []], [1312627, 1, "find life purpose , find your true inner self , improve mind and body , coming better with depressionthen you be at peace you like to know more ?", []]], "speakers": {"Jaden Andrew": 0, "Talia": 1, "Righteous Force": 2}}, {"id": 17260714, "category": {"id": 20, "name": "Others"}, "emotion": "Supported", "turns_number": 3, "dialogues": [[1501379, 0, "I spent the whole day lying in my bed thinking about nothing :) . .or maybe about him hata :(", []], [1504815, 2, "You are not on your own , I do that too", []], [1483084, 1, "I need someone to talk to everyday and someone to be happy with", []]], "speakers": {"lyly minno": 0, "Newbie": 1, "Gideon": 2}}, {"id": 17260689, "category": {"id": 61, "name": "Positive"}, "emotion": "Proud", "turns_number": 5, "dialogues": [[1505222, 0, "Sometimes i wish i was born in medieval time period so i could just pick up a sword and a shield and go on killing my enemies all the way too much peace", ["😌"]], [725140, 4, "yeah no . It may look cool in the moves but suck just as much . Unless you want to do hard work , it will all suck .", []], [1395108, 3, "word .what would your name be", []], [1046875, 2, "and do not have a bathroom , you would need to do those on your Armor", []], [941172, 1, "just grab a copy of moreau", []]], "speakers": {"Bernardo": 0, "Cruel World": 1, ".": 2, "Ment Hamilton": 3, "User Banned": 4}}, {"id": 17260660, "category": {"id": 63, "name": "My Story"}, "emotion": "Depressed", "turns_number": 3, "dialogues": [[1036732, 0, "6 years of therapy still has not got me right . I still wake up crying on the floor", []], [1138607, 2, "that why I do not want to go to the therapy", []], [1317229, 1, "Maybe therapy is not made for you . Maybe you need a person who can be your 24/7 therapist .", []]], "speakers": {"Little miss nobody": 0, "baby p🖤": 1, "COMRADE—": 2}}, {"id": 17260656, "category": {"id": 62, "name": "Mental Health"}, "emotion": "Sad", "turns_number": 3, "dialogues": [[0, 0, "I have become so obsessed with my looks , that i think my talents & life do not mean anything if i m not pretty", []], [1346896, 2, "just do not forget about your internal beauty", []], [1198678, 1, "tour talents means of course", []]], "speakers": {"Anonymous": 0, "Andrew": 1, "Oifog": 2}}, {"id": 17260634, "category": {"id": 20, "name": "Others"}, "emotion": "Nothing", "turns_number": 4, "dialogues": [[1458704, 0, "i m thinking about meeting this pp", []], [449581, 3, "that is good . that means you do not need it anymore :)", []], [1475306, 2, "You are in good direction . You will achieve something for sure", []], [1250445, 1, "if it is good for you , maybe you should", []]], "speakers": {"sarah": 0, "𝓢𝓪𝓫𝓸𝓽𝓪𝓰𝓮": 1, "aman singh": 2, "Messy": 3}}]