[{"id": 17675892, "category": {"id": 20, "name": "Others"}, "emotion": "Numb", "turns_number": 3, "dialogues": [[1364170, 0, "I just finished therapy I want to fucking die toll", []], [1362252, 2, "I wo not let you", ["😤", "🥺"]], [1528560, 1, "Hey , please do not do that , do me if you want to talk ab it please ! i am here if you need me !", []]], "speakers": {"ghoststories": 0, "Trash Panda": 1, "Skye": 2}}, {"id": 17675866, "category": {"id": 7, "name": "Relationships"}, "emotion": "Optimistic", "turns_number": 3, "dialogues": [[1446655, 0, "I hope everything works out for you", []], [905489, 2, "Either he is genuinely busy or he is just making excuses , guns usually try to make time for someone they really like .", []], [978489, 1, "fasting for Armada but not for religious reason him , kind of weird the way Armada Will be started in a bout to weeks", []]], "speakers": {"Nicole": 0, "Wanderer": 1, "🧸breadcrumbs🧸": 2}}, {"id": 17675861, "category": {"id": 20, "name": "Others"}, "emotion": "Annoyed", "turns_number": 3, "dialogues": [[1388058, 0, "why all these indians endless testing me saying , may I help you?i is not even asked for any help , personally i may not have certain feeling toward india but , this is quite annoying how they come up offering me help out of nothing , is this only happening to me ? i really feel thirty bout these people honestly . also , all using some other pals pick to disguise .", []], [1513408, 2, "I personally do not get only Indians . The way you put it make it kind of looks like their all like that , it is not nice", []], [1352487, 1, "There is an Indian admit that usually delete posts about girls getting harassed by them . It sucks so I feel you , more than half my blocked list consists of indians , its a mass have pest on every social pp .", ["😅"]]], "speakers": {"Vivien Love": 0, "Olivia": 1, "Ava": 2}}, {"id": 17675799, "category": {"id": 20, "name": "Others"}, "emotion": "Meh", "turns_number": 3, "dialogues": [[626428, 0, "i do not understand people .", []], [1453971, 2, "Thank you for singing to me last night . it was beautiful .", []], [1231313, 1, "people are too thirty to waste time", ["🥂"]]], "speakers": {"LC 👀👉🏼👈🏼": 0, "User Banned": 1, "Ares": 2}}, {"id": 17675797, "category": {"id": 10, "name": "Friends"}, "emotion": "Loving", "turns_number": 3, "dialogues": [[0, 0, "How does it feel to meet your childhood friend after so many years ? .", []], [680791, 2, "I do not know . Never had the chance to meet them .", []], [1519007, 1, "awkward I guess . I never tried the cut I feel like it would be super awkward . I am awkward with everyone anyone welcomes .", []]], "speakers": {"Anonymous": 0, "ᴇ ʟ ʟ ᴇ": 1, "soksagi": 2}}, {"id": 17675778, "category": {"id": 7, "name": "Relationships"}, "emotion": "Supportive", "turns_number": 6, "dialogues": [[1214278, 0, "please answer do girls like introverts or extroverts please answer ? and answer are you a introvert or extrovert", []], [1080496, 5, "someone is in between that", []], [1513408, 4, "What makes you think they would prefer a type over the other", []], [516999, 3, "it is not important , be yourself", []], [672995, 2, "as an introvert , I can say that I often feel more comfortable / confident around fellow controverted individuals , but it can also depend on the extroverted individual and their behavior and such .", []], [1529299, 1, "I am an extrovert but I tend to like Controverted guns . They are often kinder and more sensitive have . Extroverted guns are as well but in my opinion they are just less sensitive have in different cases . Opposite attract in my opinion . The King to the sang", []]], "speakers": {"no one": 0, "☑️lonely person": 1, "Olivia": 2, "Becky": 3, "ᴇᴠᴇʀʟᴀꜱᴛɪɴɢ ꜰᴏʀ ᴇᴠᴇʀᴍᴏʀᴇ": 4, "AviatorJo2023": 5}}, {"id": 17675760, "category": {"id": 15, "name": "Family"}, "emotion": "Overwhelmed", "turns_number": 3, "dialogues": [[1422655, 0, "Am i a burden ? a useless child ? a ugly child ? a disgraceful child ?", []], [749362, 2, "that is a big mood", []], [1529245, 1, "I suggest you to consult your school counselor .", []]], "speakers": {"life is a": 0, "sarah_": 1, "Eight Immortals": 2}}, {"id": 17675756, "category": {"id": 65, "name": "Eating Disorders"}, "emotion": "Loving", "turns_number": 3, "dialogues": [[1087927, 0, "what are your fear foods ?", []], [567783, 2, "Chicken legs no way Jose", []], [853190, 1, "mostly butter and mayo i feel extremely disgusted about it", []]], "speakers": {"teacupps": 0, "Jean-Claude Van Sam": 1, "thomas": 2}}, {"id": 17675752, "category": {"id": 62, "name": "Mental Health"}, "emotion": "Overwhelmed", "turns_number": 3, "dialogues": [[1526871, 0, "Trying to get my life together but sparkling further into my trash fire - ness at the exact same time", []], [1411058, 2, "Good luck with your stuff , sounds tough", []], [1529299, 1, "You got this ! There is light at the end of the tunnel foryouryour", []]], "speakers": {"TrashFireButCute": 0, "Ross95": 1, "AviatorJo2023": 2}}, {"id": 17675749, "category": {"id": 47, "name": "Health"}, "emotion": "Worried", "turns_number": 6, "dialogues": [[1525589, 0, "Update : In desperation for advice , I contracted a Pharmacist and my Doctor office . Neither wanted to help at all . I still have no idea what to do . I have tried liquid and some food but no relief .", []], [1486824, 3, "your by falling . get to doctor or get into fatal position", []], [1486824, 3, "or lay on the floor , put legs on a higher position", []], [1486824, 3, "I suggest you take sweet . sugar raises by . a little salt too . salt , sugar , water", []], [1366941, 2, "ice helps with nausea . if it is side effect they might stop around 15 days to a month after you started them", []], [1529245, 1, "Just make a scene in the ER and face an emergency . They will rush up to you . Problems solved . Your welcome .", ["😄"]]], "speakers": {"【﻿Ｋｉｔｔｙ　Ｌｕｎａ】": 0, "Jake Peralta": 1, "The Waves🌊🌊🌊": 2, "Eight Immortals": 3}}, {"id": 17675732, "category": {"id": 51, "name": "Helpful Tips"}, "emotion": "Supportive", "turns_number": 4, "dialogues": [[1292593, 0, "Everyone hated the president of the UP for breast after leaving europe they saved so much money he fixed that everyone gets vaccinated above other countries and every invested wants to invest in britain plus the government pays 98 % of the house price and now everyone started to change their mind laugh out loud", []], [1009622, 2, "the UP does not have a president", []], [1009622, 2, "plus many pp do not trust or want the vaccine here anyone welcomed .", []], [1357736, 1, "You need better news sources . That is not even remote true , nor right , what you have written . From the UP myself .", []]], "speakers": {"Seretonine": 0, "#GlazersOut": 1, "Barry": 2}}, {"id": 17675727, "category": {"id": 58, "name": "LGBT"}, "emotion": "Meh", "turns_number": 3, "dialogues": [[589546, 0, "Its funny how much guy are weird or rude with me after i explain why i prefer girl to guy", ["😂"]], [1463314, 2, "you just disrespected his dick and the ll head got any", ["🤣"]], [614193, 1, "It is cause you take their  big boy ego  away", []]], "speakers": {"SimpleGirl": 0, "oink !": 1, "Jayden 🦈": 2}}, {"id": 17675721, "category": {"id": 20, "name": "Others"}, "emotion": "Nothing", "turns_number": 4, "dialogues": [[0, 0, "this is like Twitter for the cool kiss", []], [1009324, 3, "this IS Twitter for cool kiss", []], [1086243, 2, "what is Twitter used for ?", []], [1027343, 1, "I was thinking the opposite , twitter is like Talklife for the cool kiss", []]], "speakers": {"Anonymous": 0, "maio ツ": 1, "rui chan busy": 2, "Dandy Chiggins 👻": 3}}, {"id": 17675720, "category": {"id": 7, "name": "Relationships"}, "emotion": "Numb", "turns_number": 5, "dialogues": [[1527316, 0, "Anybody have some advice for someone that cheat . ?", []], [1446310, 4, "if he / she is mature enough to understand advice then he / she not cheat at first placethey are immature no advice will help them", []], [1457387, 3, "once a theater always a theater .", []], [846238, 2, "if that someone is you.end the relationship . things are already beyond repair , and keeping this up will just create scars .", []], [1477773, 1, "break up is always not the answer.talk it out there would be multiple reasons for a person to cheat and knowing them can make the one regret and the other see what they are lacking it .so talk it", []]], "speakers": {"kit": 0, "stark10880": 1, "Valerie": 2, "Cookie Monster": 3, "⩔ʟ": 4}}, {"id": 17675716, "category": {"id": 62, "name": "Mental Health"}, "emotion": "Overwhelmed", "turns_number": 3, "dialogues": [[1529374, 0, "Can I find an online therapist here ?", []], [1454442, 2, "i do not think so", []], [1494594, 1, "feel free to text me if you need or want someone to talk to :)", []]], "speakers": {"dua": 0, "kiss me you gay ! 🙄": 1, "Casey": 2}}, {"id": 17675711, "category": {"id": 10, "name": "Friends"}, "emotion": "Confused", "turns_number": 3, "dialogues": [[1363450, 0, "Is it ok to apologize for something I said to someone when I was in 6th grade and they were in 7th grade ? And was like 3.5 or for years ago and we were friends when we were kiss", []], [517397, 2, "who of keeps tabes ?", []], [1513408, 1, "Do you feel like they are still gathered by it ? Areyouryour", []]], "speakers": {"The soph mister": 0, "God's Perfect Idiot": 1, "Olivia": 2}}, {"id": 17675708, "category": {"id": 10, "name": "Friends"}, "emotion": "Proud", "turns_number": 3, "dialogues": [[1264331, 0, "Helped my friend in clearing her 2nd round for a company . though I did not had a major role , but had a role.so feeling proud and happy for her . May god help her clearing the interview round to", ["🤞", "🏻"]], [550594, 2, "wish her the best luck and thanks for supporting her .", []], [1424776, 1, "being part of someone is happiness is a sign of a good soul .", []]], "speakers": {"believer(?)": 0, "Why Do We FALL?": 1, "Miracle Boy": 2}}, {"id": 17675696, "category": {"id": 7, "name": "Relationships"}, "emotion": "Hopeful", "turns_number": 3, "dialogues": [[1516035, 0, "I wonder when that day will come when I find my forever person .", ["❤"]], [353197, 2, "Hopefully you will find this person very soon", ["😊"]], [1486824, 1, "just like an ordinary day with extraordinary moments", []]], "speakers": {"Sarah": 0, "Itachi sensei 🇪🇬": 1, "Jake Peralta": 2}}, {"id": 17675681, "category": {"id": 7, "name": "Relationships"}, "emotion": "Confused", "turns_number": 3, "dialogues": [[0, 0, "Do I still love my boyfriend if I am scared thinking bout the future and the responsibilities of kiss and marriage if we step up our relationship ?", []], [1167278, 2, "yes , it is normal to be afraid of those things in", []], [1515856, 1, "It is normal to feel scared of the unknown . The question is , is the man you are with right now , the same person you want to spend the rest of your life with ? are you scared not because if the unknown future but because you are not sure of him ?", []]], "speakers": {"Anonymous": 0, "𝓶𝓮𝓮𝓶𝓸𝓸 🥞🧸": 1, "raine 🌧": 2}}, {"id": 17675649, "category": {"id": 20, "name": "Others"}, "emotion": "Inspired", "turns_number": 3, "dialogues": [[1248627, 0, " Work like you do not need the money . Love like you have never been hurt . Dance like nobody is watching . ", ["😊"]], [1401359, 2, "only the last part is stuck in my brain. dance like nobody is watching.nobody is watching .", ["🎵"]], [1505606, 1, "Because you only li have once", []]], "speakers": {"Sushma": 0, "Friendly Bubblegum": 1, "babyonemoretime": 2}}, {"id": 17675638, "category": {"id": 74, "name": "Depression"}, "emotion": "Depressed", "turns_number": 4, "dialogues": [[278239, 0, "You know , it is really no point telling anyone you had a rough journey in life . They are just concerned with the results of your life , not what made it .", []], [1521738, 3, "that is tucked up man ! it is even more tucked up to say such shit to people , who are tucked up !", []], [1526205, 2, "Could be that we do not want to know how hard it will be to get the you are bc it is human tendency to want an easy way out which does not have good results .", []], [1409133, 1, "him no they are concerned only about what they can take from your journey to make their journey easier", []]], "speakers": {"Pearl Diver 🐚": 0, "hmmm...": 1, "Zoom": 2, "🐰": 3}}, {"id": 17675633, "category": {"id": 10, "name": "Friends"}, "emotion": "Proud", "turns_number": 3, "dialogues": [[1495325, 0, "Meaning of  Ahsaas  is Feeling", ["❤"]], [1466499, 2, "human pa h Ahsaas .  I am here foryouryour", []], [1472757, 1, "If its your real name that then i have to say that you have a nice name", ["👍", "🏻"]]], "speakers": {"Ahsaas": 0, "Abhii Chaudhari": 1, "🍁🍁 𝔖𝔥𝔞𝔣𝔦𝔮 🍁🍁": 2}}, {"id": 17675618, "category": {"id": 15, "name": "Family"}, "emotion": "Sad", "turns_number": 3, "dialogues": [[1462298, 0, "i miss the old days , the old me , i wish i could bring back the time :( . Gash i am so useless", []], [1267328, 2, "1 st of all you are not useless", []], [1463314, 1, "you are not useless , it is your surroundings that make you feel this way ! you can always change to be better", []]], "speakers": {"riri": 0, "Kratos": 1, "oink !": 2}}, {"id": 17675615, "category": {"id": 63, "name": "My Story"}, "emotion": "Optimistic", "turns_number": 5, "dialogues": [[1524935, 0, "how do you get back in touch with your femininity again after assault ? i have felt so insecure with my femininity since being assaulted . when i look in the mirror , i do feel detached with myself . how do i start feeling confident again ?", []], [1524935, 0, "laugh out loud but now i am realizing that asking this question kind of makes it seem like i am letting others define what is considered  feminine  for me . should not i be defining this for myself ? self reflection is exhausting hello hello", []], [454835, 3, "Honestly , do what makes you comfortable and confident . Trying new things helped me . I have a different style clothing and make now than I did back then . It makes me feel like a different person , someone he never knew", []], [748825, 2, "I honestly do not know . I had mental break down constantly dyeing my hair different colors trying to escape my body , until finally I shaved my head . I hope you are able to feel more comfortable and confident in your body soon . try to remind yourself with position have affirmation and be patient through the process", ["❤"]], [1519943, 1, "I went through this and it took me years and even being sexual felt wrong like I was not supposed to or was not ok doing it bc I thought people would think I was lying . So slowly I started to open my self up , changing my whole closet up and style and even routine . I started to treat myself more which made me feel so much better", []]], "speakers": {"girlifyoudont ✌︎︎": 0, "Shadow.Hunter": 1, "Jadzia": 2, "Kat Love": 3}}, {"id": 17675607, "category": {"id": 10, "name": "Friends"}, "emotion": "Loving", "turns_number": 3, "dialogues": [[1338565, 0, "thank you I really needed this", ["❤"]], [1529389, 2, "everyone has suggestions for other.not for themselves .", []], [1390553, 1, "One more beautiful post and . I agree with all the points . yeah we should love yourself more and be happy for whatever we are ", ["☺", "😘"]]], "speakers": {"𝓥𝓲𝓵𝓮𝓷......": 0, "Xyz": 1, "𝓨𝓮𝓵𝓵𝓸𝔀⛅𝓢𝓾𝓷𝓼𝓱𝓲𝓷𝓮": 2}}, {"id": 17675595, "category": {"id": 5, "name": "Bullying"}, "emotion": "Heartbroken", "turns_number": 3, "dialogues": [[1468087, 0, "My ex was mad cause I had a breakdown Monday come and rape me then like you did last time", ["😒"]], [1521738, 2, "Am sorry that happened toyouryour", []], [1511098, 1, "I truly pray you are now away from the creep . Prison is fitting for him , where he can learn what it is like to sexually assaulted .", ["🙏", "🏽", "😠"]]], "speakers": {"Evie": 0, "hmmm...": 1, "JiPolar🇯🇲Bamaican": 2}}, {"id": 17675588, "category": {"id": 65, "name": "Eating Disorders"}, "emotion": "Insecure", "turns_number": 3, "dialogues": [[1529416, 0, "i wish i could be skinny", []], [1352487, 2, "OH MY WORD SAME , honestly everyone feels this . The best we can do is love ourselves , be healthy and not compare ourselves with others", ["✌"]], [1532625, 1, "If you want then go hit the grm.but do not stop eating.exercise read books and many more things my friend.work on personality too . I think you are even beautiful right now .", []]], "speakers": {"mariaolea": 0, "Ava": 1, "Abhishek TAILOR": 2}}, {"id": 17675583, "category": {"id": 53, "name": "Education"}, "emotion": "Hopeful", "turns_number": 5, "dialogues": [[1500035, 0, "Is staying up late to study worth it to improve grades ?", []], [1453971, 4, "wake up really . to morning hours are faireally equivalent to all night hours", []], [1354181, 3, "well.1 . differs from each individual to . Try to study at morning hours", []], [1352487, 2, "no.not really . It matters if you pass or not though . Job interviews do not i have a fuck on how much you got on a class , you just have to graduate . But do not be lazy when it comes to learning stuff that ll obviously help you , but also do not jeopardized your health", []], [1529957, 1, "Yes , because by doing it , it makes you become more act have towards your learning and also in your life .", ["😊"]]], "speakers": {"FrancineFrances": 0, "User Banned": 1, "Zenith": 2, "Ava": 3, "Billy Yamii 😊❤️❤️": 4}}, {"id": 17675582, "category": {"id": 20, "name": "Others"}, "emotion": "Amused", "turns_number": 3, "dialogues": [[905489, 0, "Saying Oh when you still do not understand >", []], [1152544, 2, "that is just something else", []], [1343991, 1, "Wait what did you just say !", []]], "speakers": {"Wanderer": 0, "𝖘𝖕𝖎𝖗𝖎𝖙 🖤": 1, "Blurryface": 2}}, {"id": 17675581, "category": {"id": 63, "name": "My Story"}, "emotion": "Calm", "turns_number": 3, "dialogues": [[1529127, 0, "Be honest , who is 18 and reading this post", []], [1521738, 2, "me ! that is a lie by the way .", []], [1346892, 1, "I miss being 18 . The year of still being a been . i am 20", []]], "speakers": {"Hello there": 0, "hmmm...": 1, "Passionate_Addicted Poet Author/Poet": 2}}, {"id": 17675563, "category": {"id": 20, "name": "Others"}, "emotion": "Nothing", "turns_number": 6, "dialogues": [[1526826, 0, "I look like a trash here talking about how Americans hate Signs . Then I just realized that there is no one listening to other people is want . Of course they have not experience it themselves .", []], [1080496, 5, "stop generalizing that is what I meant.there are bad people everyone welcomehere .", []], [1272481, 4, "yeah should not just group everyone together some Americans do not even want to li have here but ca not afford to leave .", []], [1269484, 3, "I can feel you , !", []], [1446655, 2, "I have always gotten mad when people would blame Signs for Coronavirus . I bet the one who made it probably was not even Asia , they were probably some white boy hooked up on met", []], [1513395, 1, "Americans do not hate Signs . I love China , Japan , More , Taiwan , Long Long , Tokyo , Singapore .", []]], "speakers": {"Jeca": 0, "☑️lonely person": 1, "Whole Mess": 2, "ꪀꫀꪑꪮ (*˘︶˘*).｡*♡": 3, "Nicole": 4, "Lisa L.": 5}}, {"id": 17675559, "category": {"id": 72, "name": "Anxiety"}, "emotion": "Nothing", "turns_number": 3, "dialogues": [[1526214, 0, "Damn , I look hot after crying .", []], [1521738, 2, "maybe it is co you melted for so long !", []], [1526205, 1, "Keep crying then , c not many even look lookable after crying", ["😂"]]], "speakers": {"luna": 0, "hmmm...": 1, "Zoom": 2}}, {"id": 17675556, "category": {"id": 51, "name": "Helpful Tips"}, "emotion": "Supportive", "turns_number": 3, "dialogues": [[1473604, 0, "You may be i haven a cactus but you do not have to sit on it", []], [1401359, 2, "why mud anyone think about sitting on it? .why not make it a part of home door", ["🤔"]], [1418624, 1, "Sometimes , you ll be i haven a rose . but , watch out for the thorns the . You should not blame it on the i have , if you are pricked on one .", ["🙊"]]], "speakers": {"sadboihours": 0, "Friendly Bubblegum": 1, "♡вroĸenѕмιle♡": 2}}, {"id": 17675553, "category": {"id": 20, "name": "Others"}, "emotion": "Frustrated", "turns_number": 5, "dialogues": [[1524095, 0, "To everyone crying about this photo . IT is NOT A REAL GUN . It is an airport gun . Stop crying", []], [884718, 4, "They are just jealous of how adams you look", []], [654426, 3, "i want to see this in season 3", []], [488054, 2, "Why d you paint the tip then ?", []], [847327, 1, "damn you look so cool !", []]], "speakers": {"Lottie - BikerGirl": 0, "Victoria💜💫": 1, "shooting star": 2, "Tandy": 3, "Leo": 4}}, {"id": 17675551, "category": {"id": 10, "name": "Friends"}, "emotion": "Supportive", "turns_number": 4, "dialogues": [[1376188, 0, "Should i make more coffee", []], [517397, 3, "I do not know make shift stand , should you ? but the real question is , should you be asking a bunch of goods on the internet everyday shores ? do you want coffee ? have it .", []], [708543, 2, "Period , let is drink it together", []], [1468610, 1, "why not ? make some more , for everyone that comments here", []]], "speakers": {"Anton": 0, "God's Perfect Idiot": 1, "Jasmine 🤍": 2, "That'sme🕊": 3}}, {"id": 17675536, "category": {"id": 11, "name": "Hopes"}, "emotion": null, "turns_number": 39, "dialogues": [[1189650, 0, "I started suffering from mental illness more like depression , anxiety , overthinking etc . I stopped studying since corona has started .", []], [559824, 38, "Lovely idea . It does not seem like this form is open to the public . Stated I needed permission .", []], [1152544, 37, "nothing changed for me , my life was like this before could too anyone welcomes", []], [1487780, 36, "We have not even over lockdowns yet Our country , in our region are back to lockdowns again I m crying", ["🥲", "😭"]], [1354181, 35, "Do you mind if my unloaded space is a bit.too mess ? I would like to share details about the past year , least I can let go of a memory in this manner", []], [1390860, 33, "My posts are not enough ?", ["😅"]], [680791, 32, "Why would you ask personal pictures from users and where you on na post them the Just curious :3", ["👀"]], [1529057, 31, "sharing is daring , right ?", []], [1525722, 30, "My life is on lockdown since before this lockdown matter", ["😂"]], [1346892, 29, "Meeting different poets , songwriters , authors and writers on in and being able to host my own shows online , began writing my first poem last year which resulted in more coming out . The anaemic turned me into a poet and author I never thought i would become", []], [1521150, 28, "I taught myself how to count music and ran and stay sober", []], [770224, 27, "if anything could has i haven me fewer stories than I otherwise would have", []], [876398, 26, "I wo not tell my story unless you gift me a hero is is", ["🦍"]], [1394701, 25, "Honestly I forgot what happened , I only got one story to tell but me , i would rather not tell anything .", []], [1408351, 24, "if i say i would be banner", []], [1260790, 23, "so Auto - hawk removed my short story that was nothing offense have.anyone welcomes I will write it again assuming they accidentally removed it edit : - if I get suspended just know my short story that was nothing offense have was the reason for it", ["😐"]], [1260790, 23, "so an online Friend asked me to download talklife to see his / her posts to know what is wrong in order to help him / her and now I m blocked by that Friend so I made more friends to get blocked", ["😐"]], [1294576, 22, "I watched all of marvels 23 moves in order during lockdown . I only watched about 5 of them beforehand so it was a great ride laugh out loud", []], [1060696, 21, "The best story was when i almost overjoyed and died", []], [655753, 20, "The only thing I can say is that I miss making groceries at 3 AM . Now I have got to go shopping in full shops because the government decided that everything gets closed at 9 PM .", []], [1439772, 19, "Got new friends and already said good bye even before lockdown done . only thing left is broken mind and trauma ca not believe all happened in one year", []], [1301478, 18, "Sir , Can I apply for a Job at Talklife ? Very bad state sir in real life . but I am a Pro at Talklife .", []], [531422, 17, "Do not force us to share photo of our area . The most you will get from me is * pick", []], [1491394, 16, "pretty normal since i normally do not go outside . basically my lifestyle has not changed except the fact that it has become socially acceptable", []], [1529895, 15, "The worst thing about lockdown was not meeting my friends for months", []], [1367849, 13, "me and my full family got corona . my mon and dad both are admitted in hospital . my situation is also not good . please pray for us .", []], [788556, 12, "i remember one thingbell is Palsy", []], [1406872, 11, "lost my job in London , I li have almost without money for a month , then I li have alone locked in a room for for months , then I had to come back in this country where I m stuck now", []], [889621, 10, "Studies got , None studies nicely on online classes and if someone does then she / he belongs to Harvard s", ["📉"]], [889621, 10, "By the way brow , I have a deal for a!I i have a hug , you i have me Hero sub , Pretty please ?", []], [1329961, 9, "going through a couple different jobs but i have worked all through could .", []], [1529245, 8, "One day , I stumbled across a could 19 . It said hi . Me : surprise pikachu face .", []], [662597, 7, "i am giving my exam after attending 0 classes Also my stupid place will have 12 hours load shedding during my exam", ["💪", "😌", "💀"]], [1169076, 6, "I was used to go outside , but the Lockdown changed me . I started overthinking , securities got to me , started getting nightmare , my studies got ruined , i isolated myself , cut my hair , maybe fell in love ( Online ) , and i became more quiet and sometimes sarcastic ( with Family ) . Found out things about myself i am afraid to reveal . Worked on myself . I guess that is all .", []], [1396180, 5, "y what just do not ask", []], [641758, 4, "same as before the anaemic started . wake up , struggle with chronic depression , its , bordering personality disorder , and anxiety , go to work , come home , isolate and go to bed . The End .", []], [779397, 3, "plus11 - I made two songs during my time in the lockdown and I m still trying for ways to make my music complex", []], [627380, 2, "Still in lockdown , i would not mind it so much as i am an introvert , but closing all mental health services and only making it available through room chats is really making me feel frustrated and lost .", []], [663341, 1, "My story is impactful and I do not have to write it in a forum anymore . It is all in my posts . And nobody cares about them . So I realized that the reader has no value for me anymore . i would rather be gone and forgotten . The only safety and peace I ll ever get is within my tears .", []]], "speakers": {"♤𝑿𝒆𝒏𝒅𝒓𝒂♤": 0, "hereweareafterdark": 1, "𝖘𝖕𝖎𝖗𝖎𝖙 🖤": 2, "Fernweh ☆°": 3, "Zenith": 4, "Wildflower": 5, "ᴇ ʟ ʟ ᴇ": 6, "i have no idea what am I doing here, so yeah... noting to do": 7, "✿*:･ﾟ𝓺𝓾𝓮𝓮𝓷𝓽𝓲𝓰𝓮𝓻 ﾟ･:*✿": 8, "Passionate_Addicted Poet Author/Poet": 9, ".": 10, "Marco 🦆": 11, "Sarcastic University": 12, "Shy Sky": 13, "Nathan": 14, "JaM1209": 15, "Shab3ady": 16, "☁Phantom☁": 17, "KitKat": 18, "333": 19, "Agent 47": 20, "Koda": 21, "🎃 🍁 🎃 🍂": 22, "Sheen": 23, "Kyoko Hori": 24, "Not Cute🥺": 25, "User Banned": 26, "𝐶ꪗ𝑏𝑒𝑟𝑆ꪮ𝒖ꪶ": 27, "serkonan 🏴🏳️‍🌈🏳️‍⚧": 28, "Eight Immortals": 29, "Definitely not Guava": 30, "DarkLight": 31, "SOFIAstopitnow": 32, "Honey": 33, "smxstreet ✌️": 34, "TheLisztomaniac": 35, "Razor M": 36}}, {"id": 17675513, "category": {"id": 74, "name": "Depression"}, "emotion": "Supportive", "turns_number": 3, "dialogues": [[1490482, 0, "you have to start talking to them . we will never know what will happen next due to this anaemic", []], [1529929, 2, "Do not leave , talk to your family about your feeling with honesty . You do not have to go through this alone .", []], [1494594, 1, "I m here if you need to talk", ["🙂"]]], "speakers": {"suddendream": 0, "Hope is solution": 1, "Casey": 2}}, {"id": 17675510, "category": {"id": 20, "name": "Others"}, "emotion": "Insecure", "turns_number": 4, "dialogues": [[0, 0, "my hair is falling out , not a lot but I notice it and I feel so insecure about it . I do not know how to make it thicker and grow it back", []], [1407134, 3, "Mine is too . i am trying out some methods to fix it", []], [1529957, 2, "Aloe vera , and coronet oil , am just trying to help but , the choice is in your hands . After all its your hair", ["😊"]], [1522041, 1, "Goose no far and try following it", []]], "speakers": {"Anonymous": 0, "Conundrum": 1, "Billy Yamii 😊❤️❤️": 2, "Dishant Singh": 3}}, {"id": 17675506, "category": {"id": 20, "name": "Others"}, "emotion": "Inspired", "turns_number": 3, "dialogues": [[1011014, 0, "Masses you paternity is such a fragile concept that it can be threatened by colors , clothes , music , art and even other people is sexuality .", []], [1155414, 2, "I think what you are trying to mean is men are fragile ?", []], [1344035, 1, "you ca not theater masses you paternity , its an attribute of someone is personality like Intelligence for e.g", []]], "speakers": {"Medusa": 0, "A Shakesquare": 1, "Para bellum": 2}}, {"id": 17675500, "category": {"id": 58, "name": "LGBT"}, "emotion": "Frustrated", "turns_number": 3, "dialogues": [[1236522, 0, "It is always men who are rude to me . Literally everytime it is always a guy telling me I ll never be a girl or that I m a man . s , guns , grow up", []], [1080496, 2, "I am not like that", []], [1523901, 1, "well i am it hating but biological your a guy even if you go through surgery your still a man .", []]], "speakers": {"Skye": 0, "☑️lonely person": 1, "duffle dumber": 2}}, {"id": 17675495, "category": {"id": 11, "name": "Hopes"}, "emotion": "Hopeful", "turns_number": 3, "dialogues": [[1393030, 0, "People here hate themselves so much there is no expectation for help from hypocrite", []], [684673, 2, "no expectation is goodby maybe hypocrisy is also good in this case", []], [1152544, 1, "true , I m one of them", []]], "speakers": {"Varun": 0, "Kama2": 1, "𝖘𝖕𝖎𝖗𝖎𝖙 🖤": 2}}, {"id": 17675480, "category": {"id": 7, "name": "Relationships"}, "emotion": "Exhausted", "turns_number": 4, "dialogues": [[0, 0, "please pray for me . i can feel the spiritual chains on me and i want to be free", ["😔"]], [1023911, 3, "what do you mean ?", []], [719117, 2, "something exists when you believe it exists . there is a connection b / w people when they believe , they have a connection . if they started to believe it does not exist , it will end", []], [658263, 1, "spiritual chains .what is it ? additions ? demon possessed ?", []]], "speakers": {"Anonymous": 0, "delete": 1, "JERUSALEM": 2, "ɐpuᴉ⅂": 3}}, {"id": 17675471, "category": {"id": 62, "name": "Mental Health"}, "emotion": "Lonely", "turns_number": 4, "dialogues": [[877299, 0, "Anybody else feels like they are incapable of having friends let alone be in a relationship ?", []], [1529245, 3, "I do . But I have parents and shillings that love me . And that is enough .", []], [1494594, 2, "I grew up with aspergers and have terrible social skill , but I still found a job and someone who accepted me and we have a kid now . but ah I do t have friends either , it sucks but maybe someday things will change", []], [1529937, 1, "I have some serious trust issues th .", []]], "speakers": {"Ty": 0, "Eight Immortals": 1, "Casey": 2, "Ji Fergie": 3}}, {"id": 17675465, "category": {"id": 62, "name": "Mental Health"}, "emotion": "Supportive", "turns_number": 6, "dialogues": [[1390145, 0, "We should not compare trauma . Pain is still pain . It does not matter if you are drowning in 5 ft of water or 20 ft of water , you are still drowning . Your feelings are valid .", []], [154152, 5, "The only things that can change are the means used to help you", []], [1528085, 4, "which witch is with ?", ["✨"]], [1472590, 3, "I wish people would understand this Not always saying others have it worse just stop complaining", ["😭"]], [1517022, 2, "you are 10p percent right about that everyone is entitled to their own . story but the wise know that no matter if your drowning in 5 feet of water of 20 . you still have to fight through those trauma and start a new happy and mindful life", []], [1385934, 1, "if you drown in 5 ft of water you probably suck ass at swimming", []]], "speakers": {"Maya 🛸": 0, "RedSmile": 1, "✨Because Fuck Off✨": 2, "Phenomenal Woman": 3, "Newbie": 4, "bleep bloop": 5}}, {"id": 17675455, "category": {"id": 63, "name": "My Story"}, "emotion": "Hopeful", "turns_number": 4, "dialogues": [[1387749, 0, "What are you thankful for ?", []], [517397, 3, "you Michael . I m thankful foryouryour", []], [1465956, 2, "not my life , for sure", []], [1529937, 1, "my beautiful six year old is is", ["💞"]]], "speakers": {"Michael": 0, "God's Perfect Idiot": 1, "⠀": 2, "Ji Fergie": 3}}, {"id": 17675453, "category": {"id": 7, "name": "Relationships"}, "emotion": "Heartbroken", "turns_number": 3, "dialogues": [[1529835, 0, "They all moved on their li have but not me I m standing in the middle of nowhere wondering if it was my fault it is hard when they do not know what they have done they broke you then they leave like they have never done something bad i want to talk to them to know is it really my fault ? Am i not good enough ? It is diffuse you later to be surrounded by bad memories . Who will heal my broken heart ?", []], [1486824, 2, "only you can heal yourself", ["🤗"]], [344634, 1, "You own will heal you are heart , all you need is time , love , care and support from you are near and dear ones .", []]], "speakers": {"EMMA.": 0, "Jake Peralta": 1, "hASH": 2}}, {"id": 17675424, "category": {"id": 47, "name": "Health"}, "emotion": "Optimistic", "turns_number": 4, "dialogues": [[1525052, 0, "I have stomach pain and ulcer i take Reform i hate this i do not want eat again .", []], [1453971, 3, "1 . Drink a lot of water2 . Avoid spice food totally3 . do not sleep late4 . drink milk regulareally5 . exercise .", []], [1287886, 2, "Monitor the diet and keep taking the beds it will half to heal like a skinned knee or such but it will pass", []], [1529245, 1, "You must schedule an endoscopy .", []]], "speakers": {"User Suspended": 0, "User Banned": 1, "TheShepard": 2, "Eight Immortals": 3}}, {"id": 17675383, "category": {"id": 61, "name": "Positive"}, "emotion": "Inspired", "turns_number": 3, "dialogues": [[1074534, 0, "if you were to pick only one special ability / super power , which one would it be ?", []], [1528897, 2, "One for all like from my hero academic or going ghost like Dandy phantom", []], [1374592, 1, "being good at something and being paid for it .", []]], "speakers": {"OnlyHuman": 0, "Burnt mayonnaise": 1, "Antoine (Ant-Twon)": 2}}, {"id": 17675380, "category": {"id": 20, "name": "Others"}, "emotion": "Proud", "turns_number": 3, "dialogues": [[1495594, 0, "If you do not have something nice to saystfu", []], [769921, 2, "but is not what you just said not nice ?", ["🤔"]], [387787, 1, "I wo not say anything , but will text cause it is not prohibited", []]], "speakers": {"Your demon😈": 0, "Ivan . . .": 1, "EvangeRei": 2}}, {"id": 17675378, "category": {"id": 7, "name": "Relationships"}, "emotion": "Stressed", "turns_number": 3, "dialogues": [[642162, 0, "Me and my ex have been broken up since Friday and we started working shit out today and we both were saying we still love each other but than he accused me of hiding things when I never and than he said I failed at treating him right and he will make me feel like shit and than say he did not mean it he was just angry", []], [800022, 2, "he is your EX .", []], [1428457, 1, "its called an ex w a reason", []]], "speakers": {"eden": 0, "Hazel Grace": 1, "‎": 2}}, {"id": 17675371, "category": {"id": 7, "name": "Relationships"}, "emotion": "Supportive", "turns_number": 3, "dialogues": [[1529984, 0, "pay attention to the red flags my g", []], [550594, 3, "and ? what is the moral of the story ? you want help from us ? i would say , just stop thinking about it . if she loves you then she will understand everything . :)", []], [1428457, 2, "a person that truly loves you would have answered differently.look out for the red flags", []]], "speakers": {"fatchunk vlogs": 0, "Why Do We FALL?": 1, "‎": 2}}, {"id": 17675361, "category": {"id": 20, "name": "Others"}, "emotion": "Inadequate", "turns_number": 3, "dialogues": [[1155338, 0, "prince philip looks so dead . kind of looks like he crawled out of a coffin", []], [1494607, 2, "but he li have probably more longer than you will laugh out loud", []], [1349053, 1, "he looks like a really bad taxidermy", []]], "speakers": {"Ana Sofia": 0, "nope": 1, "Lain": 2}}, {"id": 17675357, "category": {"id": 7, "name": "Relationships"}, "emotion": "Proud", "turns_number": 3, "dialogues": [[1495325, 0, "i changed myself for myself", []], [1472757, 2, "That is what revolving is .", ["👍", "🏻"]], [1016455, 1, "Good . Remember that the only person you need to be better than is the person you were yesterday .", []]], "speakers": {"Ahsaas": 0, "🍁🍁 𝔖𝔥𝔞𝔣𝔦𝔮 🍁🍁": 1, "Dystopian Poetry 🇳🇱": 2}}, {"id": 17675355, "category": {"id": 7, "name": "Relationships"}, "emotion": "Supportive", "turns_number": 22, "dialogues": [[0, 0, "what if you become the opposite of your is is", ["🥺"]], [712256, 21, "I do not want to .", []], [918050, 20, "i will fall in love with him", []], [1525332, 19, "is not possible , i was born man and i will die like man , that idea never cross my mind and is not normal , you ca not never be someone else is stupid idea", []], [665054, 18, "I ll learn to walk all day", []], [1194921, 17, "I ll check out my bob", []], [975828, 16, "I will date a girl", ["😂"]], [1253816, 15, "I would try to think how I feel as opposite ( ) sex , I would try small social experiments on people like to see how they treat me differently as that person from my normal regular self", []], [1465956, 14, "I would be a better man", []], [1378705, 13, "I would thank the un averse for finally letting my dream come true .", []], [1120147, 12, "I do not want to", []], [1525722, 11, "I smile after this post crosses my wall", ["😂"]], [1524374, 10, "ill probably walk naked outside with my thingamajig dangling , then reduce Gal Got", []], [1453585, 9, "Oh I m playing with my 8008S and I m going to be a hardware lesion .", []], [550594, 8, "up . try watching this http:/m.limb.com / title / tt0482527/", []], [1529984, 7, "oh no yeah boy you best believe i am enjoying everything from rubbing to eating and pressing em babies laugh out loud", []], [1364170, 6, "I would be fine probably have more private than I already got", []], [506000, 5, "I am seeing out a boat .", []], [1167278, 4, "I m not going to make a girl see see", []], [1418624, 3, "Would be a gallant gentleman for sure !", ["🤭"]], [1403569, 2, "I would be treated more faireally and be i haven equal pay .", []], [1140707, 1, "I will have to make sure my gay best friend does not have a crush on me", []]], "speakers": {"Anonymous": 0, "Bella": 1, "/rhotacism": 2, "Illyriannn": 3, "Iwon'tHURTchew": 4, "Satan": 5, "RADIUM": 6, "hobocollector": 7, "⠀": 8, "White Wing": 9, "Din Djarin": 10, "✿*:･ﾟ𝓺𝓾𝓮𝓮𝓷𝓽𝓲𝓰𝓮𝓻 ﾟ･:*✿": 11, "Ela🔥": 12, "SCP - 69420": 13, "Why Do We FALL?": 14, "fatchunk vlogs": 15, "ghoststories": 16, "ⁿᵒ ᵃⁿᵍᵉˡ": 17, "𝓶𝓮𝓮𝓶𝓸𝓸 🥞🧸": 18, "♡вroĸenѕмιle♡": 19, "Cinnamon :)": 20, "Voodoo": 21}}, {"id": 17675350, "category": {"id": 20, "name": "Others"}, "emotion": "Confused", "turns_number": 5, "dialogues": [[1016455, 0, "It is spring again and male ducks are busy trying to drown the females again . Seriously . ducks in springtime are savage .", []], [632838, 3, "I seen chickens do that .", []], [632838, 3, "birds do have some savage moves", []], [708543, 2, "oh my god , I had no clue about this-", []], [593745, 1, "it is really not funny , but this post and the comments .", ["😂"]]], "speakers": {"Dystopian Poetry 🇳🇱": 0, "desi ladoo": 1, "Jasmine 🤍": 2, "Granny👵🏿": 3}}, {"id": 17675349, "category": {"id": 11, "name": "Hopes"}, "emotion": "Hopeful", "turns_number": 4, "dialogues": [[1359716, 0, "they are begging you to take a vaccine for a virus that has a 98 % survival rate . you should know something is wrong", []], [1202326, 3, "it is not 98 % . is it ?", []], [1080496, 2, "ok if you wear a seat belt does this make you accident proof?it does not .same with the vaccine", []], [1529245, 1, "I need the prize one , but it is not available .", []]], "speakers": {"User Banned": 0, "savannah": 1, "☑️lonely person": 2, "Eight Immortals": 3}}, {"id": 17675348, "category": {"id": 7, "name": "Relationships"}, "emotion": "Irritated", "turns_number": 4, "dialogues": [[765502, 0, "It is sad that fertility sometimes makes people see you differently .", []], [728874, 3, "you are so right . it is totally wrong to judge people that way or anyone welcomed at all .", []], [1453971, 2, "fertility ? you sure ?", []], [1529957, 1, "Do not mind them , you just be you", ["😊"]]], "speakers": {"sparklesx ": 0, "🇺🇸RobbyRockRobster🎸": 1, "User Banned": 2, "Billy Yamii 😊❤️❤️": 3}}, {"id": 17675345, "category": {"id": 63, "name": "My Story"}, "emotion": "Anxious", "turns_number": 3, "dialogues": [[1522802, 0, "crying with no sound hurts the most", ["🙂", "💔", "😖", "🥺", "🖤"]], [387787, 2, "Unfortunately it is not the world being hurt from that", []], [1529957, 1, "True , but always know that whatever you are going through , you will overcome it one day , remember it does not rain all the time , the sun will always shine in the end . And not forgetting , God lovesyouryour", ["😊"]]], "speakers": {"lil kiddo": 0, "EvangeRei": 1, "Billy Yamii 😊❤️❤️": 2}}, {"id": 17675342, "category": {"id": 7, "name": "Relationships"}, "emotion": "Supportive", "turns_number": 3, "dialogues": [[1043976, 0, "I hate when American / European leaders think they are superior to other countries and impose sanction on them . who gave them rights to control other countries", []], [505026, 2, "I do not think you understand what a sanction is .", []], [1305616, 1, "It is weird how they think of themselves as better , forgetting about centuries of imperialism and corps . They even stole wealth from other countries , especially African countries .", []]], "speakers": {"Rooh": 0, "Pathetique": 1, "🍬𝕂𝕚𝕞𝕞𝕚𝕔𝕠🍬": 2}}, {"id": 17675321, "category": {"id": 51, "name": "Helpful Tips"}, "emotion": "Calm", "turns_number": 7, "dialogues": [[1373085, 0, "it is unfortunately true that many still do need to learn that lesson", []], [861066, 6, "Huge huge my dear Emma , a very thought provoking post . This is something that many still have to learn , as all that matters to them is their situation . I pray that the learning happens soon .", []], [1528897, 5, "Maybe you are and we are news and you have been nice to people working in customer service that do not actually exist", []], [1529245, 4, "We li have in a matrix . Not everyone you see is real , they are just programme that way with unique trait and memory . This world is not as old as you might think , all that you see is pre - existing , it is designed that way . In the beginning was the Code , and the Code was with the Programme , and the Code was the Programme . John 1:1", []], [1448797, 3, "If they do not the :/ there is nothing we can do & arms going to come for them sooner than later I definitely learned my lesson from way too much parma every bad thing I ever said in life , happened to me but 10 times worse", ["😂"]], [1506684, 2, "Behind every word , action and intention - there is a story to tell .", []], [725140, 1, "Some do know this lesson , they just do not seem to care . As they say , some just like to watch the world burn .", []]], "speakers": {"Hedwig🌺": 0, "®PoeticJustice™": 1, "Burnt mayonnaise": 2, "Eight Immortals": 3, "Sara": 4, "Ares": 5, "Cruel World": 6}}, {"id": 17675315, "category": {"id": 74, "name": "Depression"}, "emotion": "Exhausted", "turns_number": 3, "dialogues": [[695472, 0, "my mental health is so bad right now . I have to force myself to get up and work / study , I cry till 5 am , my photius are taking over me . and I have no one to talk to", []], [780470, 2, "not even someone to talk to in here ?", []], [1426244, 1, "well there are some great listeners over here . i hope you find them soon", []]], "speakers": {"𝕤𝕒𝕤𝕤𝕚𝕖𝕣𝕥𝕙𝕒𝕟𝕘𝕣𝕒𝕤𝕤𝕚": 0, "Delil": 1, "Castle": 2}}, {"id": 17675305, "category": {"id": 20, "name": "Others"}, "emotion": "Nervous", "turns_number": 5, "dialogues": [[0, 0, "I am planning to try to smoke cigarettes for the 1st time to release my stress and at the same time as a punishment for myself . I have a few questions to ask . What should I be expecting when I smoke for the 1st time?What are your experiences the 1st time you smoked ? ( if you smoke)How do I hide that I just smoked ?", []], [1080496, 4, "you might feel dizzy.depends if you take the nicotine filled air inside or not.and do not try to push yourself inhaling a lot of smoke .do it little by little.my best suggestion : do not smoke", []], [918050, 3, "do not expect anything and do not force yourself by inhaling the smoke.my 1st experience was awkward and uncomfortable of the smoke itself will affect my smell.smoke wisely , and better if you find something else to release your stress.i stop smoking now", []], [710218, 2, "pinch some leaves they help hide the smell on your hands also eating a mint and changing your shirt might help", []], [1119770, 1, "smoke cling to clothes and any absorbent material . both my parents and my older brother smokes . The smell is very prominent even after just 1 cigarette so i would suggest wearing a jacket overtook of your clothes and after washing the jacket", []]], "speakers": {"Anonymous": 0, "☑️lonely person": 1, "/rhotacism": 2, ".": 3, "Alexis🏳️‍🌈": 4}}, {"id": 17675299, "category": {"id": 7, "name": "Relationships"}, "emotion": "Optimistic", "turns_number": 3, "dialogues": [[1370163, 0, "I have no clue that I can get the form of love that I m craving from you ? It is actually greed if you start loving someone . Love will be disgusting if you always compare and cases you literate what you i have and what you get in return . Can I get just the way you are ? It is might be either happy or hurt .but it is enough and worth", ["✨"]], [632838, 2, "that is true , not greed but selfishness.unless love is unconditional ,", []], [1418456, 1, "it is up to pp", []]], "speakers": {"Wingardium Leviosa": 0, "desi ladoo": 1, "Mr.Unknown": 2}}, {"id": 17675289, "category": {"id": 62, "name": "Mental Health"}, "emotion": "Lonely", "turns_number": 3, "dialogues": [[1122672, 0, "I m broken for a reason and that is because my parents were fight and my dad left when i was little . I got pulled for having ADD andautism . I just want to be there friends but i guess i m not good enough to be there friend .", []], [1486824, 2, "You are sweet . you r better than the most", ["🤗"]], [1462390, 1, "you are condition is quite relatablei know and can guess how you feelstay strong dear you can talk about it. ", ["💓", "😊", "❤"]]], "speakers": {"BrokenTomboy🖤🏳️‍🌈": 0, "Jake Peralta": 1, "sunshine": 2}}, {"id": 17675259, "category": {"id": 58, "name": "LGBT"}, "emotion": "Proud", "turns_number": 4, "dialogues": [[1236522, 0, "I am a wanted criminal in 71 countries", []], [1453971, 3, "I see . mostly middle eastern", []], [777124, 2, "Really ? what have you done ?", []], [373314, 1, "Do i get a bounty for bringing you to justice ?", []]], "speakers": {"Skye": 0, "User Banned": 1, "Tomboy❤🌈": 2, "Tom": 3}}, {"id": 17675255, "category": {"id": 58, "name": "LGBT"}, "emotion": "Supportive", "turns_number": 4, "dialogues": [[0, 0, "I am trans and i do not support the lgbtq movement i find it a toxic community ida if they support me i had more support from people that were not part of that community than those who are i am sorry .", []], [1236522, 3, "it is ok to disassociate from the LEFT community but your identity still LEFT . if you get what I m saying.so yeah , I do not mind and yea its toxic at times but I look to the position have people", []], [1000984, 2, "well i think and hope to a lot of people it does not matter if your trans or anything cause your human and that is what matters", []], [387787, 1, "Toxic people are everyone welcomehere , but number of them is the difference . There are good people I m sure , but really hard to find I guess", []]], "speakers": {"Anonymous": 0, "Skye": 1, "⚔🗡Maximus 🗡⚔": 2, "EvangeRei": 3}}, {"id": 17675237, "category": {"id": 7, "name": "Relationships"}, "emotion": "Loving", "turns_number": 7, "dialogues": [[1514541, 0, "How to end your Suffering?Loneliness ? And How To Heal You ? Need Answers . Please . Write Here . ( . )", []], [1080496, 5, "you can not.its an endless loop.someday you will be better some days you will be at worse.but never i have up hope .", []], [1521434, 4, "that question will never be answered", []], [1529574, 3, "Just endure no suffering on earth is for forever", []], [1529574, 3, "Life is an addition for Heaven which we all failed and now we have been i haven a chance through Jesus Christ dying on the cross for our sins and resurrection on the 3rd day we have a new life in Christ all we have to do is believe Jesus Christ died for our sins", []], [1457223, 2, "All you have to do is adapt to the idea that you may always be lonely , accepting that will bring you clarity , will eliminate expectations of someone coming into your life , and if someone comes into your life in the future it is well and good , otherwise you will be content with yourself and satisfied with you le lifeall you have to do is accept that you MAY be alone forever .", []], [1454442, 1, "i think there is no way to end your suffering you just can make yourself busy till the end of your life and pretend everything is alright", ["🙄"]]], "speakers": {"Closer To Soul": 0, "☑️lonely person": 1, "Baxter": 2, "heart": 3, "Babawick": 4, "kiss me you gay ! 🙄": 5}}, {"id": 17675233, "category": {"id": 5, "name": "Bullying"}, "emotion": "Down", "turns_number": 5, "dialogues": [[1526826, 0, "You think y all are very depressed while here is Asia community fighting against racism and no one is dares to help us but our serves . Shut the fuck off !", []], [1393030, 4, "Ok girl , who hurtyouryour", []], [1441806, 3, "Laugh out loud when do Signs ever help anyone else ?", []], [1525343, 2, "depression and racism are nothing alike , if you do not understand that then what the hell are you still doing in this pp", []], [1527958, 1, "I do not hate any race , but the racism you are experiencing is a joke compared to racism back then . There are much more people who do not hate Signs than people who do . Its all good", []]], "speakers": {"Jeca": 0, "Varun": 1, "🦇𝐕𝐚𝐦𝐩𝐲🦇": 2, "Arcane": 3, "King": 4}}, {"id": 17675227, "category": {"id": 10, "name": "Friends"}, "emotion": "Caring", "turns_number": 4, "dialogues": [[1506265, 0, "what is the one thing you would like to change about yourself ?", []], [265398, 3, "i can not just name one , there is several things D :", []], [632838, 2, "no , if I change anything I am not the present me which is not blind", []], [465873, 1, "how easily I get jealous sometimes", []]], "speakers": {"Nil Emgen": 0, "🧜🏻‍♀️🧚🦄🐇🐈🐕🐖🐬🦚🦋🍫🌸": 1, "desi ladoo": 2, "drug scartel": 3}}, {"id": 17675218, "category": {"id": 71, "name": "Grief"}, "emotion": "Shocked", "turns_number": 3, "dialogues": [[1493149, 0, "Life is indeed too short", ["😭"]], [1372672, 2, "then why is not I dead yet", ["💀"]], [1527958, 1, "Look how short other animals life . A fly dies in one day or something is not that depressing", []]], "speakers": {"Anonymous": 0, "sofi": 1, "King": 2}}, {"id": 17675208, "category": {"id": 10, "name": "Friends"}, "emotion": "Optimistic", "turns_number": 3, "dialogues": [[690844, 0, "Write something that you need to get off your chest in the comments", []], [1525113, 2, "I hate it when someone / people know about stuff I know like , music , movie etc .", []], [1529901, 1, "I hate it when you leave me without giving me any explanations", []]], "speakers": {"mansu": 0, "Clogged Arteries": 1, "notizzie": 2}}, {"id": 17675176, "category": {"id": 74, "name": "Depression"}, "emotion": "Depressed", "turns_number": 9, "dialogues": [[1529835, 0, "I m not feeling good I woman end my life but in the same time I do not want to so I cut myself I want to talk with someone but no one loves me I just do not know wat to do I m lost .", []], [1495325, 7, "i am here for you and we can talk", ["🤗"]], [1415827, 6, "do not think no body love you in life some many person who do not know you what you meet him that care for you", []], [1415827, 6, "what you love your self do not need stupid people life is so beautiful what god meets as right person", []], [1514499, 5, "am depressed too.&I do not know if i can help you but if talking makes you feel better , my Do is are open", []], [1526205, 4, "We are here if you want to chat", []], [1009381, 3, "someone loves you , and the people here will help least most of them", []], [1529957, 2, "If you wake up this morning , that means you still have a purpose to li have , remember you are unique and smart , there is no one in this world that has the smile asyouryour # tag you are stronger than your depression , do something that makes you happy and smile , slowly by slowly you will overcome it . Not forgetting God loves you and he has a plan for you .", ["😊"]], [344634, 1, "i am here for you ok ? you can talk to must do not harm herself ok?remember you are not alone m here for you friend all r", []]], "speakers": {"EMMA.": 0, "Ahsaas": 1, "Chirag Sanghavi": 2, "Midh": 3, "Zoom": 4, ".": 5, "Billy Yamii 😊❤️❤️": 6, "hASH": 7}}, {"id": 17675169, "category": {"id": 20, "name": "Others"}, "emotion": "Bored", "turns_number": 3, "dialogues": [[850023, 0, "please suggest some fantasy novels", []], [796983, 2, "try the pp Wattpad you ll find many there", ["🙂"]], [1508038, 1, "His Dark Materials is pretty good", []]], "speakers": {"confidential": 0, "Not-a-cookie🍪": 1, "SkipCatscene": 2}}, {"id": 17675166, "category": {"id": 63, "name": "My Story"}, "emotion": "Nothing", "turns_number": 3, "dialogues": [[0, 0, "Why do I feel like I need a man in my life ?", []], [1480499, 2, "do not feel sad we all come to such conclusions sometimes but focus on the present", []], [1465956, 1, "because you are lazy ? because you have dependency issues ? Because you can not be alone ? because deep down reality has not sunk this life is your responsibility", []]], "speakers": {"Anonymous": 0, "savingmybrain🧠🤯": 1, "⠀": 2}}, {"id": 17675156, "category": {"id": 62, "name": "Mental Health"}, "emotion": "Tired", "turns_number": 3, "dialogues": [[0, 0, "How to access mental health , when you are a 17 year old , in real life ( rather than an pp or webster ) ?", []], [893449, 2, "depends on the country you are in ,", []], [132136, 1, "Call the suicide outline they will help find out where to go", []]], "speakers": {"Anonymous": 0, "notso newguyhere": 1, "Matthew     ;": 2}}, {"id": 17675151, "category": {"id": 11, "name": "Hopes"}, "emotion": "Down", "turns_number": 4, "dialogues": [[0, 0, "I joined this pp for making some friends . But no one stays here , it is like 1 - to days only . I really need friend", ["🥺"]], [1472757, 3, "Do not worry . If you feel that way you can reach them too . They may feel good too . And if they still ignore then i hope you could find one .", []], [1485041, 2, "I do not think so that can make friends here", []], [1232435, 1, "I ll be your friend", []]], "speakers": {"Anonymous": 0, "🍁🍁 𝔖𝔥𝔞𝔣𝔦𝔮 🍁🍁": 1, "🤹‍♂️": 2, "Zeus": 3}}, {"id": 17675142, "category": {"id": 11, "name": "Hopes"}, "emotion": "Lonely", "turns_number": 8, "dialogues": [[1529105, 0, "How hard is it to find love ?", ["😔"]], [559654, 7, "its easy . its right here", []], [1321021, 6, "i have a lot of love to share", ["🥰", "💕"]], [1178467, 5, "As easy as to earn dollars", []], [1496894, 4, "do not worry , I am here to make it easier for you", []], [1527958, 3, "Its hard . It is hard .", []], [710181, 2, "For me relationships are operated . I would rather be alone than with the wrong person just to be with someone . On top of that getting to know someone can be awkward and lots of things have to go right for that to happen . it can definitely be hard .", ["☹"]], [1016455, 1, "True love . I do not know if you can find it . It sort of has to find you . Some pp look their entire life and never find it . Some never look at all and just kind of stumble upon it", []]], "speakers": {"kate joel😍": 0, "storyteller": 1, "❤️🦁 Lion KING 🦁❤️": 2, "\"Yaar\"💐": 3, "HouseOfCards": 4, "King": 5, "Jaded": 6, "Dystopian Poetry 🇳🇱": 7}}, {"id": 17675138, "category": {"id": 62, "name": "Mental Health"}, "emotion": "Hopeful", "turns_number": 3, "dialogues": [[1529945, 0, "I am sorry , but can someone talk to maim so sorry . i just need help", []], [1529952, 2, "I need help i think", []], [1528560, 1, "Hey , if you want to talk i am here foryouryour", ["🤗"]]], "speakers": {"LNvt": 0, "Z": 1, "Skye": 2}}, {"id": 17675124, "category": {"id": 20, "name": "Others"}, "emotion": "Happy", "turns_number": 4, "dialogues": [[0, 0, "Does anyone Roleplay ? If so what type of roleplays do you do ?", []], [919810, 3, "I play the killer searching for my victim", []], [1408468, 2, "dum by roleplay in which context", []], [1538841, 1, "Well what ones do you do ?", []]], "speakers": {"Anonymous": 0, "Moonlight": 1, "annon happy": 2, "Fennix": 3}}, {"id": 17675118, "category": {"id": 5, "name": "Bullying"}, "emotion": "Depressed", "turns_number": 3, "dialogues": [[505026, 0, "A bad case of the bystanders effect .", []], [847327, 2, "oh my god . that is tucked up", []], [1478330, 1, "hath , that dumb White people", ["😩"]]], "speakers": {"Pathetique": 0, "Leo": 1, "Grumpy Hooman": 2}}, {"id": 17675117, "category": {"id": 67, "name": "Self-Care"}, "emotion": "Caring", "turns_number": 4, "dialogues": [[1498562, 0, "HIM : you are differenther : you probably say that to every girchik : Yeah but it is your turn to hear it now", []], [272196, 3, "HER : Are you saying that cut i am a hannibal and i am about to eat you?HIM : Yeah , kind of . That is still pretty different . HER : One done ! Supper time !", []], [1524374, 2, "what is different with being different the", []], [1401359, 1, "that literally shows you r not special to him", ["😒"]]], "speakers": {"Trench Girl": 0, "Mister Higgins 🧐": 1, "Ela🔥": 2, "Friendly Bubblegum": 3}}, {"id": 17675069, "category": {"id": 10, "name": "Friends"}, "emotion": "Meh", "turns_number": 6, "dialogues": [[583005, 0, "just noticed that all my clothes and shoes are dark colours . dark grey . dark blue and black ! does that mean I m a dark person ?", ["🤔"]], [1521434, 5, "buy something maybe red and green", []], [1463388, 4, "nut . you are not African", []], [1529927, 3, "Of course not , sometimes it is not what we see from the outside", []], [1528366, 2, "yes , you are dark person . just like me , I also have dark colored clothes .", []], [658263, 1, "gash ! yes you are.what are you going to do now ?", ["😁"]]], "speakers": {"Just a Man 🇵🇸Palestine": 0, "Baxter": 1, "Username": 2, "Koukie Kimz": 3, "Queenie": 4, "ɐpuᴉ⅂": 5}}, {"id": 17675052, "category": {"id": 75, "name": "Life Hacks"}, "emotion": "Optimistic", "turns_number": 3, "dialogues": [[1525063, 0, "When you are a select have cutis and have to deal with someone who literally has a can complex conversation to talk to", []], [1519999, 2, "how you dealing with this", []], [1536448, 1, "I have S too :)", []]], "speakers": {"Jessica": 0, "Violet": 1, "Newbie": 2}}, {"id": 17675031, "category": {"id": 47, "name": "Health"}, "emotion": "Tired", "turns_number": 3, "dialogues": [[1478491, 0, "I m just so tired , I can not sleep well anymore", []], [1080496, 2, "I thought when we are tired we get to sleep more", []], [1490482, 1, "listen to some podcasts or music . try to do things if you ca not sleep . but yeah that is valid . Tired even the day has not started yet", []]], "speakers": {"Eden": 0, "☑️lonely person": 1, "suddendream": 2}}, {"id": 17675015, "category": {"id": 62, "name": "Mental Health"}, "emotion": null, "turns_number": 4, "dialogues": [[1523768, 0, "i want to murder my father . he created my mon and is not living with us anymore and he is the worst person ( please do not dare to tell me that he is my dad and i should not be saying this you do not if you do not know what it feels like ) and i am feeling so bad right now . what do i do ? . any good music suggestions maybe . ?", []], [1080496, 3, "get some counselling sessions and discuss about it .", []], [1513894, 2, "do not kill him . just do not forge have him ever", []], [1525589, 1, "You are allowed to be angry , but do not waste your energy to continue being spiteful toward someone . It ll suck you dry . It is not worth it . Be there for your mon .", []]], "speakers": {"Newbie": 0, "☑️lonely person": 1, "Amrit K": 2, "【﻿Ｋｉｔｔｙ　Ｌｕｎａ】": 3}}, {"id": 17675011, "category": {"id": 74, "name": "Depression"}, "emotion": "Depressed", "turns_number": 4, "dialogues": [[1442360, 0, "I feel like crying . My anxiety is getting worse and I always overthink . I feel like everyone avoids me and just talks to me out of pity", []], [1523344, 3, "Want to talk about it", []], [1517263, 2, "Me my friend , do not be upset . everything will have fine . drink some water . everyone is actually busy with their troubles . that is y you feel like this", []], [1098456, 1, "I know that feeling Me But hey I talk to you because I like you and care about you and not out of pity ", ["😕", "😊", "❤"]]], "speakers": {"Mei": 0, "David": 1, "🅿🅰🅸🅽 🅺🅸🅻🅻🅴🆁": 2, "Jonas": 3}}, {"id": 17674987, "category": {"id": 15, "name": "Family"}, "emotion": "Heartbroken", "turns_number": 3, "dialogues": [[679324, 0, "It is either leucaemia or some auto - immune disease so it is not good . Father in law is in bad condition .", []], [583005, 2, "hope he will be ok", ["❤"]], [1016455, 1, "I had sarcoma ( auto immune ) and they thought it was Hodgkin is for a while . I m ok now .", []]], "speakers": {"SuperPotoooooooo": 0, "Just a Man 🇵🇸Palestine": 1, "Dystopian Poetry 🇳🇱": 2}}, {"id": 17674985, "category": {"id": 62, "name": "Mental Health"}, "emotion": "Anxious", "turns_number": 3, "dialogues": [[1521233, 0, "I m on my bathroom crying quietly . I just want to get out of this house and toxic people .", ["😭"]], [1016455, 2, "So walk out the door with a bag and do not look back", []], [1520384, 1, "think of all the possible ways to get out of the situation and pick up the most convenient way for yourself to do so", []]], "speakers": {"Donna": 0, "Dystopian Poetry 🇳🇱": 1, "sunflower": 2}}, {"id": 17674980, "category": {"id": 15, "name": "Family"}, "emotion": "Angry", "turns_number": 3, "dialogues": [[1388588, 0, "Have to see my boyfriend is sister today . preparing for a showdown .", []], [1486824, 2, "go Court go . been been that been into been been", []], [1473604, 1, "Showdown of who is a bigger miss ?", []]], "speakers": {"Corra": 0, "Jake Peralta": 1, "sadboihours": 2}}, {"id": 17674967, "category": {"id": 62, "name": "Mental Health"}, "emotion": "Sad", "turns_number": 3, "dialogues": [[1145577, 0, "How am I in this constant state of sadness when there is people who have it worse", []], [928395, 2, "it maybe good that you realized that . but your pain is also valid . just because other people have it worse , does not mean what you are feeling is not real .", []], [1080496, 1, "least you realise it.that is amazing", []]], "speakers": {"Ana ☁️": 0, "Kuala Kangsar": 1, "☑️lonely person": 2}}, {"id": 17674959, "category": {"id": 74, "name": "Depression"}, "emotion": "Heartbroken", "turns_number": 3, "dialogues": [[1442360, 0, "I feel so hurt :(", []], [1523344, 2, "Want to talk about it", []], [1526205, 1, "Is it physical or emotional hurt ?", []]], "speakers": {"Mei": 0, "David": 1, "Zoom": 2}}, {"id": 17674941, "category": {"id": 63, "name": "My Story"}, "emotion": "Optimistic", "turns_number": 3, "dialogues": [[1451268, 0, "The most important day of your life is not the day you are born , but the day you learn why . -HTTP", []], [1465956, 2, "I think I already know", []], [945087, 1, "so do you find out why you born ?", []]], "speakers": {"Ai, Sensei": 0, "⠀": 1, "chika chika boom boom": 2}}, {"id": 17674937, "category": {"id": 62, "name": "Mental Health"}, "emotion": "Optimistic", "turns_number": 4, "dialogues": [[0, 0, "you can be happy the moment you decide to be happy . it is a choice and if you do not choose it . then you choose is illness n decide to remain sad", []], [1458892, 3, "i do not very agree with you choosing happiness does not make the sadness go and then the happiness just pop up .after all no one choose to be sad they just choose how to deal with it.but i do think choosing to be happy and into giving up on it can help the person grow and part of the way to heal .", []], [1258757, 2, "I agree 100 % ! The day I decided to be happy , was the absolute first of many amazing days !", ["👏", "🏼"]], [1524374, 1, "a part of the process to be happy is to let go of something that holds you back from being happy and that will be painful but if we chose to be happy then we chose to let go", []]], "speakers": {"Anonymous": 0, "♡~LittleKitteyBun~♡": 1, "♡Little.Miss♡": 2, "Ela🔥": 3}}, {"id": 17674932, "category": {"id": 20, "name": "Others"}, "emotion": "Supportive", "turns_number": 4, "dialogues": [[1529940, 0, "Anyone here who is already free from lockdown cos the government and the people of their country just beat the could?Just want to congratulate them .", ["🥺"]], [1304345, 3, "we are free because now we do not care about it", ["😌"]], [485992, 2, "In future 100 years maybe", []], [1490482, 1, "1 year and counting Enhanced Community Quarante", []]], "speakers": {"Viserys Stone": 0, "DireWolf": 1, "I can't handle stress stay away": 2, "suddendream": 3}}, {"id": 17674916, "category": {"id": 20, "name": "Others"}, "emotion": "Nothing", "turns_number": 4, "dialogues": [[0, 0, "i am scared to go out w him what if he found me uglier girl", []], [1330128, 3, "fuck it ! just go do", []], [923103, 2, "worst case scenario : he turns out to be an ashore and you move on", []], [909709, 1, "No matter how you look , he certainly will appreciate you noiseless , even more so when you two can be physically there for one another . There is always a fear factor to those things , but you have got to jump over them .", []]], "speakers": {"Anonymous": 0, "ＭＯＥ": 1, "𝕡 𝕖 𝕓 𝕓 𝕝 𝕖": 2, "Max_Eastwood": 3}}, {"id": 17674905, "category": {"id": 15, "name": "Family"}, "emotion": "Meh", "turns_number": 3, "dialogues": [[768556, 0, "my dad is way of motivation me is by insulting me .", []], [646182, 2, "Just normal dad things .", []], [1077303, 1, "does it really motivate you or just push you into self doubt situation", []]], "speakers": {"❣rusted_heart❣": 0, "Yash": 1, "emma": 2}}, {"id": 17674883, "category": {"id": 63, "name": "My Story"}, "emotion": "Positive", "turns_number": 7, "dialogues": [[1445922, 0, "Men are so childish sometimes", ["😜"]], [1481880, 6, "There is a child inside every adult .", []], [646182, 5, "Sometimes ? Always!We just know to hide it from time to time .", ["😏"]], [632838, 4, "me like women is are not humans", []], [680473, 3, "i admit i am childish sometimes", []], [765917, 2, "I do not think so", []], [850600, 1, "woman like to nurtured so this actually makes sense laughing my arms off", []]], "speakers": {"ℝ𝕒𝕘𝕠𝕟𝕒🤗❤️🤗": 0, "A": 1, "Yash": 2, "desi ladoo": 3, "Ely": 4, "Aizan Khan": 5, "Steven": 6}}, {"id": 17674880, "category": {"id": 62, "name": "Mental Health"}, "emotion": "Anxious", "turns_number": 3, "dialogues": [[1526095, 0, "I do not know how to get mental health support in real life . I only know if webster and apes and most of them tend to be anonymous . I have no idea how to get diagnosed or receive have help in any other way . Any ideas how to ask/ get help ?", []], [1523921, 2, "Start with your up , they will steer you in right direction", []], [843736, 1, "Seeing your doctor may be a good place to start to get a referral . Or Try looking up therapist / mental health clinics in your local area and i have them a call to schedule an appointment Either way double check with insurance about costs", []]], "speakers": {"Is": 0, "Humanoid": 1, "questions": 2}}, {"id": 17674876, "category": {"id": 20, "name": "Others"}, "emotion": "Meh", "turns_number": 3, "dialogues": [[739478, 0, "When I get so focused on doing tasks , I forget to take care of myself", []], [1508038, 2, "that feels good though , being in that flow state . but yeah , take breaks and take care of basic needs .", []], [1504876, 1, "try to balance things out", []]], "speakers": {"Flowers 💐ᶠᵒʳ ʸᵒᵘ": 0, "SkipCatscene": 1, "esra'a": 2}}, {"id": 17674856, "category": {"id": 11, "name": "Hopes"}, "emotion": "Hopeful", "turns_number": 3, "dialogues": [[1178289, 0, "she said I was the greatest thing that she had ever in her life . I am happy .", []], [1454442, 2, "i wish it last long", []], [649267, 1, "that is like best best thing to hear from someone", []]], "speakers": {"rtelo": 0, "kiss me you gay ! 🙄": 1, "'": 2}}]