[{"id": 17223798, "category": {"id": 12, "name": "Self Harm"}, "emotion": "Afraid", "turns_number": 3, "dialogues": [[548925, 0, "I hate myself so much for doubting her she has been an amazing friend  for I just hate the way my brain is afraid . and now it is too late and she is ignoring me for days like I m a nobody .", ["😭", "🖤", "🤦", "♀", "🥀"]], [1123709, 2, "it is going to be ok I m here if you need to talk", []], [650019, 1, "oh my god I m sorry . the ones that ca not deal with the paranoia are frustration like this .", []]], "speakers": {"GirlDisappearing": 0, "Joseph": 1, "Angel Yui 💞": 2}}, {"id": 17223780, "category": {"id": 20, "name": "Others"}, "emotion": "Hopeful", "turns_number": 4, "dialogues": [[1503593, 0, "anyone who first sleep at to am every single night", []], [1407161, 3, "its to : 53 am for me in", []], [1483099, 2, "yeah . and i wake up at 6 so i ll probably die soon", []], [1503376, 1, "i sleep around that time all the time and wake up at 6 for school , i still sleep in class the  ", ["👀", "🤷", "♀"]]], "speakers": {"Cecilie Olsen bubandt": 0, "Numa Numa Ye!!": 1, "Jupiter": 2, "silent as night": 3}}, {"id": 17223752, "category": {"id": 7, "name": "Relationships"}, "emotion": "Supportive", "turns_number": 4, "dialogues": [[0, 0, "How to get a girl that is out of your league ? Spoil her with care and attention , eventually she ll look past your lack for the attention .", []], [1349838, 3, "disclaimer : results are not guaranteed", []], [1490019, 2, "and then when she will start to i have you attentions back eventually , you will lose your interest .", []], [732866, 1, "acknowledge her inner beauty not just her looks .", []]], "speakers": {"Anonymous": 0, "ñ": 1, "ShadowLady": 2, "MissKay": 3}}, {"id": 17223738, "category": {"id": 7, "name": "Relationships"}, "emotion": "Supported", "turns_number": 3, "dialogues": [[1176436, 0, "The best place in the world is in the arms of someone who will not only hold you at your best but will pick you up at your nearest moment .", []], [314799, 2, "the best place in the world is in the arms of yourself", ["😎", "✋"]], [732866, 1, "it is entirely possible to love yourself and let someone else love you too . Everyone appreciated love and support", []]], "speakers": {"Change your perception❣️💫": 0, "ddolly": 1, "MissKay": 2}}, {"id": 17223732, "category": {"id": 10, "name": "Friends"}, "emotion": "Supportive", "turns_number": 5, "dialogues": [[989052, 0, "i am not some people is type and that is ok", []], [1152544, 4, "not everyone has a good type", []], [1428157, 3, "not everyone has a good type .", []], [1391907, 2, "are you actually a nina the", []], [1477208, 1, "not everyone has a bad type", []]], "speakers": {"Noir♠️": 0, "𝖘𝖕𝖎𝖗𝖎𝖙 🖤": 1, "lely": 2, "hole wide world": 3, "how many people?": 4}}, {"id": 17223726, "category": {"id": 7, "name": "Relationships"}, "emotion": "Anxious", "turns_number": 4, "dialogues": [[1503427, 0, "boys how do you know she is the one?same question goes to the girl . i just want to know laugh out loud", []], [1129832, 3, "he was there for me when I needed him the most , but he did not even know that I needed him . He was just random there , again and again and now we are engaged . Thank God !", ["🦋"]], [1487354, 2, "when you are or whole body singles when you are around her", []], [1495362, 1, "you do not . even daring about that does not guarantee a relationship or how long it will be , if you ever get to be with them .", []]], "speakers": {"sarah 🥰": 0, "Girly": 1, "🔥COLE🔥": 2, "Tuk": 3}}, {"id": 17223715, "category": {"id": 7, "name": "Relationships"}, "emotion": "Nothing", "turns_number": 3, "dialogues": [[1483238, 0, "Never tell a women or show a woman your securities . She will lose attraction and try to dominate the relationship afterwards . 9/10 times", []], [753818, 2, "Go is I m one of the 10 and not the other 9 . That is just sad", []], [682976, 1, "where them fuck are you getting those numbers from", []]], "speakers": {"Alejandro": 0, "🦋💙🦋Christine 🦋💙🦋": 1, "gluten-free anxiety": 2}}, {"id": 17223712, "category": {"id": 53, "name": "Education"}, "emotion": "Proud", "turns_number": 3, "dialogues": [[1488211, 0, "I love kiss what do you want to be when you grow up ? I want to be a police officer!I want to be a princess!I want to be a duck ! ", ["❤", "😂"]], [416629, 2, "Well of course ducks are cool !", []], [1472859, 1, "Then parents will tell you when your older that things like princesses are not real and to grow up . When they just saw it as cut then .", []]], "speakers": {"GingerNewbie": 0, "Shaniqua": 1, "ChristinaWundrow": 2}}, {"id": 17223702, "category": {"id": 74, "name": "Depression"}, "emotion": "Nothing", "turns_number": 3, "dialogues": [[1503618, 0, "I literally feel this shallow feeling of nothing . Not even happy or sad just emptiness . Does anyone have this similar kind of feeling ?", []], [862295, 2, "put on your heads , volume high and get ready to go to the ninth planet", ["👽"]], [1009618, 1, "yep . reading poetry helps me - or listening to music that i have not heard in a long long time . hope you soon get to feel something", []]], "speakers": {"Sleepyglasses": 0, "User Banned": 1, "F. Pessoa": 2}}, {"id": 17223680, "category": {"id": 20, "name": "Others"}, "emotion": "Inspired", "turns_number": 3, "dialogues": [[1392016, 0, "Stop judging me for being an ARMIES .", []], [1147162, 2, "who cares about those things d", []], [1296483, 1, "those who judge based on zodiac signs . I do not know what to is is", []]], "speakers": {"Mixed Masala 😌": 0, "leokee": 1, "Mo™": 2}}, {"id": 17223661, "category": {"id": 7, "name": "Relationships"}, "emotion": "Supportive", "turns_number": 3, "dialogues": [[0, 0, "why will jesus wait 7 years after the anti christ reveals himself ? # bible", []], [1221620, 2, "where in the bible ?", []], [1441273, 1, "Cause back then they liked these numbers . 7 , 40 and some other ones .", []]], "speakers": {"Anonymous": 0, "deloaded": 1, "Hoss": 2}}, {"id": 17223620, "category": {"id": 7, "name": "Relationships"}, "emotion": "Overwhelmed", "turns_number": 3, "dialogues": [[0, 0, "Does anyone have experience with dr ? I need advice really badly", []], [1240504, 2, "Two years now for me . what advice did you need ?", []], [1147162, 1, "if its by comment section sure , no des", []]], "speakers": {"Anonymous": 0, "the artist formerly known as \"happy\"": 1, "leokee": 2}}, {"id": 17223594, "category": {"id": 62, "name": "Mental Health"}, "emotion": "Caring", "turns_number": 3, "dialogues": [[1503610, 0, "I feel so lonely in", []], [1239180, 2, "hey I m here for you", []], [1498259, 1, "Feel it . Its unavoidable . Make peace with it . Laugh at herself .", []]], "speakers": {"Hope": 0, "Surya Raj": 1, "loneliness": 2}}, {"id": 17223545, "category": {"id": 47, "name": "Health"}, "emotion": "Tired", "turns_number": 3, "dialogues": [[1387008, 0, "what is better then money in this world ?", ["🌍"]], [884718, 2, "Many things like love , friendship , seeing someone get excited about the thing they love , laughter etc", []], [1391907, 1, "knowing your purpose and having the will to follow it through", []]], "speakers": {"Dani 💯": 0, "Victoria💜💫": 1, "hole wide world": 2}}, {"id": 17223519, "category": {"id": 47, "name": "Health"}, "emotion": "Supported", "turns_number": 3, "dialogues": [[1503013, 0, "I feel like I ca not breathe all I think about is my family not daring for me and having These thoughts of Suicidal  and cutting myself and my family think it is a joke .ma be honest if I had a option when I want to die I will choose now", []], [1428157, 2, "look for help please . if you are family thinks you are only joking then look for the help somewhere else .", []], [1178467, 1, "I know this situation very well . Just do not overthink of your family behaviour . You got a life to enjoy it . Make it enjoyable .", []]], "speakers": {"Leanna": 0, "lely": 1, "\"Yaar\"💐": 2}}, {"id": 17223513, "category": {"id": 7, "name": "Relationships"}, "emotion": "Embarrassed", "turns_number": 4, "dialogues": [[1503427, 0, "what do you do if you got friendzone by your befriend ?", []], [1501235, 3, "that is good right ?", []], [1346896, 2, "you move on . try to talk someone else . of it hurts my being with that person then you leave them", []], [922617, 1, "well maybe it is for the best . it sucks but think of the what is", []]], "speakers": {"sarah 🥰": 0, "Hermit Bug": 1, "Andrew": 2, "lucinda": 3}}, {"id": 17223494, "category": {"id": 50, "name": "Music"}, "emotion": "Down", "turns_number": 4, "dialogues": [[1383437, 0, "What is your favorite song to listen to when you are feeling sad ?", []], [1016004, 3, "http:/youth.be / ai1lfefgdik this song .", []], [1478321, 2, "or you could go anna kuduro which makes me always feel better", []], [1164746, 1, "i do not think i have showed you mine but i can if you want", []]], "speakers": {"🖤💜 Morgan 💜🖤": 0, "Man of Steel (Straight only)": 1, "tobias": 2, "User Suspended": 3}}, {"id": 17223489, "category": {"id": 10, "name": "Friends"}, "emotion": "Lonely", "turns_number": 3, "dialogues": [[485992, 0, "I m better by myself people puts me in the stress", []], [1178467, 1, "I got your every words .", ["🤜", "🤛"]], [1178467, 1, "By the way . I will steal this post .", ["🍻"]]], "speakers": {"I can't handle stress stay away": 0, "\"Yaar\"💐": 1}}, {"id": 17223486, "category": {"id": 47, "name": "Health"}, "emotion": "Chilled", "turns_number": 3, "dialogues": [[1503584, 0, "How do you usually kill stress ? I usually work out", []], [772760, 2, "Music , playing guitar and drums . With beer close to me .", []], [1503684, 1, "Sleeping after a hard day is something i appreciate , i also watch some dramas in my free time", []]], "speakers": {"Sara": 0, "MrContamine": 1, "Yusuf Azad": 2}}, {"id": 17223481, "category": {"id": 10, "name": "Friends"}, "emotion": "Sad", "turns_number": 3, "dialogues": [[1409771, 0, "me and my friend were talking today turns out she just as broken as me", []], [1472859, 2, "It is always good to have someone who knows what you are going through .", []], [1498259, 1, "You found a good friend !", []]], "speakers": {"Sam": 0, "ChristinaWundrow": 1, "loneliness": 2}}, {"id": 17223473, "category": {"id": 48, "name": "Work"}, "emotion": "Hopeful", "turns_number": 3, "dialogues": [[0, 0, "I think I plan to much made a 20 years plan", []], [1472859, 2, "It is ok to plan . Just life will go the way it always will .", []], [1395108, 1, "nothing wrong with that if you stay focus and slap all distractions in the face you should be able to achieve your goal best of luck to you", ["🤍"]]], "speakers": {"Anonymous": 0, "ChristinaWundrow": 1, ".": 2}}, {"id": 17223467, "category": {"id": 75, "name": "Life Hacks"}, "emotion": "Excited", "turns_number": 3, "dialogues": [[1493481, 0, "What if we can see a scene from our future", []], [710981, 2, "do you want to make sure about anything ?", []], [1472859, 1, "I do not want to .", []]], "speakers": {"🖤": 0, "Pavi": 1, "ChristinaWundrow": 2}}, {"id": 17223456, "category": {"id": 67, "name": "Self-Care"}, "emotion": "Meh", "turns_number": 3, "dialogues": [[1502879, 0, "I need advice on plastic surgery .", []], [1434739, 2, "what kind of advice ?", []], [555201, 1, "Then consult with a doctor .", []]], "speakers": {"Samantha Dunbarr": 0, "Drawning": 1, "GodSaveTheQueen": 2}}, {"id": 17223441, "category": {"id": 15, "name": "Family"}, "emotion": "Proud", "turns_number": 4, "dialogues": [[0, 0, "I discovered how to make anonymous posts who", []], [1174462, 3, "jokes on you , your profile is already anonymous", []], [1501235, 2, "not that I ll use it . but can you teach me please", ["😅"]], [1489911, 1, "good you will be the future scientist", ["😁"]]], "speakers": {"Anonymous": 0, "nightlights": 1, "Hermit Bug": 2, "Mo Begum Akshaya": 3}}, {"id": 17223429, "category": {"id": 10, "name": "Friends"}, "emotion": "Optimistic", "turns_number": 3, "dialogues": [[802967, 0, "i want to make friends here ( who have my age : 16 - 19 ) but i am too anxious to have a conversation with someone laugh out loud", []], [1178467, 2, "post it 10 times . That is a ritual . It works .", ["😌"]], [1459529, 1, "is there any chance for 21year ?", []]], "speakers": {"luiza": 0, "\"Yaar\"💐": 1, "Alone Wolf": 2}}, {"id": 17223427, "category": {"id": 11, "name": "Hopes"}, "emotion": "Hopeful", "turns_number": 4, "dialogues": [[884718, 0, "Do you think wishes can come true ?", []], [792804, 3, "Yes I believe they see see", []], [1296483, 2, "They can if you work for them", []], [1502185, 1, "if you are deeply convinced and you really want it . the wish comes true . some time it take time , but it comes true .", []]], "speakers": {"Victoria💜💫": 0, "N1xx": 1, "Mo™": 2, "Lam": 3}}, {"id": 17223415, "category": {"id": 12, "name": "Self Harm"}, "emotion": "Heartbroken", "turns_number": 3, "dialogues": [[0, 0, "How old where you when you lost your mind ?", []], [1362935, 2, "I m 19 . and I do not know if I have lost it or not", []], [1406125, 1, "It all started in high school .", []]], "speakers": {"Anonymous": 0, "Newbie": 1, "SadPeopleAreTheBravest": 2}}, {"id": 17223412, "category": {"id": 20, "name": "Others"}, "emotion": "Heartbroken", "turns_number": 7, "dialogues": [[1463815, 0, "Why do people tend to care first then act like they do not care ?", []], [1349053, 6, "I wish I knew too", []], [400785, 5, "cut the hope is gone", []], [856912, 4, "they did not got what they really wanted", []], [710981, 3, "they care for you till the time they feel you are valuable", []], [862295, 2, "why are they like this the", ["🤧"]], [692082, 1, "I care for you the most ", ["❤"]]], "speakers": {"♕͢༆___ƈɧɛཞཞყ___♡༆||♛": 0, "Lain": 1, "David😈": 2, "ᴢᴀᴄʜᴀʀɪᴀʜ": 3, "Pavi": 4, "User Banned": 5, "Selfless Soul": 6}}, {"id": 17223406, "category": {"id": 74, "name": "Depression"}, "emotion": "Tired", "turns_number": 3, "dialogues": [[1503587, 0, "I m new hereheyis there any one I could talk to", []], [89872, 2, "Hey , welcome to talklife .", []], [1503347, 1, "You can talk to me", []]], "speakers": {"Panther?": 0, "Achilles": 1, "Gracie": 2}}, {"id": 17223401, "category": {"id": 20, "name": "Others"}, "emotion": "Inspired", "turns_number": 3, "dialogues": [[1456627, 0, "Hey :) Do you known some good films ?", ["🍵"]], [859993, 2, "Good is subject have , tell us what you usually enjoy watching", []], [1455614, 1, "before mi do not knight . the others . eternal sunshine of a spotless mind .", []]], "speakers": {"🍵cupoftea": 0, "Zak": 1, "mr. nobody": 2}}, {"id": 17223392, "category": {"id": 7, "name": "Relationships"}, "emotion": "Sad", "turns_number": 4, "dialogues": [[628494, 0, "can I be compatible with a person so so much smarter than me that I feel as dumb as a rock around them ? I really like this person , I think they might like me too . But we are on totally different Brain Waves .", []], [1178467, 4, "Do they work in NASAL", []], [1277649, 3, "as long as you guns still view and treat each other as equals , i do not see why not", []], [1009618, 1, "In general people are not comfortable with themselves so they try to seek partners who are opposite to them or got what they think they themselves lack . brains that function on high levels also gets very very bored and tired - so I think you have a pretty good chance - unless you ruin it with overthinking stuff . trust your heart and have faith that the other person will trust theirs", []]], "speakers": {"Katiekisses": 0, "\"Yaar\"💐": 1, "matilda101": 2, "F. Pessoa": 3}}, {"id": 17223349, "category": {"id": 63, "name": "My Story"}, "emotion": "Proud", "turns_number": 3, "dialogues": [[1500026, 0, "Man I m so rich . Let me flex on you broke turning", []], [1346896, 2, "flex on me thou my cashapp . $ andrewgotyou", []], [1502574, 1, "flex some of you are richness on my papal", []]], "speakers": {"User Banned": 0, "Andrew": 1, "nicky": 2}}, {"id": 17223344, "category": {"id": 11, "name": "Hopes"}, "emotion": "Inspired", "turns_number": 3, "dialogues": [[685700, 0, "how is everyone doing ?", []], [710981, 2, "Better . how about you", []], [1472859, 1, "Just had a breakdown about society and issues so i am where i am supposed to be .", []]], "speakers": {"Sally 🌌": 0, "Pavi": 1, "ChristinaWundrow": 2}}, {"id": 17223331, "category": {"id": 10, "name": "Friends"}, "emotion": "Insecure", "turns_number": 5, "dialogues": [[0, 0, "I am 17 and very short . I m a girl . pus can you say ways I can grow permanently . I ca not take supplement or anything but pus", []], [476136, 4, "it is ok to be short , this is nothing to feel insecure about", ["💛"]], [1346896, 3, "short girls are always a plus !", []], [1498685, 2, "Go cycling , pull up !", []], [1036514, 1, "Damn girl I wish I was short do not be insecure shanty", ["💕", "😭"]]], "speakers": {"Anonymous": 0, "✌FIND ME✌": 1, "Andrew": 2, "NOSTRADAMUS💫": 3, "🐆": 4}}, {"id": 17223318, "category": {"id": 67, "name": "Self-Care"}, "emotion": "Sad", "turns_number": 3, "dialogues": [[1210412, 0, "Honestly if i was skinny i would be so fucking beautiful .", []], [1003428, 2, "Beauty is in the eye of the holder but like honestly you are beautiful as you are .", []], [1501414, 1, "You are beautiful now ! If losing weight will help you with your confidence and overall health , then do it . But you are beautiful regardless .", []]], "speakers": {"Yam 🍠": 0, "RS7": 1, "Anthony Daniel Stone": 2}}, {"id": 17223306, "category": {"id": 10, "name": "Friends"}, "emotion": "Caring", "turns_number": 3, "dialogues": [[1465921, 0, "Hi looking for new friends x", []], [449581, 2, "me too if you want to talk :)", []], [1498259, 1, "what happened with old friends . one do not just leave old ones easy .", []]], "speakers": {"❤️bbygal❤️": 0, "𝓢𝓪𝓫𝓸𝓽𝓪𝓰𝓮": 1, "loneliness": 2}}, {"id": 17223297, "category": {"id": 10, "name": "Friends"}, "emotion": "Confused", "turns_number": 4, "dialogues": [[0, 0, "what is a good height for a girl in you are opinion ?", []], [856912, 3, "a height when she bends down while standing you can hit her from the back", []], [1147162, 2, "any , who cares about that silly", []], [1428923, 1, "Of cares about height hello hello", []]], "speakers": {"Anonymous": 0, "ᴢᴀᴄʜᴀʀɪᴀʜ": 1, "leokee": 2, "ˢˡᵉᵉᵖʸ ᵖʳᶤᶰᶜᵉˢˢ•": 3}}, {"id": 17223292, "category": {"id": 63, "name": "My Story"}, "emotion": "Bored", "turns_number": 3, "dialogues": [[1446118, 0, "why do think I m testing then", ["😂"]], [1165956, 2, "Nice to meet you , bored", []], [1494183, 1, "Let us get married if you are bored", ["😂"]]], "speakers": {"Hulk": 0, "Ferb 🐰": 1, "suraj gujjar": 2}}, {"id": 17223286, "category": {"id": 20, "name": "Others"}, "emotion": "Tired", "turns_number": 3, "dialogues": [[333690, 0, "I would like to open up about something which I have never talked about before . I personally get trigger when I see a pick of someone and their bones are showing . I have once been overnight , and now my bones can be seen when I see my belly . if I do not see them , I ll start feeling anxious and I ll think I gained some weigh hello I really can not stand seeing bones in people is bodies , it trigger me a lot .", []], [1473887, 2, "I understand your reason but everyone has their own struggles in their life and maybe it is something they are working on", []], [1503437, 1, "as long as you have the will to keep working out or have certain diet , you should not worry about gaining weight . Because you have done it once ( losing weight ) so you ll always be able to do it again if it is needed . ( by the way I m also Lebanese )", []]], "speakers": {"Prometheus 🇱🇧": 0, "MikeKancauski": 1, "Sam": 2}}, {"id": 17223284, "category": {"id": 12, "name": "Self Harm"}, "emotion": "Depressed", "turns_number": 3, "dialogues": [[1501052, 0, "i do not want to li have anymore", []], [1484940, 2, "no do not say that you are life is precious", []], [606000, 1, "hey what is wrong ?", []]], "speakers": {"Newbie": 0, "Aseey♡❌": 1, "Hurrikane": 2}}, {"id": 17223274, "category": {"id": 20, "name": "Others"}, "emotion": "Annoyed", "turns_number": 4, "dialogues": [[1500026, 0, "Auto - H are ! Consider this my last warning . Remove one more post and I m going in raw", []], [1189756, 3, "do not waste your time", ["🙄"]], [663341, 2, "He will remove it anyone welcomed . There is no stopping for this .", []], [823228, 1, "if I comment Tinanaman square massacre will chinese auto hawk ban me ?", []]], "speakers": {"User Banned": 0, "♉🌙☀️♏NamelessGhoul ♏☀️🌙♉": 1, "Razor M": 2, "‎": 3}}, {"id": 17223263, "category": {"id": 10, "name": "Friends"}, "emotion": "Jealous", "turns_number": 3, "dialogues": [[884718, 0, "I m actually jealous of people that can sing !", []], [792804, 2, "Sigh , that is one talent I really wish to have .", []], [1152544, 1, "I can sing I just do not have a good voice", ["😅"]]], "speakers": {"Victoria💜💫": 0, "N1xx": 1, "𝖘𝖕𝖎𝖗𝖎𝖙 🖤": 2}}, {"id": 17223239, "category": {"id": 7, "name": "Relationships"}, "emotion": "Loving", "turns_number": 4, "dialogues": [[1501993, 0, "i proposed to a guy n he rejected me , he said nut frndshp material ? become i am not beautiful . so only girls how are beauties are asked for dates and fat girls are asked as love guns ideology to date with slim girls", []], [1493252, 3, "He just proved a very important point to you - he does not deserve you . Beauty is an opinion . When someone loves you , they usually start finding you more attract have . Please do not take to heart to what he said . I really hope you find happiness and peace in self - love . Have a great day .", []], [1370466, 2, "to the right man , you will be the most beautiful .", []], [1457109, 1, "Atlas em undid . valid thinking atlas undo", []]], "speakers": {"sweetie pie": 0, "It's okay": 1, "GreenEyez": 2, "Sai": 3}}, {"id": 17223231, "category": {"id": 20, "name": "Others"}, "emotion": "Nothing", "turns_number": 9, "dialogues": [[1448854, 0, "what is the difference between sad nd depressed person ?", []], [674447, 8, "i am looking for this answer", []], [1390145, 7, "I would say right now I m sad , I m just generally unsatisfied with life right now . School makes me sad but when I m depressed , it is like all of my thoughts become negative have , I hate myself and have no dry have or interest for anything .", ["😅"]], [820440, 6, "One moment want to kill themselves", []], [1448962, 5, "sad does not hate everything", []], [1360279, 4, "Sad is temporary from cause . depression is a disorder of the brain outlasting cause and responds to beds .", []], [1147162, 3, "sad - you are against a temporary emotiondepressed - you are against an army inside your own head that weights you down by every step you try to make", []], [400785, 2, "One is temporary the other is a base bad mood you basically always have.shit sucks", []], [1493822, 1, "feeling sad is a natural reaction when a situation is too emotional , or disappointment or pain while being depress is medical illness where you think and act negative have and loose interest on most of everything .", []]], "speakers": {"m a i t e": 0, "sedlyf": 1, "Maya 🛸": 2, "Var☃️🐕": 3, "Millennial": 4, "ForgottenWisdom": 5, "leokee": 6, "David😈": 7, "A": 8}}, {"id": 17223218, "category": {"id": 62, "name": "Mental Health"}, "emotion": "Lonely", "turns_number": 6, "dialogues": [[390796, 0, "loneliness is a scar feeling , is not it ?", []], [1178467, 5, "unless its the only option", []], [856912, 4, "no if you are used to it", []], [1442281, 3, "especially when nobody is around", []], [947263, 2, "been alone my whole life , I think I can consider it my best friend . laugh out loud", []], [1080652, 1, "its a feeling we ca not never get rid of , except to make peace with it", []]], "speakers": {"helena": 0, "\"Yaar\"💐": 1, "ᴢᴀᴄʜᴀʀɪᴀʜ": 2, "User Banned": 3, "tryingtobehappy": 4, "lalalalaika": 5}}, {"id": 17223195, "category": {"id": 58, "name": "LGBT"}, "emotion": "Nervous", "turns_number": 3, "dialogues": [[801561, 0, "Going to come out to my mother in like , an hour ( let us hope that I wo not chicken out at the last minute ) and I think she suspects something but she is not 100 % support have of being i and I m nervous .", []], [695520, 2, "hope it goes well .", []], [1502142, 1, "Please keep us posted . We love you and , although I do not believe in anything supernatural , I ll be sending some good vices your way ( maybe just digits of i?).Wishing you the best,-LEO", []]], "speakers": {"Depressed Dementor": 0, "beaglelove": 1, "Lena Odle": 2}}, {"id": 17223189, "category": {"id": 63, "name": "My Story"}, "emotion": "Excited", "turns_number": 3, "dialogues": [[566244, 0, "I love beards so much . I just want to put my face in one and muddle until i fall asleep into the beard realm where i can dream forever .", []], [1442281, 2, "What about public hair ?", []], [1360279, 1, "Full beard scar amount of hair here laugh out loud", []]], "speakers": {"Midnight_ P.": 0, "User Banned": 1, "ForgottenWisdom": 2}}, {"id": 17223184, "category": {"id": 15, "name": "Family"}, "emotion": "Supportive", "turns_number": 8, "dialogues": [[1199484, 0, "Getting your parents / family approval is not your purpose in life", ["💜", "❤"]], [416629, 7, "no but deep down it is what we all want", []], [1276667, 6, "Ass hoping in temporary , getting that tattoo is permanent", []], [480724, 5, "But sometimes I feel like hearing their opinion or suggestions", []], [1461742, 4, "Do you say this for your children too ?", []], [1503119, 3, "It never was but they always make it", []], [1503691, 2, "then what is I have no family so who I never got to enjoy the luxury of making that decision", []], [1251730, 1, "Oh trust that is never been a hang up of minuit is actually feeling attracted to real people that is been the hang up", []]], "speakers": {"ElfieCece": 0, "Shaniqua": 1, "🅳eadpool🦄": 2, "El_blue": 3, "Ali": 4, "Markoda": 5, "Jack McMahon": 6, "Muggins": 7}}, {"id": 17223181, "category": {"id": 7, "name": "Relationships"}, "emotion": "Heartbroken", "turns_number": 3, "dialogues": [[1434682, 0, "Love is the most beautiful and painful thing in the world . I just love him so much", ["😞", "😭"]], [1115695, 2, "I feel you so bad", []], [843736, 1, "I definitely agree with it being both amazing and painful", []]], "speakers": {"Leslie": 0, "Bpdumbass": 1, "questions": 2}}, {"id": 17223168, "category": {"id": 47, "name": "Health"}, "emotion": "Nothing", "turns_number": 3, "dialogues": [[1503584, 0, "New here is this pp helpful for people ?", ["👋", "🏼"]], [591469, 2, "if you use it well yes it can be helpful", []], [1395108, 1, "no it is not.but hello", []]], "speakers": {"Sara": 0, "User Banned": 1, ".": 2}}, {"id": 17223135, "category": {"id": 10, "name": "Friends"}, "emotion": "Caring", "turns_number": 4, "dialogues": [[1503581, 0, "Have you ever felt that you do not have best friends forever even if you have them.?I always feel like that . My friends never really tell me what they talk and do not understand what I am going through.that is what friends are for ?", []], [1411711, 3, "that is bad i mean friend is should be open to one another . i can feel how bad it feels to have no friends", []], [1391907, 2, "yeah haven that is not what friends are for", []], [862295, 1, "If they act likethey can li have without you , Help them do it .", []]], "speakers": {"Isha Barve": 0, "Smile": 1, "hole wide world": 2, "User Banned": 3}}, {"id": 17223118, "category": {"id": 10, "name": "Friends"}, "emotion": "Positive", "turns_number": 3, "dialogues": [[1494183, 0, "When you think of your BIG goal , sometimes you start feeling overwhelmed Why ? Because big goals do not get achieved right away . Instead , you need to create mind goals to help excite you along the way . This way you can be more goal - orientated and build a HABIT A BEING more effect have", []], [1480990, 1, "Did not know you are a deep person", []], [1480990, 1, "Thought you are an ignorant fool", ["😂"]]], "speakers": {"suraj gujjar": 0, ".": 1}}, {"id": 17223107, "category": {"id": 20, "name": "Others"}, "emotion": "Nothing", "turns_number": 3, "dialogues": [[1296483, 0, "stop talking to the mirror", []], [1459529, 2, "thank you so are you end", ["❤"]], [1239180, 1, "thanks but not more the you", []]], "speakers": {"Mo™": 0, "Alone Wolf": 1, "Surya Raj": 2}}, {"id": 17223088, "category": {"id": 20, "name": "Others"}, "emotion": "Embarrassed", "turns_number": 3, "dialogues": [[1330204, 0, "I finally found out what p i l l o w t a l k means .", ["🥺", "😅"]], [1178467, 2, "I am curious . Reveal", []], [1344054, 1, "What does it mean ?", []]], "speakers": {"Mads": 0, "\"Yaar\"💐": 1, "𝓘𝓻𝓸𝓷𝓶𝓪𝓷": 2}}, {"id": 17223058, "category": {"id": 7, "name": "Relationships"}, "emotion": "Loving", "turns_number": 3, "dialogues": [[1383855, 0, "i need huge . nobody does talk to in this pp .", ["🤧", "😭"]], [1221620, 2, "order some ubereats to ma crib . and I ll talk to you", []], [1473887, 1, "Ca not say I know what you are going through but if you need someone is to listen then i am here", ["👌", "🏻"]]], "speakers": {"Sophie": 0, "deloaded": 1, "MikeKancauski": 2}}, {"id": 17223056, "category": {"id": 61, "name": "Positive"}, "emotion": "Caring", "turns_number": 3, "dialogues": [[1503551, 0, "To the one who is reading this , may God heal whatever is hurtingyouryour", []], [966752, 2, "thank you and I wish the same for you", ["😇"]], [458658, 1, "Amen , same there .", []]], "speakers": {"Gabriel Trenchera": 0, "√! ^! |\\|£|>€@|>": 1, "Bravius Bakuza": 2}}, {"id": 17223048, "category": {"id": 10, "name": "Friends"}, "emotion": "Supportive", "turns_number": 4, "dialogues": [[619810, 0, "Now friends you have them when you good day or good party but when you really need them they disappear ", ["🥺"]], [792804, 3, "Those people are not really friends", []], [664110, 2, "When you realize you is not ever really needed them & no longer want them .", []], [1488809, 1, "If you need a friend i am happy to be here foryouryour", []]], "speakers": {"claudia figueroa": 0, "N1xx": 1, " ": 2, "JoshuaHall": 3}}, {"id": 17223033, "category": {"id": 10, "name": "Friends"}, "emotion": "Sad", "turns_number": 3, "dialogues": [[774679, 0, "want to smoke cigarettes come on . have one .", []], [695520, 2, "if they were good for me , I might . I m about a year without using Nicotine", []], [1458892, 1, "how about we will share some colonies instead ?", ["🥺"]]], "speakers": {"🅼🅰🅷🅸🆁🆉࿐꧂☠☠☠": 0, "beaglelove": 1, "♡~LittleKittyBun~♡": 2}}, {"id": 17223025, "category": {"id": 7, "name": "Relationships"}, "emotion": "Hopeful", "turns_number": 3, "dialogues": [[1145860, 0, "8 Billion people in this world , and I still can not find the ONE.why ? how ?", []], [1498685, 2, "We are missing the path somewhere muddy", ["😁"]], [1180600, 1, "cause not all 8 billion are available sadly", []]], "speakers": {"Wanderer.": 0, "NOSTRADAMUS💫": 1, "nobody important": 2}}, {"id": 17223019, "category": {"id": 7, "name": "Relationships"}, "emotion": "Numb", "turns_number": 3, "dialogues": [[1473887, 0, "These are the night is that get to me . The nights that remind me of what could have been with my wife . Howe have , I sit here , alone again , and wonder where my life is supposed to go from here . Just a numb feeling for my future . Trying to dig myself out of this hole .", []], [1282569, 2, "I feel like that too . I wonder why my husband created . I look at family pick and breakdown . i am an emotional mess", []], [1495631, 1, "keep digging brow , you ll be out of there . it may take time but you ll prevail .", []]], "speakers": {"MikeKancauski": 0, "Rebecca": 1, "Noseferatu": 2}}, {"id": 17223018, "category": {"id": 7, "name": "Relationships"}, "emotion": "Worried", "turns_number": 3, "dialogues": [[986802, 0, "I have never loved a man so much . If he breaks my heart I do not think I ll ever love again .", ["😔"]], [1180600, 2, "I know that feeling i have not loved a woman and I mean really loved since about 2012 i really hope things work out between you two and if not I most certainly you do find the one you want . if you need someone to talk to feel free to send me a message I ll be more then happy to help and listen .", []], [1473887, 1, "Having the same thought process now", []]], "speakers": {"Heavens_Hell_Girl💔": 0, "nobody important": 1, "MikeKancauski": 2}}, {"id": 17222971, "category": {"id": 11, "name": "Hopes"}, "emotion": "Lonely", "turns_number": 4, "dialogues": [[966752, 0, "I want to feel loved I want to feel wanted I want to feel someone is care all I wish for is a best friend who is real", []], [549617, 3, "Sometimes if you can not get something from others , do it for yourself", []], [1494183, 2, "It is not real here , it is all thrown on here , we are unable to tell our feeling of what we feel in real life , it is diffuse you later to express it in the text here .", []], [1504291, 1, "Wanted to write the same .", []]], "speakers": {"√! ^! |\\|£|>€@|>": 0, "abacaxi": 1, "suraj gujjar": 2, "WINNIE THE POOH": 3}}, {"id": 17222958, "category": {"id": 7, "name": "Relationships"}, "emotion": "Down", "turns_number": 4, "dialogues": [[0, 0, "7 billion people in the world and I ca not find a genuine person .", ["👎"]], [717841, 3, "maybe that person is thinking the same", []], [1112607, 2, "it is the way you look , no.one is perfect .", []], [1325474, 1, "yes 7 billion include me", []]], "speakers": {"Anonymous": 0, "°CyberAnon•~•": 1, "Nam ma kya rakha hai": 2, "Rickey Gascho": 3}}, {"id": 17222953, "category": {"id": 10, "name": "Friends"}, "emotion": "Hopeful", "turns_number": 6, "dialogues": [[1140521, 0, "In a world where you can be anything , be kind .", []], [491415, 5, "what if everyone else is an ass", []], [1070699, 4, "Pp always take advantage of kind ones", []], [862295, 3, "You know what amazed me everytime I see the is is", ["✨"]], [793001, 2, "Hey sex , how areyouryour", []], [1270690, 1, "be kind and care to fellow humans .that make people feel good .", []]], "speakers": {"Mansi Joshi": 0, "blue": 1, "jalebi_rabdi": 2, "User Banned": 3, "User Suspended": 4, "unknown origin": 5}}, {"id": 17222950, "category": {"id": 15, "name": "Family"}, "emotion": "Loved", "turns_number": 4, "dialogues": [[1503289, 0, "i think i am on na cry this apes talk li have is so amazing . can i have you guns as my families ?", []], [1495296, 3, "I m happy the pp help you I m not always helpful here but I leave a good atmosphere behind me ( I hope X )", ["😃"]], [1340325, 2, "you are highly welcome .", []], [862295, 1, "Someone to you /Bannerslisten this", []]], "speakers": {"Mulianne Mulianne": 0, "noticemenot": 1, "T square": 2, "User Banned": 3}}, {"id": 17222898, "category": {"id": 12, "name": "Self Harm"}, "emotion": "Supportive", "turns_number": 3, "dialogues": [[1503573, 0, "i am living for everyone but myself .", []], [1503418, 2, "<3 I do not know what to say but I do know how you feel !", []], [1483084, 1, "I need someone to talk to everyday and someone to be happy with", []]], "speakers": {"abby": 0, "Amber": 1, "Gideon": 2}}, {"id": 17222884, "category": {"id": 74, "name": "Depression"}, "emotion": "Supportive", "turns_number": 4, "dialogues": [[1502618, 0, "does anyone want to talk i am feeling really down and scared right now :( Thank you", []], [1503573, 3, "i am terrified of dying but terrified to li have .", []], [1180600, 2, "sure only if its easy for you it seems you got plenty of help", []], [1441781, 1, "I am here for you , you can do me if you want", []]], "speakers": {".": 0, "abby": 1, "nobody important": 2, "Akuma-Chan": 3}}, {"id": 17222871, "category": {"id": 74, "name": "Depression"}, "emotion": "Loved", "turns_number": 4, "dialogues": [[1503418, 0, "I feel guilty asking for support of any kind . I feel I am just being a burden to everyone around me . it is strange loving people and being loved and yet you can still hurt each other so much . ( also i am new to this pp so forge have me if i am not every good at it )", []], [549617, 3, "Do me if you want", []], [481157, 2, "You are brave and courageous for asking for support Welcome to TO big huge", ["❤", "💕", "🤗"]], [583277, 1, "you matter to you deserve support and happiness just as much as any other feel free to message me too", []]], "speakers": {"Amber": 0, "abacaxi": 1, "andreab1518": 2, "Jessie": 3}}, {"id": 17222862, "category": {"id": 7, "name": "Relationships"}, "emotion": "Confused", "turns_number": 7, "dialogues": [[1105392, 0, "is it normal for guns to not be able to sometimes ?", ["🥜"]], [1305955, 6, "well I is yes . you mean ease you literate then it is completely normal . after many jacks I too have dry ease you alterations .", []], [1500026, 5, "yea some of us have peanuts clergy", []], [449581, 4, "if it is their first time having sex or getting head it happens to some guns", []], [927565, 3, "years us I am walking for like the 5th time that day", []], [1501414, 2, "Yep . Happens to me all the time . I m an over thinker so I m never in the moment . Even during sex . laugh out loud", []], [1502103, 1, "to nut ? or to get hard ?", []]], "speakers": {"Indecisive Burden": 0, "Harsch": 1, "User Banned": 2, "𝓢𝓪𝓫𝓸𝓽𝓪𝓰𝓮": 3, "Rick Astley": 4, "Anthony Daniel Stone": 5, "L": 6}}, {"id": 17222823, "category": {"id": 12, "name": "Self Harm"}, "emotion": "Nervous", "turns_number": 3, "dialogues": [[652529, 0, "One of my cuts might have needed stitches and I m worried it wo not heal . Any idea how to tell if you should have gotten stitches ?", []], [1503573, 2, "What i do is go on a walk , And just say a branch cut me or something .", []], [1501774, 1, "Maybe go get it checked out so it does not get infected", []]], "speakers": {"EmTheGem": 0, "abby": 1, "LostTryingToFindMyWay": 2}}, {"id": 17222821, "category": {"id": 7, "name": "Relationships"}, "emotion": "Supportive", "turns_number": 5, "dialogues": [[802549, 0, "Tell me when was the last time you cried and the reason behind it .", ["✨"]], [355208, 4, "today because I watched Normal People again and i can not had", []], [1482090, 3, "last week when i bottle up up my emotions for about a month and just cried at the most random time", []], [1438882, 2, "today , I was watching a that drama", []], [1326321, 1, "This morning because I could not stop laughing", []]], "speakers": {"Same'er sam🤗": 0, "Mxrtx☁️": 1, "dimplefc.sammyyy": 2, "sal": 3, "sleepy girl 💙💤": 4}}, {"id": 17222804, "category": {"id": 74, "name": "Depression"}, "emotion": "Sad", "turns_number": 5, "dialogues": [[1180600, 0, "I feel the same but I m sure you are far from being ugly in sure you are very gorgeous .", []], [449581, 4, "oh my god shut up do not ever say that shit again you cut ass of", []], [1449695, 3, "yeah , but it is cut the", []], [1484940, 2, "no you beautiful gorgeous sex hot everything", ["💗"]], [1326321, 1, "Same but I like my self", []]], "speakers": {"nobody important": 0, "𝓢𝓪𝓫𝓸𝓽𝓪𝓰𝓮": 1, "ˡᵉˢᵇⁱᵃⁿʰᵉᵃᵈ": 2, "Aseey♡❌": 3, "sleepy girl 💙💤": 4}}, {"id": 17222790, "category": {"id": 63, "name": "My Story"}, "emotion": "Lonely", "turns_number": 3, "dialogues": [[285835, 0, "my life in is pretty much just drugs and alcohol .", []], [820440, 2, "I do not see nothing nothing", ["🤧"]], [1346896, 1, "it is the only thing that makes me feel . makes me forget the bad and enjoy the moment", []]], "speakers": {"MissChief": 0, "Var☃️🐕": 1, "Andrew": 2}}, {"id": 17222782, "category": {"id": 20, "name": "Others"}, "emotion": "Nothing", "turns_number": 3, "dialogues": [[1501401, 0, "Nihilism is the truth of this reality . Everything else is deception .", []], [555201, 2, "I think it is possible that in your pursuit of philosophy , you have missed the point .", []], [1178467, 1, "just feed your senses brow . forgot all . forgot Hither , forget Stallion .", []]], "speakers": {"User Banned": 0, "GodSaveTheQueen": 1, "\"Yaar\"💐": 2}}, {"id": 17222745, "category": {"id": 10, "name": "Friends"}, "emotion": "Nervous", "turns_number": 7, "dialogues": [[884718, 0, "I wish I knew Hind", []], [1498685, 3, "That is a first!it is not tough though !", []], [1501235, 5, "knew there would be volunteers jaw hind", ["😂"]], [820440, 4, "You ll have no shortage of people willing to teach", ["😂"]], [1498685, 3, "Irony is , people are willing to teach you a language in you are into , now!excellent !", []], [1239180, 2, "havana same here ! I wish", []], [1094064, 1, "hind is really easy to learn", []]], "speakers": {"Victoria💜💫": 0, "NOSTRADAMUS💫": 1, "Hermit Bug": 2, "Var☃️🐕": 3, "Surya Raj": 4, "horcrux": 5}}, {"id": 17222742, "category": {"id": 7, "name": "Relationships"}, "emotion": "Sad", "turns_number": 3, "dialogues": [[1008663, 0, "Someday me and my boyfriend had a strong fight . We talked and he said he do not love me like he did couple months ago . He said he love me in 40 % . We tried . i tried to repair this . Couple minutes ago we had this small conversation , we were mad at each other . And he said he love me in 35 % now . My heart just broke . I said goodby and we did not even kiss . i am so broken", []], [710981, 2, "a goodby is better than a love that is cases you lacerated based on percentage on diminishing method . move on .", []], [1229240, 1, "Do not let the behavior of others destroy your inner Peace _", ["🦋"]]], "speakers": {"🍓 strawberry yogurt 🍓": 0, "Pavi": 1, "Alizey🦋": 2}}, {"id": 17222727, "category": {"id": 48, "name": "Work"}, "emotion": "Inspired", "turns_number": 3, "dialogues": [[1474077, 0, "Barges & Noble lunch date with myself .  # Selflove", ["💙", "☀", "🌻"]], [1247195, 2, "y do not you takes your best friend", []], [1399774, 1, "I LOVE THAT PLACE . their colonies flaps", []]], "speakers": {"Asana 💙🌻": 0, "Austin Hadley": 1, "Ice King👨‍⚕️": 2}}, {"id": 17222700, "category": {"id": 7, "name": "Relationships"}, "emotion": "Supportive", "turns_number": 5, "dialogues": [[1043976, 0, "Why do brown Parents act like raising their own child is like doing the child a favor .", []], [1330531, 4, "because that is how it works ?", []], [677384, 3, "cause they do not know he to raise children", []], [608610, 2, "What do you mean ?", []], [1498511, 1, "right ! like did I ask to be here though .", []]], "speakers": {"Rooh": 0, "Hans": 1, "no one": 2, "SevenLD": 3, "Tee_🖤": 4}}, {"id": 17222671, "category": {"id": 10, "name": "Friends"}, "emotion": "Supportive", "turns_number": 4, "dialogues": [[989052, 0, "he ignores me ignore youcycle of life", []], [856912, 2, "and Leave me on seen", []], [1178467, 1, "that is how selfish people sound . oh yeah .", ["🐛"]], [1178467, 1, "I f loved your honesty . I wish all toxic people were like that .", ["😤"]]], "speakers": {"Noir♠️": 0, "ᴢᴀᴄʜᴀʀɪᴀʜ": 1, "\"Yaar\"💐": 2}}, {"id": 17222662, "category": {"id": 47, "name": "Health"}, "emotion": "Supported", "turns_number": 4, "dialogues": [[1501034, 0, "I can li have without water for 3 - for days without feeling thirsty , is it normal ?", []], [1420095, 3, "No , if you constantly drink water and see a lot without feeling hungry get tested for type 1 diabetes ! SAP your body could go in a coma", []], [1394118, 2, "I used to go over a week without water when I was younger . I did eat a lot though . It is not a good idea . I do not really see it as abnormal . But please , drink some water .", []], [1266742, 1, "We get most of our water from what we eat ; if you are eating plenty , then you are probably still getting hydrate .", []]], "speakers": {"Marko": 0, "Jupiter🌍☁️🌈(They/Them)": 1, "D R E A R Y": 2, "Señor Сука": 3}}, {"id": 17222639, "category": {"id": 11, "name": "Hopes"}, "emotion": "Sad", "turns_number": 5, "dialogues": [[0, 0, "i saw a girl posting only ( . ) this got 10 hearts and 26 commentssad me i wrote paragraph did not get a single comment .", ["💀"]], [1493711, 4, ":( tell me what did you wrote in that paragraph ?", []], [1330528, 3, "sadly most of the people skin posts that are long", []], [271608, 2, "do not take it personally , I do not , sometimes people love what you say others they do it", []], [1499721, 1, "And Half those comments were Indians the other half were people trying to flirt So who i have a fuck laugh out loud", []]], "speakers": {"Anonymous": 0, "Tasty tornado": 1, "☆—ceres—☆": 2, "Jamie Falconer": 3, "Ben": 4}}, {"id": 17222593, "category": {"id": 74, "name": "Depression"}, "emotion": "Sad", "turns_number": 7, "dialogues": [[1502618, 0, "So this is meant to me a mental health pp ? laugh out loud it sucks . I just get pulled on here and people being nasty to me for no reason i am meeting this i am not feeling good as it is just shows what nasty people you got", []], [1250445, 6, "You have got to ignore them and trust the good people", []], [1498685, 5, "Now girl!u really are a hypocrite!are just desperately seeking attention ?", []], [660010, 4, "that has happened to me too it is bad", []], [792804, 3, "Yeah there can be some real nasty people on here . But some people , genuinely help , so do not i have up hope .", []], [1477208, 2, "sorry to hear that , but I m here for month and i did not met bad person here , nobody wrote to me bad word . you need to block them and find pp who will be good for you . take care", []], [1496437, 1, "hey just to joke around , be glad you are not getting that on twitter , otherwise you ll change your opinion quite fast", []]], "speakers": {".": 0, "Messy": 1, "NOSTRADAMUS💫": 2, "Chloe Vickers": 3, "N1xx": 4, "how many people?": 5, "BiFox76": 6}}, {"id": 17222592, "category": {"id": 68, "name": "I Need Help"}, "emotion": "Heartbroken", "turns_number": 3, "dialogues": [[1503557, 0, "why am I still waiting for him ? it hurts my heart", []], [1178467, 2, "Why can not you accept that .", []], [1392016, 1, "its stage 1 .stage to . you will accept it but still missing him . stage 3 let it go", []]], "speakers": {"esiray": 0, "\"Yaar\"💐": 1, "Mixed Masala 😌": 2}}, {"id": 17222591, "category": {"id": 47, "name": "Health"}, "emotion": "Confused", "turns_number": 3, "dialogues": [[0, 0, "Why are my nipples so extremely itchy every day", []], [1465504, 2, "probably you are developing singers there . dr fauces said that is one of the symptoms", []], [761000, 1, "it happens during winters . but do get a check up .", []]], "speakers": {"Anonymous": 0, "@$$Hø|€": 1, "cloudySunshine03": 2}}, {"id": 17222587, "category": {"id": 62, "name": "Mental Health"}, "emotion": "Afraid", "turns_number": 5, "dialogues": [[265398, 0, "i dread my night walks everyday . why must the world be so scar", []], [1038289, 4, "hey there , are you looking for help , happy to help", []], [583277, 3, "could you try walking in the day or walk with someone else", []], [1450150, 2, "hey , I know how it feels , I m haunted by my nightmare all the time cause they are so real , they are all around me all the time , but I just do one thing , that is laugh out loud", []], [1400480, 1, "I ll trade with you . Had I the choice , i would rather walk at night .", []]], "speakers": {"🧜🏻‍♀️🧚🦄🐇🐈🐕🐖🐬🦚🦋🍫🌸": 0, "Newbie": 1, "Jessie": 2, "REX the MISFIT": 3, "Proteus": 4}}, {"id": 17222583, "category": {"id": 7, "name": "Relationships"}, "emotion": "Supported", "turns_number": 6, "dialogues": [[1503531, 0, "There is times I feel alone . but i am trying to be strong", []], [271608, 5, "sometimes we all feel alone , even at times when with people , life can be really hard !", []], [583277, 4, "hang in there you ll make it to the other side", []], [857981, 3, "you are strong , you are not alone", ["😊"]], [355208, 2, " you can do this", ["❤"]], [1487019, 1, "you are the best  ", ["☺", "❤"]]], "speakers": {"BrennyLuv": 0, "Jamie Falconer": 1, "Jessie": 2, "Amit8": 3, "Mxrtx☁️": 4, "addictivealcohol": 5}}, {"id": 17222571, "category": {"id": 15, "name": "Family"}, "emotion": "Irritated", "turns_number": 3, "dialogues": [[409001, 0, "Living with my fiance is parents and them doing every day things differently to how I would do it at home is very frustration .", []], [1484972, 2, "stay strong things might not be the same yes its different environment but take a little bit of your home with you there , make it your own", ["💪"]], [1394483, 1, "havana yes it is very", []]], "speakers": {"Lollywoop": 0, "hanan": 1, "cruzer": 2}}, {"id": 17222565, "category": {"id": 10, "name": "Friends"}, "emotion": "Exhausted", "turns_number": 3, "dialogues": [[1503427, 0, "have y all get gaslight ? if so how do y all deal w it ?", []], [1393330, 2, "Yes and I honestly do not know", []], [1497427, 1, "Yes , I got rid of the person alighting me and went to therapy", []]], "speakers": {"sarah 🥰": 0, "Miss_anti": 1, "crumbles": 2}}, {"id": 17222562, "category": {"id": 61, "name": "Positive"}, "emotion": "Supportive", "turns_number": 4, "dialogues": [[1482646, 0, "Tell me your current wish . I make sure your problems will be half solved within 3 months .", []], [1250445, 3, "I need a million dollars", []], [1493104, 2, "I want to be a doctor .", []], [1178467, 1, "I want to be a free spirit . I want to be free of dominance and manipulation", []]], "speakers": {"Mysterious Nomad": 0, "Messy": 1, "Colorful Sky": 2, "\"Yaar\"💐": 3}}, {"id": 17222558, "category": {"id": 20, "name": "Others"}, "emotion": "Meh", "turns_number": 3, "dialogues": [[1410202, 0, "i am a take a nap . everyone fuck off . i have a headache for me being a dumbass LAFA", []], [1394118, 2, "Alright . Have a wonderful nap .", []], [1221620, 1, "you are mad funny what the fuck", ["😂"]]], "speakers": {"🖤Michi🖤": 0, "D R E A R Y": 1, "deloaded": 2}}, {"id": 17222550, "category": {"id": 63, "name": "My Story"}, "emotion": "Irritated", "turns_number": 3, "dialogues": [[1486104, 0, "I want to kill myself in", []], [1221620, 2, "i will you are too valuable for that . we have got to stop wasting Gold around here", []], [1312627, 1, "find life purpose , find your true inner self , improve mind and body , coming better with depressionthen you be at peace you like to know more ?", []]], "speakers": {"fatyma": 0, "deloaded": 1, "Righteous Force": 2}}, {"id": 17222535, "category": {"id": 74, "name": "Depression"}, "emotion": "Hopeful", "turns_number": 3, "dialogues": [[1465940, 0, "I ca not be alone anymore , i am scared of my self nowadays cut I do not know what I ll do and it is scar and i am lost I do not know what to do . It hurts too much", []], [1456190, 2, "I know I feel the same way", []], [904740, 1, "hi ! what happened ? guess probably you also will need some time going outside , enjoy the view . do not sit in room for too long . Anything to talk about you could reach us here .", []]], "speakers": {"Somebody": 0, "Newbie. Confused24/7": 1, "Oh!": 2}}, {"id": 17222520, "category": {"id": 75, "name": "Life Hacks"}, "emotion": "Proud", "turns_number": 4, "dialogues": [[1391907, 0, "How many pillows do you use?i use 5 of varying size and softness", []], [1395108, 3, "6 or 7.did the sundry so it is like a cloud now", ["🙂"]], [1305955, 2, "3 . two for neck and one for muddling", []], [963020, 1, "Just one and sometimes not even one", []]], "speakers": {"hole wide world": 0, ".": 1, "Harsch": 2, "Excuse⚠": 3}}, {"id": 17222490, "category": {"id": 67, "name": "Self-Care"}, "emotion": "Positive", "turns_number": 3, "dialogues": [[1503550, 0, "You are doing great . You are stronger than you think . Do not i have up .", []], [89872, 2, "Thanks for the nice words . Welcome to talklife", ["💕"]], [1483084, 1, "I need someone to talk to everyday and someone to be happy with", []]], "speakers": {"lalalisa": 0, "Achilles": 1, "Gideon": 2}}, {"id": 17222472, "category": {"id": 48, "name": "Work"}, "emotion": "Hopeful", "turns_number": 3, "dialogues": [[780279, 0, "i have a job interview today , wish me luck !", []], [583277, 2, "good luck you have got this", []], [1450969, 1, "wish you luck baby (:", ["🙏"]]], "speakers": {"🌸crybaby🌸": 0, "Jessie": 1, "🐇Jeannies🐇": 2}}, {"id": 17222465, "category": {"id": 47, "name": "Health"}, "emotion": "Supportive", "turns_number": 3, "dialogues": [[1503535, 0, "Let is be real When you are obese that means that you do not love yourself?Or you have to accept and love yourself just the way you are ?", []], [1407161, 2, "will try hard to be fit off coarse but wo not let anyone to make fun of me", []], [1483084, 1, "I need someone to talk to everyday and someone to be happy with", []]], "speakers": {"Newbie": 0, "Numa Numa Ye!!": 1, "Gideon": 2}}, {"id": 17222457, "category": {"id": 63, "name": "My Story"}, "emotion": "Embarrassed", "turns_number": 5, "dialogues": [[0, 0, "I m becoming more feminine everyday ! the problem is that I m a guy !", []], [719169, 4, "That is a big problem you have got there mate hata", []], [1418881, 3, "punch your balls to feel manly again", []], [1502935, 2, "Does not matter . Just do more things boys do", []], [583277, 1, "you do you do not care about labels", []]], "speakers": {"Anonymous": 0, "말끗": 1, "Blackfeather": 2, "Aimee🦋💕": 3, "Jessie": 4}}, {"id": 17222449, "category": {"id": 74, "name": "Depression"}, "emotion": "Depressed", "turns_number": 3, "dialogues": [[1428942, 0, "will it ever stop?will i ever be able to be happy again?i feel like it is impossible .", []], [1359773, 1, "happiness is a choice so it is totally upon you", []], [1359773, 1, "it always matters how you see the world . impossible word itself shows I impossible", []]], "speakers": {"i want to live a good life": 0, "JJ. JOKER": 1}}, {"id": 17222414, "category": {"id": 7, "name": "Relationships"}, "emotion": "Lonely", "turns_number": 3, "dialogues": [[1386111, 0, "Thought maybe i finally found my soulmate , found someone who is truly going to love me enough to brave everything on the road ahead of us . i was ready to do it . the first time I thought I was movable . but looks like i am just . Not .", []], [1448962, 2, "you are lovablejust some bad timinglet love find you", []], [1180600, 1, "you are movable you just ended up with a bad apple is all , take your time to recover from this and try to put down more walls next time so you do not get hurt as quick . if you need someone to talk to feel free to send me a message I ll be more then happy to help and listen .", []]], "speakers": {"Raven's Cry": 0, "Millennial": 1, "nobody important": 2}}, {"id": 17222407, "category": {"id": 20, "name": "Others"}, "emotion": "Sad", "turns_number": 3, "dialogues": [[1289257, 0, "ff . I am hungry and have no colonies and milk and I do not want to go out to get some cause it is dark and all the weird are out", ["😩", "🙄"]], [596099, 2, "damn , i have a name", ["😭"]], [821755, 1, "colonies . what kind you like", []]], "speakers": {"🖤isabel🖤": 0, "Laurent Forte": 1, "Zaibetsu": 2}}]