[{"id": 17694111, "category": {"id": 74, "name": "Depression"}, "emotion": "Depressed", "turns_number": 4, "dialogues": [[709001, 0, "I want to i have up", []], [1140014, 3, "let us i have up together", []], [1367879, 2, "i want that too , it is tough , it is exhausting but do not i have you , keep fighting , i know it is unbeliavable in but things will get better , are stronger than you think", []], [1479653, 1, "it is ok to feel like this once in life . do not forget how far you have come the", ["❤"]]], "speakers": {"waymuss": 0, "liberosis": 1, "drenii": 2, ".": 3}}, {"id": 17694102, "category": {"id": 63, "name": "My Story"}, "emotion": "Tired", "turns_number": 6, "dialogues": [[359383, 0, "I was dying and nobody was there", []], [1490155, 5, "hey we are always there for you", []], [738601, 4, "dead on the floor and when they came they just stepped over .", []], [1508030, 3, "Do you need someone to talk ? I wo not sent you verses of the bible by the way", []], [1530859, 2, "A let us know we are here .", []], [1453971, 1, "Nobody will be . you have to be there for yourself . Because we are busy being there for ourselves", []]], "speakers": {"Lester Thades": 0, "Addai Wilfred": 1, "Lucy In The Sky With Diamonds": 2, "Cheesus": 3, "Newbie": 4, "User Banned": 5}}, {"id": 17694100, "category": {"id": 7, "name": "Relationships"}, "emotion": "Anxious", "turns_number": 3, "dialogues": [[629462, 0, "You have never met him in real life ? he is probably just taking a break .", []], [1489911, 2, "message me I am here , I will help you", []], [675045, 1, "I mean I do not know him . But if i wanted to kill myself successfully i would not tell anyone . So he is probably just going to take a break from social media in d", []]], "speakers": {"Jerry": 0, "Mo Begum Akshaya": 1, "mitsuha": 2}}, {"id": 17694080, "category": {"id": 10, "name": "Friends"}, "emotion": "Supportive", "turns_number": 3, "dialogues": [[1379793, 0, "I have no self respect with replying in text messages if available and show how sad I I m at times", []], [1507002, 2, "that stuff does not matter anyone welcomes , reply howe have you feel like it and dun worry . if people do not like it then they would not be able to take the real you anyone welcomes so who i have a shit", []], [1404895, 1, "it is ok , now you know try to focus on these things , Giving respect others and but less expecting to get respect from others .", ["😊", "💐"]]], "speakers": {"Daniel": 0, "Lu4": 1, "Rohit💛": 2}}, {"id": 17694062, "category": {"id": 10, "name": "Friends"}, "emotion": "Angry", "turns_number": 3, "dialogues": [[930805, 0, "Some people really has the audacity to leave you on read and then responds after months and pretends everything is good", []], [1200559, 2, "Not me being one of those people I am story", ["😭", "✋"]], [844514, 1, "* sweats nervously*Although they better say sorry and explain the situation", []]], "speakers": {"Mikky": 0, "👿Nanno😈": 1, "why is my life so fcking messed up": 2}}, {"id": 17694061, "category": {"id": 62, "name": "Mental Health"}, "emotion": "Afraid", "turns_number": 5, "dialogues": [[0, 0, "I am so afraid to visit a therapist How should I open up ?", []], [775213, 4, "First start by listening to what he has to tellyouryour", []], [1488028, 3, "do not b afraid and tell i am everything you feel , do not hide as i said do not hide anything , good luck ", ["❤"]], [1511255, 2, "I seriously over though my first visit . Anxiety was so high going in , but he was calm and just talked to me . Not showing judgement even the I kept breaking down in tears . It was nice and the words just fell out naturally without thought . Good luck . it is a big step . I hope it helps !", []], [1485613, 1, "write it on here until you able to see a therapist", []]], "speakers": {"Anonymous": 0, "smile": 1, "Velar": 2, "AliB": 3, "Liv Right": 4}}, {"id": 17694050, "category": {"id": 20, "name": "Others"}, "emotion": "Energetic", "turns_number": 3, "dialogues": [[1484135, 0, "Gen Z : We are the strongest generationalso them : Its nut funny its resist", ["🙄"]], [1467410, 2, "being strong is about being support have towards each other without letting anyone bring them down it is not about finding offense have jokes funny", []], [1385934, 1, "gen z is the worst thing that could have happened to this planet", []]], "speakers": {"Username": 0, "♌": 1, "bleep bloop": 2}}, {"id": 17694006, "category": {"id": 5, "name": "Bullying"}, "emotion": "Down", "turns_number": 4, "dialogues": [[0, 0, "How to be ok with your past ?", []], [480724, 3, "Do not think about it when you do not need it", []], [1527958, 2, "If you are not ok about your past then you are not ok about it . But that is no reason to destroy your present and future , make it great", []], [1530229, 1, "it is not about being ok with it , or not.accept it . The past is true meaning is yet to be found , for as the words in a sentence change by the words that come next , so does the events in your life , that is why for example , forge harness is such a powerful tool , many always talk about forgiving others but you must also remember to forge have yourself", []]], "speakers": {"Anonymous": 0, "El_blue": 1, "King": 2, "WattsZen": 3}}, {"id": 17693992, "category": {"id": 10, "name": "Friends"}, "emotion": "Afraid", "turns_number": 4, "dialogues": [[781910, 0, "How do you not compare yourself to others ?", []], [1493481, 3, "Love yourself , remind yourself of how strong you are", []], [1467410, 2, "by seeing someone as an inspiration rather than someone to be jealous of", []], [1529408, 1, "always know that the person has their own struggles and securities as well and is pretty much in the same boat and you would not even know", []]], "speakers": {"Anonymous": 0, "🖤": 1, "♌": 2, "slum queen": 3}}, {"id": 17693961, "category": {"id": 59, "name": "Pregnancy"}, "emotion": "Excited", "turns_number": 4, "dialogues": [[486223, 0, "i took a pregnancy test this morning . it took a long time for the second line to show up I do not know if it is a line or not . can i show someone ? comment if i can show you i need advice . but it like went crooked probably because i had it in my pocket , right ? but i took a picture before it went crooked . also i am getting cramps like i am going to start my period i am confused", []], [1489911, 3, "message me I am here", []], [1527932, 2, "Take another too make sure . Usually if it takes a long time to show results then the test is invalid .", []], [1530315, 1, "You can show me . I got pregnant and my line was super light", []]], "speakers": {"alissa 💛": 0, "Mo Begum Akshaya": 1, "Daythebae": 2, "Bugzy": 3}}, {"id": 17693960, "category": {"id": 7, "name": "Relationships"}, "emotion": "Down", "turns_number": 4, "dialogues": [[1527932, 0, "How do you stop looking at a ex is social media ?", []], [1512897, 3, "it might seem extreme but block them , whenever you try to click block you will remember what went wrong and you will gradually stop daring", []], [532358, 2, "I have blocked all my eyes I do not need to be reminded about the past and the mistakes I have made along the way so better just to leave them in the past where they belong and move on with your life", []], [736553, 1, "Tell you are ex so she can get a restraining order againstyouryour", []]], "speakers": {"Daythebae": 0, "vigo rous": 1, "Ryan Daly": 2, "Terry 🏴󠁧󠁢󠁳󠁣󠁴󠁿": 3}}, {"id": 17693918, "category": {"id": 10, "name": "Friends"}, "emotion": "Energetic", "turns_number": 3, "dialogues": [[1484135, 0, "I love when my home fell asleep with his mouth open", ["😏"]], [1152544, 2, "I want to unreal this", []], [1409240, 1, "What are you going to do with their open mouth ?", []]], "speakers": {"Username": 0, "𝖘𝖕𝖎𝖗𝖎𝖙 🖤": 1, "‎❦♡︎☽": 2}}, {"id": 17693887, "category": {"id": 47, "name": "Health"}, "emotion": "Positive", "turns_number": 4, "dialogues": [[1196334, 0, "I always be thinking about the future .", []], [1152544, 3, "do not we all ?", []], [523914, 2, "What about the present ?", []], [1530229, 1, "but the future is not promised , it is ok to think about it , but do not forget to li have for today as well my friend", []]], "speakers": {"Drew": 0, "𝖘𝖕𝖎𝖗𝖎𝖙 🖤": 1, "CatLady": 2, "WattsZen": 3}}, {"id": 17693867, "category": {"id": 10, "name": "Friends"}, "emotion": "Jolly", "turns_number": 3, "dialogues": [[480724, 0, "How do you picture you are sadness ?", []], [725140, 2, "Dark , gloomy , black and white , hysterical laughter , a sad melody , a sense of death of a time , death of a past . The happy moments that died , the laughter , the smile , the happiness , that died . No longer exists . Vagrant , beautiful flower , dried , torn apart .", []], [1346892, 1, "Writing poetry all the way . My sadness is part of my poetry , no matter how some people say it makes me weird . i am a young author who is sad most of the time", []]], "speakers": {"El_blue": 0, "Cruel World": 1, "Passionate_Addicted Poet Author/Poet": 2}}, {"id": 17693866, "category": {"id": 20, "name": "Others"}, "emotion": "Meh", "turns_number": 4, "dialogues": [[0, 0, "no man in his right mind wants a intersectional feminist or radical feminist for a wife .", []], [1456204, 3, "no shit , but not all of them actually want husbands at all . men are operated", []], [1221620, 2, "yeah had feminist do not really have a equal state of mind . they want to be above men . I know too many grown dukes that is get spoken to like children cut they girls kind of radical feminist . it is not cool . its masses you lacerating", []], [1207802, 1, "I m sure they all want to get married .", []]], "speakers": {"Anonymous": 0, "sad_beanie": 1, "deloaded": 2, "User Banned": 3}}, {"id": 17693849, "category": {"id": 62, "name": "Mental Health"}, "emotion": "Confused", "turns_number": 4, "dialogues": [[1083190, 0, "I m in such a great mood today it is scar cut in ill quickly loose this feeling soon", []], [381774, 3, "if you focus on just enjoying it and being in the moment then it is ok . A thing is not beautiful because it lasts", []], [1528828, 2, "try not to think that way , be proud that your in a good mood . try and stay position have !", []], [1388431, 1, "Every good / bad feeling is temporary so feel it", ["❤"]]], "speakers": {"Ina🛸": 0, "Sky isn't my limit": 1, "Jared Mac": 2, "Nesrine": 3}}, {"id": 17693843, "category": {"id": 74, "name": "Depression"}, "emotion": "Caring", "turns_number": 6, "dialogues": [[1522428, 0, "I have a question can not share some positively here on that pp ? everybody is depressed and has problems !", []], [1359508, 5, "we do not do that here", []], [1443099, 4, "well , this is an pp for depressed people", []], [1527915, 3, "we can share that too . no rules for same", []], [1515327, 2, "we can . this is an pp where you can express all your emotions .", []], [1530229, 1, "I try to spread a little positively where possible , mostly as comments on the posts you speak about , please be mindful your words could silence those we really need to speak out", []]], "speakers": {"Stellan": 0, "linaaaa": 1, "Anton 🦝": 2, "Hiro": 3, "S. the Crab": 4, "WattsZen": 5}}, {"id": 17693830, "category": {"id": 10, "name": "Friends"}, "emotion": "Bored", "turns_number": 4, "dialogues": [[1255721, 0, "How do you stop being a boring person ?", []], [1528828, 3, "by not letting securities and worries hold you back from being your true self", []], [1304423, 2, "gets lots of friends or moves or amazing game act", []], [881651, 1, "pursue a hobby , talk to people (:", []]], "speakers": {"A_N_O_N_I_M_X": 0, "Jared Mac": 1, "🐈hello little kitty": 2, "hekkie": 3}}, {"id": 17693826, "category": {"id": 59, "name": "Pregnancy"}, "emotion": "Ecstatic", "turns_number": 3, "dialogues": [[0, 0, "I just found out I m pregnant . I ca not stop crying I m so happy ! After four miscarriages I m finally going to have my rainbow baby !", []], [725140, 2, "Congratulations . I wish you all the best .", ["❤"]], [532358, 1, "congratulations are you going to find out what it is or wait for it to be a surprise ?", []]], "speakers": {"Anonymous": 0, "Cruel World": 1, "Ryan Daly": 2}}, {"id": 17693821, "category": {"id": 47, "name": "Health"}, "emotion": "Nothing", "turns_number": 4, "dialogues": [[0, 0, "Question for the ladies : have you gotten a reduction and did it help ? Even the that is not the main cause of my back pain , docs have said the bust is not helping and I have considered reduction for a long time . Just want to hear if it is helpful", []], [1112958, 3, "i have not gotten , but a find of mine had this problem , she was in pain and uncomfortable most of the time , the she just did some debt and lookout to target the chest region to reduce , after that she did not complain , but if this is causing you discomfort , you should go for a reduction , many women have", ["👀", "🌸"]], [889309, 2, "I m not a woman . But please try other ways before you decide on something surgical . Like if you are at a desk job , try using something like kneeling chair that can help with your posture .", []], [1276000, 1, "a friend of mine keeps talking about it all the time . She avoids wearing bars when she can and that the bar needs to have perfect fit .", []]], "speakers": {"Anonymous": 0, "Eena": 1, "Geek": 2, "BVLN": 3}}, {"id": 17693805, "category": {"id": 20, "name": "Others"}, "emotion": "Sad", "turns_number": 3, "dialogues": [[1498122, 0, "i do not think anyone would ever want to love me", []], [1489911, 2, "message me I am here", []], [900323, 1, "World is selfish . Love yourself and you ll never have any stacks again", []]], "speakers": {"mochi": 0, "Mo Begum Akshaya": 1, "Zsnes": 2}}, {"id": 17693795, "category": {"id": 62, "name": "Mental Health"}, "emotion": "Determined", "turns_number": 17, "dialogues": [[1506684, 0, "Everyone wants and needs attention is a matter of what type of attentionand how you are going to gain that attention", []], [1307324, 16, "him i think the attention will find us , I do not know how to gain it", []], [927099, 15, "Correction : Everyone wants and needs my attention .", ["😌", "✨"]], [1335971, 14, "i want the kind of attention where you are invisible", []], [1409240, 13, "Too much seeking attention is unhealthy and in further cases , toxic .", []], [1530953, 12, "Loving attention is not a crime . but if that person trusts you , wo not think about gain when you are not interested . it is about people . ", []], [712880, 11, "and i gain that attention from you ", ["❤"]], [1368310, 10, "I m still finding that answer due", []], [1505606, 9, "Deep down inside  know  need but it feels like beg for mercy from others I do not know .", []], [950002, 8, "do not call me out", []], [1531178, 7, "we ll i guess it is human nature", []], [1260790, 6, "Laughing my arms off yep ! I am an attention w. but only want it from the ones I love laugh out loud", ["😂"]], [1524225, 5, "Not everyone needs and wants attention .", []], [1473832, 4, "talk for herself lui x", []], [1527958, 3, "Some people who did not get attention will pay some extra attention to others", []], [1131853, 2, "I do not ned too much attention", []], [1512192, 1, "i know i am outside of your window with my radio", ["📟", "🎶", "🎵", "📣"]]], "speakers": {"Jus_Stop": 0, "hera 🦢": 1, "youcan'thandlemyhonesty": 2, "MpT": 3, "‎❦♡︎☽": 4, "hereisdeath": 5, "Faust": 6, "Jeezz": 7, "babyonemoretime": 8, "Me when": 9, "selene": 10, "JaM1209": 11, "☠Depression☠": 12, "harambe's ass": 13, "King": 14, "AL MA": 15, "unluckysqueerel": 16}}, {"id": 17693790, "category": {"id": 20, "name": "Others"}, "emotion": "Embarrassed", "turns_number": 4, "dialogues": [[1390145, 0, "Please excuse America for the creation of the show Jersey Shore . I do not know with they were thinking", ["🥴"]], [707787, 3, "is not this a English show too ? a reality programme", []], [1474441, 2, "Guess they wanted to adjust to average viewer IN d", []], [1446943, 1, "of you talking about that shit was ironic , a piece of history ! it was so dumb and so entertaining", []]], "speakers": {"Maya 🛸": 0, "🎻📏": 1, "Hank Moody": 2, "Sneaky": 3}}, {"id": 17693782, "category": {"id": 63, "name": "My Story"}, "emotion": "Numb", "turns_number": 4, "dialogues": [[1528733, 0, "I think something about me just rebels most people . And thus , I spend so much time alone . And because I spend time alone I do not have any real skill to socialist with others . So when it comes time to connect I do not know where to begin . it is crazy and so am I.", ["🥺"]], [889309, 3, "I think most of it is just in your mind . These things helped me : Listen act have to what people are saying , ask questions related to that , do not complain or talk anything negative have with strangers , remember their name and keep using it in conversation , also not everyone needs to like you , just be yourself and you ll find people with similar midst .", []], [1530801, 2, "Being an introvert ( which I assume you are ) is both a blessing and a curse .", []], [1528650, 1, "Hey it is ok , you are not crazy  From what I have seen you are genuinely so nice .", ["❤"]]], "speakers": {"BabyDreamer": 0, "Geek": 1, "MyShadow": 2, "Enter your name": 3}}, {"id": 17693766, "category": {"id": 74, "name": "Depression"}, "emotion": "Meh", "turns_number": 4, "dialogues": [[1528529, 0, "Not being able to sleep because of stress is the worst", []], [1474441, 3, "Oh yes it tucked up my life", []], [1474260, 2, "that is been me this past week because I had for interviews . I m going to take a break from finding a job next week because it can be so distressful and sleep is so important", []], [1530483, 1, "it is so not healthy not to sleep and I have hardly slept in a week bc of panic / anxiety . gets a ll dangerous past a certain point , no ?", []]], "speakers": {"mouzer jip": 0, "Hank Moody": 1, "em": 2, "Mental Blonde": 3}}, {"id": 17693762, "category": {"id": 62, "name": "Mental Health"}, "emotion": "Overwhelmed", "turns_number": 3, "dialogues": [[1523641, 0, "I have been thinking about going to therapy again but at the same time I m pass have about that . I had bad experiences with counsellor and I m not the type of person who is able to talk about problems . And I do not trust .", []], [1474260, 2, "I find finding the right therapist is like finding the right romantic partner . it is not easy !", []], [1530483, 1, "nothing good is every easy . i am the same way . hate discussing my probe . much rather take some pills instead .", []]], "speakers": {"sab": 0, "em": 1, "Mental Blonde": 2}}, {"id": 17693740, "category": {"id": 47, "name": "Health"}, "emotion": "Happy", "turns_number": 3, "dialogues": [[308433, 0, "Artichokes are such an underrated vegetable", []], [833619, 2, "! i fell in love when i had penza with artichoke three on it", ["👍", "🏼", "😂"]], [1029954, 1, "describe the taste in words", []]], "speakers": {"Wrenn": 0, "луна": 1, "🕷️🕸️": 2}}, {"id": 17693729, "category": {"id": 11, "name": "Hopes"}, "emotion": "Nostalgic", "turns_number": 5, "dialogues": [[1528794, 0, "I need someone to talk , I do not feel good", []], [1367879, 4, "You can talk to me , i am here", []], [1530726, 3, "people are always talking way", []], [1518968, 2, "i am here if you need to someone", []], [1522428, 1, "You can text if you want i want to help the other", []]], "speakers": {"Alicia": 0, "drenii": 1, "Ryan Anderson": 2, "Newbie": 3, "Stellan": 4}}, {"id": 17693714, "category": {"id": 20, "name": "Others"}, "emotion": "Sad", "turns_number": 3, "dialogues": [[419728, 0, "When I m sad and I wish I can talk to someone but I know that it mostly would end up bad or wo not help I miss having that person who would talk to without being afraid i would regret it", []], [1530837, 1, "how can i help you", []], [1530837, 1, "you can share it with me", ["🙂"]]], "speakers": {"Pink": 0, "SQ": 1}}, {"id": 17693704, "category": {"id": 74, "name": "Depression"}, "emotion": "Depressed", "turns_number": 4, "dialogues": [[796682, 0, "can I just die in a car accident or heart attack", []], [1527915, 3, "no . stop thinking that", []], [1530726, 2, "if you can dry have or have high cholestrol", []], [1488028, 1, "everyone die one day on the time written , so better to li have and face the life challenge", []]], "speakers": {"suicidal": 0, "Hiro": 1, "Ryan Anderson": 2, "Velar": 3}}, {"id": 17693703, "category": {"id": 62, "name": "Mental Health"}, "emotion": "Exhausted", "turns_number": 4, "dialogues": [[1477891, 0, "You know things are getting bad again when you can not find joy in the activities you love . i am so numb .", []], [796682, 3, "same . and people just say you are lazy", []], [1488028, 2, "cut you are mind is somewhere else", []], [1532955, 1, "Hey , I m Germain , 21 and I m really struggling with body image anxiety issues . Are you free to talk ?", []]], "speakers": {"Carson": 0, "suicidal": 1, "Velar": 2, "User Suspended": 3}}, {"id": 17693702, "category": {"id": 72, "name": "Anxiety"}, "emotion": "Overwhelmed", "turns_number": 3, "dialogues": [[1024137, 0, "can i solve this loneliness anxiety.is there anyone welcomed . cause distracting myself just temporary stuff to endure , the feeling is stay.currently on healing process so i just waited the right person to find me one day .", []], [1530823, 2, "I understand ! I also have pretty bad anxiety , and social anxiety . Been pretty hard to make friends , but just keep your head up !", []], [1488028, 1, "wish you good luck dear friend ", ["❤"]]], "speakers": {"𝗔𝗿𝗶𝗮𝗱𝗮𝗲𝘂𝘀": 0, "Introvert": 1, "Velar": 2}}, {"id": 17693692, "category": {"id": 7, "name": "Relationships"}, "emotion": "Sad", "turns_number": 4, "dialogues": [[0, 0, "should I buy a fleshlight", []], [913145, 3, "I m thinking I should", []], [560215, 2, "are they nutrition , enable ?", []], [332309, 1, "ok I bought one and let me tell you , it is worth it . the first time I used it I came so fast , I was embarrassed . but it feels almost like the real thing . the only bad part is cleaning it .", []]], "speakers": {"Anonymous": 0, "Owen": 1, "‎": 2, "confused": 3}}, {"id": 17693667, "category": {"id": 12, "name": "Self Harm"}, "emotion": "Numb", "turns_number": 3, "dialogues": [[1516731, 0, "sometimes I look at my scars and wonder why had not dug deeper", []], [401426, 2, "cause you want to be ali have", []], [1530164, 1, "I have been through this not too long ago and I know it is not the answer . You just want to take away the pain you feel and at first you think that mutilation is the solution but in reality it just makes you feel worse . Face your feelings . It is a good thing you did not cut deeper , believe me", []]], "speakers": {"Anthi": 0, "pathetic soul": 1, "Mirai": 2}}, {"id": 17693664, "category": {"id": 12, "name": "Self Harm"}, "emotion": "Inspired", "turns_number": 3, "dialogues": [[1527962, 0, "Everyone is giving me a reason not to li have anymore .", []], [1367879, 2, "screw those people who are letting you down or making you down , you deserve to li have , you have a reason", []], [902256, 1, "hold on , shout it loudly with all you are energy you ll feel better", []]], "speakers": {"Jazz": 0, "drenii": 1, "Darkside": 2}}, {"id": 17693630, "category": {"id": 20, "name": "Others"}, "emotion": "Sick", "turns_number": 4, "dialogues": [[1501817, 0, "Why so many rates happen in India ?", []], [541914, 3, "it is important to remember rates are all accounted for differently in every country", []], [1458892, 2, "on topic like this pus put trigger morning and about what you ask i mostly do but its sad to hear that", []], [736553, 1, "It is disgusting and it is getting worse sadly . No respect for women in that see you literature .", []]], "speakers": {"Little girl": 0, "Layla X GunSenpai": 1, "♡~LittleKitteyBun~♡": 2, "Terry 🏴󠁧󠁢󠁳󠁣󠁴󠁿": 3}}, {"id": 17693625, "category": {"id": 20, "name": "Others"}, "emotion": "Meh", "turns_number": 3, "dialogues": [[1392991, 0, "kind of hate it when i wake up earlier than the sun laugh out loud", []], [1404895, 2, "it is Wrong in it ?", []], [1023788, 1, "I sleep back if I get up that really lolalso I do not even get out of my bed hata", []]], "speakers": {"‎🅽obodyˡᵉᶦ": 0, "Rohit💛": 1, "𝓑𝓱𝓪𝓿✨": 2}}, {"id": 17693605, "category": {"id": 12, "name": "Self Harm"}, "emotion": "Depressed", "turns_number": 3, "dialogues": [[558689, 0, "why do i really want to end my life , really need to talk , too open up . why can not I seriously ever get a normal day . today has been so TRIGGERING , scar and distressful yet i can not seem to calm down and i feel nothing will last and keeping myself calm . can not i bottle everything up . i Do not WANT to be ali have .", []], [516999, 2, "do me if you need to talk", []], [1372369, 1, "I do not know your issues , but a normal day or a normal life is operated.instead of mottling up your emotions and fears , face them , get over them , li have better than a normal life .", []]], "speakers": {"megan": 0, "Becky": 1, "Acala gangwani": 2}}, {"id": 17693583, "category": {"id": 10, "name": "Friends"}, "emotion": "Inspired", "turns_number": 7, "dialogues": [[565461, 0, "A friend is reaching out for me but never listens to my advice . Do I keep advising them or let it go ?", []], [1151495, 6, "if she is your friend definitely", []], [1516811, 5, "Depends if its good advice .ll", []], [889309, 4, "Most people generally reach for comfort rather than advise . Try saying them its going to be ok , and ask some questions that help them find a way themselves .", []], [1036732, 3, "Yes but maybe change your approach I do not know", []], [1404895, 2, "if he does not follow your advice , it is ok . but there is still something , he appreciated about you . Just observe about him more ,", ["😊"]], [1402669, 1, "The friend may be just reaching out for support or even distraction . If you are ok with it , try to be there for them and do not take it personally when they do not listen to your advice .", []]], "speakers": {"𝒜𝓃ℊℯ𝓁ℳ": 0, "stephIsHappy💛💙💜": 1, "Anthony F": 2, "Geek": 3, "Little miss nobody": 4, "Rohit💛": 5, "Liri": 6}}, {"id": 17693575, "category": {"id": 20, "name": "Others"}, "emotion": "Calm", "turns_number": 3, "dialogues": [[1445503, 0, "Good listener but who listens toyouryour", []], [541914, 2, "my puppy and stuffed animals", ["😥"]], [831110, 1, "exactly . it is diffuse you later.we must learn to i have and take and maintain balance", []]], "speakers": {"Fatemeh": 0, "Layla X GunSenpai": 1, "limecat": 2}}, {"id": 17693572, "category": {"id": 67, "name": "Self-Care"}, "emotion": "Calm", "turns_number": 5, "dialogues": [[1530356, 0, "What is the best self - care tip ? And what is your favorite self- care routine ?", []], [1458892, 4, "my best care tip is to do sometimes stuff for yourself like buy thing you like and make like fan day it really can help the mood sometimes and my far self care routine is the beauty mask and bone back later bath and stuff its seems so fun and i have like fresh feeling", []], [1497730, 3, "I am not sure if this is exactly a self care tip but people easily dismiss essential oils . Those little things are actually really soothing . Especially if you buy a  lava stone  necklace and put a few drops on it and wear it all day", []], [831110, 2, "guided meditation . incense and shower to cleanse nativity . feel off mass", []], [1527198, 1, "Exercise daily and do not have a bad diet . My favorite is going to sleep for nine hours .", []]], "speakers": {"（╹◡╹）♡": 0, "♡~LittleKitteyBun~♡": 1, "star": 2, "limecat": 3, "erecura": 4}}, {"id": 17693569, "category": {"id": 7, "name": "Relationships"}, "emotion": "Jealous", "turns_number": 3, "dialogues": [[1401897, 0, "Wish you the worst .", []], [1521667, 2, "why ? What did we do", []], [1517263, 1, "I accept whatever you wish .", []]], "speakers": {"deep": 0, "what'sittou": 1, "🅿🅰🅸🅽 🅺🅸🅻🅻🅴🆁": 2}}, {"id": 17693543, "category": {"id": 47, "name": "Health"}, "emotion": "Astonished", "turns_number": 4, "dialogues": [[796365, 0, "People on here are either gravely insecure or completely self absorbed .", []], [294766, 3, "ok but what about both at the same time", ["✨"]], [523914, 2, "I m the first one", []], [1527332, 1, "you are on here too brow", []]], "speakers": {"Rick Anthony Garcia": 0, "𝐋𝐢𝐳✨": 1, "CatLady": 2, "<3": 3}}, {"id": 17693542, "category": {"id": 62, "name": "Mental Health"}, "emotion": "Overwhelmed", "turns_number": 3, "dialogues": [[1511931, 0, "I just got diagnosed with paranoia .", []], [1441033, 2, "my therapist is trying to make me paranoid", []], [1485613, 1, "everybody is paranoid right now.is that all he said ? is there more to the story", []]], "speakers": {"Vaia": 0, "river song": 1, "Liv Right": 2}}, {"id": 17693530, "category": {"id": 20, "name": "Others"}, "emotion": "Sad", "turns_number": 3, "dialogues": [[831110, 0, "I think the black magic my dad is mon put on me for years did not go away . before I was born it was put on me and worked for many years after , done by professional and many years later I still suffer from it . it is not bonus . I wish it was but I witnessed it.wish there could be a way to lift it", []], [1016455, 2, "life is strange beyond measure , but you are in control of your own life .", []], [1351076, 1, "I am under the impression that there is black magic that has been put on me too . I wish there was a way to lift it but it is too late cut so many things in my life got screwed up", []]], "speakers": {"limecat": 0, "Dystopian Poetry 🇳🇱": 1, "Broken Man": 2}}, {"id": 17693529, "category": {"id": 7, "name": "Relationships"}, "emotion": "Lonely", "turns_number": 4, "dialogues": [[0, 0, "sick of doing * it * on my own every night", ["😔"]], [920271, 3, "And that is the bitch of it .", []], [1016455, 2, "I think of it as a stop gap measure", []], [1530726, 1, "it is not a bad film", []]], "speakers": {"Anonymous": 0, "Alpha1996": 1, "Dystopian Poetry 🇳🇱": 2, "Ryan Anderson": 3}}, {"id": 17693519, "category": {"id": 20, "name": "Others"}, "emotion": "Nothing", "turns_number": 4, "dialogues": [[1152544, 0, "we should create a group with older people here so they can teach us life lessons and maybe tell us fairytales hata", ["😋"]], [503431, 3, "sure , I like miles", []], [1497843, 2, "let us not and say we did", []], [1465956, 1, "older women i have the worst relationship advice , no thanks ! especially those stuck in mediocre marriages", []]], "speakers": {"𝖘𝖕𝖎𝖗𝖎𝖙 🖤": 0, "Lone wolf": 1, "Princess Creamy 🍰": 2, "⠀": 3}}, {"id": 17693513, "category": {"id": 58, "name": "LGBT"}, "emotion": "Insecure", "turns_number": 3, "dialogues": [[1359048, 0, "Just got crowned by my sidelong friends for telling them I would be open to being with a transgender woman . Why do I have to feel like shit for being open and honest with myself .", []], [541914, 2, "I m sure it was mostly lighthearted to them th . they probably know nothing about transgender people either ways", []], [508050, 1, "it is still your business . you have the right to do as you want to . set boundaries for people let them know you are not comfortable about them crossing the line .", []]], "speakers": {"Joey": 0, "Layla X GunSenpai": 1, "hello! it's a potato": 2}}, {"id": 17693508, "category": {"id": 74, "name": "Depression"}, "emotion": "Sad", "turns_number": 5, "dialogues": [[1471332, 0, "I have been suffering for so long I do not know how much I can take anymore . I feel I should just end it in like there is no point to continuing anymore", []], [1530817, 4, "Do not i have up hope understand how you feel", []], [1372369, 3, "than what would be the point to endure it this far , you are already hurt , get a reward from it .", []], [1530602, 2, "No you can not say that . You can not i have up . You came so far already . And you are getting much stronger of it . You learn from the things you experience . Do not end it , li have your life . You have a whole life for you . Do things you like , experience , discover who you are , what you like or dislike . Li have ! You deserve to li have", []], [1495752, 1, "ending it is not the best decision you can make , use that strength to move on . You have a brighter future ahead ofyouryour", []]], "speakers": {"Tyler Cheung": 0, "Luis Walter": 1, "Acala gangwani": 2, "Sophie": 3, "Jimmy": 4}}, {"id": 17693505, "category": {"id": 10, "name": "Friends"}, "emotion": "Supportive", "turns_number": 3, "dialogues": [[704576, 0, "I do not know who needs to hear this but you is not got nothing to prove to anyone on here .", []], [1226909, 2, "Proofs are trivial and left as an exercise for the reader", []], [1009324, 1, "I have a list actually", []]], "speakers": {"Falcon": 0, "Mehhhh": 1, "maio ツ": 2}}, {"id": 17693484, "category": {"id": 10, "name": "Friends"}, "emotion": "Caring", "turns_number": 3, "dialogues": [[1081182, 0, "it is 5:09 am here", []], [1530817, 2, "Have a wonderful good evening", ["😊"]], [1430852, 1, "Hey how are you doing today ?", []]], "speakers": {"Rahaf": 0, "Luis Walter": 1, "Frank": 2}}, {"id": 17693475, "category": {"id": 20, "name": "Others"}, "emotion": "Down", "turns_number": 3, "dialogues": [[1208745, 0, "can anyone let me vent bc otherwise i am going to ms soon :)", []], [1489911, 2, "message me I am here", []], [634503, 1, "You can vent to me if you had like", []]], "speakers": {"mel": 0, "Mo Begum Akshaya": 1, "Sunshine ☀️": 2}}, {"id": 17693468, "category": {"id": 20, "name": "Others"}, "emotion": "Bored", "turns_number": 3, "dialogues": [[1467410, 0, "sometimes I wonder if anyone has got a crush on me but then I remember I m sex and swag like who would not have a crush on me", []], [541914, 2, "you make a compelling argument . now is this where i propose . ?", []], [1520244, 1, "gasp how did you know I have a crush onyouryour", ["😳"]]], "speakers": {"♌": 0, "Layla X GunSenpai": 1, "velvet": 2}}, {"id": 17693455, "category": {"id": 10, "name": "Friends"}, "emotion": "Nothing", "turns_number": 3, "dialogues": [[322547, 0, "remember , you do not want to break someone is neck , you just bored", []], [1403569, 2, "no I actually do just my own neck though", []], [1441033, 1, "but what if we really do . just to hear the sound", []]], "speakers": {"𝙆𝙝𝙖𝙡𝙞𝙙": 0, "Cinnamon :)": 1, "river song": 2}}, {"id": 17693437, "category": {"id": 20, "name": "Others"}, "emotion": "Sad", "turns_number": 3, "dialogues": [[1337218, 0, "I would love to discuss about art so bad but I do not know how to do it , I feel I m too stupid for that and also I have no one with whom I could talk about it .", []], [1514357, 2, "You have to find someone who does not know it 8) for example me d", []], [728874, 1, "you are definitely not stupid.do not talk about yourself that way .", []]], "speakers": {"Zuza": 0, "emo emo ciencie": 1, "🇺🇸RobbyRockRobster🎸": 2}}, {"id": 17693425, "category": {"id": 7, "name": "Relationships"}, "emotion": "Amused", "turns_number": 4, "dialogues": [[615826, 0, "i think women hate men because men naturally have better lashes and eyebrows", []], [1266742, 3, "My eyelashes are pretty stunning , nl .", []], [1441033, 2, "no . I do not like men in general cause they lack brains character personality shall I go on ?", []], [1373085, 1, "men naturally have better hair ! and that is UNFAIR", ["😖", "😣"]]], "speakers": {"User Banned": 0, "Señor Сука": 1, "river song": 2, "Hedwig🌺": 3}}, {"id": 17693416, "category": {"id": 65, "name": "Eating Disorders"}, "emotion": "Hopeful", "turns_number": 3, "dialogues": [[1524774, 0, "Hey so i am really hungry , I have been kind of starving myself and it is because my stomach starts to hurt when I eat much so anybody have any i had i had", []], [1529146, 2, "Try more healthy dies ? Have you gone to a doctor ?", []], [881651, 1, "hey that does not sound very good . go to a doctor to determine the cause of the stomach pains", []]], "speakers": {"MalachijacksMC": 0, "Zahra": 1, "hekkie": 2}}, {"id": 17693399, "category": {"id": 62, "name": "Mental Health"}, "emotion": "Supportive", "turns_number": 5, "dialogues": [[1474260, 0, "What helps you cope with your mental health issues?For me it is definitely talk therapy and writing . Anyone else use writing to process stuff and get it out of their head ?", []], [1467410, 4, "I draw slightly angry related stuff to cope", []], [1501543, 3, "For me it is super loud music . Gets me out of reality .", []], [1226909, 2, "Writing and listening to music .", []], [1530602, 1, "I write every day in my journal . And what I do too is listening to music , it helps me to shut off my emotions and just stare at the ceiling .", []]], "speakers": {"em": 0, "♌": 1, "Riddler": 2, "Mehhhh": 3, "Sophie": 4}}, {"id": 17693395, "category": {"id": 7, "name": "Relationships"}, "emotion": "Shocked", "turns_number": 5, "dialogues": [[0, 0, "He said please . I said no . He said it ll be fun . I said ok . Now it hurts . Shit", []], [698501, 4, "shall be fine in to days . normal time it takes", []], [1439783, 3, "everything going to be alrighttrust me", ["🙂"]], [634503, 2, "That is not right that he pressure you into doing it , are you ok ?", []], [1489911, 1, "message me I am here", []]], "speakers": {"Anonymous": 0, "aarav": 1, "heretohelp": 2, "Sunshine ☀️": 3, "Mo Begum Akshaya": 4}}, {"id": 17693388, "category": {"id": 15, "name": "Family"}, "emotion": "Depressed", "turns_number": 6, "dialogues": [[1517379, 0, "I just want positively in my life .", []], [1311796, 5, "Sending positively energy to you", []], [916195, 4, "I m here , but not sure if I can get into your life", []], [1530818, 3, "I desperately need that too , but my mind always has to be so negative have", []], [833619, 2, "same . i want to be happy again .", ["😶"]], [1482300, 1, "Me too , probably impossible to reach though .", []]], "speakers": {"Newbie": 0, "🙂MYSTERY  WIZARDESS🙂": 1, "Devil": 2, "Belinda M": 3, "луна": 4, "Jacob": 5}}, {"id": 17693355, "category": {"id": 20, "name": "Others"}, "emotion": "Afraid", "turns_number": 3, "dialogues": [[0, 0, "I am so afraid to be a rude person after distressful life , bullets and anxiety", []], [1238949, 1, "Learn to set boundaries instead", []], [1238949, 1, "And learn to love yourself and have hope for the future", []]], "speakers": {"Anonymous": 0, "cheesy watsits": 1}}, {"id": 17693337, "category": {"id": 62, "name": "Mental Health"}, "emotion": "Bored", "turns_number": 5, "dialogues": [[1501543, 0, "Why are emotions so strong in the evening ?", []], [1372672, 4, "I am tired of it", ["💀"]], [1492755, 3, "because it is the time we are not that busy and mostly alone", []], [725140, 2, "Could be things are calming down . More time with yourself . It gets dark , i have you some sort of glory feeling . Also heard sun is linked with serotonin , which helps you feel better . So many things th .", []], [1530602, 1, "I think bc that is when you have time to think . I hate it , I can never fall asleep easy bc I m overthinking so much", []]], "speakers": {"Riddler": 0, "sofi": 1, "ⴑⲘⲂꞄⲀ": 2, "Cruel World": 3, "Sophie": 4}}, {"id": 17693331, "category": {"id": 63, "name": "My Story"}, "emotion": "Exhausted", "turns_number": 3, "dialogues": [[0, 0, "I do not want to wake up again , it is hard", []], [1530602, 2, "I know it is hard . But you can not i have up ? ! You get stronger of everything you are going thou . And giving up is not an option ok ? You need to make the best of life . Do the things you want to do , be you , discover what you like and dislike , experience ! It can be hard to go out of bed . But put that Playlist on and li have your life", []], [1304423, 1, "at the start will be hard but do not matter how dark and high it get i know there is something waiting for you at the end of the towel only person can do this is you its all there in u", []]], "speakers": {"Anonymous": 0, "Sophie": 1, "🐈hello little kitty": 2}}, {"id": 17693291, "category": {"id": 62, "name": "Mental Health"}, "emotion": "Supportive", "turns_number": 5, "dialogues": [[1530792, 0, "will things ever get better ?", []], [1372672, 4, "it will , be patient you got this", []], [571085, 3, "I ask the same of myself .", []], [1465956, 2, "no but you ll sure have", []], [328815, 1, "do you need to talk ?", []]], "speakers": {"Megha Pradhan": 0, "sofi": 1, "Im Ho Tep": 2, "⠀": 3, "scorpion 🦂♏❤️": 4}}, {"id": 17693272, "category": {"id": 10, "name": "Friends"}, "emotion": "Meh", "turns_number": 5, "dialogues": [[657333, 0, "no one : me at 3 am : watching how to make behind", []], [1372672, 4, "AHAHAH that is cut the", []], [1463388, 3, "this band have got to be food", []], [1392086, 2, "yea i need some good behind really morning", []], [708374, 1, "so how to make behind", []]], "speakers": {"sleepy": 0, "sofi": 1, "Username": 2, "deepressed plaStick in the Buttle in the sea": 3, "RN RN": 4}}, {"id": 17693271, "category": {"id": 7, "name": "Relationships"}, "emotion": "Nostalgic", "turns_number": 9, "dialogues": [[1114856, 0, "Why are you single ?", []], [1193909, 8, "who told you I am", []], [1372672, 7, "I have a disease called unattractive harness", []], [1343991, 6, "cut I can not be anyone welcomehere near people", []], [541914, 5, "cause I m in a weird committed relationship with my best friend but we are not dating but we are basically dating .", []], [1199762, 4, "too many shots to pick from", []], [1465956, 3, "I m in love with my singleness , I struggle with the inconvenience of others", []], [1420354, 2, "Because I choose to be", []], [1530602, 1, "On the one hand I want to be single but on the other hand I m afraid of a relationship because I have never had one before", []]], "speakers": {"Adam Vi Britannia": 0, "UNLIVING": 1, "sofi": 2, "Blurryface": 3, "Layla X GunSenpai": 4, "peach tongue peach": 5, "⠀": 6, "Daughter of Hekate": 7, "Sophie": 8}}, {"id": 17693266, "category": {"id": 7, "name": "Relationships"}, "emotion": "Tired", "turns_number": 6, "dialogues": [[691827, 0, "I am embarrassed of my kinds I need help", []], [1489911, 5, "message me I am here", []], [634503, 4, "What does it matter what they are ? Everyone has their own things they like", []], [994467, 3, "You need Jesus Christ and holy Bible", []], [1194921, 2, "Nothing to be embarrassed of", []], [675844, 1, "I do not know kinds can be fun laugh out loud", []]], "speakers": {"Zoya": 0, "Mo Begum Akshaya": 1, "Sunshine ☀️": 2, "( 。・_・。)𝒰𝓉 𝒶𝓂ℯ𝓇𝒾𝓈, 𝒶𝓂𝒶𝒷𝒾𝓁𝒾𝓈 ℯ𝓈𝓉ℴ( 。・_・。)": 3, "Satan": 4, "Logan": 5}}, {"id": 17693262, "category": {"id": 75, "name": "Life Hacks"}, "emotion": "Calm", "turns_number": 3, "dialogues": [[1474260, 0, "anyone else really enjoy watching cleaning worn ?", []], [1392069, 2, "What is that thing ?", []], [1454442, 1, "i watch all types of worn but what is the clean one ?", ["🤔"]]], "speakers": {"em": 0, "Pizza & Beer 🍕🍻": 1, "kiss me you gay ! 🙄": 2}}, {"id": 17693213, "category": {"id": 20, "name": "Others"}, "emotion": "Sad", "turns_number": 3, "dialogues": [[831110, 0, "feeling low . it is so scar . I wish something would change .", []], [1314851, 2, "Is it possible for you to make a change ?", []], [1129541, 1, "Anything I can do to help . Sorry you feel what you feel xx", []]], "speakers": {"limecat": 0, "Newbie": 1, "🎖️Blessing M": 2}}, {"id": 17693181, "category": {"id": 62, "name": "Mental Health"}, "emotion": "Afraid", "turns_number": 3, "dialogues": [[1348940, 0, "no one wants to help me with my therapy questions", []], [1253816, 2, "what do you want to ask ?", []], [1276000, 1, "i would be glad to if you want", []]], "speakers": {"LauraStgermain": 0, "hobocollector": 1, "BVLN": 2}}, {"id": 17693144, "category": {"id": 15, "name": "Family"}, "emotion": "Overwhelmed", "turns_number": 5, "dialogues": [[1521667, 0, "Do your shillings always ask for money too . I am fed up with providing money to my his .", []], [1152544, 4, "I m the one asking for money", []], [1264315, 3, "luckily my to adult shillings have jobs so . teach her how to be independent", []], [1106606, 2, "that is so nice of you this is just best example of a good brother", ["😂"]], [691827, 1, "Hata I have never asked my brother for a penny he asks me for money even the he is the one with a job :( l", []]], "speakers": {"what'sittou": 0, "𝖘𝖕𝖎𝖗𝖎𝖙 🖤": 1, "Nam": 2, "omnia": 3, "Zoya": 4}}, {"id": 17693136, "category": {"id": 20, "name": "Others"}, "emotion": "Supportive", "turns_number": 6, "dialogues": [[599035, 0, "CO of not knowing how to express feelings", []], [1066151, 5, "CO of losing control over myself when I am angry", []], [998704, 4, "I can say same to that", ["😅"]], [644884, 3, "There is hope for you", []], [1465956, 2, "CO of not knowing what I feel", []], [1496894, 1, "now , can I get a job in you are company ?", []]], "speakers": {"tnelis": 0, "Cheese burst pizza": 1, "V♏": 2, "Danny": 3, "⠀": 4, "HouseOfCards": 5}}, {"id": 17693110, "category": {"id": 74, "name": "Depression"}, "emotion": "Down", "turns_number": 3, "dialogues": [[1530456, 0, "I feel like it has been too diffuse you later to get out of bed in the morning . All I want to do is muddle up in the blankets and forget that I have to li have .", []], [1420354, 2, "I hope tomorrow will be easier for you", []], [1530792, 1, "it hurts to wake sometimes like it hurts to fall asleep", []]], "speakers": {"OwO": 0, "Daughter of Hekate": 1, "Megha Pradhan": 2}}, {"id": 17693098, "category": {"id": 20, "name": "Others"}, "emotion": "Meh", "turns_number": 3, "dialogues": [[1396840, 0, "All these scars , make it hard for me to remain loyal .", []], [998704, 2, "stay loyal or fucking leave there should not be a. third option", []], [1140459, 1, "do not worry . let me take a to a dermatologist . huge", []]], "speakers": {"ded.": 0, "V♏": 1, "S̶̶i̶̶r̶̶i̶̶u̶̶s̶̶A̶̶c̶̶u̶̶b̶̶e̶̶n̶̶s̶̶": 2}}, {"id": 17693080, "category": {"id": 11, "name": "Hopes"}, "emotion": "Lonely", "turns_number": 3, "dialogues": [[685700, 0, "i feel like no one shares the way i see the world", []], [1517263, 2, "Everyone have a different way to see the world . for happy people it is heaven and for sad its worst then hell.how do you see ?", []], [1025822, 1, "And how do you see the world", []]], "speakers": {"Sally 🌌": 0, "🅿🅰🅸🅽 🅺🅸🅻🅻🅴🆁": 1, "Anomic-Lycan19": 2}}, {"id": 17693079, "category": {"id": 47, "name": "Health"}, "emotion": "Afraid", "turns_number": 3, "dialogues": [[0, 0, "I m afraid of heart attacks , strokes and blood clots", ["😓"]], [1517263, 2, "believe me , nothing of them will happen toyouryour", []], [532358, 1, "blood clots are not fun at all I had them on my lungs and legs and spent 3 days in the ICE in hospital last year", []]], "speakers": {"Anonymous": 0, "🅿🅰🅸🅽 🅺🅸🅻🅻🅴🆁": 1, "Ryan Daly": 2}}, {"id": 17693070, "category": {"id": 7, "name": "Relationships"}, "emotion": "Loving", "turns_number": 7, "dialogues": [[1530792, 0, "i feel like no one will ever love me for who i am.and i fear and i know that they will always choose someone else over me", []], [698501, 6, "you are free to choose the best as well no", []], [536646, 5, "why you feel like that", []], [1355620, 4, "sorry to hear that . definitely god ll send one person in you are ly the way who you are. bring some position have vices gang in herself every thing ll be fine soon anyone welcomes welcome to talk life world in if you need my help feel free to txt I m here for you always spread peace nd positively all around good luck mate", ["😊", "❤", "👍"]], [568664, 3, "hey would you like to talk about it", []], [1489911, 2, "I wo not do like that message me I am here", []], [328815, 1, "do you need to talk ?", []]], "speakers": {"Megha Pradhan": 0, "aarav": 1, "Codebreaker": 2, "king no.1🖤": 3, "animalpuppy83": 4, "Mo Begum Akshaya": 5, "scorpion 🦂♏❤️": 6}}, {"id": 17693039, "category": {"id": 7, "name": "Relationships"}, "emotion": "Confused", "turns_number": 6, "dialogues": [[1521235, 0, "When i m with my boyfriend it is so quiet . He is so quiet . He does not talk and seems empty . I often ask what is wrong , but I do not get an answer .", []], [1089633, 5, "i could not be together with someone like that", []], [1493285, 4, "this situation must be diffuse you later for you", []], [1525929, 3, "Gash I feel like that is going to be me if I date someone because I get so breaking shy and quiet ugh", []], [1515327, 2, "have he been always like that ?", []], [1530602, 1, "Maybe nothing is wrong or maybe something is wrong . You need to feel it . But some people are just quiet , that is who they are . And maybe instead of asking what is wrong , show him that he is safe and loved with you and maybe he will open up . This are just tips :)", []]], "speakers": {"shemasterpeace.": 0, "blackbird": 1, "CallMeMervis": 2, "Wasurenagusa": 3, "S. the Crab": 4, "Sophie": 5}}, {"id": 17693037, "category": {"id": 63, "name": "My Story"}, "emotion": "Amused", "turns_number": 4, "dialogues": [[935879, 0, "Can not believe I m about to say this . but I think I m actually going to work out now?I have been feeling so low lately and have completely ignored exercising so doing this is a step in the right direction .", []], [1223226, 3, "ay let us go !", []], [1527604, 2, "That is awesome . Go for it", []], [1520159, 1, "same place yesterday ! first work out sucked so much , laugh out loud , my form was terrible , but you feel so proud of yourself after , and just know , each time after that , it gets a little easier . I m going to have some coffee and go for round to today ! if you need encouragement feel free to reach out to me", []]], "speakers": {"W": 0, "B": 1, "Greaser79": 2, "BannersHanners": 3}}, {"id": 17693026, "category": {"id": 11, "name": "Hopes"}, "emotion": "Lonely", "turns_number": 4, "dialogues": [[685700, 0, "how was you day ?", []], [1233296, 3, "unproducti have as usual , yours ?", []], [432705, 2, "good thank you what about yours ?", []], [1506538, 1, "could be better yours ?", []]], "speakers": {"Sally 🌌": 0, "Aamir Nakhwa": 1, "anoir": 2, "~🖤_LønəWølf_🖤~": 3}}, {"id": 17693010, "category": {"id": 7, "name": "Relationships"}, "emotion": "Lonely", "turns_number": 4, "dialogues": [[0, 0, "is it bad for a man to be physically attracted to a woman", []], [1443099, 3, "it is human biology , so I would say no", []], [1454442, 2, "yes you should be attract to no one , woman was or even man", ["🙄"]], [1305616, 1, "No , but it should not be the only reason you are together", []]], "speakers": {"Anonymous": 0, "Anton 🦝": 1, "kiss me you gay ! 🙄": 2, "🍬𝕂𝕚𝕞𝕞𝕚𝕔𝕠🍬": 3}}, {"id": 17692979, "category": {"id": 62, "name": "Mental Health"}, "emotion": "Supportive", "turns_number": 5, "dialogues": [[1473041, 0, "it is ok to feel bad sometimes but it is not ok to not do something about it and to pity yourself . that is harmful", []], [1506684, 4, "You really make great posts ; keep at it !", []], [1224316, 3, "Nice reality check for people who overthink a lot", []], [1529245, 2, "True . That feelings helped our ancestors sure have .", []], [1530107, 1, "Thank you for this , I thought like I was alone to feel this way and I feel really understood right now . Thank you so much !", []]], "speakers": {"Marisa": 0, "Ares": 1, "Anatomy of Talklife": 2, "Eight Immortals": 3, "Ellora": 4}}, {"id": 17692949, "category": {"id": 48, "name": "Work"}, "emotion": "Supportive", "turns_number": 5, "dialogues": [[1140521, 0, "To learn something new at 40 is really hard", []], [614251, 4, "What are you trying to learn", []], [1435614, 3, "you can do it . just put your mind to it", []], [1302306, 2, "but you are beliefs make it easy", []], [1190741, 1, "age is just number . be energetic all time to learn new things .", []]], "speakers": {"Mansi Joshi": 0, "BIG MAAW": 1, "Rad": 2, "User Banned": 3, "Alex": 4}}, {"id": 17692942, "category": {"id": 50, "name": "Music"}, "emotion": "Supportive", "turns_number": 3, "dialogues": [[1288235, 0, "I started a jokewhich started the whole world cryingbut I did not seethed the joke was on me , oh no .", []], [1507139, 1, "Such a good Bee Goes classic !", []], [1507139, 1, ".but the Faith No More version is just as great .", []]], "speakers": {"Jen": 0, "Newbie": 1}}, {"id": 17692895, "category": {"id": 10, "name": "Friends"}, "emotion": "Stressed", "turns_number": 4, "dialogues": [[1528733, 0, "Ca not believe I woke up to be told i am a screw up . How is your day going ?", []], [1065604, 3, "woke up to myself pretty much telling myself I m a screw up so I feel a . great way to start the day", []], [1049791, 2, "I slept at 6Am and got a call from find about exam schedule at 8Am so I just woke up.and latter on I got to know that notice was face.so basically I woke up with a prank", ["😑"]], [1511098, 1, "Other of is expectations are balls*t . And they can stamp that s*t and send it to Chicago .", []]], "speakers": {"BabyDreamer": 0, "Tag Gat": 1, "silence!🤫": 2, "JiPolar🇯🇲Bamaican": 3}}, {"id": 17692863, "category": {"id": 10, "name": "Friends"}, "emotion": "Anxious", "turns_number": 3, "dialogues": [[1450092, 0, "I told my ( face ) friends it was nice to meet them but I hope I never see them again", ["😞"]], [796983, 2, "The first step of not being involved with toxic people is telling them what you do not like and what you do . try speaking for yourself .", ["🧡", "🙂"]], [1530050, 1, "this line is from song closer ?", []]], "speakers": {"Suzia": 0, "Not-a-cookie🍪": 1, "Sweetiele": 2}}, {"id": 17692790, "category": {"id": 58, "name": "LGBT"}, "emotion": "Nervous", "turns_number": 3, "dialogues": [[1496082, 0, "I am so round of you ! You are valid ! I hope you will be happy <3", []], [656550, 2, "take your time . do not rush yourself into decisions or a label . you ll find out eventually . I m proud of you", []], [1529943, 1, "It must be a lot to endure , consider talking to them , please stay safe .", []]], "speakers": {"kyaa": 0, "GalaxySky": 1, "Decay": 2}}, {"id": 17692770, "category": {"id": 73, "name": "Disabilities"}, "emotion": "Supportive", "turns_number": 8, "dialogues": [[997472, 0, "If all printers were determined not to print anything till they were sure it would offend nobody , there would be very little printed . Benjamin franklinbut you know the right way . Keep flagging and follow the guideline .", []], [1447029, 7, "one of those times I regret we do not have reactions anymore cause only one like is not enough", []], [1474260, 6, "I had an interview at a printing company today and the lady was a straight up bitch !", []], [1530801, 5, "What a wise insight from Benjamin Franklin .", []], [154152, 4, "I love that . And I can not even imagine while kind of book would not offend anyone , even a phonebook would be offense have to some people it seems", []], [738601, 3, "I wish more people spotted a skull .", []], [1151495, 2, "that is an amazing route", []], [1079057, 1, "I think he saw his prophecy fulfilled , for good or ill", []]], "speakers": {"Echidna": 0, "Viv backup account": 1, "em": 2, "MyShadow": 3, "RedSmile": 4, "Lucy In The Sky With Diamonds": 5, "stephIsHappy💛💙💜": 6, "Dark Mirror..": 7}}, {"id": 17692755, "category": {"id": 74, "name": "Depression"}, "emotion": "Depressed", "turns_number": 3, "dialogues": [[1516731, 0, "look sum I can fly .", ["🙃"]], [1478491, 2, "I can not believe it , I have heard tales", []], [1264331, 1, "come to meet me then", []]], "speakers": {"Anthi": 0, "Eden": 1, "believer(?)": 2}}, {"id": 17692717, "category": {"id": 75, "name": "Life Hacks"}, "emotion": "Loving", "turns_number": 3, "dialogues": [[704576, 0, "For me there is nothing better than waking up and having a cup of coffee , I love the really mornings ! Comment If you are a morning person or a night person and why !", ["💛"]], [1530681, 1, "I do not like mornings , bc I have to get up when all I want is to sleep", ["😩"]], [1530681, 1, "But summer mornings are very beautiful . Sometimes I wake up just to see it", ["🤗"]]], "speakers": {"Falcon": 0, "Dreana🍀": 1}}, {"id": 17692709, "category": {"id": 10, "name": "Friends"}, "emotion": "Caring", "turns_number": 3, "dialogues": [[1520598, 0, "Is depression real ? Or is it just the illusion of laboring themselves with something so that people can validity / accept why they act a certain way", []], [947263, 2, "I thought it was a harmony balance", []], [1530781, 1, "It is a form of apathy or numbness . But some people feel exhausted as well", []]], "speakers": {"Vic.m": 0, "tryingtobehappy": 1, "D": 2}}, {"id": 17692676, "category": {"id": 11, "name": "Hopes"}, "emotion": "Hopeful", "turns_number": 3, "dialogues": [[1140521, 0, "Tucking and lodging through unsolicited advice .", []], [1416538, 2, "www feeling you as I have been there too", []], [1514385, 1, "Same but in my case I know the advice is correct and I just do not have the energy to follow it .", []]], "speakers": {"Mansi Joshi": 0, "User Banned": 1, "Callie": 2}}, {"id": 17692674, "category": {"id": 20, "name": "Others"}, "emotion": "Meh", "turns_number": 4, "dialogues": [[1530483, 0, "ok guns . when a girl seriously injuries your heart / pride.y do you go all silent on us ? or did I just answer my own question .", []], [1523006, 3, "Yes you did . It is like asking - why do you bleed if I stabyouryour", []], [1049791, 2, "you already have you answer", ["🙃"]], [626944, 1, "yes the silent treatment is also a form of abuse , it is emotional abuse and it hurts", []]], "speakers": {"Mental Blonde": 0, "de>MEN<tal": 1, "silence!🤫": 2, "In Limbo 😒": 3}}, {"id": 17692672, "category": {"id": 10, "name": "Friends"}, "emotion": "Optimistic", "turns_number": 3, "dialogues": [[1167900, 0, "i was not expecting him to be a virgin i mean who would he is 31 . i should not of sleeper with him i am on na end up halting him an that is the last thing on my mind . did not want to be his first . my head is up my are . all because i am having a midwife crisis i should no better i am 10 years older . i feel dirty cringe", ["😣"]], [1167900, 0, "at least i am laughing now . but feeling evil", ["😈", "💀"]], [1373679, 1, "I agree . 10 years is too much . the ideal would be same age . In the maximum of maximum one year younger . But 10 years is too much .", []]], "speakers": {"Diana": 0, "Ghost": 1}}, {"id": 17692668, "category": {"id": 15, "name": "Family"}, "emotion": "Proud", "turns_number": 3, "dialogues": [[1527930, 0, "Happy family , happy new month to All", []], [616487, 2, "CUT . Happy month to you too !", []], [1530789, 1, "love the smile on kiss", ["🤗"]]], "speakers": {"moureen Mike": 0, "MohammedB": 1, "subhash royal": 2}}, {"id": 17692644, "category": {"id": 63, "name": "My Story"}, "emotion": "Bored", "turns_number": 3, "dialogues": [[0, 0, "I desperately been searching for someone who would get the metes I share.like man it is awkward having to explain them to make you laugh.sadly I m still searching", []], [1146559, 2, "brow i feel this so much", []], [1000745, 1, "it is really hard to find that kind of person .", []]], "speakers": {"Anonymous": 0, "happily confused .": 1, "Ash": 2}}, {"id": 17692642, "category": {"id": 7, "name": "Relationships"}, "emotion": "Confused", "turns_number": 4, "dialogues": [[1529146, 0, "I m always do confused.why is it so hard to know what is right and what is wrong ? I constantly doubt myself , doubt my beliefs have doubts about my loved ones.what the hell is wrong with me ? !", []], [1049791, 3, "co you are still at the learning phase of life.all you need is experience", ["😉"]], [1530280, 2, "Try to have a diary Maybe write your beliefs now and then and then are read them and see it they have evolved", []], [831110, 1, "I believe you have trauma.they say when we are confused it means we grew up with strict parents . and we must heal our inner child and learn to trust our gut feeling", []]], "speakers": {"Zahra": 0, "silence!🤫": 1, "FiorellaPalacios": 2, "limecat": 3}}, {"id": 17692637, "category": {"id": 20, "name": "Others"}, "emotion": "Overwhelmed", "turns_number": 3, "dialogues": [[421346, 0, "I had a dream about cutting myself and my aunt saw me and threatened to tell my mon . I have not cut myself in a month now and I think that dream just trigger me to do so . I m trying not to , but i feel so overwhelmed by everything that is going on in my life , that cutting does not seem like a bad idea . I am just so tired of everything I just want to disappear", []], [1515113, 2, "weird how our brains sabotage us", []], [1224288, 1, "You know it wo not change the things going on . It would only be a very short relieve . So stay strong . You got this . You made it a month now do not i have this up now . And you can go a lot more without cutting . So try to do something good for yourself , distract yourself , do anything but please do not harm yourself again .", ["💜"]]], "speakers": {"habitrabbit": 0, "crazy bitch": 1, "Ella": 2}}, {"id": 17692592, "category": {"id": 10, "name": "Friends"}, "emotion": "Caring", "turns_number": 3, "dialogues": [[1496475, 0, "I feel so insecure about everything", []], [1483652, 1, "who made you feel like this", []], [1483652, 1, "you do not li have to impress others remember that , so it is time you start rousing on yourself and instead of seeing your securities of smith negative have , embrace them , bc this is who you are and no one can change that , only you , start working on yourself .you will see things will get better  stay strong", ["♥"]]], "speakers": {"Z": 0, "stef33": 1}}, {"id": 17692566, "category": {"id": 7, "name": "Relationships"}, "emotion": "Worried", "turns_number": 4, "dialogues": [[1529146, 0, "Sometimes I feel like I can never find true love , sometimes I wonder if it is all a myth . Sometimes I wonder if I can find someone I can be happy with . I am 20 and I only have one friend with whom I m all comfortable and can talk with her about everything and not be afraid of being judged . Now how much are the odds I can find a boy like that who likes me back ? :(", []], [1049791, 3, "you ll surely find one.just wait", ["🙃"]], [1530602, 2, "The right boy comes at the right time . And mostly when you do not expect it", []], [1526200, 1, "hopefully you find the boy of you are dreams , but statistical speaking you have more the 50 percent chance", ["😅"]]], "speakers": {"Zahra": 0, "silence!🤫": 1, "Sophie": 2, "Sachin Kumar": 3}}]