[{"id": 17064708, "category": {"id": 7, "name": "Relationships"}, "emotion": "Annoyed", "turns_number": 3, "dialogues": [[1461766, 0, "I remember being confessed to on Valentine is day , but laughed it off as a joke from a friend . We never talked after that . That was 5 years ago .", []], [1061617, 2, "only up to chapter eight after finding a joke in seven from all the shipping odds of the ran to reach the holy months", []], [1371691, 1, "Now May be you thought its a prank .", ["🤣"]]], "speakers": {"Cpt. Bisexual Yam🌈✨": 0, "Newbie": 1, "Andromache_The_Scythian": 2}}, {"id": 17064705, "category": {"id": 7, "name": "Relationships"}, "emotion": "Amused", "turns_number": 5, "dialogues": [[1478168, 0, "www my toxic narcissist ex boyfriend . wants to start calling me . sorry but your calls and messages are blocked . your also blocked from sending me messages on ff . have got to take care of me ! I m my # 1 priority !", ["🤔"]], [1234825, 4, "a how sweet ! .Sentence him to loneliness forever for his crimes .", []], [1492210, 3, "Narcissists like him are low level . Seek a malignant one next time .", []], [1492040, 2, "the first step to healing . keep it up", ["💯"]], [1494246, 1, "That is good sweet you just have to li have your life to the fullest ", ["❤", "😊"]]], "speakers": {"Emilee": 0, "Marshmallow": 1, "User Banned": 2, "Nicholas": 3, "KelvinDecker": 4}}, {"id": 17064684, "category": {"id": 62, "name": "Mental Health"}, "emotion": "Sad", "turns_number": 3, "dialogues": [[1489924, 0, "I do not have anymore boards for painting  NO", ["😿", "🎨", "🧑"]], [1466816, 2, "mental breakdown 3 to to", []], [951974, 1, "paint me . body art", ["😁", "😄"]]], "speakers": {"whatswrongwithraphguillholt": 0, "Naturally Cool": 1, "EtherealDove": 2}}, {"id": 17064669, "category": {"id": 20, "name": "Others"}, "emotion": "Sad", "turns_number": 3, "dialogues": [[1494326, 0, "Gold can get rusty sometimes but it still has value .", []], [1010804, 2, "just For your information real gold does not erode", []], [262559, 1, "A i have missed seeing your posts , love the new pp", []]], "speakers": {"Cathryne Novak": 0, "OUCIMmeB4UICUR12": 1, "𝐶𝑒𝑙𝑒𝑠𝑡𝑖𝑎𝑙": 2}}, {"id": 17064655, "category": {"id": 62, "name": "Mental Health"}, "emotion": "Tired", "turns_number": 4, "dialogues": [[506583, 0, "Ever have the feeling that someone you know is about to die ? it is happened to me a few times  going through a bout of depression and then finding out someone died . Which then makes it worse . Am I just depressed or do other people have similar experiences ?", []], [1488379, 2, "I had it once , woke up feeling the urge to call someone from whom I have not heard in a while , one of their family members picked up and informed me that this person had passed away three days prior , it was weird th , I only experienced it that one time", []], [1488379, 2, "Thank you , so sweet of you , no I have not had dreams , it is just waking up with that weird urge to call and check up on them , a bit melancholia vices on my mind", []], [1013122, 1, "I do not get depression from that but I always get some sort of warning before that happens", []]], "speakers": {"this_is_your_brain_on_pugs": 0, "IceLoner": 1, "Hedwig 💜💜": 2}}, {"id": 17064640, "category": {"id": 63, "name": "My Story"}, "emotion": "Chilled", "turns_number": 4, "dialogues": [[1493811, 0, "There is a thin line between pleasure and pain . Why not merge them", []], [1061617, 3, "peril coffee - it harms my facts - now in conjunction with barn is negatory pills", []], [446095, 2, "Him you may be right .", ["🤔"]], [1404217, 1, "ok that sounded hell have hot what the fuck", []]], "speakers": {"Username": 0, "Newbie": 1, "TboneSteak": 2, "HowAreYou? ²": 3}}, {"id": 17064627, "category": {"id": 58, "name": "LGBT"}, "emotion": "Confused", "turns_number": 4, "dialogues": [[1155338, 0, "I do not understand guns who hate days but fetishize lesions .", []], [1494214, 3, "I m gay and it confused me all the time . I m also confused as to why all straight guns think we want to have relations with them .", []], [1459214, 2, "Agree , I hope they choke", ["💖"]], [754168, 1, "because they are also misogynistic too . they hate gay men because they are homophobic but tolerate lesions because they view them as sex objects", []]], "speakers": {"Ana Sofia": 0, "open and honest": 1, "Juke": 2, "Darcassian": 3}}, {"id": 17064609, "category": {"id": 15, "name": "Family"}, "emotion": "Sad", "turns_number": 3, "dialogues": [[0, 0, "People fatshaming my brother hurts me", []], [1107828, 2, "Hurt them . Please .", []], [1494220, 1, "people are being people you guns need to overcome this", []]], "speakers": {"Anonymous": 0, "Lily🦄": 1, "Ali Şener": 2}}, {"id": 17064607, "category": {"id": 52, "name": "Parenting"}, "emotion": "Amused", "turns_number": 3, "dialogues": [[1358087, 0, "Son : Ami you know what my favorite color is . ? Me : Which one is it baby?Son : RAINBOW ! Me : . So but which one.?Son : RAINBOW . Me : I-.What an excellent choice my love . Sometimes you just have got to go with it . Love your breaking kiss .", ["😘", "🌈", "🤔", "😉", "😂", "❤"]], [1232512, 2, "That is the chest thing I have heard since 2021 God keeps him safe for you and you for him ", ["😍", "❤", "💕", "💗", "💙"]], [347145, 1, "Rainbow are beautiful :) and yes have got to love", ["❤"]]], "speakers": {"🌻sünf£øw€r🌻": 0, "Fearless": 1, "Donald A Bunce": 2}}, {"id": 17064590, "category": {"id": 62, "name": "Mental Health"}, "emotion": "Caring", "turns_number": 4, "dialogues": [[1489449, 0, "I had a really rough day", []], [1490119, 3, "if you want to talk to someone you can message me", []], [1459214, 2, "I hope tomorrow is better for you take care", ["💙"]], [1493832, 1, "Always remember : it is just a bad day . does not mean that it will be like this forever . Take care !", []]], "speakers": {"Mashael": 0, "Tay": 1, "Juke": 2, "Sunday": 3}}, {"id": 17064542, "category": {"id": 11, "name": "Hopes"}, "emotion": "Nostalgic", "turns_number": 5, "dialogues": [[881346, 0, "I want them Oh my god , huge and support buttons back :(", []], [994467, 4, "same , it is unbearable", []], [707787, 3, "it is great hugging post SOLO", ["😁"]], [1321590, 2, "Web version of pp has all those Babe that is why I use web", []], [836350, 1, "wait what , you made me realize . is is", []]], "speakers": {"Lilith": 0, "⁄(⁄ ⁄•⁄-⁄•⁄ ⁄)⁄": 1, "🎻📏": 2, "☣Pronoun=DNA/MOLECULE☢": 3, "Livontad": 4}}, {"id": 17064498, "category": {"id": 20, "name": "Others"}, "emotion": "Nothing", "turns_number": 4, "dialogues": [[1230830, 0, "Is it hard to be kind ?", []], [1254403, 3, "it is hard to be", []], [814432, 2, "ah but it is really easy to be mean", []], [1489255, 1, "To myself . ? Yes . Others no .", []]], "speakers": {"🦋aaaether🦋": 0, "brighteyesvividreams": 1, "ice": 2, "Sunny": 3}}, {"id": 17064493, "category": {"id": 7, "name": "Relationships"}, "emotion": "Caring", "turns_number": 3, "dialogues": [[1203142, 0, "Any one citizen of canada there specially montreal quebec", []], [1394118, 2, "I m Canadian but I m around Toronto . I have been to Montreal once .", []], [1417955, 1, "will be moving there in few months for masters", []]], "speakers": {"Taline Levon Boyadjian": 0, "D R E A R Y": 1, "Sameer": 2}}, {"id": 17064478, "category": {"id": 62, "name": "Mental Health"}, "emotion": "Loving", "turns_number": 3, "dialogues": [[1484603, 0, "I had a panic attack today .", ["💭"]], [1489255, 2, "Hang in there . Deep breath and eat some chocolate .  You got this friend .", ["♥"]], [461554, 1, "Any parties you lateral trigger or just random", []]], "speakers": {"Malu": 0, "Sunny": 1, "I Never Changed, The World Did": 2}}, {"id": 17064476, "category": {"id": 65, "name": "Eating Disorders"}, "emotion": "Confused", "turns_number": 3, "dialogues": [[1490872, 0, "I need encouragement to eat my meal ! I hate starving myself . i am happy in life but whenever I look at myself I get into this dark place and just do not want to eat :( why does this happen", []], [1459214, 2, "You have got this ! Eating is important , take care of your body , cause you are worth it and you are amazing !", []], [770153, 1, "feel you . I m sending you much motivation", []]], "speakers": {"Samantha": 0, "Juke": 1, "∆": 2}}, {"id": 17064475, "category": {"id": 50, "name": "Music"}, "emotion": "Inspired", "turns_number": 4, "dialogues": [[536240, 0, "suggest me some of your favorite are&B songs", []], [1394118, 3, "Infant Annihilate - Soil the Stillborn", []], [565461, 2, "today i am listening to old school . new edition , Bobby brown , bell big devote , soul for real , boy II men .", ["😁"]], [1127938, 1, "got a whole playlist http:/open.notify.com / playlist/72your53wcbzmuzx4craig?si = IN0ljyhys3q0udjfwirweg&tm_source = copy - link", []]], "speakers": {"youva": 0, "D R E A R Y": 1, "𝒜𝓃ℊℯ𝓁ℳ": 2, "Jacob": 3}}, {"id": 17064471, "category": {"id": 61, "name": "Positive"}, "emotion": "Supported", "turns_number": 3, "dialogues": [[969659, 0, "Comment or like if you believe people can get better", []], [626922, 2, "I believe people can get better , there is always hope", []], [905333, 1, "Yes . Progress comes little by little just work on it", ["🖤"]]], "speakers": {"Millkie": 0, "realeyes": 1, "Error 404": 2}}, {"id": 17064451, "category": {"id": 53, "name": "Education"}, "emotion": "Proud", "turns_number": 3, "dialogues": [[1402877, 0, "I do not even care how hard the essay was and how long it took to figure out , I got a perfect score and my teacher commented  nice  so i am just happy and yeah .", ["😇"]], [1115103, 2, "I m glad it came out well in the end !", []], [1339016, 1, "Congress ! Well - done !", ["😂", "👍"]]], "speakers": {"Ayanna": 0, "Sopheriio": 1, "HannahAlly": 2}}, {"id": 17064417, "category": {"id": 10, "name": "Friends"}, "emotion": "Frustrated", "turns_number": 3, "dialogues": [[582694, 0, "so I m finally in Japan but I m locked up for two weeks", []], [565461, 2, "lucky . i want to be in japan . but not locked up", []], [1296483, 1, "manageable , but do they have cure or st ?", []]], "speakers": {"Gage": 0, "𝒜𝓃ℊℯ𝓁ℳ": 1, "Mo™": 2}}, {"id": 17064408, "category": {"id": 20, "name": "Others"}, "emotion": "Caring", "turns_number": 3, "dialogues": [[69332, 1, "23brooklyn 99no football , reading , to , work , why can not a t red cap it is hands ? co it is deadthree days grace or semi lovatosunrisemy shirt that is says do not apologise for being needy co nunnery people do not apologise for being assholesmy partner being yourself .", ["⚽"]], [596099, 3, "for . ) i like to write .", []], [1488847, 2, "1 . 202 . Music 3 . No4 . Playing guitar , stating , smoking 5 . My mon telling me I was a mistake 6 . do not have one 7 . Both 8 . My pennies 9 . Myself 10 . Food", []]], "speakers": {"T 29/06/2014": 0, "Laurent Forte": 1, "goosebumps": 2}}, {"id": 17064402, "category": {"id": 62, "name": "Mental Health"}, "emotion": "Overwhelmed", "turns_number": 5, "dialogues": [[1152131, 0, "How I wonder how you are End?!Long time , all good ?", []], [1335753, 4, "How I wonder what you re", []], [1418881, 3, "want to part away to mars", []], [1487354, 2, "how i love all you are scars", []], [1492914, 1, "how I wonder how you are . this annoying", []]], "speakers": {"as_adrija✨": 0, "Stranger": 1, "Blackfeather": 2, "🔥COLE🔥": 3, "Hajaj Kitjegggds": 4}}, {"id": 17064358, "category": {"id": 20, "name": "Others"}, "emotion": "Caring", "turns_number": 4, "dialogues": [[917219, 0, "Honestly how are you doing?Did something bad happen today?Do you want to talk about it ? Remember that you are not a burden . You are allowed to take up space and exist", ["✨", "💕"]], [1402669, 2, "Oil ! This is such a sweet and daring post", ["🥺", "💖"]], [1402669, 2, "How are you today ?", []], [1490872, 1, "I am actually doing really good . Thank you for asking !", []]], "speakers": {"⛓️🖤 Dead Goth Bitch 🖤⛓️": 0, "Liri": 1, "Samantha": 2}}, {"id": 17064357, "category": {"id": 7, "name": "Relationships"}, "emotion": "Heartbroken", "turns_number": 4, "dialogues": [[1494198, 0, "My wife told me she is gay and is filing for divorce . I have known her since college . i am 34 . We are each other is best friends but there is another woman . She moves out in to weeks . So scared of being alone . So scared of being without her . So happy that she knows her truth .", []], [479774, 3, "make sure you take time for yourself to gather your own thoughts . even if you have to support her from a distance for a while", []], [1483263, 2, "sending huge n lots of love your way . here if you need to talk .", []], [1490872, 1, "Always being the strongest self . I know it is hard but remember everything happens for a reason . Least she was honest about it and did not do it behind your back .", []]], "speakers": {"Richard": 0, "Whytoday?": 1, "el (he/him)": 2, "Samantha": 3}}, {"id": 17064351, "category": {"id": 47, "name": "Health"}, "emotion": "Meh", "turns_number": 4, "dialogues": [[0, 0, "I hate grown hairs on my nipples", ["🤦", "😂"]], [976284, 3, "cut them . i do have them too", []], [1418881, 2, "I pull them out laugh out loud", []], [823125, 1, "let me see do they look that bad ?", []]], "speakers": {"Anonymous": 0, "ㅤ": 1, "Blackfeather": 2, "User Banned": 3}}, {"id": 17064340, "category": {"id": 7, "name": "Relationships"}, "emotion": "Hopeful", "turns_number": 4, "dialogues": [[1494191, 0, "Heart broken . ca not wait to feel whole again", ["😞"]], [1493290, 3, "You will , it takes time :)", []], [1406967, 2, "life is full of old and new chapters makes sure you do not go back to what you have already read", []], [505809, 1, "You will become stronger .", []]], "speakers": {"Newbie": 0, "pearl": 1, "Abraham": 2, "Garrett": 3}}, {"id": 17064322, "category": {"id": 10, "name": "Friends"}, "emotion": "Annoyed", "turns_number": 7, "dialogues": [[1493915, 0, "Why is so hard for guns to just be friends with a female ? I just want guy friends but they all try for something more .", []], [1155338, 6, "this kind of remembers me of my friends now ex boyfriend . he literally hook up with all his girl friends", []], [1493290, 5, "I found a guy I can befriend with cause he is not into relationshipsbut he ended up leaving cause he is questioning my intention  -Anyone welcomes , pretty sure there are plenty of guns like these out there . those who avoid relationship at all costs", []], [1406967, 4, "it is hard for some guns but not all of them , as a lady friend too you know your limits and not lure a guy into getting too attached to you if you only want him as a friend", []], [1394118, 3, "It depends on the guns . My best friend is a girl in Delaware . We have been talking for over a year .", []], [1475239, 2, "Well that because some guns just do not understand that friends only means friends . If you want to chat you can do me and I will be your online friend .", []], [1493455, 1, "There is no such thing as male - female friendship . Always one side wants something more .", []]], "speakers": {"Alisha": 0, "Ana Sofia": 1, "pearl": 2, "Abraham": 3, "D R E A R Y": 4, "Warrior Heart": 5, "VolkRebel": 6}}, {"id": 17064297, "category": {"id": 10, "name": "Friends"}, "emotion": "Supportive", "turns_number": 3, "dialogues": [[654426, 0, "I think i have chosen wrong career . I should have done law", []], [1010084, 2, "to anne kit ka h waise engineering mat bone please but dark hogs", ["😅"]], [659555, 1, "get a job , then do law worst suggestion , but still.you can .", []]], "speakers": {"shooting star": 0, "Mr.Fantastic 🇮🇳": 1, "Valkyrie": 2}}, {"id": 17064286, "category": {"id": 61, "name": "Positive"}, "emotion": "Proud", "turns_number": 4, "dialogues": [[1292593, 0, "Laugh out loud i buzzcut myself for the first time today tired of my sleekback undercut look", []], [1418881, 3, "tell that to my parents who could not stand looking at me until I had it cut short laugh out loud", []], [1394118, 2, "I m still trying to grow mine , trying to get that metalhead look . People will tell me to cut it though .", []], [1155338, 1, "I like men who take care of themselves and have confidence", []]], "speakers": {"Seretonine": 0, "Blackfeather": 1, "D R E A R Y": 2, "Ana Sofia": 3}}, {"id": 17064259, "category": {"id": 62, "name": "Mental Health"}, "emotion": "Lonely", "turns_number": 3, "dialogues": [[1109773, 0, "i am alone i did everything that i need to do but now i can not get any help for this problem", []], [1010084, 2, "is it really that complex ?", []], [1476153, 1, "This too , shall pass", ["🌻"]]], "speakers": {"green fox": 0, "Mr.Fantastic 🇮🇳": 1, "Livsnjutare": 2}}, {"id": 17064230, "category": {"id": 20, "name": "Others"}, "emotion": "Nothing", "turns_number": 4, "dialogues": [[0, 0, "my boyfriend is a psychopath but i love him .", []], [552967, 3, "I want this kind of women in my life .", []], [1296483, 2, "may I ask why ?", []], [1467622, 1, "Literally or . ? And if you want to talk about it i am here !", []]], "speakers": {"Anonymous": 0, "Forgot the cool name I was about to type": 1, "Mo™": 2, "pumkin_kin": 3}}, {"id": 17064193, "category": {"id": 7, "name": "Relationships"}, "emotion": "Chilled", "turns_number": 3, "dialogues": [[1058171, 0, "I do not believe in love , my past abuse kind of numbed me to the point I prefer to be alone and I get agitated easily when I connect with certain people .", []], [1490500, 2, "it is called trust issues", []], [1292593, 1, "Is what i said in the past but now are numb to being hurt and that is good i love myself and there are plenty of others that do want to share a voice life with me", []]], "speakers": {"Dannimal": 0, "The Maleficent": 1, "Seretonine": 2}}, {"id": 17064177, "category": {"id": 50, "name": "Music"}, "emotion": "Insecure", "turns_number": 3, "dialogues": [[1304090, 0, "I only sing by myself , because I cry lightly when I sing , and that is just embarrassing hata .", ["😅"]], [1223609, 2, "You should not feel embarrassed , just like your name you at hope , you should try to stand it any where you at , bit inferior", []], [1494192, 1, "I do the exact same thing !", []]], "speakers": {"Hope": 0, "Kriz": 1, "zzz": 2}}, {"id": 17064175, "category": {"id": 20, "name": "Others"}, "emotion": "Sad", "turns_number": 3, "dialogues": [[1420513, 0, "I do not have can opened so I ca not open my died years :(", []], [1403409, 2, "A kite works also that is what had to do when I did not have one", []], [994467, 1, "Shove back side of a spoon into the can it should penetrate", []]], "speakers": {"Bunnyboy": 0, "TexasAngel": 1, "⁄(⁄ ⁄•⁄-⁄•⁄ ⁄)⁄": 2}}, {"id": 17064149, "category": {"id": 20, "name": "Others"}, "emotion": "Numb", "turns_number": 3, "dialogues": [[1025822, 0, "The good thing that it did not affect you because someone else would get screwed by what you described , he can be mentally ill , or just sane but with prevented thoughts thinking it is funny or a good way to seek attention , block him and move on", []], [1486488, 2, "They are mentally ill . do not mind them", []], [1348655, 1, "people now a days do not care about who is behind the screen", []]], "speakers": {"Anomic-Lycan19": 0, "User Banned": 1, "🐰🐇Mr Bunny🐇🐰": 2}}, {"id": 17064135, "category": {"id": 7, "name": "Relationships"}, "emotion": "Sad", "turns_number": 6, "dialogues": [[951974, 0, "Maybe someday , someone will be proud to have me .", []], [1348403, 5, "dreaming is a good thing", ["😌", "✨"]], [1463233, 4, "They will , it will happen", []], [1489924, 3, "I am proud to having you in my comments", []], [1403450, 2, "Hell yeah , you deserve that", ["❤"]], [1407134, 1, "They def should be proud . far more than proud to have you ", []]], "speakers": {"EtherealDove": 0, "Liam": 1, "Lee": 2, "whatswrongwithraphguillholt": 3, "741": 4, "Conundrum": 5}}, {"id": 17064098, "category": {"id": 20, "name": "Others"}, "emotion": "Nothing", "turns_number": 3, "dialogues": [[0, 0, "i love a toxic guy who should i do ?", []], [1492210, 2, "Stab him while having s", []], [934003, 1, "if you loved him you would not call him toxic", []]], "speakers": {"Anonymous": 0, "User Banned": 1, "no.": 2}}, {"id": 17064078, "category": {"id": 10, "name": "Friends"}, "emotion": "Disgust", "turns_number": 8, "dialogues": [[0, 0, "I hate English people it is called CHIPS see H I P is not crisp", []], [977443, 6, ":/ just let them say what they want :/", []], [1483099, 5, "why does this botheryouryour", []], [1463371, 4, "ah it is crisp see R I is P mate", []], [1462044, 3, "And it is a cook not a fucking biscuit", []], [1489924, 2, "What ? No it is crisp chips for us it is fires", []], [1489924, 2, "You eat this that is the main one", []], [921077, 1, "but crisp sounds mad bounce . chip sounds like the nickname for someone is twelve year old son in the 50s when we know damn well his name is Christopher .", ["✨"]]], "speakers": {"Anonymous": 0, "Mikey 🏳️‍🌈🤙🐺": 1, "Jupiter": 2, "nobody": 3, "BrokenSoul": 4, "whatswrongwithraphguillholt": 5, "Melanie": 6}}, {"id": 17064062, "category": {"id": 7, "name": "Relationships"}, "emotion": "Nothing", "turns_number": 4, "dialogues": [[846083, 0, "Curious , how does one stop attracting toxic partners ?", []], [1462044, 2, "It is not about attracting toxic partners , it is you faltering out those toxic partners and kicking them to the curb where you found them .", []], [1488379, 1, "Toxic traits are a potential in all human beings , some are more than others , it is basically setting boundaries from the very start of a relationship , your likes , dislikes , etc", []], [1488379, 1, "May I ask a random question ? I see at the bottom of people posts a square in which is written ( relationships ) ( others ) ( poetry ) etc etc how do you do that in a post am new here ?", []]], "speakers": {"Yo Momma": 0, "BrokenSoul": 1, "IceLoner": 2}}, {"id": 17064058, "category": {"id": 20, "name": "Others"}, "emotion": "Nothing", "turns_number": 3, "dialogues": [[1135196, 0, "* Someone talking about some serious issues*me : That is rough muddy", []], [552967, 2, "kind of why people do not feel like opening up about their issues with people .", []], [921077, 1, "me : likes then they get mad at me", ["😬"]]], "speakers": {"🍥Mel🍥": 0, "Forgot the cool name I was about to type": 1, "Melanie": 2}}, {"id": 17064057, "category": {"id": 74, "name": "Depression"}, "emotion": "Depressed", "turns_number": 6, "dialogues": [[1486447, 0, "Am I a failure for still living with my parents when I m 20 ? I just turned 20 and I wanted to be out before now and I feel like a failure . I do not know when I ll be able to move out and it is depressing me . I do not know anyone my age that still li have at home .", ["😔"]], [311564, 5, "it might relieve you to know i am 25 and still with my parents", []], [1315934, 4, "20 is practically a baby . you should thank god for having parents and a roof above you are head when you venture in the real world you would know their worth", []], [1221620, 3, "its coronavirus right now . who cares ? just sure have my friend", []], [882777, 2, "you are not a failure , i am about to turn 20 and i li have with my parents , and probably still do until i finish my studiesand almost all of my friends and people i know around our age does , its not something weird", []], [1414436, 1, "There a lot of people still living with their parents at that age , I m over 20 and I still li have with them , they are not complaining and that matters . There are really states and late states but the end justified the means , such is life . No need to beat yourself up on this", []]], "speakers": {"Diamond": 0, "The Royalty": 1, "Taka D'dis": 2, "deloaded": 3, "Pegasus": 4, "Ai": 5}}, {"id": 17064052, "category": {"id": 10, "name": "Friends"}, "emotion": "Shocked", "turns_number": 4, "dialogues": [[1425617, 0, "A spider just crawled on my hand and I creaked out , it kind of tickled with it is little legs walking on my hand and past it .", []], [1477088, 3, "name it ! Now ! go for a Robert or something", []], [1402877, 2, "Are you alright ? Bags can be so scar when they are on you th .", []], [1492964, 1, "i do not like bags specially if it has fur and has clot of legs", ["😖", "😓"]]], "speakers": {"dragonberry": 0, "☉🇵🇸": 1, "Ayanna": 2, "BOBA.TEAMILLK😊🍵🥛❤": 3}}, {"id": 17064015, "category": {"id": 20, "name": "Others"}, "emotion": "Down", "turns_number": 4, "dialogues": [[1006972, 0, "Ah you are a see you see you", []], [608250, 3, "no you are not .", []], [952176, 2, "do not say that it is not true you know", ["😞"]], [1488379, 1, "You are who you are , you are beautiful", []]], "speakers": {"potato": 0, "what did i do wrong this time,?": 1, "Darkness🖤": 2, "IceLoner": 3}}, {"id": 17063952, "category": {"id": 58, "name": "LGBT"}, "emotion": "Nervous", "turns_number": 3, "dialogues": [[1477934, 0, "See i am pretty sure i like girls , but do I like boys also or do I just like the variation I get from them that I did not get from my father .", []], [1467446, 2, "do we like boys or do we just seek the approval that society says we need from them ?", []], [921077, 1, "do I like boys or do I want to be like certain boys ? sexuality is a constant struggle .", []]], "speakers": {"Candie": 0, "midnighttme": 1, "Melanie": 2}}, {"id": 17063938, "category": {"id": 62, "name": "Mental Health"}, "emotion": "Depressed", "turns_number": 3, "dialogues": [[931966, 0, "Why am I never good enough ? No one ever keeps me in their life . They take what they need till i am empty and then go . Why does no one ever see if i am ok . What is it about me that makes people uneasy or uncomfortable ? why am I not good enough for anyone .", []], [1493060, 2, "I m still stuck on the same question . It sucks honestly . But what keeps my going is my nephew , I love him so much .", []], [1493306, 1, "I have yourself a little time and think about what the bad things on you and the good ones . Then maybe you will figure out that you have not been wrong or you you have bad things on your mentality maybe they are wrong not you you", []]], "speakers": {"Pixelated Moon": 0, "🌌Just.Here.To.Be.Here♡": 1, "THE_ABEIS": 2}}, {"id": 17063914, "category": {"id": 12, "name": "Self Harm"}, "emotion": "Stressed", "turns_number": 3, "dialogues": [[1489597, 0, "I tucked up Anyone kill me please want to f*skin  die", ["😪", "💔"]], [1170506, 2, "no you do not just enjoy life for what it is", []], [1491675, 1, "What happened ? We all f up it is it is", []]], "speakers": {"Shahd _ Mohamed": 0, "Teddy Flowers": 1, "انا": 2}}, {"id": 17063899, "category": {"id": 51, "name": "Helpful Tips"}, "emotion": "Worried", "turns_number": 3, "dialogues": [[1478080, 0, "Thinking of moving to Cuba / Wait to teach for a year maybe more but it is a mass have change and I do not know , and I ll be alone and I do not know if I can make such a big move . anyone else got similar plans ?", []], [1403569, 2, "I have it a try you might like it ^", []], [1035320, 1, "I li have in Cuba and i am sure you will love it here .", []]], "speakers": {"Me": 0, "Cinnamon :)": 1, "Psychologist": 2}}, {"id": 17063890, "category": {"id": 15, "name": "Family"}, "emotion": "Hopeful", "turns_number": 5, "dialogues": [[1464196, 0, "when your toxic parents only stay together because ofyouryour", []], [1170506, 4, "now they would put their toxicity aside to raise you that is a beautiful that could be like a story", []], [1387198, 3, "fr they refuse to get a divorce for the longest time and for what ? for us to listen to their pass have agrees have arguments and silent treatments ? yeah I m sure a divorce would have done much less damage", []], [1001499, 2, "I hate my parents . I can not think of a single thing of to be grateful for them .", []], [1403569, 1, "It is a hopeless marriage yet they refuse to get divorced is is", []]], "speakers": {"shelovesRihanna": 0, "Teddy Flowers": 1, "kiko": 2, "My life is shit": 3, "Cinnamon :)": 4}}, {"id": 17063886, "category": {"id": 20, "name": "Others"}, "emotion": "Calm", "turns_number": 3, "dialogues": [[1306182, 0, "my mon & stepped are legitimate arguing about who made dinner each day this week :| they must be very bored hshshsh", []], [1076483, 2, "So who made dinner ?", []], [619562, 1, "It in what it in", []]], "speakers": {"lavender": 0, "Taurean": 1, "xynis": 2}}, {"id": 17063866, "category": {"id": 75, "name": "Life Hacks"}, "emotion": "Bored", "turns_number": 4, "dialogues": [[1492291, 0, "how of do you even get banner on here ?", []], [1025822, 3, "When you bully people and they report you", []], [1264523, 2, "I do not know i once got banner for saying i have toe finish", []], [1324099, 1, "apparently wishing someone family death gets you even device banner", ["🤣"]]], "speakers": {"SLURPSLURP": 0, "Anomic-Lycan19": 1, "teb": 2, "God": 3}}, {"id": 17063864, "category": {"id": 58, "name": "LGBT"}, "emotion": "Proud", "turns_number": 3, "dialogues": [[1477934, 0, "I think I might be i .", []], [1115103, 2, "and how do you feel about that ?", []], [1360028, 1, "I am happy that you r discovering more about herself", ["😄"]]], "speakers": {"Candie": 0, "Sopheriio": 1, "DZOA": 2}}, {"id": 17063832, "category": {"id": 20, "name": "Others"}, "emotion": "Irritated", "turns_number": 4, "dialogues": [[111039, 0, "Ok whilst i am grateful of no more as boy do I wish I stopped getting warnings of my inappropriate language My swearing is a personality trait so fuck off and let me say ass every second word in peace", []], [460904, 3, "Are you sure you want to post that", []], [1464139, 2, "In . I keep on getting those mood . It just wants to make me swear more .", []], [329203, 1, "Yeah , SAME ! at times this also comes when i write fucking normal or german . ARCH .", []]], "speakers": {"Tana": 0, "lyfsgood": 1, "🌵Twatery🌵": 2, "Hecktor 🇩🇪": 3}}, {"id": 17063795, "category": {"id": 10, "name": "Friends"}, "emotion": "Calm", "turns_number": 3, "dialogues": [[111039, 0, "Just a know . looking for some non creep who want to be in a group chat", ["👀"]], [329203, 2, "well - why not?just can not guarantee that I m act have a lot :)", []], [929689, 1, "is that trade in your big , that is like my jam youknow", []]], "speakers": {"Tana": 0, "Hecktor 🇩🇪": 1, "Sir Nugget": 2}}, {"id": 17063793, "category": {"id": 7, "name": "Relationships"}, "emotion": "Meh", "turns_number": 3, "dialogues": [[0, 0, "Do men still believe in chivalry ?", []], [1009324, 2, "no cut they think it is limping", []], [766440, 1, "in rolls the nice guns", []]], "speakers": {"Anonymous": 0, "maio ツ": 1, "kermiana": 2}}, {"id": 17063779, "category": {"id": 48, "name": "Work"}, "emotion": null, "turns_number": 3, "dialogues": [[1321590, 0, "Please help helphow I can download Microsoft office for free ? Product key ? I need a free product key please", ["😣", "😥", "😃"]], [1010084, 2, "are are but share had Goose pe just you need to hit and trail", ["😅"]], [1214342, 1, "it is easy watch couture and see for the link they are giving", []]], "speakers": {"☣Pronoun=DNA/MOLECULE☢": 0, "Mr.Fantastic 🇮🇳": 1, "Sarthak": 2}}, {"id": 17063770, "category": {"id": 20, "name": "Others"}, "emotion": "Sad", "turns_number": 4, "dialogues": [[330414, 0, "How do I say I miss you in a way that will make your heart ache as much as mine does ?", []], [859332, 3, "If it is a person that is hurt me or changed over the years i would say  I miss the person you used to be  or  I miss the old you ", []], [1216283, 2, "you can make ones heart ache more by not saying anything .", []], [1348655, 1, "I admired the happiness when we were like the opposite poles of two magnet , so attached to each other , it tears the soul apart when we become the same poles of the two magnet . - it should convey your message I think", ["🙄"]]], "speakers": {"Mimi": 0, "ashley77377": 1, "radiance of reality ENFP-T": 2, "🐰🐇Mr Bunny🐇🐰": 3}}, {"id": 17063700, "category": {"id": 7, "name": "Relationships"}, "emotion": "Amused", "turns_number": 4, "dialogues": [[1480819, 0, "When guns get missy I do not respond on tinder and they automatically go to calling me a not or a due . No due i am just depressed . Not sure if I need a dick or someone to tell me good morning . I do not even want to date in the winter . What am I doing .", []], [449581, 3, "The only time I think someone is a not or a due is when they respond too quickly", ["😳"]], [1494086, 2, "Tinder is a bad idea", ["😂"]], [446095, 1, "Yeah I m the same , i would rather not date in the winter . It is freezing out there . Snow on the ground . Not many places to go because of the anaemic , and plus we still have got to wear a mask to an extent . So might as well wait it out", []]], "speakers": {"Jessica": 0, "𝓢𝓪𝓫𝓸𝓽𝓪𝓰𝓮": 1, "Thomas": 2, "TboneSteak": 3}}, {"id": 17063695, "category": {"id": 48, "name": "Work"}, "emotion": "Exhausted", "turns_number": 4, "dialogues": [[0, 0, "It is embarrassing working for Amazon at this point . We are treated like shit , and on top of that there are no standards when it comes to respect here . And most people here are honestly mentally defect have .", []], [1010084, 3, "I have heard same stuff from my friend", ["😶"]], [1194921, 2, "Digital marketing department of Amazon is damn better . we literally get paid for drinking coffee", []], [712035, 1, "It is really sad . I have heard this from people and I almost got hired by Amazon when I was like 18 . The interviews had no respect and were not organised . They were also rude when speaking to people . I remember when they were saying they are na interview a group of people including me at like 1 pm ( forgot the timing ) and actually then told us last min that we all need to wait for an hour . I tucked off immediately laugh out loud", []]], "speakers": {"Anonymous": 0, "Mr.Fantastic 🇮🇳": 1, "Satan": 2, "Deadrose🥀": 3}}, {"id": 17063676, "category": {"id": 5, "name": "Bullying"}, "emotion": "Optimistic", "turns_number": 3, "dialogues": [[1494162, 0, "There is nothing to be mad off . They are just doing this because they like me , no ?", []], [1393926, 1, "well it depends on the context", []], [1393926, 1, "also which is this aime from which you gathered this pick ? it is so cool !", []]], "speakers": {"Priv'": 0, "✨Osuhan✨": 1}}, {"id": 17063674, "category": {"id": 67, "name": "Self-Care"}, "emotion": "Optimistic", "turns_number": 4, "dialogues": [[1176536, 0, "Can you all i have your opinion about life ? it runs by nature or human being actually ?", []], [485992, 3, "I just realized we are human but nature always win", []], [1187517, 2, "Human beings , we have the ability to turn things into our favor but some choose not to due to ignorant and selfish reasons .", []], [1358534, 1, "Both , and they are run by God .", ["🤔", "😊"]]], "speakers": {"Harry": 0, "I can't handle stress stay away": 1, "ℰ𝓁𝒾𝓇𝒶": 2, "Moonlight 😀😊💙": 3}}, {"id": 17063669, "category": {"id": 15, "name": "Family"}, "emotion": "Lonely", "turns_number": 4, "dialogues": [[1494147, 0, "i m Mentally Sick . I need someone to Help me with", []], [1489924, 3, "I am here tell me what what is", []], [1367879, 2, "i am here if you want to talk but i am too mentally ill", []], [1494086, 1, "Here is a virtual hug", ["🤗"]]], "speakers": {"User Banned": 0, "whatswrongwithraphguillholt": 1, "drenii": 2, "Thomas": 3}}, {"id": 17063667, "category": {"id": 7, "name": "Relationships"}, "emotion": "Loving", "turns_number": 5, "dialogues": [[1428785, 0, "Valentine is day is capitalists trap . Wake up , sheep .", []], [1479546, 4, "ah fr the laughing my arms off the shops probably made it up just to rob pp of their money , it is a whole scar", []], [834851, 3, "hm what a bright womanthe NEED will be watching your future career", []], [1294593, 2, "me , I still end up getting my girlfriend a gift . so I guess back to the barn", []], [921077, 1, "I just looked up the origin of Valentine is day and it is actually kind of beautiful . Yes it is been commercialized and made somewhat shallow but I m sure i would people knew the story of its history it would mean more .", []]], "speakers": {"Rox": 0, "Georgia": 1, "YOES": 2, "thatoneguy": 3, "Melanie": 4}}, {"id": 17063642, "category": {"id": 15, "name": "Family"}, "emotion": "Worried", "turns_number": 3, "dialogues": [[1360124, 0, "Mon in ICE on ventilator . i am really scared .", []], [1136232, 2, "Do not worry she will get see you see you", []], [819220, 1, "stay strong.pray for her hope she gets back to normal", []]], "speakers": {"Mo": 0, "Arun ĢŃ": 1, "±": 2}}, {"id": 17063638, "category": {"id": 74, "name": "Depression"}, "emotion": "Depressed", "turns_number": 3, "dialogues": [[1492481, 0, "Sometimes I just feel like my life is useless and worthless . sometimes I just want to die but I know I ll never have the strength to take my own life , sometimes I just ca not control the negative have thoughts coming through my mind , someday I just hope to die .", []], [1492481, 0, "No , I do not want to talk , just want to clear my thoughts .", []], [1312627, 1, "dark thoughts , Depression , and anxiety rooted from bad desires , notions , habits , and are attached as baggagesknowing to resolve the root causes , you persistently have to uplifts your character can recommend a self help discipline , interested", []]], "speakers": {"Michael": 0, "Righteous Force": 1}}, {"id": 17063635, "category": {"id": 20, "name": "Others"}, "emotion": "Numb", "turns_number": 3, "dialogues": [[1407134, 0, "There is a kind of tiredness that sleep does not make go await comes from the aching of your soullonging to be something elsetired of pretending to care aboutall the things you do not care aboutthere is a kind of tirednessyou can not make go await lays there deep in your soulgrowing more and more weary you continue to do thingsthat does not feed your soul", []], [951974, 2, "this is heartbreaking . sends you lot of huge", ["💛"]], [1403450, 1, "What do you want to do about it ?", []]], "speakers": {"Conundrum": 0, "EtherealDove": 1, "741": 2}}, {"id": 17063618, "category": {"id": 10, "name": "Friends"}, "emotion": "Bored", "turns_number": 3, "dialogues": [[600214, 0, "I just want someone with me 24/7  like a butler , but a friend ? they ll keep me company at night and tell me what i am seeing is not real . I ll be ok with them .", []], [1140140, 2, "that is tough . but i would want of too", ["😂"]], [834851, 1, "hm look like a slavery", []]], "speakers": {"morticia": 0, "PapaDoc": 1, "YOES": 2}}, {"id": 17063598, "category": {"id": 7, "name": "Relationships"}, "emotion": "Insecure", "turns_number": 3, "dialogues": [[1427123, 0, "Why do we feel the need to be loved ? Is it only for fulfilling sexual desires or is there a deeper purpose ? Why is it so that to love and to be loved seems fulfilling to us ?", []], [891462, 2, "love is much more deeper than physical desires", []], [344634, 1, "love is not always about sex or being intimate.it is about connecting and bending . it is a phase that connect you are heart , you are emotions and you r able to feel comfort with another person on a next level", []]], "speakers": {"Ankita": 0, "stoic24": 1, "hASH": 2}}, {"id": 17063591, "category": {"id": 62, "name": "Mental Health"}, "emotion": "Depressed", "turns_number": 3, "dialogues": [[1227208, 0, "i keep having dreams about aerial tillers , what the fuck is wrong with me", []], [1492210, 2, "You want to get wounded by one .", []], [1488847, 1, "It is just a dream so best not question it too much . I used to have occurring dreams about wicker baskets laugh out loud , human minds are weird", []]], "speakers": {"Euronymous": 0, "User Banned": 1, "goosebumps": 2}}, {"id": 17063583, "category": {"id": 62, "name": "Mental Health"}, "emotion": "Hopeful", "turns_number": 5, "dialogues": [[1493555, 0, "Just talked with my therapist , and I definitely need better coming skill :) Can anyone reading this drop some of their favorite coming mechanism when dealing with stress , anxiety , depression , etc ? Anything is appreciated !", []], [1479546, 4, "put on you are favourite music and scream the house down laughing my arms off", []], [501287, 3, "headphones help . also try breathing thou you are nose it ll slow you are heart rate & calm you . good luck friend hope I helped", []], [1492466, 2, "I listen to you music while taking a cold shower", []], [1312627, 1, "dark thoughts , Depression , and anxiety rooted from bad desires , notions , habits , and are attached as baggagesknowing to resolve the root causes , you persistently have to uplifts your character can recommend a self help discipline , interested ?", []]], "speakers": {"Brittney": 0, "Georgia": 1, "Sk8rBro": 2, "Newbie": 3, "Righteous Force": 4}}, {"id": 17063577, "category": {"id": 10, "name": "Friends"}, "emotion": "Caring", "turns_number": 6, "dialogues": [[878900, 0, "What are u thinking about in ?", []], [232309, 4, "to blaze or not blaze that is the question", []], [1421583, 3, "where did I leave the Blade", ["🤔"]], [1483196, 2, "to cry and not eat", []], [501287, 1, "how to break up w / my girlfriend.its a rough one", []], [501287, 1, "What re thinking about Sand ?", []]], "speakers": {"🦋 𝑺𝓪𝓷𝓭𝓻𝓪 🦋": 0, "marcus licnius crassus": 1, "cold.": 2, "sadgirl6967": 3, "Sk8rBro": 4}}, {"id": 17063522, "category": {"id": 7, "name": "Relationships"}, "emotion": "Nothing", "turns_number": 5, "dialogues": [[1427123, 0, "Among the various emotions , love seems so important . why ?", []], [1392016, 4, "it makes you feel ali have . sadly am dead", ["😏"]], [1335753, 3, "I think empty is important than love . but imagine love as the Vivat Coli of feelings . getting all the attention", []], [1414928, 2, "co it is happen without any conditions", []], [1494124, 1, "To feel ali have once again !", []]], "speakers": {"Ankita": 0, "Mixed Masala 😌": 1, "Stranger": 2, "UNKNOWN.HUMAN": 3, "Abhishek Prajapati": 4}}, {"id": 17063510, "category": {"id": 20, "name": "Others"}, "emotion": "Loving", "turns_number": 5, "dialogues": [[1245817, 0, "You deserve the world by", []], [682753, 4, "you is not giving meyouryour", []], [232309, 3, "i deserve to bullets in the back of my skull", []], [449581, 2, "kiss me on the mouth", ["😳"]], [1484607, 1, "You are my world so up", ["😳"]]], "speakers": {"ugh": 0, "sqintit": 1, "marcus licnius crassus": 2, "𝓢𝓪𝓫𝓸𝓽𝓪𝓰𝓮": 3, "!!!sunny": 4}}, {"id": 17063483, "category": {"id": 20, "name": "Others"}, "emotion": "Happy", "turns_number": 3, "dialogues": [[660344, 0, "Strawberry frog is my spirit animal", []], [1402308, 2, "Oh my god so cut strawberry frog a so cut", ["🍓", "🐸"]], [1493816, 1, "we are all just frog inside", []]], "speakers": {"NightLight": 0, "Suf": 1, "Liam": 2}}, {"id": 17063479, "category": {"id": 58, "name": "LGBT"}, "emotion": "Meh", "turns_number": 3, "dialogues": [[0, 0, "Why it is so hard to find lesion in Bangkok . I just need one", ["😂"]], [232309, 2, "sweet it is called babcock for a reason", []], [1489740, 1, "laugh out loud all the girls that i liked are straight laughing my arms off . maybe m cursed", []]], "speakers": {"Anonymous": 0, "marcus licnius crassus": 1, "unknown & unloved potato": 2}}, {"id": 17063475, "category": {"id": 47, "name": "Health"}, "emotion": "Supportive", "turns_number": 3, "dialogues": [[605759, 0, "Is there any compensation if I had rare tumor ?", []], [1009618, 2, "monetary or from life is disappointments ?", []], [1493803, 1, "Wish I could answer you mate but I have no clue myself", []]], "speakers": {"hope": 0, "F. Pessoa": 1, "EntityYoung": 2}}, {"id": 17063451, "category": {"id": 7, "name": "Relationships"}, "emotion": "Heartbroken", "turns_number": 3, "dialogues": [[1494141, 0, "I started my relationship in really March 2020 so it was before lockdown we barely meet quite a few times in person but we video call every day . a month back all of a sudden he started talking about getting married and settling down . I was happy and ready . he did not talk to his parents before but in the end his parents wo not allowed for this relationship and he ended everything because he thinks there is no future now . I still feel lost and betrayed for some reason !", []], [1176536, 2, "can we talk in into", []], [1271050, 1, "be strong , move on , there is nothing in past worth taking forward , I know you in pain but we need to get engaged in other things to get healed", []]], "speakers": {"Nishi Upadhye": 0, "Harry": 1, "Ordinay Man": 2}}, {"id": 17063439, "category": {"id": 20, "name": "Others"}, "emotion": "Annoyed", "turns_number": 3, "dialogues": [[51472, 0, "I swear to god if one more person on this pp message me for dating stuff i am leaving . i am so over it . i am suicidal and having someone ask me if i am single does not help .", []], [1389170, 2, "Hey ! Are you single ? Let us hang out together . A date , maybe .", []], [1493717, 1, "hemp you good there ?", ["😀"]]], "speakers": {"Jenny": 0, "Vivaan Sharma": 1, "mika-chan☆": 2}}, {"id": 17063407, "category": {"id": 20, "name": "Others"}, "emotion": "Amazed", "turns_number": 3, "dialogues": [[1250433, 0, "I really do not understand why do some people like feet", ["😐"]], [977443, 2, "me neither but hey there is worse things", ["🤮"]], [1245759, 1, "You are telling me that i can get paid just by showing my feet ?", []]], "speakers": {"Charbel F": 0, "Mikey 🏳️‍🌈🤙🐺": 1, "Jana": 2}}, {"id": 17063395, "category": {"id": 62, "name": "Mental Health"}, "emotion": "Bored", "turns_number": 3, "dialogues": [[1245817, 0, "Even pierced yourself just to feel something No ? just me ? ok", []], [1341134, 2, "try piercing your balls that is something", []], [1465956, 1, "I have so many piercing it is ridisee you laterous", []]], "speakers": {"ugh": 0, "Dolce & Banana  🇨🇵": 1, "⠀": 2}}, {"id": 17063386, "category": {"id": 10, "name": "Friends"}, "emotion": "Optimistic", "turns_number": 3, "dialogues": [[492982, 0, "For those guns who do not understand what women go through , try this as an experiment . Change your surname and profile pick to female pick or sat feminine and post sat on the home page . And see what happens .", []], [615826, 2, "They will still not understand . But thanks for trying", []], [1480208, 1, "trust me I do Say .", []]], "speakers": {"shay 🇵🇸": 0, "User Banned": 1, "VicariousMind™": 2}}, {"id": 17063380, "category": {"id": 74, "name": "Depression"}, "emotion": "Tired", "turns_number": 5, "dialogues": [[1386111, 0, "i do not have the time to even talk about my feelings now . it is inhumane to work for 15 hours a day .", []], [1435345, 4, "why you work so much ?", []], [1490520, 3, "It is ! Just hang in there .", []], [1493252, 2, "You really really deserve a long rest . Here * Virtual huge * I can not imagine being so hardworking . You are aspirin", []], [673529, 1, "Sorry that you been working so hard . drink enough water and take care of yourself", ["🤗"]]], "speakers": {"Raven's Cry": 0, "Zaf": 1, "Feisty ZN": 2, "It's okay": 3, "hope": 4}}, {"id": 17063334, "category": {"id": 11, "name": "Hopes"}, "emotion": "Loving", "turns_number": 7, "dialogues": [[1440769, 0, "i like my own company .", []], [1341134, 7, "sounds like a great investissement", []], [1115103, 6, "that is great cut you should", []], [1010804, 5, "it like I really do and really do not .", []], [1466100, 3, "Awesome ! Is it publicly traded ? I may want to buy shares .", []], [790654, 2, "cool what company is it", []], [834401, 1, "i ll invest and buy some shares", []]], "speakers": {"Chipmunk": 0, "Dolce & Banana  🇨🇵": 1, "Sopheriio": 2, "OUCIMmeB4UICUR12": 3, "I seriously don't know who I am": 4, "𝔪𝔬𝔱𝔥": 5, "pig": 6}}, {"id": 17063331, "category": {"id": 68, "name": "I Need Help"}, "emotion": "Down", "turns_number": 3, "dialogues": [[1494124, 0, "Life is unfair sometimes . Years had passed still everything just does not make sense . How I know that everything is going to be good someday ?", []], [1312627, 2, "lost in life ? Lost in peace ? need help ?", []], [1444612, 1, "Accepting that things are currently as they are  even if you are also working to improve them  is part of the path to sinfulness , wisdom , and eventually the end of the cycle of suffering . Fairness is only an issue if you are rousing on others . So just do not . you are you and all you can control is what you do , not what others do . The grass is always greene , as they say .", []]], "speakers": {"Abhishek Prajapati": 0, "Righteous Force": 1, "Cosmic Monk": 2}}, {"id": 17063327, "category": {"id": 15, "name": "Family"}, "emotion": "Sad", "turns_number": 3, "dialogues": [[1456355, 0, "just want to close my eyes for a while", []], [1140459, 2, "just do not cry . huge *", []], [1483652, 1, "go to sleep , rest", []]], "speakers": {"Daydreamer": 0, "S̶̶i̶̶r̶̶i̶̶u̶̶s̶̶A̶̶c̶̶u̶̶b̶̶e̶̶n̶̶s̶̶": 1, "stef33": 2}}, {"id": 17063321, "category": {"id": 7, "name": "Relationships"}, "emotion": "Loved", "turns_number": 3, "dialogues": [[1489411, 0, "I just need a soulmate or a friendbeing alone sucks", ["😭", "🥺"]], [232309, 2, "if you need a friend I m here for you", []], [1467622, 1, "if you want to vent to someone i am always open ! Obviously I have my stuff to so emotional support humans ?", ["😂"]]], "speakers": {"User Banned": 0, "marcus licnius crassus": 1, "pumkin_kin": 2}}, {"id": 17063318, "category": {"id": 48, "name": "Work"}, "emotion": "Sad", "turns_number": 3, "dialogues": [[1466992, 0, "I ll never understand why I ca not get a job . Why wo not anyone hire me . Do I really have to lie in order to get the job ? I just want a job that is suitable for me .", []], [1494142, 2, "You just need what is best in you and sell it !", []], [1494056, 1, "I feel a there . i am pretty much nonhirable it seems like at this point", []]], "speakers": {"Dreama": 0, "Katherine": 1, "Jonathan": 2}}, {"id": 17063316, "category": {"id": 7, "name": "Relationships"}, "emotion": "Embarrassed", "turns_number": 3, "dialogues": [[1043554, 0, "Reading old texts be like : damn i was cringe", ["😬", "😱", "😟", "😵", "🥴"]], [1140459, 2, "it happens all the time .", ["😩", "🙂", "✌"]], [1402308, 1, "Same that why I do not do that and I refuse to do that", []]], "speakers": {"Hamburger": 0, "S̶̶i̶̶r̶̶i̶̶u̶̶s̶̶A̶̶c̶̶u̶̶b̶̶e̶̶n̶̶s̶̶": 1, "Suf": 2}}, {"id": 17063296, "category": {"id": 20, "name": "Others"}, "emotion": "Lonely", "turns_number": 3, "dialogues": [[1463177, 0, "Who want to be my valentine ?", ["😅", "💓"]], [1378898, 2, "me I need a hug and a new valentine", ["💚", "🤗"]], [1296483, 1, "Him.you should be your own valentine", []]], "speakers": {"doavki": 0, "star": 1, "Mo™": 2}}, {"id": 17063293, "category": {"id": 11, "name": "Hopes"}, "emotion": "Nostalgic", "turns_number": 4, "dialogues": [[492982, 0, "Is it just me or does anyone else miss spring / summer 2020 ( specifically in 2020 )", []], [1493031, 3, "I do too , i got to do more things with lockdown and all", []], [1492728, 2, "yea I put a sticky rat out the window", []], [1494124, 1, "spring has always helped me to see the bright side ahead !", []]], "speakers": {"shay 🇵🇸": 0, "Ppl /Newbie": 1, "Óneria": 2, "Abhishek Prajapati": 3}}, {"id": 17063256, "category": {"id": 50, "name": "Music"}, "emotion": "Happy", "turns_number": 3, "dialogues": [[660344, 0, "when I was A young boy my father took me into the city to see A marching band", []], [232309, 2, "when i was i young boy my father took me to see his drug dealer", []], [1450234, 1, "when i was a young boy my father went to buy milk", []]], "speakers": {"NightLight": 0, "marcus licnius crassus": 1, "⚡Phoenix⚡": 2}}, {"id": 17063255, "category": {"id": 10, "name": "Friends"}, "emotion": "Amused", "turns_number": 4, "dialogues": [[1484972, 0, "its sad but its more sad that is your prediction is a fact , that is the answer , that what they are hoping for and sometimes it works and sometimes it does not but whether it does or it does not , its really embarrassing and funny.the whole situation not cool , and disgusting too", []], [1404357, 3, "i would like to know answers too .", []], [1456355, 2, "if you find the answer to that mystery.let me know", []], [692082, 1, "by sending pick to a woman a guy according to me wants to know that a woman feels the same way a man does or not . He wants to check if the woman becomes hard or not like a man", []]], "speakers": {"hanan": 0, "Ketan": 1, "Daydreamer": 2, "Selfless Soul": 3}}, {"id": 17063247, "category": {"id": 7, "name": "Relationships"}, "emotion": "Loved", "turns_number": 4, "dialogues": [[1094064, 0, "Love is operated , go to your job and work hard for your dreams . Love wo not fill your stomach , money and food will .", []], [1354181, 3, "I will shout this in public on valentine is day", []], [1295655, 2, "Mast plan had . ( in parish naval is voice )", []], [1152131, 1, "But it fills our hearts ( )", []]], "speakers": {"horcrux": 0, "Zenith": 1, "Sunlight": 2, "as_adrija✨": 3}}, {"id": 17063233, "category": {"id": 7, "name": "Relationships"}, "emotion": "Meh", "turns_number": 4, "dialogues": [[0, 0, "Girl gang of three . two of them have found their man and are getting married this year . i am sitting and staring at the ceiling", []], [1291391, 3, "all the best to you too", ["🤦", "😬"]], [774679, 2, "that is what happens when you waste yours times for nothing . get your butt and you better start looking for one .", []], [1494142, 1, "You are still have option girl", []]], "speakers": {"Anonymous": 0, "Nihar Jain": 1, "🅼🅰🅷🅸🆁🆉࿐꧂☠☠☠": 2, "Katherine": 3}}, {"id": 17063207, "category": {"id": 10, "name": "Friends"}, "emotion": "Worried", "turns_number": 3, "dialogues": [[657075, 0, "any debut speech tips ?", []], [1170435, 2, "Make sure you see before the speech .", []], [1481369, 1, "Start the speech with good words , thank those pp first who gave the chance , honor the pp who are there , tell some motivation words by pp you got inspired . Do not rush you are speech make it smooth ! All the best ! :) for more reference Goose it If you want", ["🍁"]]], "speakers": {"tacos": 0, "TheKnockKnockGuy": 1, "Sai 🖤": 2}}, {"id": 17063161, "category": {"id": 66, "name": "Addiction"}, "emotion": "Annoyed", "turns_number": 4, "dialogues": [[1492291, 0, "why are guns hands so attract have to me ?", []], [579971, 3, "does that mean I have got to take care of my hands now laugh out loud I did not even know that was a thing", ["😂"]], [616930, 2, "guy hand finish I guess ?", []], [938163, 1, "many people are attracted to some specific part of body . that is normal n sometimes fun", ["😜"]]], "speakers": {"SLURPSLURP": 0, "RogerLog🐒": 1, "User Banned": 2, "Happytohelp": 3}}, {"id": 17063141, "category": {"id": 7, "name": "Relationships"}, "emotion": "Heartbroken", "turns_number": 3, "dialogues": [[1492367, 0, "if anyone needs a person to speak too , i am here know i am a random but truth is.we are not so different if we are here , i am having a sleepless night again . if someone needs to vent and not get judged i am here", []], [1230307, 2, "i want to talk to someone", []], [1384117, 1, "me too but not now . I m from India . it is like 1:20 am now currently and I have not brushed my teeth yet .", []]], "speakers": {"Lykos": 0, "John": 1, "G V": 2}}, {"id": 17063135, "category": {"id": 20, "name": "Others"}, "emotion": "Nothing", "turns_number": 3, "dialogues": [[1389258, 0, "Do what it takes to make you happy !", []], [1455207, 2, "As long as you are not a rapid , a head and psychopath", []], [1140459, 1, "it will just invite more problems in my life if i would i would", []]], "speakers": {"sadiya anjum": 0, "sonicsoul 😇😈👽": 1, "S̶̶i̶̶r̶̶i̶̶u̶̶s̶̶A̶̶c̶̶u̶̶b̶̶e̶̶n̶̶s̶̶": 2}}, {"id": 17063126, "category": {"id": 11, "name": "Hopes"}, "emotion": "Loving", "turns_number": 5, "dialogues": [[1230307, 0, "Please i have me a reason as to why i should continue living and not quit", []], [1402308, 4, "Well I do not where you are from but i am from the up and I want to know what crazy weird fuck up plans bone Johnson has in stock for the British nation but o suggest you join it it a bloody mess", []], [1457332, 3, "H - hold O - on - paine - endshold on , things will get better . your not alone . am here to help & support u", []], [1483652, 2, "bc you have not really li have all this time , you have not experienced all the good things and good moments you will experience , you have not travelled in the world and see new places , you have not see the real beauty of this world and if you want to li have all of this you have to stop living in the dark and get out and love yourself even the it is not easy but try ", ["❤"]], [581120, 1, "why do you think quitting will be a better choice ?", []]], "speakers": {"John": 0, "Suf": 1, "Grief Is The Price We Pay For Love": 2, "stef33": 3, "Pankaj Kundu": 4}}, {"id": 17063125, "category": {"id": 20, "name": "Others"}, "emotion": "Thankful", "turns_number": 4, "dialogues": [[1427404, 0, "I meet my favorite tie token in 3 hours", ["🥰", "🥲"]], [1402308, 3, "Oh my god what lip are you using because I need that", []], [1232435, 2, "who is the far tikhon ER", []], [465873, 1, "oh my god tell how it goes", []]], "speakers": {"Kayla": 0, "Suf": 1, "Zeus": 2, "drug scartel": 3}}, {"id": 17063118, "category": {"id": 10, "name": "Friends"}, "emotion": "Lonely", "turns_number": 3, "dialogues": [[1219486, 0, "I reply a majority of the time even to all the hi is what up and his", ["🥺"]], [1296483, 2, "hi what is up hur ?", []], [1232435, 1, "what is wrong with hi , what is up and his", []]], "speakers": {"Cakylynn 💀": 0, "Mo™": 1, "Zeus": 2}}, {"id": 17063109, "category": {"id": 59, "name": "Pregnancy"}, "emotion": "Anxious", "turns_number": 4, "dialogues": [[0, 0, "I had a faint line on a pregnancy test does that mean I m pregnant ?", []], [550371, 3, "It means you need to take another test to confirm .", []], [1103039, 2, "Sounds like it was an invalid result . I would recommend running a second test for accuracy", []], [447839, 1, "both my tests had faint lines and they were position have . the second line would not even show if you were not pregnant so do another test just to confirm .", []]], "speakers": {"Anonymous": 0, "👽Schizoaffective_Stoner👽": 1, "vanillazero": 2, "🖤": 3}}]