[{"id": 17732292, "category": {"id": 74, "name": "Depression"}, "emotion": "Caring", "turns_number": 3, "dialogues": [[1427737, 0, "I do not have anyone physically to talk to . I m thinking to i - ll myself , I have no one to talk to . I have snap but nobody", []], [427455, 2, "damn sorry for your situation mate . I do not have any friends or family to talk to ether . And my only friends are online and yes I have suicidal thoughts as well more and more often .", []], [376514, 1, "you can message me daytime if you want to talk !", []]], "speakers": {"Mr Wolfe": 0, "Crashtestdummy": 1, "Darkness4everr": 2}}, {"id": 17732280, "category": {"id": 11, "name": "Hopes"}, "emotion": "Optimistic", "turns_number": 4, "dialogues": [[1532779, 0, "drop some advice or words of wisdom that helped you improve your life for the better . also anything about anxiety , procrastinator and overthinking would be helpful", []], [1369649, 3, "I try to degenerate always that I feel bad", []], [1281299, 2, "i have up on things sooner that makes you unhappy , do not stick around for people to change , they will never", []], [1532459, 1, "Tough love is necessary sometimes . Get off your ass . Do something . Clean . Reorganized . Make something . Anything . The point is to find what you like , and you can not judge what you have not experienced yet . So keep doing new shit . Keep learning . Be open . Express yourself how you want to . But make sure you do not burn yourself out as fast as you grow . I have done that too , it sucks .", []]], "speakers": {"daydreamer.": 0, "Nana": 1, "Newbie": 2, "JasonVoid": 3}}, {"id": 17732271, "category": {"id": 7, "name": "Relationships"}, "emotion": null, "turns_number": 3, "dialogues": [[1260069, 0, "Today I had sex with my first boyfriend , I do not have regrets but I do not want to do it again.the reason I did it in the first place was because I have only had sex with 3 people and I want the body count to remain like that .", []], [1340780, 2, "yeah right . wait what ?", []], [1532800, 1, "body count is operated , get that sex guy you really want now", []]], "speakers": {"Jane": 0, "LazySnail": 1, "magg": 2}}, {"id": 17732243, "category": {"id": 7, "name": "Relationships"}, "emotion": "Tired", "turns_number": 3, "dialogues": [[1367752, 0, "my boyfriend just replied to his ex is story saying  now bottle  . what did i do to deserve this", []], [1182269, 2, "you did not do anything .", []], [1531808, 1, "I would tell you to talk to your boyfriend and tell him that it others you , but respect is something that should not be asked", []]], "speakers": {"lol": 0, "🦋": 1, "sadgirlwithphone": 2}}, {"id": 17732230, "category": {"id": 75, "name": "Life Hacks"}, "emotion": "Sad", "turns_number": 3, "dialogues": [[923103, 0, "time to eat my cheese spice nodules while watching horror short films because i am is is", []], [637515, 2, "fight the source instead man maybe there is a way out", []], [888492, 1, "What films are you watching , i would like some recommendations . Also happy you have aged day .", []]], "speakers": {"𝕡 𝕖 𝕓 𝕓 𝕝 𝕖": 0, "SlySolus": 1, "UnicornFerret:3": 2}}, {"id": 17732208, "category": {"id": 62, "name": "Mental Health"}, "emotion": "Loved", "turns_number": 3, "dialogues": [[1472003, 0, "Darkness is beautiful , comforting , mysterious , sex , and eerie . Just the way I fucking like it", ["🔪", "🖤"]], [1253240, 2, "oh my favourite place is darkness and i do not want anything bright", []], [909709, 1, "It is also really dark and I can barely hear anything in the darkness did anyone say anything", []]], "speakers": {"🦋•🖤 Michi 🦋•🖤": 0, "Aggron 🐺": 1, "Max_Eastwood": 2}}, {"id": 17732196, "category": {"id": 20, "name": "Others"}, "emotion": "Amused", "turns_number": 3, "dialogues": [[1337218, 0, "People are weird , I was cool and funny and he blocked me instead of appreciating d", []], [1383153, 2, "Sorry to hear that :(", []], [728874, 1, "that is his loss not yours.you are better off .", []]], "speakers": {"Zuza": 0, "⚡": 1, "🇺🇸RobbyRockRobster🎸": 2}}, {"id": 17732178, "category": {"id": 20, "name": "Others"}, "emotion": "Tired", "turns_number": 3, "dialogues": [[0, 0, "why did he text me after three months and then after i replied he did not reply ?", []], [859993, 2, "He will reply after the next 3 months", []], [1086243, 1, "he not in the mood .", []]], "speakers": {"Anonymous": 0, "Zak": 1, "rui chan busy": 2}}, {"id": 17732175, "category": {"id": 63, "name": "My Story"}, "emotion": "Proud", "turns_number": 3, "dialogues": [[1005765, 0, "Yes that is me . 2019 vs 2021", []], [938727, 1, "the power of beard x )", []], [938727, 1, "or a gouty I guess", []]], "speakers": {"Flo❤": 0, "ℛενεnαnτ": 1}}, {"id": 17732143, "category": {"id": 7, "name": "Relationships"}, "emotion": "Lonely", "turns_number": 3, "dialogues": [[0, 0, "Feeling like nothing without him .", []], [1253240, 2, "Feeling like nothing with her .", []], [1516957, 1, "I am sorry that is such a horrible feeling . Are you able to work it out ?", []]], "speakers": {"Anonymous": 0, "Aggron 🐺": 1, "Hay Hay": 2}}, {"id": 17732125, "category": {"id": 61, "name": "Positive"}, "emotion": "Supportive", "turns_number": 4, "dialogues": [[1355620, 0, "hey welcome to talk life world in if you need my help feel free to txt I m here for you always spread peace nd positively all around good luck mate", ["❤"]], [1489911, 3, "message me I am here", []], [1174680, 2, "hey welcome I hope this works out foryouryour", []], [1532800, 1, "hey i am a newby too", []]], "speakers": {"king no.1🖤": 0, "Mo Begum Akshaya": 1, "RDverma": 2, "magg": 3}}, {"id": 17732112, "category": {"id": 47, "name": "Health"}, "emotion": "Heartbroken", "turns_number": 3, "dialogues": [[1376188, 0, "Hey , I REALLY need someone to talk to", []], [637515, 1, "Hey , you have snap or Instagram", []], [637515, 1, "messages are tucked up in here can talk there if you like", []]], "speakers": {"Anton": 0, "SlySolus": 1}}, {"id": 17732095, "category": {"id": 20, "name": "Others"}, "emotion": "Nothing", "turns_number": 3, "dialogues": [[1516879, 0, "Can li have through my Sword", []], [1516879, 1, "He exalts fire through it .", []], [1516879, 1, "He traveled from Terms to intimate my power and my God hood", []]], "speakers": {"Solomon's Hermeticist": 0, "Clairzoception": 1}}, {"id": 17732091, "category": {"id": 10, "name": "Friends"}, "emotion": "Down", "turns_number": 4, "dialogues": [[0, 0, "I immediately dislike a person when I find out they have turned their Do off", []], [446095, 3, "most people do turn them off muddy , it is the smarter decision on here", []], [1453740, 2, "mine is on you can try", []], [633532, 1, "so you dislike people that do not want to deal with creep ? you think people that end up here do not deal with enough is already ?", []]], "speakers": {"Anonymous": 0, "TboneSteak": 1, "NotRequired": 2, "triste": 3}}, {"id": 17732062, "category": {"id": 63, "name": "My Story"}, "emotion": "Supportive", "turns_number": 3, "dialogues": [[1482170, 0, "I m happy to see u around see see", ["🤗"]], [856117, 2, "Did we just download talk life again at the exact same time ?", []], [1223226, 1, "good to see you back brother !", []]], "speakers": {"Jessie": 0, "sunflower": 1, "B": 2}}, {"id": 17732052, "category": {"id": 12, "name": "Self Harm"}, "emotion": "Supportive", "turns_number": 3, "dialogues": [[1470408, 0, "The School is draining me My homework i draining me just feel so lost and i ca not take it anymoreeveryday i Think of selfharm and i just i do not know what to do anymore", []], [1521434, 2, "you do not know what to do anymore", []], [1532853, 1, "School treats us so bad but you have to fight. Hard work always pays off and do not forget that everyone is proud of you ! * :3", ["🥺", "💕"]]], "speakers": {"Anonym": 0, "Baxter": 1, "ℒℴ𝓃ℯ𝓁𝓎.s̸t̸_s̸i̸a̸a⃠": 2}}, {"id": 17732045, "category": {"id": 7, "name": "Relationships"}, "emotion": "Confused", "turns_number": 4, "dialogues": [[1529458, 0, "Am love with my neighbor but am not sure if I should tell him . should I ? before it is to late . I need your help and advice", ["😭", "💔"]], [1174680, 3, "go for it know it is a risk but that is the only way to figure out what it packs for you", []], [1532800, 2, "do you talk to him sometimes ? what kind of relation do you have in ?", []], [1516957, 1, "Is he single ? Do you ever think he i have the attraction vices ? If so go for it , life is short", []]], "speakers": {"Gift🖤❤️🖤Babyyy": 0, "RDverma": 1, "magg": 2, "Hay Hay": 3}}, {"id": 17732037, "category": {"id": 11, "name": "Hopes"}, "emotion": "Lonely", "turns_number": 3, "dialogues": [[685700, 0, "someone please start a conversation on a random topic or something", []], [1315109, 2, "if you had to be slammed which scar would you pick", []], [1532840, 1, "What is or favorite game", []]], "speakers": {"Sally 🌌": 0, "mjb": 1, "Joseph": 2}}, {"id": 17731967, "category": {"id": 7, "name": "Relationships"}, "emotion": "Supportive", "turns_number": 3, "dialogues": [[1043976, 0, "Want to learn singing and guitar but I sound like broken speaker .", []], [796682, 2, "I sound like a broken Duck", []], [684673, 1, "this is why you need to LEARN first", []]], "speakers": {"Rooh": 0, "suicidal": 1, "Kama2": 2}}, {"id": 17731955, "category": {"id": 74, "name": "Depression"}, "emotion": "Depressed", "turns_number": 3, "dialogues": [[1243239, 0, "I can not do it I i have up", []], [1379625, 2, "You are loved by many people . I know when you are going through . I have depression too . Please do not i have up . Stay strong ok ?", []], [1519899, 1, " It is time to take a break .", ["👋", "☺"]]], "speakers": {"メ": 0, "AlyMinnix": 1, ".": 2}}, {"id": 17731942, "category": {"id": 66, "name": "Addiction"}, "emotion": "Optimistic", "turns_number": 3, "dialogues": [[1532813, 0, "Currently struggling with alcohol addition . My husband is suspicious but does not know . My psychiatric just wants to to go to read but I ca not afford and ca not get the time off from work . Therapy does not seem to help . Trying to do this on my own . Anyone else tried to do it themselves ? Advice ?", []], [1057469, 2, "Honesty is the best medicine . Tell your husband and seek medical help . I have been in your shoes . It is succumb to addition or beat it .", []], [1429349, 1, "I m here to help you out", []]], "speakers": {"Amanda LCT": 0, "CatNip": 1, "C": 2}}, {"id": 17731933, "category": {"id": 20, "name": "Others"}, "emotion": "Anxious", "turns_number": 3, "dialogues": [[833235, 0, "someone fucking kill me in , please", []], [385940, 2, "Never , you are too precious", ["✨"]], [909709, 1, "Sure , just sign this contract and pay the money in cash and leave it at the drop off", []]], "speakers": {"Peepeepoopoo": 0, "Lil John": 1, "Max_Eastwood": 2}}, {"id": 17731930, "category": {"id": 15, "name": "Family"}, "emotion": "Annoyed", "turns_number": 3, "dialogues": [[1360792, 0, "I care too much about my toxic family . My sister rates my guns , but as soon as I hear about someone being rude or gross towards her , I get very protect have . I have lost count of how many times she is said horrible things to me , yet i would go through fire to protect her . i would protect my narcissistic mon too ", ["♀", "🤷", "🤦"]], [385940, 2, "That is family i guess , my brother is a pain in the ass all the time but i still care for him too much", []], [1174680, 1, "that is a lot to lowell buds for thatbut do not let them take you for granted", []]], "speakers": {"Nicole": 0, "Lil John": 1, "RDverma": 2}}, {"id": 17731928, "category": {"id": 11, "name": "Hopes"}, "emotion": "Supportive", "turns_number": 4, "dialogues": [[1484492, 0, "you can not break the law of nature lgbtq and some began are breaking the law of nature that means they are not humans any more they are racism", []], [846238, 3, "well that could not be more wrong", []], [1470503, 2, "I m with you . they are not racism but they seen to have lost a grip on reality .", []], [1005192, 1, "So true . And you ca not even speak up for such things without being dragged ! Please be careful guns", []]], "speakers": {"iam ak": 0, "Cookie Monster": 1, "User Banned": 2, "Marie": 3}}, {"id": 17731926, "category": {"id": 7, "name": "Relationships"}, "emotion": "Afraid", "turns_number": 6, "dialogues": [[735608, 0, "I want To break up with a guy that I do not want to with him anymore .", []], [1484492, 4, "learn how to say no so just do it", []], [1514740, 3, "Just do it . Tell him the truth", []], [1514740, 3, "My girlfriend played with me for so many years", []], [1530325, 2, "Then do it . But please do it gentle . Make sure he has support . Do not let him to things dangerously . When you speak to him do it logical . Make sure he has healthy ways to distract himself . Be kind and gentle .", []], [1526126, 1, "Do what will make you feel better and happier ", ["👍", "☘"]]], "speakers": {"ieshia28": 0, "iam ak": 1, "Newbie": 2, "Someone you met once": 3, "🙋🐶 Eleni Skoutelaki 🇬🇷": 4}}, {"id": 17731908, "category": {"id": 10, "name": "Friends"}, "emotion": "Determined", "turns_number": 6, "dialogues": [[461192, 0, "I seriously need a friend who will always be there for me when something happens , like shit happens in my life all the time and I have no one to talk to , I need someone who I can call a friend , someone who I can send metes all the time , share music with , someone who understands and appreciated me .", []], [1489911, 5, "message me I am here", []], [1271562, 4, "what does this position pay :P", []], [1528609, 3, "everytime you need someone to talk to hum ! :)", []], [1211878, 2, "same question as the brokenhuman guy", []], [703995, 1, "After reading your previous posts , God damn people would kill to be with a person like you who . You must be always thinking of them I m sorry for whatever has been going on in your life", ["😰"]]], "speakers": {"♋️": 0, "Mo Begum Akshaya": 1, "▪︎": 2, "Detective Lawliet": 3, "allen": 4, "🌊🔥Seacret 🌊🔥": 5}}, {"id": 17731901, "category": {"id": 11, "name": "Hopes"}, "emotion": "Lonely", "turns_number": 3, "dialogues": [[685700, 0, "What music do you like ?", []], [806006, 2, "sad music and fuck yeah music", []], [1521434, 1, "hip hop , are&b , town sound , rock", []]], "speakers": {"Sally 🌌": 0, "Bl∆CK × HE∆RT": 1, "Baxter": 2}}, {"id": 17731887, "category": {"id": 74, "name": "Depression"}, "emotion": "Depressed", "turns_number": 4, "dialogues": [[796682, 0, "glass half empty glass half full", []], [506307, 3, "The glass is always full .", []], [369669, 2, "my glass is half empty today", []], [1323530, 1, "Who cares ? There is something in the glass .", ["😯"]]], "speakers": {"suicidal": 0, "JesusisLord (WWJD) WhatwouldJesusdo?": 1, "jer is awesome": 2, "User Banned": 3}}, {"id": 17731872, "category": {"id": 20, "name": "Others"}, "emotion": "Nothing", "turns_number": 3, "dialogues": [[672480, 0, "i spend most of my time worrying instead of doing", []], [796682, 2, "same . and thinking of the worst", []], [1472153, 1, "try making smaller steps . It is less pressure , so hopefully you ll be able to break this boundary", []]], "speakers": {"andrea✨": 0, "suicidal": 1, "ElAceitunitoMalo": 2}}, {"id": 17731869, "category": {"id": 51, "name": "Helpful Tips"}, "emotion": "Bored", "turns_number": 3, "dialogues": [[0, 0, "being deep without context is a waste of time", []], [620789, 2, "I would tag that one due if I knew his name . he need to see this", []], [1305616, 1, "no context is not deep", []]], "speakers": {"Anonymous": 0, "Graphic": 1, "🍬𝕂𝕚𝕞𝕞𝕚𝕔𝕠🍬": 2}}, {"id": 17731864, "category": {"id": 7, "name": "Relationships"}, "emotion": "Depressed", "turns_number": 3, "dialogues": [[1527013, 0, "i m in love with you but in you do not care", []], [1085121, 2, "Nobody cares anyone welcomed . Fall in love with yourself before anyone else", []], [1472153, 1, "just do something nice for them and be useful . Hopefully one day they ll appreciate you", []]], "speakers": {"levi": 0, "Black": 1, "ElAceitunitoMalo": 2}}, {"id": 17731858, "category": {"id": 12, "name": "Self Harm"}, "emotion": "Supportive", "turns_number": 3, "dialogues": [[1470408, 0, "Does anyone know , how to cover up scars ? I do not want my family to notice this summer", []], [506307, 2, "I do not know much about make - up . Probably a concealed that matches your skin tone . Honestly , you really need to stop harming yourself .", []], [1304695, 1, "make helps but if they are new they will still show just a little . Just to let you know", []]], "speakers": {"Anonym": 0, "JesusisLord (WWJD) WhatwouldJesusdo?": 1, "Lillian": 2}}, {"id": 17901594, "category": {"id": 15, "name": "Family"}, "emotion": "Loving", "turns_number": 3, "dialogues": [[254895, 0, "My sweet baby boy will be 3 months at the end of this month y all !", ["😍"]], [254895, 0, "he is getting so big so fast", []], [840105, 1, "that is so cut . my cousin just started walking and it Seems like he was just born yesterday", []]], "speakers": {"Angel With A Shotgun": 0, "ириc": 1}}, {"id": 17901575, "category": {"id": 47, "name": "Health"}, "emotion": "Tired", "turns_number": 3, "dialogues": [[682976, 0, "the vaccination are going slow of and now they want to open a lot of stuff . infection numbers are rising . wonderful .", []], [476136, 2, "scientists : the lockdown is working ! :) governments : cool ! so basically this stuff is solved and we can open everything again . scientists : wait . no . that is not- governments : hey ! we should have a french kissing contest to celebrate ! i m going to start making calls", []], [1160051, 1, "Yeah , let us keep people locked up for the next 10 years .", []]], "speakers": {"gluten-free anxiety": 0, "✌FIND ME✌": 1, "Magdalena": 2}}, {"id": 17901538, "category": {"id": 62, "name": "Mental Health"}, "emotion": "Inspired", "turns_number": 3, "dialogues": [[1510759, 0, "Is it wrong to choose peace over drama ? To choose distance for vanity ? People get upset when you do not reach out anymore , but for you it is drama lifting off your shoulders .", []], [639154, 2, "You do what is best for you . Take care of yourself and your peace of mind first", []], [1392044, 1, "I m an IN too so yeah peace and distance are not luxuries they are essentials for survival . But we infer are not widely understood .", []]], "speakers": {"Orchid": 0, "Sorcha": 1, "The Contemplative": 2}}, {"id": 17901535, "category": {"id": 62, "name": "Mental Health"}, "emotion": "Heartbroken", "turns_number": 5, "dialogues": [[1542125, 0, "Why are men so annoying I ca not trust any of them so how am I supposed to trust him to protect me if he said he would but he left", []], [1397442, 4, "do not trust anyone , just be enough for yourself . at first it hurts , but gradually you will become comfortable .", []], [1188340, 3, "why are girls so annoying i ca not trust any of them so how i am supposed to trust her to i have me love which is loyal , may be she can leave me if she finds someone better than me ,", []], [1223747, 2, "you should protect yourself , most men suck", ["😐"]], [1483084, 1, "all men are not the same", []]], "speakers": {"Emma": 0, "Inspiration💫": 1, "account deleted": 2, "𝔤𝔬𝔱𝔥☹𝔯𝔬𝔰𝔢": 3, "Gideon": 4}}, {"id": 17901534, "category": {"id": 5, "name": "Bullying"}, "emotion": "Lonely", "turns_number": 3, "dialogues": [[1542153, 0, "they always says I m ugly , short , fat and everything . I m tired of hearing it .", []], [418273, 2, "F what they think - Rule of 1 success", []], [1188340, 1, "God created you , he ca not make someone bad", []]], "speakers": {"Reena Myla Dela Cruz": 0, "EldarYunusov": 1, "account deleted": 2}}, {"id": 17901511, "category": {"id": 62, "name": "Mental Health"}, "emotion": "Meh", "turns_number": 3, "dialogues": [[1529614, 0, "I am jealous of those who can keep their minds position have despite the hardships they went through . I know how bright life seemed to those people . I am was once like them , position have and strong . I am now too tired to keep my head up . I just do not have the will to keep going anymore . And I could not believe in myself despite how hard I try to motivate myself . I am tired .", []], [639154, 2, "There is nothing wrong with taking time out . Rest awhile . Then remember who you were .", ["🙏"]], [1488028, 1, "its fine to get tired , take a break and rest and rise again do not i have up dear friend , blessings on your way ", ["❤"]]], "speakers": {"🦄": 0, "Sorcha": 1, "Velar": 2}}, {"id": 17901486, "category": {"id": 7, "name": "Relationships"}, "emotion": "Hopeful", "turns_number": 3, "dialogues": [[1512524, 0, "I hope I will find real love that I deserve one day . So many years without real support and daring partner . All my past relationships were toxic and painless .", ["💙", "😪"]], [1480973, 2, "life is short due everyone just looking for love", ["😢", "💔", "✌"]], [1211166, 1, "Concentrate on doing the things you enjoy doing , then love will come naturally .", []]], "speakers": {"🎀": 0, "Nick": 1, "🏴󠁧󠁢󠁥󠁮󠁧󠁿Dave Hepy🏴󠁧󠁢󠁥󠁮󠁧󠁿": 2}}, {"id": 17901485, "category": {"id": 7, "name": "Relationships"}, "emotion": "Hopeful", "turns_number": 3, "dialogues": [[1530786, 0, "People mostly want a relationship from a guy / girl who has good looks . I m failing at that . Who wants to fall in love with a guy who wears glasses , misty green hair with yellow streaks through it . I m not asking for love , I just want to know what is wrong with me .", []], [1360581, 2, "Probably an e girl or boy", []], [508050, 1, "hum . I understand securities the . but all of these are not even physical traits?more like your style", []]], "speakers": {"Jakob Ezra Stevens": 0, "Kam": 1, "hello! it's a potato": 2}}, {"id": 17901404, "category": {"id": 10, "name": "Friends"}, "emotion": "Heartbroken", "turns_number": 3, "dialogues": [[269796, 0, "I hope him backstabbing me was worth it when his parma comes he made me feel like shit while i trusted him . For some reason i ca not believe how i keep trusting people who end up hurting me . Is my life always going to be like this ?", ["💔"]], [422921, 2, "pay back is a bitch an her strippers name is parma", []], [1538039, 1, "It happened to me before . I got trust issues but still whenever I m alone and think about the people around me I find some of them very loyal and support have .", []]], "speakers": {"Darkvina🌚♉️🇳🇱": 0, "Davy Jones🇳🇱🌈": 1, "Sophia": 2}}, {"id": 17901401, "category": {"id": 20, "name": "Others"}, "emotion": "Nothing", "turns_number": 3, "dialogues": [[0, 0, "where are my beautiful girls at ?", []], [1260081, 2, "Nowhere , because they are not yours .", []], [541914, 1, "I m not yours though", ["🥺"]]], "speakers": {"Anonymous": 0, "MrWhiteNight": 1, "Layla X Akechi ship": 2}}, {"id": 17901398, "category": {"id": 7, "name": "Relationships"}, "emotion": "Nostalgic", "turns_number": 4, "dialogues": [[1542143, 0, "why today always about a money ? why there is no true love ? all they want is my money .", []], [416629, 3, "not everyone is like that . There is true love in the world still , just not much , which is what makes it so special", []], [1480973, 2, "this is how I feel and I grew up with foodstamps .", []], [1542155, 1, "this world is suffering from lack of love . love is the last thing to think of now . instead money and material things . God will help us", []]], "speakers": {"Brid Gette": 0, "Shaniqua": 1, "Nick": 2, "Emmanuel Olaoluwa": 3}}, {"id": 17901396, "category": {"id": 7, "name": "Relationships"}, "emotion": "Heartbroken", "turns_number": 3, "dialogues": [[1370163, 0, "because ever since my boy left meme whole life came crashing and I m so lonely", ["💔", "🙂"]], [1541858, 2, "do not worry dear it will be alright you want to talk you can do me", []], [1541888, 1, "so sorry to hear that", []]], "speakers": {"Wingardium Leviosa": 0, "Aman Srivastava": 1, "Robbie Starkie": 2}}, {"id": 17901395, "category": {"id": 20, "name": "Others"}, "emotion": "Supportive", "turns_number": 4, "dialogues": [[1188682, 0, "Write down your favorite picked line", ["🌚"]], [1507002, 3, "You like dirty sausages ? I have not washed mine in a month ( laugh out loud I just heard this )", []], [696305, 2, "i am going to make a complaint to Notify because you are not listed as their hottest single of the week .", []], [1119298, 1, "Take me out on a date or with a supper rifle , I wo not mind both .", []]], "speakers": {"Casanova٦٩": 0, "Lu4": 1, "Ibuprofen bitch": 2, "ℛℴ𝓈ℯ 𝒢𝓇𝒶𝓎": 3}}, {"id": 17901376, "category": {"id": 63, "name": "My Story"}, "emotion": "Caring", "turns_number": 3, "dialogues": [[1416400, 0, "I pray you never get attached to a man who is not for you", ["🥰"]], [1531222, 2, "that pick , simply key uses that", []], [1457107, 1, "thank you . you are such a mood . I love your profile !", []]], "speakers": {"Laters baby 🥀": 0, "Պ𐌾": 1, "Chicha": 2}}, {"id": 17901372, "category": {"id": 62, "name": "Mental Health"}, "emotion": "Exhausted", "turns_number": 4, "dialogues": [[1122672, 0, "It is all pain . I will never be happy again . I m useless , worthless broken , tomboy that deserves nothing . I still never smile yet .", []], [947921, 3, "Do not say that .", ["☹"]], [1493270, 2, "Please dear be position have , I know are facing clot currently , but giving up can not be a solution", []], [1543477, 1, "Everybody in life has a mission . even you do . You are not worthless at all . No one is .", []]], "speakers": {"BrokenTomboy🖤🏳️‍🌈": 0, "ViperSatine †": 1, "The wierd one 🤺": 2, "Newbie": 3}}, {"id": 17901351, "category": {"id": 15, "name": "Family"}, "emotion": "Moody", "turns_number": 3, "dialogues": [[1438664, 0, "I do not know what to do anymore.it is like everyone rates me even now I am starting to hate myself.my own brother had told me he wished I was never born . I think I should i have up on life what do you think . ?", []], [1541647, 2, "do not i have up on yourself because of others , its not your fault that they can not appreciateyouryour", []], [1262426, 1, "That you should not i have up on life because other people do not value you propereally . Learn how to value yourself and not i have a fuck about whatever these fools say . The world does not revolve around youyour world does not revolve around others . Your world spine because YOU make it is it is", []]], "speakers": {"Alice": 0, "Zach-Leigh": 1, "Blue Eyes White Devil": 2}}, {"id": 17901339, "category": {"id": 63, "name": "My Story"}, "emotion": "Meh", "turns_number": 3, "dialogues": [[488604, 0, "If I had the money I would love to change my name", []], [1338780, 2, "just go in settings it is easy", []], [668164, 1, "change it to what ?", []]], "speakers": {"Ino🥀": 0, "sandy": 1, "Idk and Idc": 2}}, {"id": 17901317, "category": {"id": 63, "name": "My Story"}, "emotion": "Hopeful", "turns_number": 3, "dialogues": [[461791, 0, "To lazy to get out of bed and get my day going !", ["🤣", "🙃"]], [1275633, 2, "do not think just do it . Just do it . I know you can do it .", []], [639154, 1, "It is a beautiful day just waiting for you", ["😊"]]], "speakers": {"Warrior": 0, "Ruth🐮": 1, "Sorcha": 2}}, {"id": 17901314, "category": {"id": 7, "name": "Relationships"}, "emotion": "Heartbroken", "turns_number": 6, "dialogues": [[1542145, 0, "My boyfriend told me that he did not love me like he used to . I always told him that if one day he leaves me I will not stand him and I will kill myself .How do I get him to love me like he used to ? .", []], [1176536, 5, "Can we discuss in into", []], [869507, 4, "why did you love him in the first place ?", []], [1534290, 3, "then you should love to that guy who cares you . dying for that people who do not love u", []], [1537826, 2, "You can not force somebody to love you . If he does not , it is best for both of you to let him go . Making him stay by saying you had kill yourself is a manipulation and emotional blackmailed .", []], [616930, 1, "you can never force . if I was him . i would be terrified by your reaction . it would not make me want to stay . just being honest .", []]], "speakers": {"Nina": 0, "Harry": 1, "KeniTheAngel": 2, "V": 3, "Lumos": 4, "User Banned": 5}}, {"id": 17901308, "category": {"id": 10, "name": "Friends"}, "emotion": "Loving", "turns_number": 4, "dialogues": [[1192031, 0, "any painting lover who want to share there painting with me", ["😍"]], [1539733, 1, "one of my friend is an awesome painter", []], [1539733, 1, "http:/w.instagram.com / p / CH2lamp6Y/?igshid=101idbxkt4six", []], [1539733, 1, "that is it , one does not post , so only 3", []]], "speakers": {"enough...": 0, "Mayank": 1}}, {"id": 17901300, "category": {"id": 10, "name": "Friends"}, "emotion": "Caring", "turns_number": 5, "dialogues": [[712070, 0, "Whatever it is that you going through , I supportyouryour", []], [1486824, 4, "can you help me ?", []], [644884, 3, "* Pedophiles reading this *", ["💀", "😂"]], [1214342, 2, "thank you least one person thank you", ["😐", "🥺"]], [1540548, 1, "thanks such words were kind of needy", []]], "speakers": {"Linsanity": 0, "Jake Peralta": 1, "Danny": 2, "Sarthak": 3, "pariii✌": 4}}, {"id": 17901298, "category": {"id": 10, "name": "Friends"}, "emotion": "Supportive", "turns_number": 3, "dialogues": [[1166677, 0, "Boys have two Option:1 ) lose an argument and say sorry.2 ) win an argument , make her angry and then say sorry .", []], [665054, 2, "no I say nothing and I walk away and ida what she has to say about it", ["😅"]], [1373085, 1, "I lost an argument and publicly apologized admitting it . this post is stereotypical and untrue", []]], "speakers": {"The Executioner": 0, "Iwon'tHURTchew": 1, "Hedwig🌺": 2}}, {"id": 17901266, "category": {"id": 51, "name": "Helpful Tips"}, "emotion": "Supportive", "turns_number": 3, "dialogues": [[1246456, 0, "if they commit die become of you . they truly love you . marry them .", []], [742786, 2, "but if they threaten to do it over you , leave them _", []], [1288235, 1, "How can you marry someone who is already in grave", ["🙄"]]], "speakers": {"doge the poor millionaire and his slave popatlal": 0, "👑𝙃𝙪𝙬𝙪𝙡𝙮👑": 1, "Jen": 2}}, {"id": 17901256, "category": {"id": 7, "name": "Relationships"}, "emotion": "Supportive", "turns_number": 4, "dialogues": [[1450977, 0, "I lost my one true love over an argument", []], [1427075, 4, "anger is cause of all misery", []], [1542108, 3, "It means your an argument was more strong than your love", []], [1206661, 2, "that is sad to hear", ["😔"]]], "speakers": {"Theresa Smith Dave": 0, "JKC": 1, "Kumar sonu": 2, "Big teddy bear": 3}}, {"id": 17901254, "category": {"id": 61, "name": "Positive"}, "emotion": "Supportive", "turns_number": 3, "dialogues": [[728874, 0, "Sometimes the strongest women are the ones who love beyond all faults , cry behind closed doors and fight a battle that nobody knows about.  ", ["💓", "♀", "🌹", "🚺", "🤗"]], [1517044, 2, "Thank you for the shout out !", ["🤗"]], [1437460, 1, "buds to the king who understands feminine", []]], "speakers": {"🇺🇸RobbyRockRobster🎸": 0, "Serenity": 1, "Unforgettable Enchantress Queen Sheba": 2}}, {"id": 17901246, "category": {"id": 62, "name": "Mental Health"}, "emotion": "Depressed", "turns_number": 3, "dialogues": [[1526123, 0, "It is so hard for me to open up with those people that I care too much . I m afraid it might trigger them , so I just keep pretending that I m ok :(", []], [1534089, 2, "Its ok those people you care will understand and accept the real you so stop pretending its a waste of energy", ["😌"]], [1497034, 1, "Same . Whenever I try to share the other person always takes it as a jaw against them , or turns it to make the situation all about their problems . I get so tired of trying to talk to people about my mental health , it really is just easier to put on a face smile and pretend to be ok :(", []]], "speakers": {"Doomed": 0, "Jay": 1, "Lyn": 2}}, {"id": 17901245, "category": {"id": 7, "name": "Relationships"}, "emotion": "Supportive", "turns_number": 5, "dialogues": [[1537272, 0, "what is more injurious to health smoking or love ?", []], [1426977, 4, "love . I had a boyfriend who was an Army officer he used to smoke a lot but who he came into relationship he left smoking but who I left him .he started it again .not only this he started taking weed nd has too.love is more dangerous .if it is One sided", []], [1155414, 3, "breathing is bad for smoking", ["👀"]], [1305616, 2, "Smoking is very injurious . No one ever dies from love , but people die from lack of love .", []], [1542001, 1, "smoking due , that ship kills", []]], "speakers": {"Bunny": 0, "Harjinder Kaur": 1, "A Shakesquare": 2, "🍬𝕂𝕚𝕞𝕞𝕚𝕔𝕠🍬": 3, "Ann": 4}}, {"id": 17901202, "category": {"id": 7, "name": "Relationships"}, "emotion": "Angry", "turns_number": 15, "dialogues": [[1554940, 0, "do not you see this bad is relate have and for me i think i am always the bad one and I do not know how can someone good can know me and still be around so yeah maybe i choose bad but just to feel less alone", []], [327000, 14, "I can relate fully . I have been friend - zone , rejected , and overlooked by many women at this point . It does get rough but at the end of the day it is more than likely not meant to be , nothing we can do but accept it and move on to better things", []], [1540200, 13, "people are not items.and they do not need to make happy anyone and they do not belong to anyone .", []], [1220872, 12, "How do you characterise  good women  . ? ( I am just curious )", []], [1542001, 11, "I have had neither laughing my arms off . single gangyour:)", []], [1292593, 10, "Well women have a hard time choosing man also the only ones approaching them is abuse have guns with no filter and have no idea and are fools or alpha or stroma males but those are really rare . Than you have man trying to figure out women that have confidence but do not know enough and then 90 percent is to scared to approach and from that 90 % 60 % is extreme limp and from that 60 % 40 % is fucking prevented", []], [1025482, 9, "This is so damn true n i am always thinking about exactly this when guns tell me how they got hurt by their ex n all and i am like  The love they gave their ex , that is what i always wanted ", []], [1490500, 8, "good men are as mystical as unicorn  ", ["🤷", "♀"]], [1484589, 7, "But good men are so hard to find , I have only known bad ones , and they made me feel like I was in love when I was in pain , I did not realize it .", []], [1512524, 6, "I will always choose good men", []], [1541509, 5, "if relationship fails that does not mean that relationship was bad and its fun making clot of different connectionsand making new experiences and memories", ["💕"]], [1480226, 4, "i think it is unfair laboring most people with either good or bad . We are all just hurt children in adult bodies dealing with life based on past experiences that influence our outlook and then actions . From my point of view actions can be viewed as good or bad but I do not find it right to labelled someone with either this or that", []], [1065874, 3, "There is no line that separates good people from bad people when you fall in love with them , it is just people who started acting like assholes later and by the time you leave from that relationships you have trauma", ["✨"]], [1484614, 2, "Honestly . Just because they choose bad men , good men become no longer good to em and eventually good ones become bad too and the women is left searching for good men .", []], [1549407, 1, "how on earth this post crossed my timeline ?", []]], "speakers": {"Newbie": 0, "Quartermaster Spade": 1, "Pinky promise": 2, "Ethereal_existence": 3, "Ann": 4, "Seretonine": 5, "Potato Angel💝": 6, "The Maleficent": 7, "Rene": 8, "🎀": 9, "Aria": 10, "just_another_Ana": 11, "Anamika": 12, "Fatima Zahra": 13, "Skye": 14}}, {"id": 17901190, "category": {"id": 10, "name": "Friends"}, "emotion": "Meh", "turns_number": 4, "dialogues": [[657333, 0, "how to control mood swing", []], [1463252, 3, "someone reply to it sap i need it too the", []], [1542094, 2, "ah just do the things you do not like to do . either you will get bored or you will get busy doing it", []], [1392086, 1, "you can either go along with the mood on a mood swing remove the swing from the tree or the metal bar", []]], "speakers": {"sleepy": 0, "Val": 1, "just a random guy here to help you": 2, "pee nut butt her jelly": 3}}, {"id": 17901188, "category": {"id": 10, "name": "Friends"}, "emotion": "Supportive", "turns_number": 4, "dialogues": [[1520634, 0, "If you do not want to talk then you are free to block least stop ignoring ff", ["😊"]], [1520384, 3, "what if they do not even want to block ?", []], [1539733, 2, "I did not ignore :(", []], [1337254, 1, "girl you said the thing which was in my heart", []]], "speakers": {"💙🌸💗Chiya💗🌸💙": 0, "sunflower": 1, "Mayank": 2, "𝑭𝒂𝒌𝒆💔𝒍𝒐𝒗𝒆": 3}}, {"id": 17901160, "category": {"id": 10, "name": "Friends"}, "emotion": "Bored", "turns_number": 4, "dialogues": [[1200559, 0, "no offense but I have noticed people who base their existence on dating and happiness from others are some of the happiest people I have ever met", []], [1486824, 3, "bc they are not happy with themselves . they want someone to fix them .", []], [1009820, 2, "Been there , done that . I thought having a boyfriend would fix my problem and it would i have me the independence that I wanted . I thought it would help me with dealing with some internal issues , but instead of helping , it just made my life miserable . I learned the hard way , but now I know that I should love myself first .", []], [1522211, 1, "ugh true you need a life and dating should add on to your happiness & what you already have going on for yourself.not fill a void", []]], "speakers": {"Bangtan🖤💜🖤": 0, "Jake Peralta": 1, "hidden": 2, "your random neighborhood thot": 3}}, {"id": 17901143, "category": {"id": 20, "name": "Others"}, "emotion": "Confused", "turns_number": 3, "dialogues": [[1149223, 0, "Should I get bald ?", []], [1485833, 2, "may be it is your wish", []], [1398327, 1, "I done it twice i felt horrible at first but then it somehow gave me confidence", []]], "speakers": {"Before You Go": 0, "FARMER": 1, "Isaac T": 2}}, {"id": 17901114, "category": {"id": 7, "name": "Relationships"}, "emotion": "Supportive", "turns_number": 4, "dialogues": [[1539370, 0, "I hate being emotional dependent on someone , any advice ?", []], [1345943, 3, "easy to saystart believing in urselfstart being independentyou have to really work for stand that alone can be hardest do not let it scare you away , its worth it", []], [647961, 2, "you will always be emotional dependent on someone if you love them . my advice is to keep it partially dependence .", []], [1487672, 1, "This is a struggle i am learning myself . it is called dependency . Learn to love yourself . Do things that shows yourself love . it is hard and it hurts , howe have you will get though it . We both will someday .", []]], "speakers": {"Edna Plascencia": 0, "jaycanthang": 1, "♈isex": 2, "C": 3}}, {"id": 17901108, "category": {"id": 7, "name": "Relationships"}, "emotion": "Lonely", "turns_number": 3, "dialogues": [[1401897, 0, "I hardly comb my hair or shave . hate make . & still complaining about being single since birth", ["🌚"]], [1359328, 2, "so you want be double instead of single ?", []], [1503126, 1, "You are me we should be frees", ["😩"]]], "speakers": {"deep": 0, "Sparsh yadav": 1, "quack": 2}}, {"id": 17901097, "category": {"id": 63, "name": "My Story"}, "emotion": "Annoyed", "turns_number": 4, "dialogues": [[1173226, 0, "Some men are so annoying here .", []], [1458663, 3, "some people are so annoying here . *", []], [1485833, 2, "only one thing is BLOCK or ignore it", []], [1515414, 1, "God help this pp . Just post something controversial and the comments keep coming . Is not got no time for people who actually need help . Oh no sirrrrr", []]], "speakers": {"Jackfruitchips": 0, "snuggluffagus™": 1, "FARMER": 2, "Daylight": 3}}, {"id": 17901086, "category": {"id": 63, "name": "My Story"}, "emotion": "Supported", "turns_number": 3, "dialogues": [[1537646, 0, "Cheese vs Manchester City with pop corn", ["🍿"]], [678661, 2, "only shooting stars break the mold", []], [1187114, 1, "Whose side are you on ?", []]], "speakers": {"sara💐 💘 🎶": 0, "Δﾚɛx͓̽_i⃡ᔕ_Melancholy": 1, "Ze3yu": 2}}, {"id": 17901078, "category": {"id": 11, "name": "Hopes"}, "emotion": "Hopeful", "turns_number": 4, "dialogues": [[1515414, 0, "How many people actually read poetry here?As in generally , not just the poetic posts here .", []], [615781, 3, "i read them if i see them laugh out loud", []], [1417600, 2, "Just depends on what it is about", []], [1515923, 1, "I used too and even learn them entirely", []]], "speakers": {"Daylight": 0, "ris": 1, "✨Libs✨": 2, "Dumb&Lazy": 3}}, {"id": 17901073, "category": {"id": 15, "name": "Family"}, "emotion": "Nostalgic", "turns_number": 4, "dialogues": [[1542131, 0, "why no one wants to understand me . ?", []], [1267378, 3, "if you allow me to", []], [1176536, 2, "can we discuss in into", []], [1355620, 1, "i can understand feel free to share you are problems nd thoughts to me anyone welcomes welcome to talk life world in if you need my help feel free to txt I m here for you always spread peace nd positively all around good luck mate", ["🤗", "❤"]]], "speakers": {"nn": 0, "shree《^● ¤ ●^》": 1, "Harry": 2, "king no.1🖤": 3}}, {"id": 17901060, "category": {"id": 11, "name": "Hopes"}, "emotion": "Hopeful", "turns_number": 3, "dialogues": [[1515414, 0, "Can I be a baby goat ?", []], [1465626, 2, "Nothing is impossible if you just believe !", []], [1429927, 1, "yea there is already a man I guess I saw in couture , enjoy !", []]], "speakers": {"Daylight": 0, "no one.": 1, "Adinx": 2}}, {"id": 17901047, "category": {"id": 10, "name": "Friends"}, "emotion": "Meh", "turns_number": 3, "dialogues": [[1009820, 0, "No one wins in an argument . If you think you would , you ll end up being disappointed", []], [1513408, 2, "Yeah , the whole point of discussing is not even winning", []], [1534089, 1, "Most of the arguments are just clash of eggs a huge energy water", []]], "speakers": {"hidden": 0, "Olivia": 1, "Jay": 2}}, {"id": 17901031, "category": {"id": 62, "name": "Mental Health"}, "emotion": "Depressed", "turns_number": 5, "dialogues": [[1369679, 0, "What is the point of living ?", []], [826994, 4, "life is circle no point", []], [451950, 3, "whatever you want it to be", []], [1465626, 2, "To do whatever the hell you want to do", []], [1541860, 1, "Living can seem painless when it comes to certain mental health situations but the point of living is to have a happy , wonderful and important life you are meant for this world and you are worth the help and you are special do not ever think that I m always here to talk", []]], "speakers": {"BeautifulMonster": 0, "raj": 1, "Victor's": 2, "no one.": 3, "Lindsey": 4}}, {"id": 17901023, "category": {"id": 20, "name": "Others"}, "emotion": "Proud", "turns_number": 4, "dialogues": [[1501817, 0, "The fact that the whole Instagram reacted to my story last night", ["🤭", "💅"]], [1350191, 3, "who was your story about ?", []], [1540200, 2, "cool its nice seeing you happy", []], [1503538, 1, "that is awesome ! I feel happy for you <3", []]], "speakers": {"Little girl": 0, "Asta :)♡": 1, "Pinky promise": 2, "nori_chxn": 3}}, {"id": 17900975, "category": {"id": 7, "name": "Relationships"}, "emotion": "Stressed", "turns_number": 3, "dialogues": [[1540463, 0, "a guy tested me on a pp and tell me that he want talk and want to make friends then send his Instagram name said let us talk here . why people want to talk specifically on inst ? sting ?", []], [1537908, 2, "yeah this happened with me too", []], [689262, 1, "I wish I knew / :", []]], "speakers": {"you hurt me": 0, "Sisyphus": 1, "sxdness.exe": 2}}, {"id": 17900973, "category": {"id": 47, "name": "Health"}, "emotion": "Optimistic", "turns_number": 3, "dialogues": [[1298765, 0, "Has anyone tried self cyanosis here ?", []], [1513408, 2, "Can you even do that ?", []], [938022, 1, "never thought of that but would love to hypnotics someone", []]], "speakers": {"Kind": 0, "Olivia": 1, "ROGUE🔥": 2}}, {"id": 17900966, "category": {"id": 63, "name": "My Story"}, "emotion": "Nothing", "turns_number": 4, "dialogues": [[796279, 0, "I do not have any friends .", []], [1540910, 3, "Make one , comes 10", []], [1392069, 2, "You can hum if you want to talk and be friends", ["🍩", "👻"]], [1487111, 1, "I choose to not have friends as well", []]], "speakers": {"allimarie": 0, "Yazin": 1, "Pizza & Beer 🍕🍻": 2, "Hua": 3}}, {"id": 17900943, "category": {"id": 7, "name": "Relationships"}, "emotion": "Hopeful", "turns_number": 3, "dialogues": [[1542123, 0, "I do not want to get divorced", []], [1529765, 2, "does your partner wants it ?", []], [1541797, 1, "he created on you and now he is playing the victim by telling you that he do not deserve you ? That is manipulation my friend.try this : tell him you need some time to think and TAKE that time without speaking or seeing him , let us say about 3 days or so , and that is how you will know what you really want and most important what he is up to.if he misses you or if he just do not care and do not fight for your forgiveness", ["😉"]]], "speakers": {"Newbie": 0, "Amrit": 1, "Sunflower": 2}}, {"id": 17900905, "category": {"id": 15, "name": "Family"}, "emotion": "Frustrated", "turns_number": 3, "dialogues": [[555104, 0, "Why do we always have to carry the memories of how s*try our parents were when we were younger ? While they are able to forget or pretend like certain things did not happen . And then you can not call them out on it because they are your parents . Parental mental manipulation sucks . Wondering how to bring up an issue without hurting them , but yet you are hurting yourself .", ["😔"]], [1302288, 2, "unfortunately those memories are the deepest ones in our minds and they affect us the most", []], [1487111, 1, "It depends on how your see you latertural view is regarding family but , I think once children becomes adults , parents should stop treating them as children and face them as equals . There is this old saying about treating friends as family and family as friends . If you treat your family as friends its inevitable to have confrontation and hurt them , but I think what is important is you just want to be understood and still want to be friends", []]], "speakers": {"Nisee": 0, "Mandana🌌🌙🌠🦋🎵💞": 1, "Hua": 2}}, {"id": 17900899, "category": {"id": 62, "name": "Mental Health"}, "emotion": "Depressed", "turns_number": 4, "dialogues": [[820364, 0, "Feel better soon hopefully .", []], [1176536, 3, "Can we discuss in into", []], [1302288, 2, "least it shows they care", []], [1542128, 1, "It is a major problem in our generation . We have to be mentally and emotional strong to tackle that . But do not be sad , you are strong and amazing , believe in yourself , everything will be way better .", ["😇"]]], "speakers": {"s1🍁🚬n1": 0, "Harry": 1, "Mandana🌌🌙🌠🦋🎵💞": 2, "Somali": 3}}, {"id": 17900896, "category": {"id": 74, "name": "Depression"}, "emotion": "Supportive", "turns_number": 3, "dialogues": [[1438664, 0, "can anyone help me my friend is depressed just like me and she wants to end her life do you think I should tell her parents about it i really need help please help me .", []], [1529127, 2, "this can help you and your friendhttps:/bit.ly/39By8e4", []], [831117, 1, "1st you Talk To Her And If She Not Listen you Then Talk Parents About It.", ["🏻", "👌", "👍"]]], "speakers": {"Alice": 0, "Hello there": 1, "Sami Khan": 2}}, {"id": 17900895, "category": {"id": 68, "name": "I Need Help"}, "emotion": "Anxious", "turns_number": 4, "dialogues": [[224574, 0, "since i found out that my ex created on me , i have started to shake all the time . When i found out first , my head started to shake really fast and since that day i always shake and sometimes i suddenly start to have anxiety attacks i guess , i have hard time breathing", []], [770429, 3, "You will get better , i had a similar situation and was feeling the same difference is i wanted to get angry so i got more and almost blocked out . But life goes on i guess", []], [1515999, 2, "if you think renting helps them I m here for you if you want", []], [1539795, 1, "You should see a doctor and take care of your health", []]], "speakers": {"it hurts": 0, "Stiliyan": 1, "Artist": 2, "Aimi chan": 3}}, {"id": 17900878, "category": {"id": 7, "name": "Relationships"}, "emotion": "Supportive", "turns_number": 4, "dialogues": [[1537877, 0, "do not ever lie to to someone you care for . you will have forever planted a seed of doubt . no matter what you do or if they forge have you for the lie it will never end you will argue and fight because the trust is gone . it is not hard even if you do wrong own up .", []], [1515414, 3, "Yep and better yet to not tell white lies at all", []], [413922, 2, "I lied about being a game and stupid thing like that because it was embarrassing I later came clean though and they got angry at me for coming clean . what did they want me to do", []], [725140, 1, "Too late . Another ship hit the ice", []]], "speakers": {"Shaun": 0, "Daylight": 1, "calebzzz": 2, "Cruel World": 3}}, {"id": 17900867, "category": {"id": 10, "name": "Friends"}, "emotion": "Caring", "turns_number": 3, "dialogues": [[838746, 0, "Make sure the person you are choosing over everyone choosing you too .", ["🌻"]], [1087101, 2, "But what if I chose myself over everyone else . What does it mean if I do that but do not even like myself ?", []], [1517033, 1, "It is good to remain reserved in matters of the heart as to not be crushed . But you should not be so guarded as to not let anyone in . Just wanted to say we love you and you matter in this life . Keep up the position have vices mo charm.", ["🍀", "🙏", "✌", "🏼"]]], "speakers": {"🌻🌻🌻": 0, "_.useless._.human._": 1, "Dáithí Gibealain": 2}}, {"id": 17900864, "category": {"id": 68, "name": "I Need Help"}, "emotion": "Exhausted", "turns_number": 3, "dialogues": [[1160051, 0, "Getting up in the morning because harder every day .", []], [1517033, 1, "Just think about how much you are loved by total strangers . We see you for you and think you are simply a delightful and wonderful person that matters . We love you my friend .", []], [1517033, 1, "Stay strong and keep fighting.", ["🍀", "🏼", "✌", "💪", "🙏"]]], "speakers": {"Magdalena": 0, "Dáithí Gibealain": 1}}, {"id": 17900858, "category": {"id": 47, "name": "Health"}, "emotion": "Annoyed", "turns_number": 8, "dialogues": [[1105880, 0, "Seems like Indian got . surrendering in front of corona . lack of oxygen supply , lack of medicines , and got . daily lying about total cases .", ["😑"]], [1066151, 7, "they never fought it to surrender", []], [1472563, 6, "we are not in danger we are the danger", ["😂"]], [770429, 5, "Do not worry Bulgaria government thinks it defeated corona first and everyone else is copying us", ["😂"]], [938022, 4, "our pm do not i have a shit about corona he is busy in elections", []], [1486824, 3, "Laughing my arms off . tell that to pp gathered by that tea stall by road side at night", []], [1267378, 2, "indian got is busy in buying forgiven vaccine for their people .", []], [1454892, 1, "Is the situation really bad there ? I read the counts increasing exponentially . how is the healthcare there ?", []]], "speakers": {"Barbie": 0, "Cheese burst pizza": 1, "kar34": 2, "Stiliyan": 3, "ROGUE🔥": 4, "Jake Peralta": 5, "shree《^● ¤ ●^》": 6, "Alyssa": 7}}, {"id": 17900846, "category": {"id": 63, "name": "My Story"}, "emotion": "Sad", "turns_number": 4, "dialogues": [[0, 0, "why would a boy will ever choose me . I went to my new school and saw my classmates they are so beautiful then there me I look like rotten tomato . no guns will ever choose me .", []], [401331, 3, "i am sure you are as beautiful as them you are just being too harsh on yourself", []], [1237339, 2, "rotten potatoes are cut !", []], [1305762, 1, "someone will . but do not rush it , ok ? you are going to find someone perfect for you in due time . Looks do not matter all that much . It is what someone feels when they are with you that would make them appreciateyouryour", []]], "speakers": {"Anonymous": 0, "carmen": 1, "blanche": 2, "Soham Das": 3}}, {"id": 17900828, "category": {"id": 7, "name": "Relationships"}, "emotion": "Tired", "turns_number": 3, "dialogues": [[1535503, 0, "God damn it my brother tested my ex is he stupid this is just causing tension to flare up", []], [541914, 2, "of . I m so fucking sorry he is being a dumbass . if things are getting distressful remember that I always have your back and can take over for a bit . you are not alone , love", []], [1540105, 1, "your ex is probably not abuse you like me . i get kicked in the stomach and getting told i am a shit that nobody loves . a", []]], "speakers": {"inthecourtofthecrimsonking": 0, "Layla X Akechi ship": 1, "Scott King": 2}}, {"id": 17900820, "category": {"id": 20, "name": "Others"}, "emotion": "Anxious", "turns_number": 4, "dialogues": [[647135, 0, "How the fuck do i get my life together ? I am unemployed multiple college dropout who is 24 years old li have at his parents has no girlfriend and no friends . Just laying around all day and watching tie to . I mean what the fuck ? How did that happen ? I used to be a normal guy who had his shit together 5 years ago . And now i am almost at the lowest point one can be .", []], [1506700, 3, "just get a basic job and make some plans for the future", []], [402793, 2, "Well what do you want out of life ? any goals ?", []], [1503939, 1, "Coming from someone who is coming out of their lowest point , it gets better ! Baby steps , just take one day at a time and set yourself little goals , does not have to be big ones . Also do not compare yourself to others , just be yourself", ["😊"]]], "speakers": {"The fruit dude 🍉": 0, "InquisitiveBeing": 1, "Jordan": 2, "🌸 ステファンー 🌸": 3}}, {"id": 17900819, "category": {"id": 20, "name": "Others"}, "emotion": "Supportive", "turns_number": 3, "dialogues": [[0, 0, "I dated an girl because I was not bidding when I said i would date an aime girl I fully meant that . .also they freak", []], [541914, 2, "we do be freak though . man is not lying", []], [1272482, 1, "how was the experience laugh out loud", []]], "speakers": {"Anonymous": 0, "Layla X Akechi ship": 1, "h a n j i n 🌼": 2}}, {"id": 17900812, "category": {"id": 7, "name": "Relationships"}, "emotion": "Worried", "turns_number": 3, "dialogues": [[1483652, 0, "boyfriend where areyouryour", []], [1164746, 1, "he is with another girl", []], [1164746, 1, "do you look through is phone and shit", []]], "speakers": {"stef33": 0, "User Suspended": 1}}, {"id": 17900803, "category": {"id": 62, "name": "Mental Health"}, "emotion": "Embarrassed", "turns_number": 4, "dialogues": [[224574, 0, "i was sexually and mentally abused by my teacher when i was 13 , can it be a reason that i have daddy issues ? i always like really older guns , i am cling and jealous , i am a sucked for attention , people only think that i just want s , i never want to be alone", ["🤧"]], [656550, 3, "yeah it could be because you are traumatism by it th . I m sorry it happened to you :(", []], [1152555, 2, "you did not know what you wanted when you were 13 so I guess it did affect you", []], [1542108, 1, "You need love and affection to solve your past misery . May god shower on you love and life", []]], "speakers": {"it hurts": 0, "GalaxySky": 1, "Reindeer": 2, "Kumar sonu": 3}}, {"id": 17900798, "category": {"id": 7, "name": "Relationships"}, "emotion": "Loved", "turns_number": 3, "dialogues": [[1448403, 0, "one day . If time slipped away from me.when am no more . I want him to read my each.posts .", []], [1510866, 2, "I m the guy read your all posts", []], [1302359, 1, "well what makes you think he will be still in this pp", ["🤔"]]], "speakers": {"angel": 0, "User Banned": 1, "~~Freebird~~": 2}}, {"id": 17900786, "category": {"id": 62, "name": "Mental Health"}, "emotion": "Positive", "turns_number": 3, "dialogues": [[836488, 0, "Sometimes you have to make peace with the fact that you are the villain in someone else is story even if you thought you were doing the right thing . You do not get to tell them how to narrate their experience .", []], [1528948, 2, "Agree ! I have done my share of wrong things and I should not be justify your information them just to make myself feel better", []], [1542108, 1, "You just need a break . A mental and emotional break", []]], "speakers": {"Shruti ❤": 0, "Nihilisa 🐺": 1, "Kumar sonu": 2}}, {"id": 17900782, "category": {"id": 68, "name": "I Need Help"}, "emotion": "Hopeful", "turns_number": 3, "dialogues": [[1542121, 0, "I m scared , I can not handle this , I just want to hurt myself And end it all", []], [678371, 2, "write down what you are feeling , it helps", []], [1358626, 1, "hey it is ok , try breathing nice and slow for a little , yeah ? then maybe have some nice warm tea and curl up for a nap / sleep ! you have got this . it will be ok <3", []]], "speakers": {"blair": 0, "Misery": 1, "brøken_bløssøm": 2}}, {"id": 17900765, "category": {"id": 63, "name": "My Story"}, "emotion": "Sad", "turns_number": 3, "dialogues": [[1122672, 0, "This is my life . Pain . Tears . Mental break down . Heartbreaks . Madness . Losing people . Getting treated badly when i try making friends . Stress . Studies . And more mental break down .", []], [799663, 1, "Those are the main reasons why I m always alone .", []], [799663, 1, "Too many unworthy people in real life & on this pp", []]], "speakers": {"BrokenTomboy🖤🏳️‍🌈": 0, "Tyler Wilson": 1}}, {"id": 17900760, "category": {"id": 62, "name": "Mental Health"}, "emotion": "Supportive", "turns_number": 8, "dialogues": [[969877, 0, "The more we can believe in our own worth , the harder it will be for others to manipulate us . We wo not be as dependent on anyone is affection and praise or criticism , if we learn to see our own worth and encourage ourselves instead of talking ourselves down . It is not easy to get there , I m still working on it . What would you recommend doing , that helps with developing a stronger sense of self - worth ?", []], [1059126, 7, "keep track of your successes . keep building yourself up , noticing good things , noticing how you are changing for the better . most of all , the hardest for me , cut out negative have self talk entirely and keep it neutral or even just position have", []], [1384787, 6, "Life becomes easier and more beautiful when we can see the good in other people.free your mind from manipulation , everyone deserves respect", []], [1373085, 5, "I ll say focus on your strength first . they ll be a great start in making you believe in yourself", ["🔥"]], [639154, 4, "Take time out for you . Know yourself so well that what others say or do will not affect the core of who you are ", ["❤"]], [770734, 3, "just believe that you can do it , not relying on others for stuff could be good started . just mentally getting strong and knowing that no one is going to help you", []], [1257103, 2, "firstly believe in our oneself.our own decisions.our own expectations.and encourage ourselves to trust our own ability to do things . Everyone has their own hidden gems beneath them.we need to find it out and work around it to sharpen our own confidence.this will help.you develop better", []], [666878, 1, "I wish I knew this sooner because I was manipulated by a horrible person . When someone is trying to manipulate you , they want something , usually power overyouryour", []]], "speakers": {"little things": 0, "('-' )": 1, "◇ VB": 2, "Hedwig🌺": 3, "Sorcha": 4, "Maxiii": 5, "FAHAD SAYED™": 6, "SoundGal22": 7}}, {"id": 17900743, "category": {"id": 10, "name": "Friends"}, "emotion": "Caring", "turns_number": 3, "dialogues": [[696746, 0, "I gave up trying a long time ago . I do not care anymore . there lose not mine .", []], [1532611, 2, "true but also have faith even if you have no friend jesus is with you and always has been", []], [1541753, 1, "But its get lonely :(", []]], "speakers": {"Maya Isabella": 0, "corazon": 1, "Individual": 2}}, {"id": 17900733, "category": {"id": 20, "name": "Others"}, "emotion": "Lonely", "turns_number": 3, "dialogues": [[1167278, 0, "All these attention and I still feel lonely especially at night .", []], [626564, 2, "things always get worse at night because there is not many distractions and you are often left alone w your thoughts .", []], [1493252, 1, "I am so sorry to hear that :( Do you think renting to someone at that time helps ?", []]], "speakers": {"Dwight K. Schrute": 0, "SkylineChili": 1, "It's okay": 2}}, {"id": 17900723, "category": {"id": 48, "name": "Work"}, "emotion": "Determined", "turns_number": 3, "dialogues": [[1357527, 0, "Quit my job at Tact Bell and got hired at a better job ! it is such a relief", ["✨", "😌"]], [1533836, 2, "I m so happy for you", []], [275484, 1, "Good for you , well done !", []]], "speakers": {"Emotional bb": 0, "❤️Sunny❤️": 1, "Zee ": 2}}]