[{"id": 17814933, "category": {"id": 10, "name": "Friends"}, "emotion": "Confused", "turns_number": 6, "dialogues": [[0, 0, "What is a limp ?", []], [322189, 5, "Someone who does way too much for a girl . Maybe expecting it to turn romantic . I guess girls can limp for guns too .", []], [1534089, 4, "Men with no self - respect and a worship women without self awareness", []], [1528733, 3, "A word people used to shame men that are often peace have to be weak and pushovers and butt kisses of women . At least that is what I got from hearing people use it .  ", ["🤷", "♀"]], [1334208, 2, "someone who does way too much for someone else without getting anything in return even to the point of sacrificing self respect", []], [1305616, 1, "A word people made up to insult men", []]], "speakers": {"Anonymous": 0, "Alex": 1, "Jay": 2, "BabyDreamer": 3, "POWER CAT": 4, "🍬𝕂𝕚𝕞𝕞𝕚𝕔𝕠🍬": 5}}, {"id": 17814926, "category": {"id": 10, "name": "Friends"}, "emotion": "Supportive", "turns_number": 3, "dialogues": [[1525052, 0, "I love gig but she so much fat face and body please do not talk with drama She Baby 8 month ago coming ahahahaha so bad .", []], [1441124, 2, "Gig and you looks the same like twins Gig needs to lose weight and you both looks like twin sisters", ["😂"]], [1537495, 1, "You are right baby you so much beauty oh my god i am here for u", []]], "speakers": {"User Suspended": 0, "nobody": 1, "Sir J.": 2}}, {"id": 17814924, "category": {"id": 7, "name": "Relationships"}, "emotion": "Positive", "turns_number": 4, "dialogues": [[1537389, 0, "how to get rid of negative have thinking", []], [1536864, 3, "You can never get rid of negative have thinking but you can try to have a better midst on things .", []], [1418651, 2, "Exercise in position have thinking . Talking nicely about yourself when you hate yourself . Whenever you view something negative have you try to see the good sides . Etc .", []], [1488861, 1, "You do not have to get rid of negative have thinking , that ll become toxic positively . Life has both sides position have and negative have , you can learn to embrace both with noise and composure", []]], "speakers": {"Purok Katatawanan": 0, "Emily ☺️": 1, "𝕷𝖊𝖝𝖝𝖎 𝕷𝖔𝖚": 2, "A wannabe sage": 3}}, {"id": 17814923, "category": {"id": 58, "name": "LGBT"}, "emotion": "Disgust", "turns_number": 3, "dialogues": [[1530915, 0, "Your MY comradesturns out my ex boyfriend who broke up with me fetishizes trans people ! Glad that he broke up with me before he tried any of that-", []], [1469655, 2, "gross ): glad you got out of that situation <3", []], [656550, 1, "this happened to me too- I m glad you are not in that relationship anymore . hope you are ok the <33", []]], "speakers": {"The Bi Russian Spy 🏳️‍🌈": 0, "tate": 1, "GalaxySky": 2}}, {"id": 17814918, "category": {"id": 7, "name": "Relationships"}, "emotion": "Nervous", "turns_number": 3, "dialogues": [[1302099, 0, "my guy went into diabetic shock we did not even know he was diabetic til this . he also had blood all around his damaged li have i do not knows and stomach area . him and his mon said he might not make it . I want to be position have and know he will but he is been in emergency surgery for almost for hours", []], [1507139, 2, "I hope he will be ok .", []], [1153956, 1, "I hope he will be ok soon .", []]], "speakers": {"badbaby88": 0, "Newbie": 1, "Vishal": 2}}, {"id": 17814914, "category": {"id": 63, "name": "My Story"}, "emotion": "Shocked", "turns_number": 4, "dialogues": [[1369635, 0, "I think I have finally lost my mind . I have cut my own hair , and not like a trim - it is short", []], [1533448, 3, "do not be hard on yourself please", []], [446095, 2, "what made you decide to cut it ?", []], [1482846, 1, "Some times I shave to feel like I have stepped out of my old self and can feel like someone new to clear my thoughts just a bit . You should do whatever makes you feel good and some form of return to start . You have a clean slate ahead to do what you want with my gorgeous friend", []]], "speakers": {"V": 0, "Zooo123": 1, "TboneSteak": 2, "Talk Life Nero": 3}}, {"id": 17814906, "category": {"id": 20, "name": "Others"}, "emotion": "Down", "turns_number": 3, "dialogues": [[1294867, 0, "anyone want to talk ? I could really use a distraction hello hello", []], [1421206, 2, "Come , text me .", ["🤗"]], [1536864, 1, "I would love to chat", ["✨"]]], "speakers": {"Sara": 0, "𝐌 𝐑   𝐀 𝐋 𝐏 𝐇 𝐀   𝐓 𝐋   𝐂 𝐀 𝐏 𝐓 𝐀 𝐈 𝐍": 1, "Emily ☺️": 2}}, {"id": 17814892, "category": {"id": 10, "name": "Friends"}, "emotion": "Lonely", "turns_number": 3, "dialogues": [[601863, 0, "Feeling so lonely . I have no friends to message and everyone welcomehere I go someone is either has someone or with their friends", ["😔"]], [1153095, 2, "i understand i am the same as you", []], [1161539, 1, "That must be tough . I hope you find someone soon .", []]], "speakers": {"Tiger_Geiger": 0, "will": 1, "Toby": 2}}, {"id": 17814876, "category": {"id": 20, "name": "Others"}, "emotion": "Inspired", "turns_number": 4, "dialogues": [[1332555, 0, "everyone needs to listen to ; where is the from by the black eyed peas . !", []], [1533448, 3, "true . but hard to find listeners", []], [1367879, 2, "the song its called , where is the love .", []], [1505423, 1, "Black eyed peas was so much of the shit .", []]], "speakers": {"Sugar": 0, "Zooo123": 1, "drenii": 2, "idk": 3}}, {"id": 17814874, "category": {"id": 62, "name": "Mental Health"}, "emotion": "Overwhelmed", "turns_number": 4, "dialogues": [[348374, 0, "I have no one talk to and no one cares . I need to end it I ca not stand this pain anymore .", []], [1028690, 3, "you can talk to me if you like I m a pretty good listener", []], [1367879, 2, "hey i feel you , i am sure a lot of people care including me , you do not need to end it please , i know it is exhausting but everything eventually will be ok , i am here if you need someone just please keep fighting", []], [1446003, 1, "Hey , wanted you to know I have been there and would like to offer my time and shoulder to you ! i would like to talk more with you . I care for you", []]], "speakers": {"amy lamb": 0, "Dean Fish": 1, "drenii": 2, "Lee Lee Marupo": 3}}, {"id": 17814856, "category": {"id": 51, "name": "Helpful Tips"}, "emotion": "Thankful", "turns_number": 3, "dialogues": [[1173545, 0, "who here manifests ? share your thoughts and feelings ", ["☺"]], [839199, 2, "I hope I do not get stabbed :D", []], [1346892, 1, "Me . Instead of rousing on not having a girlfriend , I manifest my love for me and I m making it stronger for my future girlfriend and I one day and loving poetry , true crime books and myself .", ["❤"]]], "speakers": {"Alice": 0, "pink": 1, "Passionate_Addicted Poet Author/Poet": 2}}, {"id": 17814842, "category": {"id": 20, "name": "Others"}, "emotion": "Depressed", "turns_number": 3, "dialogues": [[863419, 0, "21 but i feel like my life is already over .", []], [1222084, 2, "Stay strong and keep that chin up please ", ["☀"]], [1533646, 1, "It is not over till 24", []]], "speakers": {"ʄօʟӄʟօʀɨǟռ ɮǟɮʏ": 0, "LEECH": 1, "Newbie": 2}}, {"id": 17814828, "category": {"id": 11, "name": "Hopes"}, "emotion": "Nothing", "turns_number": 3, "dialogues": [[1439998, 0, "so might be drunk right now but why can i not ever get good male attention like i just want to be appropriated and loved and get told i am pretty and perfect and just love me for me and smoke a big j with me", []], [1009381, 2, "shit they going to come eventually , right now focus on you", []], [1537382, 1, "it takes time for someone to know you and like you for you male attention is operated", []]], "speakers": {"Zoe": 0, ".": 1, "Oumaima To": 2}}, {"id": 17814817, "category": {"id": 62, "name": "Mental Health"}, "emotion": "Overwhelmed", "turns_number": 4, "dialogues": [[348374, 0, "I do not want to li have it is to exhausting", []], [1222084, 3, "Stay strong and keep that chin up please ", ["☀"]], [1537347, 2, "Want to talk about it ?", []], [626564, 1, "But sometimes it has moments that make it worth it", []]], "speakers": {"amy lamb": 0, "LEECH": 1, "Léa": 2, "SkylineChili": 3}}, {"id": 17814814, "category": {"id": 7, "name": "Relationships"}, "emotion": "Lonely", "turns_number": 5, "dialogues": [[1533826, 0, "i m tempted to make an onlyfans page . if i can not be loved for my personality then maybe i ll be loved for my body .", []], [1041807, 4, "Good luck . It is more popular if you are a female .", []], [1360279, 3, "I would say that is not love .", []], [1528733, 2, "Ah . Does not seem like your wave . You are so much of a sweetheart you should not think you wo not find the perfect girl foryouryour", []], [1396207, 1, "i would not call that love", []]], "speakers": {"That Broken Toy": 0, "Ashley 🥀": 1, "ForgottenWisdom": 2, "BabyDreamer": 3, "𝕻𝖎𝖊𝖓𝖆𝖙💖": 4}}, {"id": 17814813, "category": {"id": 15, "name": "Family"}, "emotion": "Furious", "turns_number": 3, "dialogues": [[406109, 0, "just found letters my mon wrote to my childhood best friends dad about how she does not get any affection from my dad and she was not sure what the relationship they had was and that her and my best friends dad should just stay friends . ak my mother has created on my dad at least twice while they were married", []], [1461766, 2, "That is screwed up . I hope everything is ok now though", []], [700523, 1, "Holy shit . Does your father know any of this the", []]], "speakers": {"meganhirschfield": 0, "Captain Yam🌈✨": 1, "Calidum Capulus ☕🇮🇹": 2}}, {"id": 17814802, "category": {"id": 62, "name": "Mental Health"}, "emotion": "Chilled", "turns_number": 4, "dialogues": [[1395776, 0, "I want to kick a lot of people is ass", []], [1082079, 3, "Warm up before you start", []], [1536513, 2, "nl same and yet I do not use my munching bag", []], [1222084, 1, "* puts hands over butt *", []]], "speakers": {"LaReina": 0, "Silva": 1, "Honeybee :)": 2, "LEECH": 3}}, {"id": 17814796, "category": {"id": 10, "name": "Friends"}, "emotion": "Tired", "turns_number": 3, "dialogues": [[1358626, 0, "I am so tired of being this aware of everyone else and thinking the slightest change in energy from them means they are about to leave me . does anyone else do this ? like if my friends do not answer with certain femoris or if they add periods at the end of their sentences , etc stuff like that makes me get ready for them to abandon me _ (._.) _", []], [1403569, 2, "ah yeah I think like this too mostly because I have got separation anxiety , it ll be ok though sometimes people just do not have the energy to write certain stuff , or might just be a little busy . :)", []], [1537296, 1, "Yes can relate to this and have found that keeping myself busy and fussing more on my own welling helps", []]], "speakers": {"brøken_bløssøm": 0, "Cinnamon :)": 1, "Lissy": 2}}, {"id": 17814785, "category": {"id": 20, "name": "Others"}, "emotion": "Afraid", "turns_number": 3, "dialogues": [[725646, 0, "I just woke up suddenly I m so scared", ["😔"]], [1416607, 2, "i am here if you want to talk", []], [1476842, 1, "text me if you need to talk to someone .", []]], "speakers": {"the moon 🌙": 0, "᠌᠌ ᠌᠌ ᠌᠌": 1, "Fincholy": 2}}, {"id": 17814782, "category": {"id": 12, "name": "Self Harm"}, "emotion": "Sad", "turns_number": 4, "dialogues": [[0, 0, "someone please i have me INTERNATIONAL phone number for suicide outline.please", []], [1041807, 3, "If you want to talk I m here", []], [881651, 2, "i am not sure if its international but samaritans is 116 123", []], [748167, 1, "http:/w.suicide.org / international - suicide - outlines.html Stay strong , i am always here if you want to talk x", []]], "speakers": {"Anonymous": 0, "Ashley 🥀": 1, "hekkie": 2, "izzyyy💞": 3}}, {"id": 17814764, "category": {"id": 62, "name": "Mental Health"}, "emotion": "Numb", "turns_number": 4, "dialogues": [[839199, 0, "I do not want to talk to you for hours and explain how I feel . I just want to sit with you in silence , and we can both understand each other .", []], [840830, 2, "what about talking without explaining", []], [1398671, 1, "I can relate with you", []], [1398671, 1, "not many guns like us laugh out loud", []]], "speakers": {"pink": 0, "animalcule": 1, "Timothy Matthews": 2}}, {"id": 17814759, "category": {"id": 63, "name": "My Story"}, "emotion": "Loved", "turns_number": 4, "dialogues": [[1065768, 0, "everyone always wants a big tidy both girlfriend , no one ever wants a ll tidy cottagecore one is is", ["😔"]], [1536513, 3, "I want both the :(", []], [656550, 2, "but imagine them together perfect", ["😭"]], [787583, 1, "i just want someone that likes me", []]], "speakers": {"Hyue 🌸": 0, "Honeybee :)": 1, "GalaxySky": 2, "3301": 3}}, {"id": 17814716, "category": {"id": 47, "name": "Health"}, "emotion": "Loved", "turns_number": 4, "dialogues": [[1503013, 0, "Is it normal to be 15 in the 9 th grade ?", []], [1334208, 3, "yeah , at least when I was in school 9th was all kiss 14 turning 15", []], [1503249, 2, "i am 16 in 9 grade cut i am 1y back . studying in London nd in my country .they like.up ignore that of year nd oh", []], [1416607, 1, "if you have got good grades then sure", []]], "speakers": {"Leanna": 0, "POWER CAT": 1, "✞︎𝕭𝖚𝖓𝖓𝖞✞︎": 2, "᠌᠌ ᠌᠌ ᠌᠌": 3}}, {"id": 17814693, "category": {"id": 20, "name": "Others"}, "emotion": "Tired", "turns_number": 4, "dialogues": [[1343477, 0, "My home is definitely not within for walls . My home is out there , in the woods , winking at me to gather my courage and are have there . The road is long and I m filled with securities , cowardly enough to sit and study like millions .", []], [770224, 4, "the woods does not exist", []], [1009381, 3, "being in the woods do not sound half bad actually", []], [1160396, 2, "Out there , our destiny is always out there , where we are is only momentary , to prepare for what is to come , what is out there , your woods , a representation of what you want out of life", []]], "speakers": {"archetype🇵🇸": 0, "Marco 🦆": 1, ".": 2, "I.n.d.i.g.o.": 3}}, {"id": 17814683, "category": {"id": 15, "name": "Family"}, "emotion": "Down", "turns_number": 4, "dialogues": [[625946, 0, "At this wedding . all couples to the dance floor . i am the Only one sitting .", ["😢"]], [629462, 3, "oh no ! really ?", []], [543544, 2, "how lucky . I bet so many were wishing they were you.free as a bird", []], [1507139, 1, "Did not you get divorced at some point recently ?", []]], "speakers": {"Lauren": 0, "Jerry": 1, "Quantum_Mechanic": 2, "Newbie": 3}}, {"id": 17814678, "category": {"id": 20, "name": "Others"}, "emotion": "Annoyed", "turns_number": 4, "dialogues": [[1461124, 0, "can people just stop shouting people ( including me ) it is just really bad behaviour", []], [1513408, 3, "If you know why you do it , you can understand why others do it too", []], [498110, 2, "Smith not related to this topic , I needed to ask , your name is that a Doctor who reference or smith else ?", []], [791352, 1, "I have been shouted too havana", []]], "speakers": {"The Doctor (who?)": 0, "Olivia": 1, "cavalr3": 2, "acceptance12": 3}}, {"id": 17814673, "category": {"id": 62, "name": "Mental Health"}, "emotion": "Anxious", "turns_number": 4, "dialogues": [[1338785, 0, "My social anxiety is gotten much worse . I was doing well for years . I avoid people left and right . I wish I was more confident . I am afraid .", []], [1524923, 1, "I know what you feeling . I think that because of anaemic we do not have so much contact with another people and now when we have to talk to someone is even worse than before", []], [1524923, 1, "Last time i have to say something in my online lessons and i was shaking whole day", []], [1524923, 1, "My friend advised me to do shock therapy and go to some theater class or smith but that would be my the worst dream", []]], "speakers": {"No one of importance": 0, "Mia🐮": 1}}, {"id": 17814641, "category": {"id": 67, "name": "Self-Care"}, "emotion": "Excited", "turns_number": 3, "dialogues": [[1253612, 0, "i may finally have a skinny thighs ! let us go", []], [1222084, 2, "Congratulations if that was your goal ", ["☀"]], [1041807, 1, "Keep it up girl !", []]], "speakers": {"Zahra almousawi": 0, "LEECH": 1, "Ashley 🥀": 2}}, {"id": 17814632, "category": {"id": 10, "name": "Friends"}, "emotion": "Lonely", "turns_number": 4, "dialogues": [[1488642, 0, "i have no friends and no one cares because i am a boy", []], [1222084, 3, "Seriously the it is annoying as . I have got you back ", ["☀"]], [1537369, 2, "being a boy is not a problem it is not your choice just keep loving and daring about yourself and let the others go to hell", []], [695472, 1, "i have no friends and no one cares because i am a girl", []]], "speakers": {"mk": 0, "LEECH": 1, "Menyar TN": 2, "𝕤𝕒𝕤𝕤𝕚𝕖𝕣𝕥𝕙𝕒𝕟𝕘𝕣𝕒𝕤𝕤𝕚": 3}}, {"id": 17814626, "category": {"id": 7, "name": "Relationships"}, "emotion": "Hopeful", "turns_number": 3, "dialogues": [[1044417, 0, "I hope I do not mess this up .", []], [1519236, 2, "I believe in you , now you have to believe yourself", []], [1066151, 1, "You will not . By the way what is it about", []]], "speakers": {"Fairytailer210": 0, "just wait and see": 1, "Cheese burst pizza": 2}}, {"id": 17814583, "category": {"id": 12, "name": "Self Harm"}, "emotion": "Confused", "turns_number": 3, "dialogues": [[933517, 0, "I am really nervous to end my own life , fuck why did it have to come to this .", []], [1501450, 2, "hey it is ok , do you need to talk ?", []], [697348, 1, "You going thought this to get stronger . Calm down , your life does not have to end for the suffering comes to an end . Everything passes , the good and the bad things . hang on to the good things . The people who loves you. The people that you love . Is worth keep the good fight for them.z", []]], "speakers": {"cjboiman01": 0, "mariya": 1, "hope": 2}}, {"id": 17814557, "category": {"id": 74, "name": "Depression"}, "emotion": "Depressed", "turns_number": 4, "dialogues": [[1351634, 0, "I feel like a trust fund baby with a social phobia I have no ambition in life anymore , i dry have my partner crazy with my fears and depression I have no one I can talk to about it I just do not know what to do anymore", []], [1009381, 3, "you keep pushing , it can definitely feel that way , do not i have up . Also , do not let the lies make you feel like you are any less then what you are .", []], [1449925, 2, "would you like to talk so open your into so people can send you a message and you can make friends", []], [1228800, 1, "Hope things will get better . Do take care .", []]], "speakers": {"Emma": 0, ".": 1, "heartbeat": 2, "Abominate.": 3}}, {"id": 17814543, "category": {"id": 20, "name": "Others"}, "emotion": "Depressed", "turns_number": 3, "dialogues": [[1480796, 0, "I would be forgotten very quickly after my death .", []], [1222084, 2, "No you wo not . ", ["☀"]], [1489682, 1, "Do not worry , when you die you ll forget everyone else too . You are even", []]], "speakers": {"ₛₘᵢₗₑ&ₚᵣₑₜₑₙd": 0, "LEECH": 1, "pihkal": 2}}, {"id": 17814536, "category": {"id": 7, "name": "Relationships"}, "emotion": "Nostalgic", "turns_number": 4, "dialogues": [[1537365, 0, "He says he does not love me anymore the way he used to but he also says he need my presence more than ever . it hurts to be with someone you love so much . it just breaks my heart", []], [319469, 2, "need someone to talk to ?", []], [1534318, 1, "I understand the feeling sometimes it is better to let go and I focus on yourself even if it feels impossible", []], [1537362, 1, "Sometimes you have to put yourself first and choose self respect above everything else no matter how hard it is .", []]], "speakers": {"Grace": 0, "dominik": 1, "Newbie": 2}}, {"id": 17814525, "category": {"id": 74, "name": "Depression"}, "emotion": "Lonely", "turns_number": 3, "dialogues": [[1537098, 0, "I do not want to diagnose myself with depression and i am scared to tell my parents , but since 2019 everything is s*t . I want to stay strong , but I do not think I can do this anymore .", []], [1142610, 2, "Do not be scared . They love you and you need their help , what is so scar ? Asking is the first step to get better", []], [1535185, 1, "You can you can you can do this ! Hey things can change for the good.even if I ca not see it right now.but it is possible", []]], "speakers": {"Moonlight": 0, "Vncet": 1, "Newbie": 2}}, {"id": 17814502, "category": {"id": 20, "name": "Others"}, "emotion": "Supportive", "turns_number": 3, "dialogues": [[1222084, 0, "Yes but i am too scared so i am good", ["😂"]], [1461766, 2, "It depends on what you think of Potatoes", []], [1109708, 1, "nl i read your name as violent rose , i was like mon come pick me up i am scared", []]], "speakers": {"LEECH": 0, "Captain Yam🌈✨": 1, "Oh mighty thicc one": 2}}, {"id": 17814475, "category": {"id": 51, "name": "Helpful Tips"}, "emotion": "Proud", "turns_number": 3, "dialogues": [[1491009, 0, "Be strong , believe in who you are ; be strong , believe in what you feel", []], [1439783, 2, "till how much time we stay motivate one moment comes and all motivation comes to rest", ["🥺"]], [1530325, 1, "I m trying but I m nail have to myself . Yes , for strangers I bell have every world I is is", []]], "speakers": {"Fayrouz Sanak": 0, "heretohelp": 1, "Someone you met once": 2}}, {"id": 17814472, "category": {"id": 68, "name": "I Need Help"}, "emotion": "Optimistic", "turns_number": 4, "dialogues": [[832318, 0, "I am driving to Texas starting tomorrow across the states ! Any advice ?", []], [786615, 2, "Wait what part that is where i am from", []], [786615, 2, "I am in San Antonio and my best advice is to wear sunscreen", []], [1091289, 1, "big mosquitoes.so get some off say", []]], "speakers": {"Babybear": 0, "It": 1, "╘ᑘ𝘕∧cŸ": 2}}, {"id": 17814470, "category": {"id": 7, "name": "Relationships"}, "emotion": "Depressed", "turns_number": 5, "dialogues": [[1537361, 0, "i just really need to talk to someone . i ca not stop crying and it is become such a big issue in my life", []], [1222084, 4, "Stay strong and keep that chin up please ", ["☀"]], [1522211, 3, "low - key same but crying inside , been hurting and crying internally for too long", []], [1537365, 2, "I cry a lot too and it hurts even more when you are aware what is been hurting you this whole time", []], [1537150, 1, "Crying is great to try and take a bit of that pain from our chest , in case you need I m here to talk", []]], "speakers": {"sam": 0, "LEECH": 1, "your random neighborhood thot": 2, "Grace": 3, "Sandra Ramírez": 4}}, {"id": 17814467, "category": {"id": 10, "name": "Friends"}, "emotion": "Supportive", "turns_number": 4, "dialogues": [[0, 0, "Hey guns , can you please tell me what you think about this question ? How can we improve mental health care ?", []], [1516106, 2, "to make it more easy to talk about it", []], [1516106, 2, "in small groups with people who have similar problems", []], [656550, 1, "get more mental health services available for people , especially the ones that can not afford it", []]], "speakers": {"Anonymous": 0, "Newbie": 1, "GalaxySky": 2}}, {"id": 17814465, "category": {"id": 67, "name": "Self-Care"}, "emotion": "Positive", "turns_number": 3, "dialogues": [[1536822, 0, "one word , LIFE.in curious . what are some of the distractions y all use to  get away  from life .", []], [1461124, 2, "reading , gazing , moves , chatting to random on here .", []], [1536376, 1, "Scuffle dance and reading .", []]], "speakers": {"LAUREN🦋🖤": 0, "The Doctor (who?)": 1, "Queenie": 2}}, {"id": 17814460, "category": {"id": 20, "name": "Others"}, "emotion": "Sad", "turns_number": 3, "dialogues": [[1478626, 0, "I do not know why i am sad I just am .", []], [1222084, 2, "That just happens sometimes . Stay strong and keep that chin up please ", ["☀"]], [1296483, 1, "I do not know why , but here is a virtual hug", ["🤗", "🌹"]]], "speakers": {"Haunt3dsn0w": 0, "LEECH": 1, "Mo™": 2}}, {"id": 17814446, "category": {"id": 12, "name": "Self Harm"}, "emotion": "Anxious", "turns_number": 4, "dialogues": [[1369445, 0, "Summer is coming soon and I do not know how I will be able to hide my s scars", []], [1216506, 3, "get a fuck ton of bracelets", []], [1398671, 2, "oh how bad are they", []], [1534318, 1, "You should not have to hide your body if people judge you it is cause they are insecure", []]], "speakers": {"Mathisen": 0, "Danny": 1, "Timothy Matthews": 2, "Newbie": 3}}, {"id": 17814429, "category": {"id": 20, "name": "Others"}, "emotion": "Nostalgic", "turns_number": 4, "dialogues": [[1533432, 0, "I eat romantic shit up . if I were asked to just sit on a roof and look at the stars i would probably internally combat", []], [1530801, 3, "you ll like one of my posts .", []], [501038, 2, "do you want to sit on the roof with me ?", []], [1434367, 1, "want to go to the lake and smoke a blunt", []]], "speakers": {"angelic𖤐arsonist": 0, "MyShadow": 1, "Daddy Xaniar": 2, "icehearted": 3}}, {"id": 17814420, "category": {"id": 62, "name": "Mental Health"}, "emotion": "Tired", "turns_number": 3, "dialogues": [[1169716, 0, "My body is so sore in and i am tired as can be . I really need to clean on my room though . I got company over so maybe will put some of that off . i am on na try and have a shower tonight to help my body feel better and maybe nap", []], [629462, 2, "Why are you so sore ?", []], [1461766, 1, "This has so much ADD , but let us get it done girl !", ["😂"]]], "speakers": {"🌔DiamondRock☪️": 0, "Jerry": 1, "Captain Yam🌈✨": 2}}, {"id": 17814410, "category": {"id": 7, "name": "Relationships"}, "emotion": "Lonely", "turns_number": 3, "dialogues": [[0, 0, "what if we just stopped romanticizing everything and just let everyone m a t e eachother would not that be cool", []], [1522211, 2, "god no ! some people do not deserve us or even making", []], [1535503, 1, "What in the Christ is this prophetic wisdom", []]], "speakers": {"Anonymous": 0, "your random neighborhood thot": 1, "inthecourtofthecrimsonking": 2}}, {"id": 17814395, "category": {"id": 10, "name": "Friends"}, "emotion": "Exhausted", "turns_number": 5, "dialogues": [[356906, 0, "so drunk i hate myself right now", []], [1202204, 4, "That is y I do not drink .", []], [1531611, 3, "Try to sleep . Try again tomorrow", []], [1494607, 2, "that is not how its supposed to work", []], [1537346, 1, "lately I have that problem a lot", []]], "speakers": {"pmnb": 0, "Autistic Rainbow♾": 1, "iiibu": 2, "nope": 3, "Andreea Ri": 4}}, {"id": 17814362, "category": {"id": 20, "name": "Others"}, "emotion": "Depressed", "turns_number": 3, "dialogues": [[1433001, 0, "My sister ignored me for one Week and now she called me only to say that she will talk with me tomorrow . i am afraid", []], [1522211, 2, "sounds like my family members", []], [1398671, 1, "what are you afraid of ?", []]], "speakers": {"Sadly being on this world": 0, "your random neighborhood thot": 1, "Timothy Matthews": 2}}, {"id": 17814355, "category": {"id": 62, "name": "Mental Health"}, "emotion": "Depressed", "turns_number": 9, "dialogues": [[1537114, 0, "my guy is saying that while having a sex ass profile", []], [1441051, 8, "I struggle with that too . i am sorry - I know it can be a terrible feeling .", ["😔"]], [1468271, 7, "try to talk to someone", []], [1082079, 6, "How can you know ?", []], [1178467, 5, "You are So good enough", []], [869692, 4, "You are more than enough when somebody who does not know you can tell I love you and you are special , because sharing that post that you shared make the feelings of others valued like you did to me . Thank you and God bless you . You are not alone . Huge", ["🫂"]], [1388659, 3, "You are enough . Your worth is not defined by others but you must love you  hope you will be ok my friend", ["❤"]], [1404895, 2, "start saying yourself I am good enough , you will feel the same soon .", ["🤗"]], [1207935, 1, "You are good enough . It is the depression telling you that . Remember it is not true .", []]], "speakers": {"Opinion you gotta Care about": 0, "Danielle ♡": 1, "debs": 2, "Silva": 3, "\"Yaar\"💐": 4, "JP": 5, "Empress177": 6, "Rohit💛": 7, "D....": 8}}, {"id": 17814350, "category": {"id": 66, "name": "Addiction"}, "emotion": "Supportive", "turns_number": 7, "dialogues": [[1534896, 0, "How do you stop masturbation ?", []], [1506115, 6, "We , go see a therapist or something .", []], [1503038, 5, "Why stop ? It is not bad actually", []], [720355, 4, "some people in the comments will i have you good , random or we / creep responses , but try to cut back some , maybe see a doctor , but there is nothing wrong with masturbation in my opinion it is natural", []], [1534986, 3, "I ca not i need it to times a day and 3 on a sunday", []], [1115323, 2, "You simply stopclose the laptopput your parts and go read the bible", []], [1534831, 1, "If you want to stop masturbation , you should have a strong WHY . You should find a strong reason , for WHY you want to quit masturbation . Read books on Self Discipline and try to implement good habits in your lifestyle . I myself is addicted with PRO for almost 14 years .", []]], "speakers": {"Mariana Prescott": 0, "SadBunny 🇺🇸": 1, "Ramtin": 2, "Ely": 3, "Matt S": 4, "𝕃𝕚𝕝𝔼𝕞𝕠𝔹𝕠𝕚": 5, "Krishna": 6}}, {"id": 17814345, "category": {"id": 72, "name": "Anxiety"}, "emotion": "Exhausted", "turns_number": 3, "dialogues": [[1243728, 0, "Sometimes I wonder what in the bloody hell possessed me to become a nurse , and even worse than that a nurse that works nights . i am so bloody exhausted it is incredible . I just want to curl in bed and sleep or cry , or maybe both . which obviously I ca not because i am at work . FOR ", ["🤦", "♀"]], [629462, 2, "Thank you for helping others . Especially this past year has been so draining for you . I m sorry you are exhausted .", []], [1503038, 1, "I know how you feel It is so hard being a nurse have not seen my family for for days", []]], "speakers": {"Nicoleta": 0, "Jerry": 1, "Ramtin": 2}}, {"id": 17814338, "category": {"id": 20, "name": "Others"}, "emotion": "Nothing", "turns_number": 3, "dialogues": [[1135196, 0, "I just got scared of my shadow-", []], [1110362, 2, "usually happens after mi do not knight every", ["😕"]], [1490705, 1, "Your shadow alone just must be very powerful , young nina .", ["😌"]]], "speakers": {"🍥Mel🍥": 0, "🇵🇸Amir": 1, "Rei": 2}}, {"id": 17814320, "category": {"id": 20, "name": "Others"}, "emotion": "Sad", "turns_number": 3, "dialogues": [[507080, 0, "I need to get out of this town .", ["😔"]], [1525343, 2, " I fucking hate this town ", []], [1171455, 1, "Same , as soon as the borders open .", []]], "speakers": {"Lexian": 0, "Arcane": 1, "Χάρις 🇱🇺": 2}}, {"id": 17814299, "category": {"id": 62, "name": "Mental Health"}, "emotion": "Exhausted", "turns_number": 3, "dialogues": [[1244311, 0, "These beds I take do not heal me", []], [524738, 2, "They treat symptoms not causes", []], [1531898, 1, "yea they are more of a tool than a fix i am i am", []]], "speakers": {"Pau🤍": 0, "Glaze": 1, "Aaron Wallis": 2}}, {"id": 17814279, "category": {"id": 20, "name": "Others"}, "emotion": "Nothing", "turns_number": 4, "dialogues": [[1202204, 0, "I still get pulled at 33 your old", []], [1507139, 3, "hata I get that too sometimes", []], [1513408, 2, "If it happened at work its called mobbing and unfortunately is not a rare phenomenon", []], [1283170, 1, "Really sorry to hear that", []]], "speakers": {"Autistic Rainbow♾": 0, "Newbie": 1, "Olivia": 2, "Anas khan": 3}}, {"id": 17814276, "category": {"id": 20, "name": "Others"}, "emotion": "Loving", "turns_number": 5, "dialogues": [[1135196, 0, "Me : * sees someone with aime pp*+Oooh who is this see you see you", ["🤤"]], [1365340, 4, "LITERALLY THEY are HOT FOR WHAT Till you saw their face it ruins everything no more sectional character : l no more imagination", ["😩", "🙄"]], [1110362, 3, "especially who use at or TO", []], [954139, 2, "full it really makes your expectations high for that person", ["😎", "🤭"]], [712880, 1, "i better use auto pp now", []]], "speakers": {"🍥Mel🍥": 0, "KARO???": 1, "🇵🇸Amir": 2, "æñgėl™": 3, "Faust": 4}}, {"id": 17814265, "category": {"id": 20, "name": "Others"}, "emotion": "Sad", "turns_number": 3, "dialogues": [[0, 0, "I look at myself and cry from how ugly I am .", []], [1216506, 2, "mood , only difference is , I get mad", []], [1496238, 1, "You need to stop worrying about hello hello", []]], "speakers": {"Anonymous": 0, "Danny": 1, "User Suspended": 2}}, {"id": 17814247, "category": {"id": 20, "name": "Others"}, "emotion": "Supportive", "turns_number": 4, "dialogues": [[0, 0, "too much masturbation actually decreases energy and dry have :(", []], [1296483, 3, "too much of anything is not good", []], [387787, 2, "Yeah it produces mormons which makes you feel sleepy , so consider it a natural sleeping iii and take them before the sleep", []], [1534831, 1, "It is true . Apart from that , you will feel guilty and depressed .", []]], "speakers": {"Anonymous": 0, "Mo™": 1, "EvangeRei": 2, "Krishna": 3}}, {"id": 17814246, "category": {"id": 68, "name": "I Need Help"}, "emotion": "Sad", "turns_number": 3, "dialogues": [[1502587, 0, "I want someone to step on me", []], [1365340, 2, "I can run over you with a see see", []], [516238, 1, "who is the person that will be doing the stepping", []]], "speakers": {"Epic Fail": 0, "KARO???": 1, "David": 2}}, {"id": 17814239, "category": {"id": 7, "name": "Relationships"}, "emotion": "Sad", "turns_number": 3, "dialogues": [[1418360, 0, "Saw my ex today for the first time in a out 5 months . God I feel like shit now i am not with her", []], [1202204, 2, "Was it a mutual break up ?", []], [1537343, 1, "What i learnt is if someone does not want to be with you , accept it . Accept the hurt . Once the time has heal your heart , you are going to find a so much better relationship . Do not try to swim against the ri have . There is so much better at the end of it . But it takes a while it is normal", []]], "speakers": {"Joseph": 0, "Autistic Rainbow♾": 1, "kurly": 2}}, {"id": 17814217, "category": {"id": 62, "name": "Mental Health"}, "emotion": "Sad", "turns_number": 5, "dialogues": [[1244311, 0, "I m starting to isolate myself again i can not even text my best friend and she is going to think i do not care about her and i m going to lose her", []], [1536195, 4, "just let her know you need to take time off from talking that is probably better", []], [1463909, 3, "feel this . :( i am sorry for you", []], [1409625, 2, "Do not force it if you can not do it but try to explain it to her when you are able to . A good friend will be willing to wait .", []], [1531898, 1, "if she is your best friend . you are not going to lose her . she will understand .", []]], "speakers": {"Pau🤍": 0, "Jesus Is Lord": 1, "francesca <3": 2, "bobgato": 3, "Aaron Wallis": 4}}, {"id": 17814203, "category": {"id": 10, "name": "Friends"}, "emotion": "Supportive", "turns_number": 4, "dialogues": [[1536864, 1, "It depends on where you li have . i would recommend Mexico since you are from America . The food is delicious and you are going to have a lot of fun drinking there", []], [1481999, 4, "I have ALWAYS wanted to go to Australia , especially Melbourne", []], [1235656, 3, "new zealand is quite peaceful", []], [1003681, 2, "Just be safe wherever you go . Mask up , social distance & wash your hands . Try Portugal .", []]], "speakers": {"Emily ☺️": 0, "Maxwell": 1, "fairy Ƹ̵̡Ӝ̵̨̄Ʒ": 2, "Lola Bunny": 3}}, {"id": 17814199, "category": {"id": 10, "name": "Friends"}, "emotion": "Relaxed", "turns_number": 4, "dialogues": [[1210279, 0, "ist possible to get a close friend online without taking anything", ["🤔"]], [724064, 3, "It is hard to , but it is not impossible !", []], [498110, 2, "I think its possible . have not found one myself but I like to think it can happen", []], [1398327, 1, "I met my best friend online we have not met in real life but we talk everyday for seven years now", []]], "speakers": {"Merry paul": 0, "Finder": 1, "cavalr3": 2, "Isaac T": 3}}, {"id": 17814195, "category": {"id": 7, "name": "Relationships"}, "emotion": "Loved", "turns_number": 3, "dialogues": [[1537335, 0, "When you realize you want to spend the rest of your life with somebody , you want the rest of your life to start as soon as possible .", []], [1292477, 2, "exactly , I m in love with someone but we are still too young . I wish we could just love together right now . I hate it", ["😭"]], [1490906, 1, "Alfred.you sound like you are missing someone badly . I hope whoever she is comes back to you", []]], "speakers": {"Alfred": 0, "Savvy Quinn": 1, "Anne mann": 2}}, {"id": 17814194, "category": {"id": 47, "name": "Health"}, "emotion": "Nostalgic", "turns_number": 4, "dialogues": [[1464500, 0, "i just feel stupid in but i know i is not . Just people handle me like i m stupid And they talk to me like i m stupid .", []], [524738, 3, "That ll definitely make you feel stupid .", []], [1395776, 2, "Yea like I hate it ! It happens to me at my job a lot like ugh !", []], [1537296, 1, "That is because they project their own securities on you . I just let my mind wander and in the meantime learn how to pass them off so I m armed for the next time they try it", ["😁"]]], "speakers": {"Cicely": 0, "Glaze": 1, "LaReina": 2, "Lissy": 3}}, {"id": 17814192, "category": {"id": 7, "name": "Relationships"}, "emotion": "Confused", "turns_number": 3, "dialogues": [[1537338, 0, "I do not understand why are my emotions that i feel for a person so mixed . And mind is so against that relationship . But feelings are just craving for that person , but mind , mind is screaming like a child when does not want something . God , over a half year i am fighting with those two . And just do not know what to do .", []], [1283170, 2, "I do not understand relationships things . But I advice you . if he or she is in your destiny things will make you together .", []], [728874, 1, "I m so sorry that you are going through this but you have to know that you can overcome it.u deserve so much better.always know that you matter .", []]], "speakers": {"spacious": 0, "Anas khan": 1, "🇺🇸RobbyRockRobster🎸": 2}}, {"id": 17814133, "category": {"id": 7, "name": "Relationships"}, "emotion": "Tired", "turns_number": 4, "dialogues": [[1320821, 0, "We often , trade our happiness for our parent is happiness . # sadreality", ["😔"]], [1010084, 3, "agree .we middle class people has this trade . anyone welcomes I am proud of it least we care about them ", ["❤"]], [1105880, 2, "it is ok , they have also traded there happiness for there kiss happiness more then kiss .", []], [1421104, 1, "the # i have a little spice laugh out loud", []]], "speakers": {"lil charm💫❤️": 0, "Mr.Fantastic 🇮🇳": 1, "Barbie": 2, "idkwhattoputhere": 3}}, {"id": 17814117, "category": {"id": 20, "name": "Others"}, "emotion": "Nothing", "turns_number": 3, "dialogues": [[1216333, 0, "if you are a man remember the words of Chris rock", []], [770224, 2, "can I help you with that ? can I help you with some dick ?", []], [1374592, 1, "my car broke down and I was flagging people down to help me but no one did . So I started pushing it myself and some people came to help . people like seeing you help yourself . I do not know i paraphrase", []]], "speakers": {"Luke": 0, "Marco 🦆": 1, "Antoine": 2}}, {"id": 17814115, "category": {"id": 62, "name": "Mental Health"}, "emotion": "Tired", "turns_number": 4, "dialogues": [[1481999, 0, "So tired and drained , no energy . Anyone else have so many negative have thoughts that you actually start getting a headache ? So many flashbacks , too many to handle", []], [1394894, 3, "honestly same . i feel the same way lately", []], [1451845, 2, "Listening to Rain and fireplace sounds and creating face romantic scenario really helps me to stop thinking", ["😅"]], [1537221, 1, "Think about how you want your life to be and what things you can do to get to that point . The thing that is helped me is my love for dancing , hobbies are a great way to start feeling better and the best thing to do is to make yourself get out there , because it will really help in the end . Maybe start with some daily walks or exercise", []]], "speakers": {"Maxwell": 0, "Ángela": 1, "Musa": 2, "Taylor": 3}}, {"id": 17814096, "category": {"id": 15, "name": "Family"}, "emotion": "Supportive", "turns_number": 3, "dialogues": [[786615, 0, "I knew I was not shit when my mon called saying her car caught on fire and I dusted out laughing", []], [1035358, 2, "Satan is blood.stay away!*shows Jesus slain on a weird wooden bed *", []], [614700, 1, "( you look beautiful on your pp oh my god )", []]], "speakers": {"It": 0, "Phoque": 1, "🅛🅤🅓🅦🅘🅖": 2}}, {"id": 17814084, "category": {"id": 71, "name": "Grief"}, "emotion": "Depressed", "turns_number": 6, "dialogues": [[1384359, 0, "i may not know you personally , but man I m here for you and hope that your journey will i have rain to hope and happiness", ["😁"]], [1152544, 5, "take care and will miss you too", ["💗"]], [349954, 4, "This was beautiful to read . I hope your break will be pleasant and make you feel better . I will miss seeing your posts around here . Take care x", ["✨"]], [1197116, 3, "We going to miss you for sure . and you are Absolutely Right Happy People Never Brows TO constantly True of . Take care One God Bless be Safe , wear your Mask . corona madam Visible ilengil . And kumbasaarikaan Marakarudhu . and Hope you wo not Forget This Sweet girishsmile", ["✨", "😊", "❤"]], [1418281, 1, "What is your problem message me I need to ask something unless your to scared", []], [770734, 2, "oh you in here love to know why you attack is of conversation and stuff.that is not cool.no hate or anything like that but just wanted to know the reason of it", []]], "speakers": {"The Fallen Soul": 0, "𝖘𝖕𝖎𝖗𝖎𝖙 🖤": 1, "ᴮᴵᴿᴰ": 2, "👑😉💃Smile😊😍👑": 3, "DÌSÃSTĒRPÏÊÇĖ": 4, "Maxiii": 5}}, {"id": 17814082, "category": {"id": 63, "name": "My Story"}, "emotion": "Frustrated", "turns_number": 6, "dialogues": [[849790, 0, "Stop falling in love with everyone who is nice to you", []], [981809, 5, "Repeat that to me laugh out loud", []], [849790, 4, "I m trying damn it ah", []], [517096, 3, "fr I hate it brush", []], [1292477, 2, "I use to do this when I was younger", []], [832945, 1, "you ll outgrowth that phase", ["😂"]]], "speakers": {"𝙲𝚑𝚒𝚣𝚘": 0, "Hannah Music": 1, "Chízo": 2, "8mak": 3, "Savvy Quinn": 4, "Gingerbread": 5}}, {"id": 17814077, "category": {"id": 68, "name": "I Need Help"}, "emotion": "Insecure", "turns_number": 3, "dialogues": [[1536068, 0, "I ll never be good enough no matter how hard I try", []], [1452327, 1, "the truth is you are good enough , you just met the wrong person", []], [1452327, 1, "and you do not need to try being herself is enough", []]], "speakers": {"When_mine_eyes_blacken": 0, "mimi": 1}}, {"id": 17814076, "category": {"id": 20, "name": "Others"}, "emotion": "Annoyed", "turns_number": 6, "dialogues": [[1292477, 0, "I love how the same people who say the younger generation is too sensitive have are the same ones who make a big deal out of people just sticking their tongues out , having colored hair and loving someone", ["🤣"]], [1530801, 5, "You are explaining the entire ocean just by looking at its surface .", []], [1421104, 4, "facts people just do not make sense I suggest we kill everyone older than 25 expect a few special", ["🤷", "😈"]], [1524466, 3, "they act as if previous generations do not shape future ones .", ["💀"]], [1174462, 2, "but we are more sensitive have , I mean people hate someone if they have a different opinion then them , what the fuck", []], [1503038, 1, "No one has personality stability these days Just get along with them", []]], "speakers": {"Savvy Quinn": 0, "MyShadow": 1, "idkwhattoputhere": 2, "ronan": 3, "nightlights": 4, "Ramtin": 5}}, {"id": 17814072, "category": {"id": 7, "name": "Relationships"}, "emotion": "Amazed", "turns_number": 11, "dialogues": [[0, 0, "Do girls think shy guns are cut ?", []], [1421104, 10, "yes but not my type", []], [770224, 9, "only if they are cut", []], [1489682, 8, "keep in mind that there is a fine line between shy and awkward", []], [1441051, 7, "I am shy myself so I need a guy who is not laugh out loud", []], [560215, 6, "could not ever possibly matter so idea", []], [1216333, 5, "they say yes but secretly do not they want to feel secure and protected from my experience but true for all girls I hope", []], [1499549, 4, "No , they are invisible to girls", []], [1525673, 3, "Shy guns are not really my type", []], [564749, 2, "they are cut , but i would not date one", []], [1535445, 1, "not a girl but yes", []]], "speakers": {"Anonymous": 0, "idkwhattoputhere": 1, "Marco 🦆": 2, "pihkal": 3, "Danielle ♡": 4, "‎": 5, "Luke": 6, "socially awkward roebuck": 7, "Cl4ire": 8, "Twentyxne_": 9, "nevyn": 10}}, {"id": 17814071, "category": {"id": 7, "name": "Relationships"}, "emotion": "Caring", "turns_number": 5, "dialogues": [[1535941, 0, "tell me about your securities ? .", []], [881651, 4, "the number on the scale !", []], [1287379, 3, "sometimes i shutdown random and it makes people think i hate them so they start hating me", []], [1396207, 2, "i am insecure about every single atom in my body basically", []], [1448323, 1, "I m not very tall . I m soft spoken . I have pale white skin with a mole on my neck . Just to name a few .", []]], "speakers": {"dailytales": 0, "hekkie": 1, "🌙✨𝓙𝓮𝓵𝓵𝔂✨🌙": 2, "𝕻𝖎𝖊𝖓𝖆𝖙💖": 3, "Cameron Mcelroy": 4}}, {"id": 17814057, "category": {"id": 7, "name": "Relationships"}, "emotion": "Anxious", "turns_number": 3, "dialogues": [[448213, 0, "I know you are supposed to trust someone until they i have you a reason not too , but for me , it is the opposite . I need to work on my issues but it is hard to have faith in someone when you are used to being let down .", []], [1333558, 2, "it is ok I m like that too . I never trust anyone . been let down my whole life", []], [1536376, 1, "I do not think you have issues , it is normal , I am like that too I think it is a mechanism of defense .", []]], "speakers": {"StevieTheTv": 0, "lil meow meow": 1, "Queenie": 2}}, {"id": 17814056, "category": {"id": 58, "name": "LGBT"}, "emotion": "Exhausted", "turns_number": 4, "dialogues": [[1168991, 0, "my name is not roman anymore . why ca not my family or friends see that .", []], [1202204, 3, "It might take them time", []], [1461766, 2, "I suppose they are not used to change yet . One day they ll get it , and maybe when the world finally changes", []], [797286, 1, "eventually they will get it . just keep it consistent , like i for example have a good relation to my relate have , so if i am in the room an they say my deadname , i do not react ( a good way to handle it with social anxiety too ) . you might remind them every once in a while", []]], "speakers": {"void !!": 0, "Autistic Rainbow♾": 1, "Captain Yam🌈✨": 2, "Berry🌈🍓👌": 3}}, {"id": 17814052, "category": {"id": 20, "name": "Others"}, "emotion": "Amused", "turns_number": 3, "dialogues": [[1216506, 0, "If I die nothing changes no one notices me anyone welcomed", ["😭"]], [1530801, 2, "Keep your head up man !", []], [770224, 1, "do not i have up , dandy . we are all depending on your shitposts", []]], "speakers": {"Danny": 0, "MyShadow": 1, "Marco 🦆": 2}}, {"id": 17814039, "category": {"id": 67, "name": "Self-Care"}, "emotion": "Worried", "turns_number": 4, "dialogues": [[1536409, 0, "Its 6 am . Ca not sleep !", []], [1509409, 3, "its time to wake up.brush your teeth", []], [794232, 2, "it is for am here ca not sleep", []], [1525507, 1, "It is 1 am and here we all are .", []]], "speakers": {"Alec": 0, "R K O": 1, "Vkris": 2, "Simply Me": 3}}, {"id": 17813978, "category": {"id": 7, "name": "Relationships"}, "emotion": "Overwhelmed", "turns_number": 3, "dialogues": [[1361359, 0, "Laugh out loud my boyfriend is straight up ignoring me AHAHAH i am actually kind of devastated in . There is so many reasons as to why he Should not be ignoring me that I wo not be sharing but I do not think I have ever felt so alone", ["🤣"]], [1361359, 0, "like of . i am probably in my lowest state and I just asked if I could dry have you around town why the f*k are you ignoring ME", []], [1347644, 1, "Oh my god best can I kill him-", []]], "speakers": {"shane! 💞": 0, "💀🖤𝔇𝔞𝔡𝔡𝔷𝔰 𝔏𝔦𝔩 𝔤𝔦𝔯𝔩🖤💀": 1}}, {"id": 17813962, "category": {"id": 62, "name": "Mental Health"}, "emotion": "Numb", "turns_number": 3, "dialogues": [[661298, 0, "Slowly the numbness of depression has seemed in like poison in my veins . Only it has me in its grasp and I do not want to fight it any longer . I want to let the numb wash over me until I feel or think no more . If only the thoughts of dear * would go away . I do not want to d*e , I just want to li have again .", []], [1392395, 2, "it will go away as you start talking yourself.takes time .", ["🤗"]], [770243, 1, "I understand how you feel but please do not i have up", []]], "speakers": {"Broken demon": 0, "notsonewbie": 1, "krista2019": 2}}, {"id": 17813950, "category": {"id": 50, "name": "Music"}, "emotion": "Nostalgic", "turns_number": 5, "dialogues": [[1257654, 0, "some people are so cut that you want to eat them homelike babies with chubby cheeks!they are so adorable ok I think I have a chubby cheeks possession here sorry", ["💕"]], [1479299, 4, "I have chubby cheeks it does not make me cut it just makes me look like potatoes :/", []], [1347644, 3, "I have chubby cheeks too and everyone squeezed them and i am so insecure about it sometimes ahahah", []], [1503038, 2, "Chubby cheeks are the best i have crush on every chubby girls with chubby cheeks", ["😍"]], [808592, 1, "people keep your babies away from this human eating witch please  ", ["🧙", "♀"]]], "speakers": {"🙃LetMeHugYouBetter🙃": 0, "‌": 1, "💀🖤𝔇𝔞𝔡𝔡𝔷𝔰 𝔏𝔦𝔩 𝔤𝔦𝔯𝔩🖤💀": 2, "Ramtin": 3, "😈parental advisory  explicit content 😈": 4}}, {"id": 17813949, "category": {"id": 20, "name": "Others"}, "emotion": "Nothing", "turns_number": 3, "dialogues": [[1516856, 0, "What I sometimes mistake for ecstasy is simply the absence of grief .", []], [328815, 2, "I m here for you", []], [1155414, 1, "now ! you have been searching about mental real estate", ["👌", "🦆"]]], "speakers": {".": 0, "scorpion 🦂♏❤️": 1, "A Shakesquare": 2}}, {"id": 17813944, "category": {"id": 10, "name": "Friends"}, "emotion": "Sad", "turns_number": 4, "dialogues": [[0, 0, "Anyone to talk to make friends ? i am kind of sad and lonely", ["🙁", "😕"]], [0, 0, "why do i only get male comments on my posts ? is that all that is left in the world ? a pool full or single guns ?", []], [328815, 2, "what is making you sad ?", []], [1441315, 1, "this pp not letting me post", []]], "speakers": {"Anonymous": 0, "scorpion 🦂♏❤️": 1, "Friendly": 2}}, {"id": 17813937, "category": {"id": 7, "name": "Relationships"}, "emotion": "Sad", "turns_number": 3, "dialogues": [[0, 0, "Th I do not trust women . Most of my life when women talked to me they did it because their friends dared them to as a joke . I know I sound like an icel but I just wanted to speak my mind .", []], [1345943, 2, "if that is how you feel , that is how you feel", []], [725140, 1, "You should not trust anybody , its a good trait . Trust them only with what they can bear .", []]], "speakers": {"Anonymous": 0, "jaycanthang": 1, "Cruel World": 2}}, {"id": 17813911, "category": {"id": 12, "name": "Self Harm"}, "emotion": "Depressed", "turns_number": 3, "dialogues": [[1179036, 0, "i cut for the first time in a while do not know how i feel about it", []], [1371154, 2, "I really hope you are ok .", []], [1499549, 1, "Your, you do not need stuff like that .", []]], "speakers": {"hey i’m effy": 0, "purple patootie": 1, "socially awkward roebuck": 2}}, {"id": 17813889, "category": {"id": 74, "name": "Depression"}, "emotion": "Down", "turns_number": 3, "dialogues": [[1479565, 0, "I never feel happy or position have even when I try .", []], [1222084, 2, "I am sorry to hear that . Stay strong please ", ["☀"]], [1488649, 1, "What do we do ? I hide myself and think back on happy days , but that is dangerous too . When you being to lose everything , you hold onto everything .", []]], "speakers": {"hope,sadness,love,joy": 0, "LEECH": 1, "Angel Torres": 2}}, {"id": 17813882, "category": {"id": 48, "name": "Work"}, "emotion": "Overwhelmed", "turns_number": 3, "dialogues": [[0, 0, "I m basically unemployable , I have no idea how I m supposed to cope with this , why can not I just die already .", []], [1488649, 2, "My first day of employment is not looking good either , I think I may get fired soon . Keep looking for a job , online or on a news paper . Also , talk to loved ones .", []], [1537338, 1, "Hey heel . do not i have up . Chances will come . Feel free to process that thing that you are going through . do not be so hard on yourself . :) All away to the end are up and down . But know what ? The best feeling ever is when you pass that s*t you are going through , will laugh from a higher state , much stronger . Good luck", []]], "speakers": {"Anonymous": 0, "Angel Torres": 1, "spacious": 2}}, {"id": 17813869, "category": {"id": 12, "name": "Self Harm"}, "emotion": "Depressed", "turns_number": 3, "dialogues": [[558689, 0, "really do not want to be alone right now . but i feel like I do not deserve anything better.i Do not want to be ali have yet I can not sure have alone .", []], [1271640, 2, "same here , and I feel like I do not need anybody while I m needing .", []], [993320, 1, "I am sorry Began , I wish I could help you", []]], "speakers": {"megan": 0, "Immabouttobe": 1, "GLR": 2}}, {"id": 17813860, "category": {"id": 63, "name": "My Story"}, "emotion": "Numb", "turns_number": 4, "dialogues": [[0, 0, "that moment when you finally realize she actually crushing on you girls be so subtle man", ["🤣"]], [1222084, 3, "That moment you realize you have no one to crush onyouryour", []], [987611, 2, "Or maybe you were just blind . I know I was it .", []], [1463619, 1, "We do be kind of speak about it", ["😂"]]], "speakers": {"Anonymous": 0, "LEECH": 1, "Rainer Winkler": 2, "Rebecca": 3}}, {"id": 17813848, "category": {"id": 10, "name": "Friends"}, "emotion": "Hopeful", "turns_number": 3, "dialogues": [[0, 0, "I made slut shaking metes on my teacher who used to gossip about me to my gullies", []], [1271127, 2, "I do not think you are really honoring yourself by doing that , but ok", []], [1055837, 1, "Ahahah i wish I could do that to my college instructor . when we eventually became colleagues , I just avoid working with them . They are still the big gullies even in adulthood .", ["🤣"]]], "speakers": {"Anonymous": 0, "ohnoohno": 1, "Merakii": 2}}, {"id": 17813823, "category": {"id": 58, "name": "LGBT"}, "emotion": "Confused", "turns_number": 6, "dialogues": [[1529469, 0, "at this point what the fuck is my sexuality", []], [987611, 5, "Why does it matter in the first place ?", []], [1534340, 4, "personally , i accepted that i ll never know laugh out loud", []], [797286, 3, "gone . reduced to atoms .", []], [579770, 2, "it does not matter actually and you will have a lot of time to discover yourself better :)", []], [1520851, 1, "I have no idea see see", []]], "speakers": {"Lucass": 0, "Rainer Winkler": 1, "V": 2, "Berry🌈🍓👌": 3, "🌻": 4, "Chicken nugget": 5}}, {"id": 17813821, "category": {"id": 10, "name": "Friends"}, "emotion": "Supportive", "turns_number": 6, "dialogues": [[712070, 0, "Do not worry if people do not like you , most people do not even like themselves .", []], [328815, 5, "or everyone does not have a good choice", []], [1003428, 4, "Now , I never saw it that way .", []], [1451833, 3, "Sometimes it is a compliment .", []], [738601, 2, "I find that most people are way too into themselves . Still not a reason to get worked up .", []], [1534175, 1, "it is true you sa", []]], "speakers": {"Linsanity": 0, "scorpion 🦂♏❤️": 1, "RS7": 2, "𝐑𝐨𝐱𝐢": 3, "Lucy In The Sky With Diamonds": 4, "Black Boy love": 5}}, {"id": 17813809, "category": {"id": 47, "name": "Health"}, "emotion": "Sick", "turns_number": 3, "dialogues": [[1003078, 0, "I have a headache and feel very caseous right now :(", []], [1507293, 2, "Be sure to rest well and drink plenty of water", []], [1017360, 1, "hopefully it is not from dehydration ! take some ibuprofen / tylenol and i will out for a couple hours maybe ?", []]], "speakers": {"Miraboreas": 0, "Алисия (Одиночка)": 1, "bea 🐇": 2}}, {"id": 17813769, "category": {"id": 7, "name": "Relationships"}, "emotion": "Heartbroken", "turns_number": 4, "dialogues": [[1520540, 0, "They say giving up is easy . It is not always the same and no , it is not . Sometimes giving up might be the bravest thing to do and it wo not be easy for sure :)", []], [1520903, 3, "Its too hard and painful", []], [1532703, 2, "Painful is only the explanation of giving up for me", ["😥"]], [844970, 1, "sometimes we have to i have up on certain situations so that there is enough room for better things to happen <33", []]], "speakers": {"Hermit": 0, "Rosé": 1, "Michaela": 2, "stuckinmymind": 3}}, {"id": 17813756, "category": {"id": 20, "name": "Others"}, "emotion": "Moody", "turns_number": 3, "dialogues": [[1197049, 0, "wondering if I should bang my head on the wall . I kind of miss down it .", []], [1174462, 2, "I always thought of the green in your profile picture to be eyes", []], [1222084, 1, "Sounds fun to me . I ll join a .", []]], "speakers": {"Gluten Free Emotions": 0, "nightlights": 1, "LEECH": 2}}, {"id": 17813748, "category": {"id": 62, "name": "Mental Health"}, "emotion": "Lonely", "turns_number": 3, "dialogues": [[1537323, 0, "For a couple days I thought I was happy but it is hard to be happy when you have none to talk to . My biggest fear is being alone but everything I do leads me to loneliness", []], [1528609, 2, "all find the right people , Asia !", []], [1525507, 1, "You will overcome this . Just do not allow your thoughts of loneliness consumeyouryour", []]], "speakers": {"Asia": 0, "Detective Lawliet": 1, "Simply Me": 2}}, {"id": 17813726, "category": {"id": 20, "name": "Others"}, "emotion": "Sad", "turns_number": 3, "dialogues": [[0, 0, "i want someone to vent to and forget everything about it", []], [1222084, 2, "I feel a on that one . ", ["☀"]], [1237339, 1, "same and you can to me !", []]], "speakers": {"Anonymous": 0, "LEECH": 1, "blanche": 2}}, {"id": 17813722, "category": {"id": 7, "name": "Relationships"}, "emotion": "Sad", "turns_number": 7, "dialogues": [[1399774, 0, "You are not worthless because not everyone has the same thoughts as you do about yourself . I know you made at least one friend in your life that means a lot to them", []], [1216506, 6, "you are not the only one", []], [557200, 5, "You ca not be worthless", []], [1537292, 4, "You are such a beautiful human , so please do not i have up ! :)", []], [446095, 3, "why Anna ? it is Saturday and it is a gorgeous spring day out", []], [1528458, 2, "Oh no dear never ever say that to yourself You are beautiful and God does not create worthless people you have a purpose you just need to find it dear", []], [1400255, 1, "hey what is wrong ?", []]], "speakers": {"Ice King👨‍⚕️": 0, "Danny": 1, "♾": 2, "Navnn💫": 3, "TboneSteak": 4, "Davina": 5, "justarandomdude": 6}}]