[{"id": 17925168, "category": {"id": 15, "name": "Family"}, "emotion": "Inspired", "turns_number": 3, "dialogues": [[0, 0, "i do not want to be mother and its my choice . i have full right to have child or not . you are no one to judge me", []], [1029954, 2, "that is literally your purpose", []], [1347312, 1, "Same here , people try to shame us so much for not liking or wanting kiss . You do whatever you want", []]], "speakers": {"Anonymous": 0, "🕷️🕸️": 1, "Veronica": 2}}, {"id": 17925161, "category": {"id": 63, "name": "My Story"}, "emotion": "Amused", "turns_number": 3, "dialogues": [[684673, 0, "Banana pancake ! Tried to make them as on emboli ( I will make an Instagram out of TO yet . Up oh . Well , better than Tinder2 , right ? )", ["😁", "🙈", "🥞"]], [632838, 2, "now I ate banana pancake too today .", ["🤨"]], [487041, 1, "Totally no issues with seeing nice food on my to feed everyday .", ["🏻", "👌", "👍"]]], "speakers": {"Kama2": 0, "desi ladoo": 1, "bubblefish": 2}}, {"id": 17925158, "category": {"id": 48, "name": "Work"}, "emotion": "Calm", "turns_number": 3, "dialogues": [[1542318, 0, "can you do everything for money ?", []], [1508972, 2, "I can.and is who will i have me the money ?", []], [655753, 1, "Probably not . It depends the .", []]], "speakers": {"Holo.": 0, "Panda(◕ᴗ◕✿)": 1, "KitKat": 2}}, {"id": 17925140, "category": {"id": 50, "name": "Music"}, "emotion": "Calm", "turns_number": 5, "dialogues": [[1543497, 0, "Does anybody here listen to Arctic Monkeys ? If yes i love you , let is be friends ! :)", []], [870361, 4, "flex turner was my crush", []], [1372283, 3, "what if i do not . ca not we be friends ?", []], [1378083, 2, "why d you only call me when you are high is so trend nowadays . i hate when my far bands get trend", []], [1486824, 1, "I thought only li have in Arctic", ["🐧"]]], "speakers": {"lost": 0, "Cat": 1, "kim seokjin": 2, "Moonchild": 3, "Jake Peralta": 4}}, {"id": 17925139, "category": {"id": 7, "name": "Relationships"}, "emotion": "Anxious", "turns_number": 4, "dialogues": [[0, 0, "Please help me . I do not know what to do . I lied to the person I claim to love . I just hid a friendship with a guy for some years because he was jealous back then , and now he is behaving so good with me , and now he suspected something and I could not tell him the truth , I feel stupid and dumb and scared .", []], [1486824, 3, "he is not good for you lo hello", []], [1178467, 2, "Oh its not a big deal . just manage it all with ease", []], [1542683, 1, "Do not worry.just tell him the truth simply . If he really care about you he will understand your situation and forge have . Mistakes can be happen and true love always forge have ", ["❤"]]], "speakers": {"Anonymous": 0, "Jake Peralta": 1, "\"Yaar\"💐": 2, "No Name": 3}}, {"id": 17925138, "category": {"id": 53, "name": "Education"}, "emotion": "Hopeful", "turns_number": 4, "dialogues": [[1543298, 0, "I m tired :( How does it feel having someone to care and help you if you are tired or someone you can lean on ?", []], [846589, 3, "I would like to know too", []], [1292136, 2, "that is the best feeling one can get for", ["🍁"]], [1544234, 1, "You can lean on me if you want", []]], "speakers": {"Unknownymous": 0, "indah pada waktunya": 1, "✨ʂαʋαɠҽ❤🅻🅾🆅🅴✨": 2, "SamaelWolf": 3}}, {"id": 17925132, "category": {"id": 74, "name": "Depression"}, "emotion": "Nervous", "turns_number": 3, "dialogues": [[1543496, 0, "I think i lost every important person I had in my life .", []], [1526205, 2, "Why is that so ? Until you know the reason behind that , you will keep losing even those you do not have yet , please get to the bottom of the problem .", []], [825234, 1, "I push people away to much", []]], "speakers": {"ꪑꫀᦔ꠸": 0, "Zoom": 1, "...": 2}}, {"id": 17925127, "category": {"id": 47, "name": "Health"}, "emotion": "Irritated", "turns_number": 3, "dialogues": [[935275, 0, "I wonder if I can pull this sumbitchin tooth out myself .", ["🤔", "😤"]], [1332072, 2, "i have got to pull my nail still", ["😂"]], [678028, 1, "you have got to do one thing right now , you have got to child", []]], "speakers": {"MONSTER": 0, "Kitten🥰": 1, "Midday": 2}}, {"id": 17925123, "category": {"id": 11, "name": "Hopes"}, "emotion": "Supportive", "turns_number": 5, "dialogues": [[1543488, 0, "I m done with face people", ["✅"]], [1371881, 4, "into is open if you need to talk to someone :) . yeah unfortunately learnt 99.9 % of the world is face D :", []], [1542318, 3, "I am always done with them I see them I run away", []], [891536, 2, "i thought so too but turns out face people seems the most real", []], [678028, 1, "do not buy from china", []]], "speakers": {"🕳️": 0, "Some random": 1, "Holo.": 2, "Deksam": 3, "Midday": 4}}, {"id": 17925122, "category": {"id": 10, "name": "Friends"}, "emotion": "Supportive", "turns_number": 3, "dialogues": [[1274874, 0, "what are you thinking right now ?", ["😏"]], [1149580, 3, "wondering why you use that emboli", ["🤨"]], [1533330, 1, "I m thinking about quesadillas", []]], "speakers": {"devilll": 0, "imnotnewherebutiamnewhere": 1, "chettahdielan": 2}}, {"id": 17925113, "category": {"id": 10, "name": "Friends"}, "emotion": "Caring", "turns_number": 3, "dialogues": [[1543495, 0, "does it hurt you when you know that there are people who just hate us , just because we are better than them ?", []], [1525157, 2, "maybe they just hate the fact that you think you are better than anyone", []], [1299330, 1, "it does not hurt me , let them hate us", []]], "speakers": {"Sayuju....": 0, "Mae 🦉": 1, "🙂": 2}}, {"id": 17925111, "category": {"id": 62, "name": "Mental Health"}, "emotion": "Down", "turns_number": 3, "dialogues": [[1448323, 0, "I have not had suicidal thoughts in a long time . But , today has not been good for me at all . I have a feeling that I am worthless . I want it to end .", []], [1436126, 2, "I get that too , but just understand that all of these are thoughts not facts . These thoughts have no proof to back them up . I just wanted to say i am proud of you and care about you . And ending it does not end the pain . It only i have it to someone else .", []], [678028, 1, "listen , it is going to end anyone welcomes , but life is not ending now?so you want to finish your dish?or you want to throw what is on it ?", []]], "speakers": {"Cameron Mcelroy": 0, "Depressed": 1, "Midday": 2}}, {"id": 17925108, "category": {"id": 10, "name": "Friends"}, "emotion": "Worried", "turns_number": 3, "dialogues": [[1543496, 0, "I always think about losing a person and I m scared to lose her . she means everything to me I can not lose her ", ["☹"]], [871786, 2, "Did you ever tell that person your feelings ? Sometimes feeling validated helps .", []], [1544304, 1, "hey . been there done that.so , if you feel that person is doing something wrong or is not proper with you , talk to them about it . try to figure things out . if y all never get on the same page , you might have to drop off us it will affect you mentally .", []]], "speakers": {"ꪑꫀᦔ꠸": 0, "Ariadna": 1, "Anonymous": 2}}, {"id": 17925104, "category": {"id": 20, "name": "Others"}, "emotion": "Depressed", "turns_number": 3, "dialogues": [[725195, 0, "Paid for a meal plan for weight loss , receive have it today . Looked into it and I have to say that I ll probably never lose weight because I am just too lazy to prepare those meals . So I accept that I ll be overnight for the rest of my life . I accept my fate .", []], [1530801, 2, "http:/youth.be / so4all4you need a little bit of Logging in your life", []], [784616, 1, "I m trying to lose weight too , you want to get in touch and maybe do the LAW ? Long Distance Lookout !", []]], "speakers": {"🖤NoHope🖤": 0, "MyShadow": 1, "Accountant": 2}}, {"id": 17925090, "category": {"id": 48, "name": "Work"}, "emotion": "Inspired", "turns_number": 3, "dialogues": [[1542660, 0, "Do you enjoy drawing and painting ?", []], [416629, 2, "Do you ? If so what do you like doing ?", []], [1542932, 1, "I wish I could draw , I do really like art howe have and collect screen prints .", []]], "speakers": {"Farid": 0, "Shaniqua": 1, "Alex": 2}}, {"id": 17925089, "category": {"id": 7, "name": "Relationships"}, "emotion": "Loving", "turns_number": 4, "dialogues": [[446095, 0, "relax . you ll sure have . you ever got a fly before ? same thing except we did not have a cure for this one and now we do . end of story", []], [1000984, 3, "good luck and be better soon", []], [1538242, 2, "hey , hold on due , you going to make it", []], [1543298, 1, "Next you ll be negative have . Pray Always . Fighting !", []]], "speakers": {"TboneSteak": 0, "⚔🗡Maximus 🗡⚔": 1, "𝙰𝙽𝙾𝙽𝚈𝙼𝙾𝚄𝚂𝚒𝙽": 2, "Unknownymous": 3}}, {"id": 17925088, "category": {"id": 72, "name": "Anxiety"}, "emotion": "Overwhelmed", "turns_number": 3, "dialogues": [[1543498, 0, "so I got this to vent so that is what ill do.to/ suicide waiting and dickholery - so today was my first time on social media in 6 months . the first place I went was twitter and my messages were full of people that i thought were my friends telling me to commit alive , simply because they did not think i would read it . and jesus fuck I ALREADY have issues about trust n shit but i am so fucking shake and i ca not tell if its my anxiety or anger issues", []], [871786, 2, "I know this is not going to help , but let us look at the bright side : you found who can not be trusted thanks to their stupidity , now you wo not have to waste time on them without knowing they do not care . For what it is worth , and regardless of your circumstances , I m glad you are ali have .", []], [1436126, 1, "I just wanted to say i am so proud of you . ", ["❤"]]], "speakers": {"Luci": 0, "Ariadna": 1, "Depressed": 2}}, {"id": 17925077, "category": {"id": 7, "name": "Relationships"}, "emotion": "Insecure", "turns_number": 3, "dialogues": [[1537663, 0, "Do you feel bad sometimes when you share a lot of intimacy with someone ?", []], [871786, 2, "I guess I do . What aboutyouryour", []], [1343991, 1, "I feel bad even if I just shared my name", []]], "speakers": {"just_soMebody": 0, "Ariadna": 1, "Blurryface": 2}}, {"id": 17925064, "category": {"id": 12, "name": "Self Harm"}, "emotion": "Inadequate", "turns_number": 3, "dialogues": [[1543151, 0, "we can talk if you want :)", []], [1540855, 2, "you know i always open do", []], [1542983, 1, "yes you can message me", []]], "speakers": {"Ada Idk": 0, "user deleted": 1, "Fahad Shaikh": 2}}, {"id": 17925057, "category": {"id": 12, "name": "Self Harm"}, "emotion": "Sick", "turns_number": 3, "dialogues": [[1439499, 0, "If I lost all of my money and my job , i would probably kill myself .  ", []], [1539681, 2, "please do not end things- your story is not over . You are suffering , and I feel for you , but please hang in there .", []], [1543151, 1, "do not do this , i am not financially stable too for a long time but i know just that bad things come to an end even if you think so . i am here for you if you need anything :)", []]], "speakers": {"Elder Vampire Lord": 0, "FreakShowWithATopHat": 1, "Ada Idk": 2}}, {"id": 17925051, "category": {"id": 62, "name": "Mental Health"}, "emotion": "Lonely", "turns_number": 4, "dialogues": [[1468552, 0, "You are not alone !", []], [1519236, 3, "I may not be alone , but I do walk alone", []], [780470, 2, "is there someone behind me ? where . you are sharing ne :(", []], [1453524, 1, "I m alone , !", []]], "speakers": {"ꫝꪮρꫀ💫": 0, "just wait and see": 1, "Delil": 2, "🏂AK 47": 3}}, {"id": 17925038, "category": {"id": 51, "name": "Helpful Tips"}, "emotion": "Meh", "turns_number": 3, "dialogues": [[1075385, 0, "hello police officer i would like to report on a due who says  us  unnecessarily everyone welcomehere", []], [1415006, 2, "laugh out loud , I literally laughout loud", ["🤣"]], [1539681, 1, "* thinks about what to comment * us", []]], "speakers": {"Mariyam": 0, "Nikki": 1, "FreakShowWithATopHat": 2}}, {"id": 17925034, "category": {"id": 7, "name": "Relationships"}, "emotion": "Tired", "turns_number": 5, "dialogues": [[1527478, 0, "One day i ll die and he will think i m ignoring him", ["😂", "🙂"]], [784616, 4, "well , this comment might be classified as abuse have , but yeah , if I were him , I would rather slap you and ask you to shut up !", []], [678028, 3, "I mean ? did I get myself involved with a 19 Computer , or 2021 Computer.why do I get ignored ? and just wait and wait tell start processing the question , or text you are ignoring ?", []], [1539316, 2, "you are trying to be sad that is why you said but you know you are not sad inside", []], [1532611, 1, "how about you li have and not ignore him now since you have the chance and the oxygen for it ?", []]], "speakers": {"Manaal :):": 0, "Accountant": 1, "Midday": 2, "monster": 3, "corazon": 4}}, {"id": 17925033, "category": {"id": 15, "name": "Family"}, "emotion": "Proud", "turns_number": 3, "dialogues": [[1418456, 0, "Hey there . yep I m not act have here . but i wish n i hope everyone is doing well hay you. stay strong . you can do it . .there is lot of Up is and Down but you have to stay strong you will get whatever you want . in your life .n top of this . self love N self respect in important do not worry you will be fine soon just i have some time to your self ", ["💕", "❤", "💜"]], [834401, 2, "i know that you can never see this comment but i would like you to know you are too beautiful to be known", []], [659555, 1, "hope you are fine .", []]], "speakers": {"Mr.Unknown": 0, "Username": 1, "Valkyrie": 2}}, {"id": 17925029, "category": {"id": 58, "name": "LGBT"}, "emotion": "Sad", "turns_number": 3, "dialogues": [[0, 0, "hell oo i m anonymous how are you today ?", ["🙄"]], [891536, 2, "are not you anonymous everyday", []], [1527105, 1, "His I was today years old when I found out you could post anonymous  ", ["🧓", "🤦", "♀"]]], "speakers": {"Anonymous": 0, "Deksam": 1, "SIMMY": 2}}, {"id": 17925024, "category": {"id": 10, "name": "Friends"}, "emotion": "Supportive", "turns_number": 3, "dialogues": [[1268363, 0, "You can be good at words and still not know what to say .", []], [871786, 2, "Some people just make it so hard to reply .", []], [1543321, 1, "How beautiful is this said ", []]], "speakers": {"Ishi": 0, "Ariadna": 1, "!": 2}}, {"id": 17925011, "category": {"id": 15, "name": "Family"}, "emotion": "Excited", "turns_number": 3, "dialogues": [[1542318, 0, "I need a group of:- needs- create have people- financial guns / moment create the best group ever", []], [1231313, 2, "here you will find * horny * and depressed people only", []], [1539316, 1, "you can find here as even more then that", []]], "speakers": {"Holo.": 0, "Ares": 1, "monster": 2}}, {"id": 17924998, "category": {"id": 7, "name": "Relationships"}, "emotion": "Nostalgic", "turns_number": 3, "dialogues": [[1506649, 0, "so.you blocked me.why?is it my fault?am I wrong ?", []], [1527478, 2, "it is their fault that they were loved by someone who they do not deserve", []], [656545, 1, "If you acted decently , there is no reason to waste your time on this .", []]], "speakers": {"naina": 0, "Manaal :):": 1, "Fluffy Marshmallow": 2}}, {"id": 17924983, "category": {"id": 15, "name": "Family"}, "emotion": "Heartbroken", "turns_number": 3, "dialogues": [[1378083, 0, "th i have the same problem . Specially Z generation has zero tolerable for disrespectful attitude . i know it really hurts to hear those disgusting and toxic words but you can try to ignore them and just say that you find those pp beautiful + try not to get hurt by toxic pp", []], [1542318, 2, "you can not change them you can change your behavior . I li have in the same environment if you try to change them you will be crazy , focus on yourself .", []], [1539316, 1, "if they say some bad words again please said yeah ok good that is all and then first feel Their reaction and I know slowly they will feel shame inside but do not agra with them now", []]], "speakers": {"Moonchild": 0, "Holo.": 1, "monster": 2}}, {"id": 17924980, "category": {"id": 20, "name": "Others"}, "emotion": "Nothing", "turns_number": 5, "dialogues": [[425096, 0, "when you are class have no guns .", ["😔"]], [1178467, 4, "I can feel as there was no girls in my class", ["😅"]], [1049791, 3, "when your class has no girls", ["☹", "🤧"]], [1543495, 2, "when you have no classes !", []], [1439810, 1, "join a majority guns see see", []]], "speakers": {"徽妮": 0, "\"Yaar\"💐": 1, "silence!🤫": 2, "Sayuju....": 3, "syalsree": 4}}, {"id": 17924952, "category": {"id": 48, "name": "Work"}, "emotion": "Frustrated", "turns_number": 4, "dialogues": [[1543188, 0, "Anybody been to a rage room ? did it help ?", []], [1543476, 3, "It is on my bucket list", []], [935275, 2, "rage room ? never heard of it .", []], [1539455, 1, "the shit i would do in a rage room would be inhumane and indescribable .", []]], "speakers": {"DastardlyDan": 0, "SH": 1, "MONSTER": 2, "User Suspended": 3}}, {"id": 17924945, "category": {"id": 51, "name": "Helpful Tips"}, "emotion": "Supportive", "turns_number": 3, "dialogues": [[1484972, 0, "imagine if you died today and all your belongings are i haven to your family , like your phone and everything on you right now ? what would they find , sexchats , helpful things , and all of you married people on here especially guns what would your wife find ? and all of teenager what would your parents find and those in your really 20 is what would people find?is it something you will be at peace them knowing of or is it shameful ?", []], [1487876, 2, "is it really matters anyone welcomed", []], [1543321, 1, "It wo not be shameful . Everyone goes through diffuse you later paths on creating themselves and our weaknesses are the ones that make us . How about you?Tell me a thing you feel of in peace and a thing you will feel ashamed of ?", []]], "speakers": {"hanan": 0, "darkness sunshine": 1, "!": 2}}, {"id": 17924941, "category": {"id": 74, "name": "Depression"}, "emotion": "Tired", "turns_number": 4, "dialogues": [[0, 0, "Can somebody just kill me already ? I really do not want to be here anymore .", []], [1527105, 3, "I feel the same way", ["😩"]], [1536338, 2, "Well if someone kills you they ruin there life asked as you loose yours , and if you kill yourself you will never truly know how far you could of took yourself in life , I say you should look forward and definitely get out of this moment , cut who knows it life will bring , may not be right away but you can definitely power through and find out", []], [1542245, 1, "ending it does not fix anything , it just makes your chances of making it better reduced to 0", []]], "speakers": {"Anonymous": 0, "SIMMY": 1, "Nathan": 2, "Mophawkin Kat": 3}}, {"id": 17924933, "category": {"id": 20, "name": "Others"}, "emotion": "Meh", "turns_number": 3, "dialogues": [[1528981, 0, "and there are days where you find diffuse you later to express your emotions in words .", []], [846589, 2, "then your mood goes down and you get irritated by everything and everyone", []], [1538351, 1, "up but then you discover food", ["🥰"]]], "speakers": {"wannabe musician": 0, "indah pada waktunya": 1, "Newbie": 2}}, {"id": 17924932, "category": {"id": 20, "name": "Others"}, "emotion": "Loving", "turns_number": 3, "dialogues": [[1535395, 0, "What am I supposed to say when i am all choked up and you are ok", []], [1415006, 2, "Say : Fuck You , I m gorgeous .", []], [1543107, 1, "i am falling to pieces", []]], "speakers": {"Galactic ass": 0, "Nikki": 1, "ʅα": 2}}, {"id": 17924893, "category": {"id": 7, "name": "Relationships"}, "emotion": "Loving", "turns_number": 4, "dialogues": [[0, 0, "i need boyfriend as soon as possible", []], [934003, 3, "I m your boyfriend .", []], [1539316, 2, "you mean best friend I can be boyfriend", ["😜"]], [1542683, 1, "Then go outside and find some one . Online relationships are just temporary .", []]], "speakers": {"Anonymous": 0, "no.": 1, "monster": 2, "No Name": 3}}, {"id": 17924882, "category": {"id": 62, "name": "Mental Health"}, "emotion": "Supportive", "turns_number": 4, "dialogues": [[1248574, 0, "Can someone tell if there is a medicine ( not strong ) for anxiety", []], [1392086, 3, "long time no see , glory", []], [757295, 2, "Certain hers can help anxiety . Three of the best hers for anxiety are wallerian root , cava root & ashwaganda root .", []], [1539316, 1, "ciprom10 my but please confirm it from doctor cause I used it and and then slowly left in 6 month", []]], "speakers": {"Glor": 0, "pee nut butt her jelly": 1, "Cody": 2, "monster": 3}}, {"id": 17924873, "category": {"id": 11, "name": "Hopes"}, "emotion": "Hopeful", "turns_number": 3, "dialogues": [[850373, 0, "You are not weak if you Need someone , you are not stupid if you do not know something .", []], [1463844, 2, "I do not know but to me if i do not know something people always call you stooped the", []], [1016455, 1, "Although you are kind of stupid if you do not know you need someone .", ["😉"]]], "speakers": {"Blacki": 0, "R4 in": 1, "Dystopian Poetry 🇳🇱": 2}}, {"id": 17924866, "category": {"id": 10, "name": "Friends"}, "emotion": "Sad", "turns_number": 11, "dialogues": [[717841, 0, "Is honesty really the best policy ?", []], [1519236, 10, "well sometimes people can not handle the truth", []], [655753, 9, "If both parties can handle it then yes", []], [1140884, 8, "a sometimes.dont be straight every time otherwise its not easy to move on . sometimes we should also follows the path of glasses", []], [1301452, 7, "You remember the time when you named herself - ?", []], [1245735, 6, "do not know but You will feel better about yourself if you are honest and open .", []], [1220872, 5, "I think it is.it can be draining to be constantly having to face yourself.truth arms you with a confidence that lying can never provide .", []], [1329903, 4, "yes . though there are some exceptional .", []], [1527105, 3, "No fuck honesty that gets you nowhere . I say face it till you make it .", ["🙃"]], [1086243, 2, "yes . but keep some honest words to yourself most of the times .", []], [654502, 1, "yes.its always better to be honest than telling lies to either comfort yourself or others . .i mean eventually people will find the truth , then they can feel betrayed", []]], "speakers": {"°CyberAnon•~•": 0, "just wait and see": 1, "KitKat": 2, "YOUR HEART": 3, "LooktoeyesWabbit": 4, "Parth  with the D": 5, "Ethereal_existence": 6, "༺Δᶠ𝐬𝕚Ň༻": 7, "SIMMY": 8, "a sad life and a bad wife": 9, "❤💙💚💛💜♥": 10}}, {"id": 17924854, "category": {"id": 20, "name": "Others"}, "emotion": "Confused", "turns_number": 5, "dialogues": [[1268424, 0, "Why this Poor asking me for nodes?what the fuck wrong with you girl ?", []], [1373892, 4, "You sure it is not a face act ?", []], [657333, 3, "what is this behaviour poor", []], [1392069, 2, "She is not poor she is pari", ["🤣"]], [1305036, 1, "dream girl wall poor hogs", ["😛"]]], "speakers": {"💫Nikky💫": 0, "Kakashi Hatake": 1, "sleepy": 2, "Pizza & Beer 🍕🍻": 3, "Trippy": 4}}, {"id": 17924840, "category": {"id": 10, "name": "Friends"}, "emotion": "Meh", "turns_number": 3, "dialogues": [[657333, 0, "i feel like I m being less emotional now do not know what is wrong i used to be so emotional all my life so i feel weird . maybe numb I m not sure mean it is kind of good the co being too emotional was not so good but i feel I m heartless at times", []], [1392086, 2, "let me bring up that highschool story", []], [1155414, 1, "the emotions graph is never the same and ride along with the side wave for now", ["👌"]]], "speakers": {"sleepy": 0, "pee nut butt her jelly": 1, "A Shakesquare": 2}}, {"id": 17924836, "category": {"id": 63, "name": "My Story"}, "emotion": "Confused", "turns_number": 3, "dialogues": [[1359839, 0, "Please do not ask me for advice I have no idea what is a a good or bad decision I mean i would love to help but have you seen what an actual mess my own life is", []], [780470, 2, "hey I m looking for life advice . how do I make good decisions ?", []], [524390, 1, "just smile it will be enough d", []]], "speakers": {"Lau": 0, "Delil": 1, "flake": 2}}, {"id": 17924813, "category": {"id": 15, "name": "Family"}, "emotion": "Supportive", "turns_number": 3, "dialogues": [[1542828, 0, "feeling weird , anyone for chat", []], [1543508, 1, "yes . I m here", []], [1543508, 1, "even I want to chat", []]], "speakers": {"Sandyy": 0, "lost": 1}}, {"id": 17924811, "category": {"id": 74, "name": "Depression"}, "emotion": "Exhausted", "turns_number": 3, "dialogues": [[1473840, 0, "I m seriously not bidding when I ask , what is the point of all it ?", []], [1518235, 2, "To make use of what is available", []], [1527105, 1, "For real i feel like I m not even living for myself anymore .", ["😩"]]], "speakers": {"Newbie": 0, "Sonnenallee": 1, "SIMMY": 2}}, {"id": 17924802, "category": {"id": 47, "name": "Health"}, "emotion": "Sad", "turns_number": 3, "dialogues": [[1543488, 0, "I m tired of everything", []], [1371881, 2, "Same . Even talking becomes a mass have effort  ", ["🤦", "♀"]], [1155414, 1, "brow do not be tired of trying the", ["🥺"]]], "speakers": {"🕳️": 0, "Some random": 1, "A Shakesquare": 2}}, {"id": 17194670, "category": {"id": 10, "name": "Friends"}, "emotion": "Proud", "turns_number": 3, "dialogues": [[1047774, 0, "Someone goes , someone comes . but this time , I do not regret of my decisions !", []], [1440466, 2, "that is good . I m happy for you . first step that push us forward in life , is to not regret the past and to focus on our current moment of life .", ["🌹", "💖", "😊"]], [927588, 1, "I know you will not push them away but certainly reason would be there", []]], "speakers": {"Emine": 0, "I don't exist": 1, "J-O-C-K-E-Y": 2}}, {"id": 17194643, "category": {"id": 10, "name": "Friends"}, "emotion": "Loved", "turns_number": 3, "dialogues": [[1497199, 0, "Need that relieve HUG from someone so that I can feel better", []], [692082, 2, "do me if you want", []], [1245598, 1, "come here baby let me hug you you need to talk ?", ["😆"]]], "speakers": {"Shrujal Morye": 0, "Selfless Soul": 1, "(SBP)": 2}}, {"id": 17194638, "category": {"id": 67, "name": "Self-Care"}, "emotion": "Supportive", "turns_number": 3, "dialogues": [[1444612, 0, "May all beings everyone welcomehere plagued with sufferings of body and mind quickly be freed from their illnesses . May those frightened cease to be afraid , and may those bound be free . May the powerless find power , and may people think of befriending each other . May those who find themselves in trackless , fearful wilderness- the children , the aged , the protected- be guarded by beneficent celestial , and may they swiftly attain Buddhahood.- Gautama Buddha", []], [1396692, 2, "which city are you from ?", []], [728742, 1, "just by reading this feels like , one by one , the things mentioned happens as I read them", []]], "speakers": {"Cosmic Monk": 0, "Mysterious Homie": 1, "press F to pay respects": 2}}, {"id": 17194637, "category": {"id": 20, "name": "Others"}, "emotion": null, "turns_number": 8, "dialogues": [[0, 0, "what a good age to lose you are virginia ?", []], [1016004, 7, "the age at which you find the person , your soul desires to be with .", []], [1346896, 6, "I lost it at 14 , but i would say wait to find someone special", []], [986240, 5, "auto hawk is virgin but still gets tucked by everyone", []], [1203142, 4, "The age when you find passion and desire with one and only", []], [963020, 3, "When you are mature enough to know what love is .", []], [971908, 2, "When you are both in love and passionate about each other", []], [1501858, 1, "the age you find someone who loves you for you and who you are comfortable around and being with", []]], "speakers": {"Anonymous": 0, "Man of Steel (Straight only)": 1, "Andrew": 2, "goingwiththeflow": 3, "Taline Levon Boyadjian": 4, "Excuse⚠": 5, "VolatileKangaroo 🇨🇵": 6, "grace": 7}}, {"id": 17194632, "category": {"id": 50, "name": "Music"}, "emotion": "Chilled", "turns_number": 3, "dialogues": [[1407134, 0, "Did not mean to send the same text twicebut are you ok for the third time ?", []], [1478321, 2, "no matter of fact i am not ok", []], [951974, 1, "i m holding on . thank you", ["💛"]]], "speakers": {"Conundrum": 0, "tobias": 1, "EtherealDove": 2}}, {"id": 17194618, "category": {"id": 7, "name": "Relationships"}, "emotion": "Hopeful", "turns_number": 3, "dialogues": [[1501918, 0, "I do not understand why my wife all of a sudden wants space , to the point that I now sleep in the guest room . This hurts me deeply . I feel that she is no longer in Love with me or wants to be in my presence .", []], [1381533, 2, "might be another person , sit her down n try talk to her", []], [1499387, 1, "Dry Spell . you need Margin Gave music .", ["🤔"]]], "speakers": {"doessheloveme.": 0, "damaged goods💔": 1, "The Vibrant Indian": 2}}, {"id": 17194584, "category": {"id": 68, "name": "I Need Help"}, "emotion": "Supportive", "turns_number": 3, "dialogues": [[0, 0, "Since I do not get attention , I should probably post a cut , hot pick of myself here so I can get attention for once in my life  ", ["🤦", "♀"]], [1271050, 2, "why loose hope , ? let us talk", []], [1233998, 1, "no you should just put it on you are pp you get good attention", []]], "speakers": {"Anonymous": 0, "Ordinay Man": 1, "User Banned": 2}}, {"id": 17194568, "category": {"id": 10, "name": "Friends"}, "emotion": "Optimistic", "turns_number": 3, "dialogues": [[611326, 0, "would anyone be interested in checking out my tikhon page i made for gazing i post content on the daily if so send me a message i ll link you", []], [611326, 0, "http:/am.tikhon.com / zmefcgbmh/ here is the link", []], [1472757, 1, "Now nice . Is it battle royale type of games ?", []]], "speakers": {"Nikolas": 0, "🍁🍁 𝔖𝔥𝔞𝔣𝔦𝔮 🍁🍁": 1}}, {"id": 17194555, "category": {"id": 62, "name": "Mental Health"}, "emotion": "Depressed", "turns_number": 3, "dialogues": [[1487292, 0, "I do not know how much longer I can fight depression", []], [1367879, 2, "i feel you , and i do not know you but i do one thing , that are stronger than you think.fighting this battle is tough but everything will be ok , these thoughts wo not last forever", []], [1387391, 1, "neither no one knows it .", ["😌"]]], "speakers": {"Ava": 0, "drenii": 1, ". 🇮🇳": 2}}, {"id": 17194537, "category": {"id": 10, "name": "Friends"}, "emotion": "Chilled", "turns_number": 3, "dialogues": [[0, 0, "is it worth it to be helpless or less self orientated and focused on the whole humanity?I do not know , I think it is not so I m kind of selfish nowadays", []], [1454925, 2, "find a balance between them both", []], [1494542, 1, "You need to know when to be selfish and when to be helpless", []]], "speakers": {"Anonymous": 0, "stings": 1, "Azail": 2}}, {"id": 17194534, "category": {"id": 65, "name": "Eating Disorders"}, "emotion": "Insecure", "turns_number": 3, "dialogues": [[1336678, 0, "I just hate the way how food makes me feel good . it is like regretting a one night stand .", []], [1170506, 2, "I got to work on my low sodium dies but my body always makes excuses to eating june food", []], [1487653, 1, "Seriously True . Food is a pleasure love .", []]], "speakers": {"Take me Home🏡": 0, "Teddy Flowers": 1, "Tez10": 2}}, {"id": 17194521, "category": {"id": 47, "name": "Health"}, "emotion": "Sad", "turns_number": 3, "dialogues": [[1244311, 0, "Pus for the people who are sending me messages I do not think I can answer until tomorrow I barely have battery on my phone my head hurts like hell , I feel weak , maybe it will take 3 months to recover . Glad i was walking and i was on the street and nearby there was a hospital and i got a CAR quick if not i do not know how it would have ended .", []], [454263, 2, "get well soon mate !", []], [997924, 1, "Take time for yourself , that is the most important . stay safe !", []]], "speakers": {"Pau🤍": 0, "certain": 1, "Max 📸": 2}}, {"id": 17194515, "category": {"id": 11, "name": "Hopes"}, "emotion": "Hopeful", "turns_number": 3, "dialogues": [[1499470, 0, "I am trying to build funny create have storynbut my mind is blocked , please suggest idea .", []], [1408351, 2, "a guy n a girl deep in love but tell their story from a simple couple perspective have.like how you measure safety.10 % is going to work50 % is at home75 % is you are room N 100 % safety is laying next to you are loved one", []], [972405, 1, "a nice girl but her b*thy manipulate have cousin who ruins EVERYTHING . if you need a more detailed description my , it is a true story about two girls I know laugh out loud", []]], "speakers": {"Positive Soul": 0, "Nathan": 1, "✨inmyfeels✨": 2}}, {"id": 17194484, "category": {"id": 11, "name": "Hopes"}, "emotion": "Supportive", "turns_number": 3, "dialogues": [[1501904, 0, "I am not really ok at the moment , but i am open to talk.maybe all we need is some company , who knows ?", []], [1427726, 2, "Hey I sent you a Do if you want to talk", []], [1500997, 1, "I m here if you need to talk :)", []]], "speakers": {"Newbie": 0, "Scott": 1, "vic": 2}}, {"id": 17194482, "category": {"id": 62, "name": "Mental Health"}, "emotion": "Annoyed", "turns_number": 6, "dialogues": [[1211166, 0, "More disappointment from the UP government in regards to relaxing lockdown , might swell just write this year off swell , absolutely careless !", ["🤡", "🤯"]], [271608, 5, "I know just seen it on the news , they are getting on my nerves , they have made the same mistakes since the start and they are still being stupid", []], [1292593, 4, "Holland is just the same and we took over the british virus and our cabinet fell and we are the last in the world to get vaccinated", []], [1366941, 3, "here we say the starts after Carnival . Since there was none this year I guess there is no 2021 . We are just living in a time space limbo", []], [1149921, 2, "Dave , just means more time to have wonderful chats together . :3", ["💋"]], [736553, 1, "Neverending disappointment from Boris and his colonies .", ["🤷"]]], "speakers": {"🏴󠁧󠁢󠁥󠁮󠁧󠁿Dave Hepy🏴󠁧󠁢󠁥󠁮󠁧󠁿": 0, "Jamie Falconer": 1, "Seretonine": 2, "The Waves🌊🌊🌊": 3, "KTSquiggles": 4, "Terry 🏴󠁧󠁢󠁳󠁣󠁴󠁿": 5}}, {"id": 17194467, "category": {"id": 20, "name": "Others"}, "emotion": "Nothing", "turns_number": 4, "dialogues": [[1501401, 0, "I want to do a ritual through saber space . Who is interested in demon and has good knowledge of saber rituals ?", []], [1467420, 2, "I am interested But I do not know stuff", []], [1336809, 1, "that  was the place I made my money", []], [1336809, 1, "let me introduce demon to you and you make money", []]], "speakers": {"User Banned": 0, "Mr.Deadpan": 1, "roseline tim": 2}}, {"id": 17194466, "category": {"id": 63, "name": "My Story"}, "emotion": "Anxious", "turns_number": 4, "dialogues": [[680761, 0, "why do I feel like I m being a burden to everyone ? - like I m too much to take", []], [382990, 3, "I am sure you are not a burden", []], [1498685, 2, "You are feeling dat way co probably the people around you do not i have you the importance you deserve , change you are click , be with people to whom you matter !", []], [784616, 1, "reality is you are not !", []]], "speakers": {"Purple 💜": 0, "Illegal ill eagle": 1, "NOSTRADAMUS💫": 2, "Accountant": 3}}, {"id": 17194462, "category": {"id": 20, "name": "Others"}, "emotion": "Proud", "turns_number": 3, "dialogues": [[1471948, 0, "i m never going to drink alcohol in my life . my mon let me try it , i did not like it and i hated being drunk . it is just a gross & dumb beverage", []], [1346049, 2, "agreed.i have never even tried n i never will.its not enough to convince me to even taste", ["🥴"]], [981548, 1, "hopefully you still have the same opinion down the line .", []]], "speakers": {"Elizabeth": 0, "Dignam": 1, "Cynical Skin 💚": 2}}, {"id": 17194458, "category": {"id": 20, "name": "Others"}, "emotion": "Nothing", "turns_number": 3, "dialogues": [[0, 0, "if you ghost me for to days then come back essaying like nothing happened I will treat you like the dead and honour the ghosts of the dead(especially if the last conversation we had was kind of unfinished)Least I have the decency to say I was busy or something", []], [1149183, 2, "I hate when someone ghosts", []], [820440, 1, "I hate when people do that", []]], "speakers": {"Anonymous": 0, "Evelyn": 1, "Var☃️🐕": 2}}, {"id": 17194439, "category": {"id": 62, "name": "Mental Health"}, "emotion": "Moody", "turns_number": 4, "dialogues": [[1478373, 0, "My mood swing are so bad :/ like for a second you will find me crying in my bathroom and the other moment you will see me laughing like an maniac for no reason at all", []], [1497199, 3, "going through same hope you will feel well :)", ["🤞"]], [1484940, 2, "same i think i crazy th but i think we normal at the same time and about crying i cry when people cry and i cry on stupid reasons like watching a sad movie", ["🥺"]], [1360851, 1, "no worries , period will go away * pat , pat * huge", []]], "speakers": {"# 𝐌𝐫𝐍𝐨𝐭𝐒𝐨𝐏𝐞𝐫𝐟𝐞𝐜𝐭": 0, "Shrujal Morye": 1, "Aseey♡❌": 2, "✨scream✨": 3}}, {"id": 17194424, "category": {"id": 63, "name": "My Story"}, "emotion": "Nothing", "turns_number": 3, "dialogues": [[1164206, 0, "My desire for brotherhood is stronger than ever .", []], [1463388, 2, "You want to be a mon ?", []], [1408351, 1, "adoption is also a viable option", []]], "speakers": {"Freyja": 0, "Username": 1, "Nathan": 2}}, {"id": 17194405, "category": {"id": 12, "name": "Self Harm"}, "emotion": "Depressed", "turns_number": 3, "dialogues": [[1462298, 0, "why i feeling this way why am like this , i think i am worst that is why people around me , leave me", ["😭"]], [1498685, 2, "People around you leave because they can not accept you for who you are , you do not have to feel sad or cry for such toxic people , just be herself and the right people will find you eventually !", []], [271608, 1, "people leave people because they are not real friends , they are not loyal , they are the bad people not you , they should accept you for who you are including quires and bad points , and love you for it", []]], "speakers": {"riri": 0, "NOSTRADAMUS💫": 1, "Jamie Falconer": 2}}, {"id": 17194388, "category": {"id": 12, "name": "Self Harm"}, "emotion": "Afraid", "turns_number": 4, "dialogues": [[1451499, 0, "I feel alone and empty", ["😭"]], [1485833, 3, "why you feel like that", []], [1485283, 2, "Hey if you want to talk , i am here.do me and we can talk", []], [1387391, 1, "I m you for u. you can do me", []]], "speakers": {"dead": 0, "User Banned": 1, "<3": 2, ". 🇮🇳": 3}}, {"id": 17194372, "category": {"id": 20, "name": "Others"}, "emotion": "Amused", "turns_number": 4, "dialogues": [[1428157, 0, "it is so funny how a girl asking if she is pretty gets more comments than someone who says they want to die . you guns suck brow .", []], [708374, 3, "exactly . delete TO already", []], [997924, 2, "This pp just feels like a normal social network now . Every person are only talking about followers and want likes .", []], [591469, 1, "that is normal and make sense", []]], "speakers": {"lely": 0, "RN RN": 1, "Max 📸": 2, "User Banned": 3}}, {"id": 17194370, "category": {"id": 20, "name": "Others"}, "emotion": "Proud", "turns_number": 3, "dialogues": [[1501518, 0, "I been alone mentally . so trust me when I say idea who fwom .", []], [791726, 2, "I m here for you muddy", []], [1429016, 1, "gash I want to get that attitude too , I want to look into their eyes and say . TO ALREADY", ["🤣", "😤"]]], "speakers": {"Abeautifulmind": 0, "TAURUS": 1, "hobbit": 2}}, {"id": 17194365, "category": {"id": 7, "name": "Relationships"}, "emotion": "Inspired", "turns_number": 4, "dialogues": [[1501902, 0, "I feel that loneliness is consuming me , I was looking for apes to meet people anonymous but I do realize that it is full of prevents , I just wanted a sincere friendship , I was a fool to believe that I would find that there .", []], [1498233, 3, "I guess you found a wrong guy", []], [1501173, 2, "there is some good guns that are lonely and only want to talk on here they just have to find them", []], [1501904, 1, "God.same here . I do not really make friends that easily and online is the best way for me , but damn it is so hard . There are a lot of apes that help to meet other people but at least for me it never really works , I just find the worse type of people", []]], "speakers": {"Karge_*": 0, "Navn": 1, "Michael Forney": 2, "Newbie": 3}}, {"id": 17194343, "category": {"id": 74, "name": "Depression"}, "emotion": "Sad", "turns_number": 3, "dialogues": [[0, 0, "Depressed symptoms can also be caused by b12 vitamin deficiency , lack of sleep , unhealthy food , thyreoid problems , constipation , spinal problems , brain tumours and sedentarism . Go to doctor before start a therapy", []], [485992, 2, "Lack of vitamin D too", []], [591469, 1, "just take the p ill and do not ask questions", []]], "speakers": {"Anonymous": 0, "I can't handle stress stay away": 1, "User Banned": 2}}, {"id": 17194331, "category": {"id": 11, "name": "Hopes"}, "emotion": "Hopeful", "turns_number": 3, "dialogues": [[1501137, 0, "I really want to go travelling again", ["😩", "🌎"]], [770224, 2, "traveling is for girls who want to flesh out their tinder profile but do not have anything interesting to is is", []], [526472, 1, "I want to travel too . Do you travel for free ?", []]], "speakers": {"Jovan": 0, "Marco 🦆": 1, "Halcyon": 2}}, {"id": 17194327, "category": {"id": 20, "name": "Others"}, "emotion": "Calm", "turns_number": 3, "dialogues": [[0, 0, "What are you guns buying these days ?", []], [559824, 2, "Lots of plants and cooking pots and pans", []], [751635, 1, "foods . And things that makes me comfortable because it what makes me happy and i am keen on making myself happy this year .", []]], "speakers": {"Anonymous": 0, "hereweareafterdark": 1, "</𝚓𝚞𝚗>": 2}}, {"id": 17194320, "category": {"id": 20, "name": "Others"}, "emotion": "Sad", "turns_number": 3, "dialogues": [[755905, 0, "Is there anyone who worked in a cruise ship before ? Do I need un diversity degree for it ? can I do it as a foreigner . Someone can help about it :/ I m so stressed . My darling is from England and I need to find a job there . I have no degree .", []], [1499387, 2, "noah you are still using TO .", ["🤔"]], [1194921, 1, "A high school degree is enough", []]], "speakers": {"mavericka": 0, "The Vibrant Indian": 1, "Satan": 2}}, {"id": 17194310, "category": {"id": 48, "name": "Work"}, "emotion": "Optimistic", "turns_number": 3, "dialogues": [[1140521, 0, "Charity should be done in limited amounts sometimes . You also need to be a bit self - central . It is important that you grow in your own life and career . You can only take the people around you forward when you grow yourself .", []], [328815, 2, "is anything related to your life ?", []], [1029989, 1, "true that . considering kaluga we li have in .", []]], "speakers": {"Mansi Joshi": 0, "scorpion 🦂♏❤️": 1, "Sam": 2}}, {"id": 17194306, "category": {"id": 12, "name": "Self Harm"}, "emotion": "Loving", "turns_number": 3, "dialogues": [[1447245, 0, "what if I tell you I want to end my life would anybody care would anybody miss me probably not", []], [807565, 2, "They probably will . It is not worth it .", []], [526472, 1, "Yes I m sure you are loved ones will . Keep your head up in this unduly , evil and ridisee you laterous world", []]], "speakers": {"Jasmine Steiner": 0, "Kitten philosopher": 1, "Halcyon": 2}}, {"id": 17194266, "category": {"id": 68, "name": "I Need Help"}, "emotion": "Meh", "turns_number": 3, "dialogues": [[1478373, 0, "I feel like I have so many things to talk but at the same time when someone ask me how I am doing I do not have anything to is is", []], [1499470, 2, "try not to think , or do not judge yourself too much , let us go with the flow and express your feelings with whatever comes in your mind first", []], [1360851, 1, "and that is where comes questions", ["✨"]]], "speakers": {"# 𝐌𝐫𝐍𝐨𝐭𝐒𝐨𝐏𝐞𝐫𝐟𝐞𝐜𝐭": 0, "Positive Soul": 1, "✨scream✨": 2}}, {"id": 17194265, "category": {"id": 10, "name": "Friends"}, "emotion": null, "turns_number": 3, "dialogues": [[0, 0, "Do you send video of herself to friends ?", []], [476136, 2, "like on snapchat & instagram ? yeah", []], [1188275, 1, "if I had friends then I would , laughing my arms off .", []]], "speakers": {"Anonymous": 0, "✌FIND ME✌": 1, "Kãy🏳️‍🌈": 2}}, {"id": 17194230, "category": {"id": 7, "name": "Relationships"}, "emotion": "Sad", "turns_number": 3, "dialogues": [[1436126, 0, "I am a terrible person . I have hurt people and I do not know how to be better", []], [1500096, 3, "Being aware is a big step . Be proud", []], [1327223, 2, "it is ok girl i will . you ll be alright", []]], "speakers": {"Depressed": 0, "Whirlwindofemotion": 1, "Mish :)": 2}}, {"id": 17194221, "category": {"id": 67, "name": "Self-Care"}, "emotion": "Supportive", "turns_number": 3, "dialogues": [[1080721, 0, "If you want your life to be different , you have to be willing to do something different first .", []], [481157, 2, "Yes . We need support making those steps", ["💛"]], [1478373, 1, "What will it change ? I have tried and failed a multiple times still nothing happened", []]], "speakers": {"B": 0, "andreab1518": 1, "# 𝐌𝐫𝐍𝐨𝐭𝐒𝐨𝐏𝐞𝐫𝐟𝐞𝐜𝐭": 2}}, {"id": 17194216, "category": {"id": 7, "name": "Relationships"}, "emotion": "Sad", "turns_number": 6, "dialogues": [[1480774, 0, "daytime a girl does something nice for me I automatically have feelings for them", ["😞"]], [1346049, 5, "typical guy hut.why sad being like billions of others", ["😳"]], [1486824, 4, "LAFA . they just have to look in my general direction", []], [476136, 3, "i think you are probably confusing attachment/ realization with love", []], [711510, 2, "maybe you do not usually get much attention or support from girls", []], [1501877, 1, "See . Maybe you should stick around girls more .", ["😢", "😊"]]], "speakers": {"#sadboy": 0, "Dignam": 1, "Jake Peralta": 2, "✌FIND ME✌": 3, "𝙎𝙚𝙗𝙖𝙨𝙩𝙞𝙖𝙣 𝙈𝙞𝙘𝙝𝙖𝙚𝙡𝙞𝙨": 4, "theletterzone": 5}}, {"id": 17194210, "category": {"id": 7, "name": "Relationships"}, "emotion": "Supportive", "turns_number": 3, "dialogues": [[1465956, 0, "same I have that confession too it is not the relationship it is people is expectations", ["🙂"]], [1280761, 2, "When we both have same vice", ["🙌", "🏻"]], [711510, 1, "After the 1st 6 months , YES", []]], "speakers": {"⠀": 0, "Ben": 1, "𝙎𝙚𝙗𝙖𝙨𝙩𝙞𝙖𝙣 𝙈𝙞𝙘𝙝𝙖𝙚𝙡𝙞𝙨": 2}}, {"id": 17194204, "category": {"id": 7, "name": "Relationships"}, "emotion": "Sad", "turns_number": 3, "dialogues": [[1501473, 0, "I want to know what is it like to be happy and in love . I have been with my boyfriend for almost 8 years . I love him but he gets mad over nothing and screams at me , puts me down , hardly ever wants to do anything , and I just feel so depressed and insecure most of the time . But it is hard to let go when he is all I have known since 9th grade .", []], [1488703, 2, "Www , you deserve better ! you want to talk about this ?", []], [1501338, 1, "I felt the same , we love each other so much but we are like water and oil . He treated me bad for too long until I have this feeling of wanted to be happy and in love and I just created on him . I think that was the end but he still wanted to be with me , so here we are emotional depending of each other with a lot of pain behind . If you feel like that TELL HIM . Because you are so insignificant for them until you want to leave them .", []]], "speakers": {"Anonymous": 0, "Angel in disguise": 1, "Natalia": 2}}, {"id": 17194202, "category": {"id": 7, "name": "Relationships"}, "emotion": "Overwhelmed", "turns_number": 3, "dialogues": [[645231, 0, "i wish i killed myself to years ago", []], [1500697, 2, "really why What the fuck HAPPEN ?", []], [751635, 1, "If you did then I would not be reading this post", ["🥺"]]], "speakers": {"FearNotTheEye": 0, "User Banned": 1, "</𝚓𝚞𝚗>": 2}}, {"id": 17194194, "category": {"id": 74, "name": "Depression"}, "emotion": "Sad", "turns_number": 7, "dialogues": [[1396548, 0, "What should I do right now ?", []], [1434604, 6, "cup of coffee and good music", ["🎵"]], [997924, 5, "keep you busy , speak with someone", []], [1294576, 4, "play truth or dare and dare them something crazy laugh out loud", []], [591469, 3, "listen to music or do something you enjoy", []], [1391094, 2, "Self Love . Find Joy in yourself . find things that bring you joy . when your happy by yourself you ll attract more people who want and exude the same .", []], [1475464, 1, "Be in a final fantasy game .", []]], "speakers": {".": 0, "Shivam Ujjainwal": 1, "Max 📸": 2, "Shab3ady": 3, "User Banned": 4, "SamelaFire🇧🇷🇺🇸": 5, "Winnie": 6}}, {"id": 17194180, "category": {"id": 7, "name": "Relationships"}, "emotion": "Down", "turns_number": 3, "dialogues": [[0, 0, "she is gone again without saying anything do not know when will she be back", []], [1429016, 2, "why not you leave instead", ["🤔"]], [1362033, 1, "do not even wait for her , li have your life ahead , get over her . love someone who truly loves you and achieve your aims .and when she comes back teach her a painful lesson of ignorance", []]], "speakers": {"Anonymous": 0, "hobbit": 1, "Mariam": 2}}, {"id": 17194154, "category": {"id": 74, "name": "Depression"}, "emotion": "Depressed", "turns_number": 3, "dialogues": [[1417953, 0, "I do not Care anymore", []], [1267499, 2, "hey what is up . DO me if you need to vent and talk to somebody", []], [1500697, 1, "are you the WHITMAN ?", ["😂", "🤘"]]], "speakers": {"I Don't Exist": 0, "smni": 1, "User Banned": 2}}, {"id": 17194099, "category": {"id": 66, "name": "Addiction"}, "emotion": null, "turns_number": 6, "dialogues": [[0, 0, "Is drinking water daily and frequently considered an addition ?", []], [1500697, 5, "water is life.but so is a SUBWAYS SANDWICH", []], [1246029, 4, "what ! ? not good addition maybe laugh out loud", []], [485992, 3, "Yes addition of self love", []], [469949, 2, "It is a good addition perhaps hata", []], [1342538, 1, "It is the best thing", ["🦍"]]], "speakers": {"Anonymous": 0, "User Banned": 1, "Yara🍀🐳🇵🇸": 2, "I can't handle stress stay away": 3, "mekji": 4, "M1LL10N": 5}}, {"id": 17194096, "category": {"id": 10, "name": "Friends"}, "emotion": "Loving", "turns_number": 3, "dialogues": [[1501890, 0, "I love my best friend but she loves someone else . That is the reason why I can not tell her but I can not hold it anymore . What can I do ?", []], [1123709, 2, "try to hint at your love with affection from time to time", []], [1443099, 1, "if it is at the point where you can not hold it in , then explain that you feel like you need to tell them for your own sake and then confess", []]], "speakers": {"Michelle 953": 0, "Joseph": 1, "Anton 🦝": 2}}, {"id": 17194095, "category": {"id": 20, "name": "Others"}, "emotion": "Nothing", "turns_number": 4, "dialogues": [[1384787, 0, "me to myself : what do you want : tell me what you wantinner me : _ my brain : just do it you have to do inner me : . me : ah , speak out it you want inner me : _ my brain : go , eat n sleep", []], [1390553, 3, "Inner me is sleeping go sleep", ["😴", "😂", "💤"]], [1359648, 2, "Now mr words of wisdom", ["😂"]], [1245598, 1, "hey it is an invite let us talk in my recent post comment there we are having fun t there", []]], "speakers": {"◇ VB": 0, "𝓨𝓮𝓵𝓵𝓸𝔀⛅𝓢𝓾𝓷𝓼𝓱𝓲𝓷𝓮": 1, "Lickweed 🍸": 2, "(SBP)": 3}}, {"id": 17194083, "category": {"id": 63, "name": "My Story"}, "emotion": "Depressed", "turns_number": 3, "dialogues": [[242766, 0, "Been having a love / hate relationship with this pp lately . I think i am on na try taking a break from it . But I do not think it really matters to most of you so just ignore this laugh out loud", []], [1123709, 2, "I wo not ignore your posts", []], [1493810, 1, "Everyone matters , YOU matter . If you need a short break from talklife , that is fine . But this awesome community is here for all .", ["😊"]]], "speakers": {"KariMay": 0, "Joseph": 1, "LauraBee": 2}}, {"id": 17194056, "category": {"id": 20, "name": "Others"}, "emotion": "Loving", "turns_number": 3, "dialogues": [[382990, 0, "Am bored . Who is up to talk ?", ["🦊"]], [1501896, 1, "I m here i want to talk about is is", []], [1501896, 1, "i do not know I m just expressing myself i know it is might be so much forward , but yeah that is what i want to talk about ?youryour", []]], "speakers": {"Illegal ill eagle": 0, "User Banned": 1}}, {"id": 17194050, "category": {"id": 7, "name": "Relationships"}, "emotion": "Down", "turns_number": 4, "dialogues": [[1501040, 0, "Why is it so hard for us to let go of a person that does us NO GOOD", []], [1346049, 3, "cut you chose them in first place , and you love yourself too much to admit you chose wrong and you are not that smart.so a you stick.still", []], [1017360, 2, "because sometimes we romanticize a person too much , and focus on the fact that SOME good moments happened and that we have known them for a long time . at least , that was the case for me hello hello", []], [615274, 1, "Think of it this way , you spend 100 hours building this mass have leg set , you are not going to want to throw away the leg set .", []]], "speakers": {"Indi": 0, "Dignam": 1, "bea 🐇": 2, "party pat": 3}}, {"id": 17194036, "category": {"id": 61, "name": "Positive"}, "emotion": "Excited", "turns_number": 37, "dialogues": [[1493810, 0, "Hi everyone , I m Laura and today is my first day at talklife as Community Manager - I m really excited about becoming part of the amazing staff team in Bristol It is really great to be here but also a little dancing , especially meeting lots of new people ! i would really love to get to know you all a bit better and hear how you came to talklife and what you love about this community the most ! ", ["😊", "❤"]], [617004, 33, "damn 10 days in and already an admit", ["🙄"]], [1429016, 28, "Welcome to Talk Life and congratulations", ["🎉", "🙌"]], [246304, 32, "welcome welcome Laura and awesome to have you on the team !", ["🙂"]], [491122, 31, "Congratulations ! So excited to have you part of the team", ["🤗"]], [480238, 30, "Welcome ! I bet it is a little dancing but I m sure you will do fine . Three years ago I was looking for a place to get some support and found Talklife , I have been here trying to help others while also trying to get support .", []], [1481369, 29, "Welcome to TO , Congress and stay blessed Nd happy !", ["💜", "🎊"]], [1429016, 28, "want to check out some pictures that I have edited ? I m just learning yet", ["😊"]], [728874, 27, "congratulations to you!wishing you nothing but the best in your new venture .", ["🤗"]], [1394701, 26, "Congratulations to you and welcome!Well i m Dared , I m 19 and I never eating learned how to read", ["😂"]], [636106, 25, "hey Laura , welcome to our beautiful family , i hope you will have a great time here with us . Talklife it is an amazing place where we can help others and where we can make friends from all over the world , talklife it is like our safe place away from the noisy world and its madness . huge *", []], [263067, 24, "Hey Laura it is lovely to have you ! I m sure it is going to feel like home before you know it x", ["😊"]], [347145, 23, "Welcome to Talklife ! really happy to have you here and congratulations !", []], [270519, 22, "What does a community Manager do ?", []], [1463054, 21, "Congress and welcome ! I myself have only been a user of this pp for about to weeks ? I have or take and I have got to say it is a good platform to speak with people and find ways of firing yourself out through a 3rd person perspective have .", []], [1344446, 20, "Welcome Laura ! I love the amazing people I have met here .", []], [1498442, 19, "what does the admit even do ? like hello and welcome but I did not know there were so many admits", []], [481157, 18, "Welcome to TO ! Hope you are having a good first day", ["💕", "🎊", "😊"]], [1396692, 17, "congress ! is it your full time job ?", []], [1483734, 16, "congratulations , here is a pratzen to celebrate", ["🥨"]], [1483734, 16, "you know what pretzels for everyone", ["🥨"]], [1058067, 15, "Feel free . , This is talklife . ,", []], [1375601, 14, "Hi Laura . Welcome to TO .", []], [1448962, 13, "how could you be an admit so fast what is the secrete", ["🤷"]], [1448440, 12, "a welcome laura :) wish you all the best <3", []], [1472757, 11, "Now congress . I love this pp and operators are support have too . No complains .", ["🙂"]], [1406872, 10, "hi that is great , make sure you remove what I flag", ["😌", "💅", "🏻"]], [971423, 9, "hey so they told me I was suppose to get a free hero sub for life but i am still paying for it . I m not mad but if you could just get this straightened out , i would appreciate it :)", []], [1392086, 7, "sorry if my comment was traumatic enough for it to be removed", []], [1464385, 8, "What are you supposed to do ?", []], [1392086, 7, "welcome laura . all the best", []], [1010804, 6, "hello , i am glad your here , I like TO clot , I guess like anyone welcomehere all kinds of people", []], [770224, 5, "so what do you really do", []], [662288, 4, "I like about Talklife that it is so small that you always see people that you already know from before . But people here are toxic of . Which is kind of understandable , after all it is a mental health pp", []], [169056, 3, "won talklifes in bristol up ? I have literally been on this pp for years and did not realise you were in my city ! sending you lots of love , this pp has done a lot for me", []], [1131853, 2, "hi Laura it is me kiss welcome", ["😘", "👄", "☺", "💨", "💗", "😊", "🎉", "💞"]], [1390553, 1, "Hello Laura.hearty welcome And congratulations so happy that you are here with us", ["🎉", "👏", "❤", "☺"]]], "speakers": {"LauraBee": 0, "Uncle Lewdwig BendOver": 1, "hobbit": 2, "Jen_D": 3, "AJ": 4, "Creature_of_tea": 5, "Sai 🖤": 6, "🇺🇸RobbyRockRobster🎸": 7, "Shy Sky": 8, "Val": 9, "Agni": 10, "Donald A Bunce": 11, "Saitama 👊🏻": 12, "Josh": 13, "DayDreamer😌": 14, "Quinley:)": 15, "andreab1518": 16, "Mysterious Homie": 17, "Gibbon the wise": 18, "Maya_In†oxicated": 19, "Max Eisenhardt": 20, "Millennial": 21, "℘ 𝔰𝔥𝔞𝔡𝔢𝔰 ℘": 22, "🍁🍁 𝔖𝔥𝔞𝔣𝔦𝔮 🍁🍁": 23, "User Banned": 24, "prey": 25, "deepressed plaStick in the Buttle in the sea": 26, "-M": 27, "OUCIMmeB4UICUR12": 28, "Marco 🦆": 29, "Niklas🖤": 30, "libbyyy": 31, "AL MA": 32, "𝓨𝓮𝓵𝓵𝓸𝔀⛅𝓢𝓾𝓷𝓼𝓱𝓲𝓷𝓮": 33}}, {"id": 17194015, "category": {"id": 20, "name": "Others"}, "emotion": "Proud", "turns_number": 4, "dialogues": [[794423, 0, "This pp is like talking to yourself but someone replies .", []], [1254403, 3, "actually , it is completely same", []], [952526, 2, "I prefer talking to myself", []], [664110, 1, "not reallyoure welcomehen I am chatting with me , I maybe the replied ; not you", []]], "speakers": {"syle": 0, "brighteyesvividreams": 1, "everybody": 2, " ": 3}}, {"id": 17194013, "category": {"id": 10, "name": "Friends"}, "emotion": "Meh", "turns_number": 3, "dialogues": [[1482284, 0, "You are a very important friend to me , and I do not want to lose you for stupid d things .", []], [1028003, 2, "let it be genuine and something should come from you rather than someone else s", []], [1485283, 1, "I wrote it by myself and sent it hopefully she forge have me", []]], "speakers": {"I am lost too": 0, "kira": 1, "<3": 2}}, {"id": 17194011, "category": {"id": 20, "name": "Others"}, "emotion": "Embarrassed", "turns_number": 3, "dialogues": [[1420513, 0, "I used to be so cringe I still am but not as cringe as I used to be i am embarrassed about how cringe I used to be it is disgusting", []], [483930, 2, "we always cringe at what we used to be laugh out loud cause we just did not know better l", []], [469949, 1, "Everyone experiences those cringe - worthy moments laugh out loud", []]], "speakers": {"Bunnyboy": 0, "angelwithnowings": 1, "mekji": 2}}, {"id": 17194005, "category": {"id": 63, "name": "My Story"}, "emotion": "Chilled", "turns_number": 3, "dialogues": [[469949, 0, "As an INTO girl , it is very hard for me express my feelings and some people even said that i am motionless . But i think i am just being reserved person .", []], [491523, 2, "As an IN I have also been called as emotion less but over the course of time I have dealt with it", []], [672995, 1, "I can actually say the same for myself as an INTO .", []]], "speakers": {"mekji": 0, "burningdesire ": 1, "ᴇᴠᴇʀʟᴀꜱᴛɪɴɢ ꜰᴏʀ ᴇᴠᴇʀᴍᴏʀᴇ": 2}}, {"id": 17193976, "category": {"id": 10, "name": "Friends"}, "emotion": "Inspired", "turns_number": 7, "dialogues": [[1245735, 0, "what is the most asked questions in you are you are", []], [483930, 6, " what is your name ? ", []], [1476799, 5, "how to make an empty comment", []], [1178467, 4, "Do you have boyfriend ?", []], [707787, 3, "hi how are you you had", ["🐈", "🐟"]], [1452253, 2, "how areyouryour Where do you come from ? How old are you ?", []], [1442599, 1, "how are you ? what is the name of you are of ? what the fuck", []]], "speakers": {"Parth  with the D": 0, "angelwithnowings": 1, "Him Again": 2, "\"Yaar\"💐": 3, "🎻📏": 4, "Devil 🌹": 5, "🎯": 6}}]