[{"id": 17382437, "category": {"id": 10, "name": "Friends"}, "emotion": "Caring", "turns_number": 11, "dialogues": [[349954, 0, "hi , how areyouryour", []], [965312, 10, "i pulled an all lighter the night before my exam", []], [608610, 9, "Pretty terrible .youryour", []], [1493252, 8, "How are you the ?", ["💜"]], [1506684, 7, "Tired , it is almost mi do not knight .youryour", []], [1373085, 6, "kind of blew how areyouryour", []], [1399774, 5, "bored of this could lockdown", []], [1339016, 4, "Sad . I want to slit my wrist .", ["🥺", "😢", "🤧"]], [1194921, 3, "I m sex and in it", []], [1390553, 2, "I am doing good bird . how aboutyouryour", ["☺"]], [1475107, 1, "Not bad . Bu ?", []]], "speakers": {"ᴮᴵᴿᴰ": 0, "angevil": 1, "SevenLD": 2, "It's okay": 3, "Ares": 4, "Hedwig🌺": 5, "Ice King👨‍⚕️": 6, "HannahAlly": 7, "Satan": 8, "𝓨𝓮𝓵𝓵𝓸𝔀⛅𝓢𝓾𝓷𝓼𝓱𝓲𝓷𝓮": 9, "siriiirii🖤김석진": 10}}, {"id": 17382417, "category": {"id": 20, "name": "Others"}, "emotion": "Confused", "turns_number": 3, "dialogues": [[1362252, 0, "why in the actual fuck was my post taken down", []], [1459914, 2, "because hawk is offended by it due", []], [634674, 1, "auto hawk is trained to detect anything that breaks to , whatever you posted did not follow the to guideline", []]], "speakers": {"Trash Panda": 0, "ffhwjwhndkskwjbsjsjhsnsmsks": 1, "X": 2}}, {"id": 17382404, "category": {"id": 10, "name": "Friends"}, "emotion": "Proud", "turns_number": 3, "dialogues": [[245978, 0, "Finally hang these mind paintings on my was hello Painted everyday ( 1 canvas per day ) and this is the result for almost to weeks . It is becoming natural / my habit now to paint laugh out loud . I had to cover something on the right cause my room is mess of laugh out loud .", []], [1270301, 2, "what is that rope?can you use it to climb down the window ?", []], [480238, 1, "Those are cool ! I love painting on mind canvass it is so much fun", []]], "speakers": {"Sick.Sad.World": 0, "Dipankar": 1, "Creature_of_tea": 2}}, {"id": 17382395, "category": {"id": 20, "name": "Others"}, "emotion": "Surprised", "turns_number": 3, "dialogues": [[1490640, 0, "Since I Stopped testing First . I Have not Heard from A lot of People in a while .", ["🌟", "🍂"]], [668144, 2, "they will text you when they need something from you", []], [938022, 1, "This is how world works", []]], "speakers": {"🕉♾": 0, "MadmaX": 1, "ROGUE🔥": 2}}, {"id": 17382373, "category": {"id": 47, "name": "Health"}, "emotion": "Nostalgic", "turns_number": 3, "dialogues": [[130888, 0, "advice for anyone out there getting the 2nd could vaccine . take Tylenol and drink plenty of water . a going to need it trust me", ["😳"]], [1490905, 2, "was not you scared of getting vaccine ?", []], [1509913, 1, "How do you feel after the second shot ?", []]], "speakers": {"philly2k5481": 0, "Nikus": 1, "The fool": 2}}, {"id": 17382372, "category": {"id": 12, "name": "Self Harm"}, "emotion": "Afraid", "turns_number": 4, "dialogues": [[1512834, 0, "I am so close to ending it all and i am terrified I think i ll be gone in a few days", []], [1050850, 3, "I know the feeling .", []], [1243841, 2, "just hang in there love . its not the ending yet as it needs to be a happy ending not the sad one . please brace yourself you can do it .", ["❤", "💞"]], [719488, 1, "Is there a specific reason you feel this way ? Like loneliness , life events etc ?", []]], "speakers": {"eclipse": 0, "Jake": 1, "Meuza 🍁": 2, "Mercury": 3}}, {"id": 17382369, "category": {"id": 7, "name": "Relationships"}, "emotion": "Meh", "turns_number": 3, "dialogues": [[0, 0, "Now , i really am toxic .", ["😶"]], [1058067, 2, "why do you say this . , ! ?", ["🤣", "😳", "🥳", "🤧"]], [1429016, 1, "we have so much in common", []]], "speakers": {"Anonymous": 0, "Maya_In†oxicated": 1, "hobbit": 2}}, {"id": 17382351, "category": {"id": 62, "name": "Mental Health"}, "emotion": "Depressed", "turns_number": 3, "dialogues": [[1291289, 0, "do you ever feel , that no matter where you go , no matter who you meet . you never really belong . you are always an outsider .", []], [1383567, 2, "yes and it is the absolute worst , especially when i have to face my personality to fit in", []], [1027343, 1, "yeah all the time I just stopped trying to fit in", []]], "speakers": {"lanetort y": 0, "azngirl": 1, "Dandy Chiggins 👻": 2}}, {"id": 17382342, "category": {"id": 12, "name": "Self Harm"}, "emotion": "Sad", "turns_number": 4, "dialogues": [[1503116, 0, "I have me reasons why I should stick around and keep fighting . i am exhausted mentally and physically", []], [1431748, 3, "do you need to talk ?", []], [1370906, 2, "because there is good times ahead after all this . for your own happiness you need to keep fighting .", []], [1009381, 1, "because you worth every god damn penny", []]], "speakers": {"Serenity ☯️": 0, "Diivison 🦾": 1, "Rainbow Sparkle": 2, ".": 3}}, {"id": 17382292, "category": {"id": 7, "name": "Relationships"}, "emotion": "Positive", "turns_number": 5, "dialogues": [[1512825, 0, "women only please . I m a straight man . no offense to anyone . I mean this in the nicest way possible", []], [1231309, 4, "so it is gay if you talk to a guy ?", []], [1333793, 3, "Havana what the fuck does this post mean ? What do you need women for anyone welcomed ? It is a very gender specific request .", []], [736553, 2, "Tinder is that way This is mental health pp .", ["👉"]], [1503418, 1, "I love that only guns are commenting here d", []]], "speakers": {"Newbie": 0, "isaac 🔮": 1, "Dbag 97": 2, "Terry 🏴󠁧󠁢󠁳󠁣󠁴󠁿": 3, "Amber": 4}}, {"id": 17382290, "category": {"id": 20, "name": "Others"}, "emotion": "Nothing", "turns_number": 3, "dialogues": [[1413847, 0, "Eye contact that ends with smile is the best", ["😜"]], [1009381, 2, "that shit scars me not going to lie", []], [1429016, 1, "make my heart go like . jjducjsiskdockwmsjcnss", []]], "speakers": {"Mhyrs": 0, ".": 1, "hobbit": 2}}, {"id": 17382281, "category": {"id": 59, "name": "Pregnancy"}, "emotion": "Loving", "turns_number": 3, "dialogues": [[1459914, 0, "hawk i was actually having a intriguing conversation and you want to delete the damn post", []], [1429016, 2, "my ear hurts i have me ATTENTION", ["🥺"]], [1503966, 1, "if you sleep with him once we wo it", ["😁"]]], "speakers": {"ffhwjwhndkskwjbsjsjhsnsmsks": 0, "hobbit": 1, "User Banned": 2}}, {"id": 17382280, "category": {"id": 63, "name": "My Story"}, "emotion": "Heartbroken", "turns_number": 4, "dialogues": [[0, 0, "Only I reach out to peoplenobody else , not even the so called friends , reach out to me . I am done . I am solo from now .", []], [1459914, 3, "you should have been solo since the day you popped out that hole", []], [994467, 2, "We all are alone in this world from the moment we are born till we we had", []], [1147162, 1, "well , reach out to them because you care not because you expect the same", []]], "speakers": {"Anonymous": 0, "ffhwjwhndkskwjbsjsjhsnsmsks": 1, "⁄(⁄ ⁄•⁄-⁄•⁄ ⁄)⁄": 2, "leokee": 3}}, {"id": 17382274, "category": {"id": 7, "name": "Relationships"}, "emotion": "Heartbroken", "turns_number": 3, "dialogues": [[0, 0, "It is been quite some time now . We were not even together for that long . I can not get him out of my head lately . He just disappeared . I hope he is ok . He probably was just using me and I fell for it .", []], [1062683, 2, "I m here for you if you want to talk I also have something for you", []], [1058067, 1, "NOT How do you say that they used you . , are you a machine / device to use . Life can not be used . , Life is loved . sorry , if you have his Understood love as Using . , or whatever I do not know . , pardon me . , if my Talk is wrong . ,", []]], "speakers": {"Anonymous": 0, "hego damask": 1, "Maya_In†oxicated": 2}}, {"id": 17382267, "category": {"id": 10, "name": "Friends"}, "emotion": "Calm", "turns_number": 3, "dialogues": [[988686, 0, "I m questioning whether or not it is acceptable for taken people to have friends of the opposite sex . I m also questioning if I should even have female friends at all .", []], [1147162, 2, "of its acceptable d ca not you see someone from opposite gender without cheating on you are partner ?", ["😐"]], [1510899, 1, "Yes it is acceptable . As you get older those things do not matter unless someone is insecure with themselves or does not have trust in the relationship . Otherwise , yes . My best friends are male . My husbands best friend is female . We get along just fine .", []]], "speakers": {"Villain and Proud": 0, "leokee": 1, "N M": 2}}, {"id": 17382257, "category": {"id": 10, "name": "Friends"}, "emotion": "Overwhelmed", "turns_number": 3, "dialogues": [[666182, 0, "Why ca not she just see how perfect she is", []], [717841, 2, "because she can not see it", []], [1247195, 1, "You have to show her", []]], "speakers": {"sam.": 0, "°CyberAnon•~•": 1, "Austin Hadley": 2}}, {"id": 17382255, "category": {"id": 72, "name": "Anxiety"}, "emotion": "Supported", "turns_number": 5, "dialogues": [[1497588, 0, "this is NOT tinder been", []], [347596, 4, "I wipe left most of the time", []], [1216506, 3, "some people do not get the meme", []], [736553, 2, "These prevents stink so maybe OF would be better anyone welcomed .", ["🤣"]], [1221620, 1, "th  pp still date here .", ["🤷", "♂"]]], "speakers": {"honeybee gamer": 0, "HottestSnail(𓂺)": 1, "Danny": 2, "Terry 🏴󠁧󠁢󠁳󠁣󠁴󠁿": 3, "deloaded": 4}}, {"id": 17382253, "category": {"id": 20, "name": "Others"}, "emotion": "Tired", "turns_number": 3, "dialogues": [[0, 0, "always looking for someone intelligent to talk to but they always end up being narcissists . it is like unless pp are a arc they can not think clinically or be honest", []], [1442599, 2, "ah not all of them", []], [1510899, 1, "If we label everyone a narcissist - we ll never see through the wolf in sheep is clothing .", []]], "speakers": {"Anonymous": 0, "🎯": 1, "N M": 2}}, {"id": 17382239, "category": {"id": 74, "name": "Depression"}, "emotion": "Overwhelmed", "turns_number": 3, "dialogues": [[483783, 0, "My life sucks I ca not handle it anymore I want to fucking die", []], [637515, 2, "http:/youth.be / jgfjvbbeilk(not a motivation video )", []], [1306364, 1, "I feel you. imagine you will be i haven another life you are life still sucks its how you handle and react to it th . but I really feel like you did now . it is like I can not do anything about it . feeling useless", ["🙃", "🙂"]]], "speakers": {"𝒟𝓇𝒶𝓀ℯ": 0, "SlySolus": 1, "Nurwahidah Wahee": 2}}, {"id": 17382229, "category": {"id": 73, "name": "Disabilities"}, "emotion": "Amused", "turns_number": 4, "dialogues": [[794264, 0, "do why women still want to marry british royal , especially after what happened with princess diana", []], [712880, 3, "stable money , easy spotlight , can be an easy figure to people .", []], [1271127, 2, "Began knew what she signed up for . She did not go through 1/8th of what Diana went through", []], [1485157, 1, "to become a princess , when they can be queens in the hearts and li have of an average man", []]], "speakers": {"depressive fruitcake🍍": 0, "Faust": 1, "ohnoohno": 2, "brooks": 3}}, {"id": 17382215, "category": {"id": 7, "name": "Relationships"}, "emotion": "Meh", "turns_number": 4, "dialogues": [[1447240, 0, "my girlfriend just broke up with me*I kind of figured*we are still friends the so that is good", []], [695321, 3, "in my opinion being a friend with an ex is just a slap in the face", []], [994467, 2, "Let her go , move on , find someone make her jealous", []], [1305695, 1, "that to bad but knew it just thought . that good idea to be friends with her", []]], "speakers": {"(leviathan)": 0, "Anonymous": 1, "⁄(⁄ ⁄•⁄-⁄•⁄ ⁄)⁄": 2, "Alexandra": 3}}, {"id": 17382202, "category": {"id": 74, "name": "Depression"}, "emotion": "Lonely", "turns_number": 3, "dialogues": [[1506438, 0, "I wish people would talk on here , like , you know , to me laugh out loud I m pathetic", ["🥺"]], [1403569, 2, "youryourwhat is your favorite color ?", []], [1466053, 1, "you are amazing nothing like pathetic", []]], "speakers": {"Ⓝⓘⓛ": 0, "Cinnamon :)": 1, "Newbie": 2}}, {"id": 17382193, "category": {"id": 74, "name": "Depression"}, "emotion": "Anxious", "turns_number": 4, "dialogues": [[1352487, 0, "Can someone just.end it for me already laughing my arms off . it is for am , no sleep and I have so much to do today . Just fucking switch li have with me .", []], [820544, 3, "We are in the same boat ! I can not sleep swell", []], [1198736, 2, "Could be like the movie Your Name .", []], [1487808, 1, "its the same for everyone", []]], "speakers": {"Ava": 0, "Matt": 1, "🩸": 2, "Claire◇": 3}}, {"id": 17382182, "category": {"id": 47, "name": "Health"}, "emotion": "Sad", "turns_number": 3, "dialogues": [[1480133, 0, "i hate when i remember things i want to forget .", ["🥀"]], [1472994, 2, "same but the important thing is to not let it ruin our mental health", ["💖", "👌"]], [1512770, 1, "If you li have more and have more story , you will start forgetting bad ones", []]], "speakers": {"💠°_teary-eyed_° 💠": 0, "Yoůrs Třųly": 1, "Kaan": 2}}, {"id": 17382181, "category": {"id": 7, "name": "Relationships"}, "emotion": "Hopeful", "turns_number": 3, "dialogues": [[1506672, 0, "So I met this guy for months ago we talk and hanging out every week , I got really attached and now suddenly he is leaving and moving to another state , i am really hurt about and I do not know how to cope with it .", []], [963020, 2, "Why is he moving ", []], [794264, 1, "did not he tell you about leaving ?", []]], "speakers": {"SamanthaPaige": 0, "Excuse⚠": 1, "depressive fruitcake🍍": 2}}, {"id": 17382177, "category": {"id": 20, "name": "Others"}, "emotion": "Anxious", "turns_number": 3, "dialogues": [[1047361, 0, "ugh can not sleep . i know why it is because I m still looking at my phone", ["🤦", "♀", "🤓"]], [963020, 2, "It is more because of your habit .", []], [1472994, 1, "same , I hate it the but oh well", ["😩", "😂"]]], "speakers": {"nadine💗": 0, "Excuse⚠": 1, "Yoůrs Třųly": 2}}, {"id": 17382171, "category": {"id": 7, "name": "Relationships"}, "emotion": "Depressed", "turns_number": 3, "dialogues": [[1500724, 0, "I am so miserable and depressed .", []], [1512226, 2, "I am here for you ! A big hug", []], [1466053, 1, "do not be keep thinking position have", []]], "speakers": {"Confused Chic": 0, "Lizz": 1, "Newbie": 2}}, {"id": 17382163, "category": {"id": 62, "name": "Mental Health"}, "emotion": "Tired", "turns_number": 4, "dialogues": [[647298, 0, "Just applied for a stripped job , goodnight", []], [1448797, 3, "what was your experience ? It sounds fun nl", []], [1227067, 2, "Nothing wrong with that .", []], [1217393, 1, "You ll get them all like pokemons .", ["😂", "😉"]]], "speakers": {"kionii": 0, "Sara": 1, "Siodhachan O Suileabhain🇺🇸🩺🪂": 2, "User Banned": 3}}, {"id": 17382157, "category": {"id": 63, "name": "My Story"}, "emotion": "Optimistic", "turns_number": 3, "dialogues": [[1512336, 0, "Tyler the creator soothe my soul", []], [1459914, 2, "his fine ass , I ll eat him", []], [637515, 1, "I took my mon away from me", []]], "speakers": {"Skeleton ☠️": 0, "ffhwjwhndkskwjbsjsjhsnsmsks": 1, "SlySolus": 2}}, {"id": 17382144, "category": {"id": 51, "name": "Helpful Tips"}, "emotion": "Tired", "turns_number": 17, "dialogues": [[314799, 0, "what are some of your tips for becoming a better person to yourself and others ? + some random good habits .", []], [416139, 16, "Gardening , I got my eating disorder under control again through growing some of my own food .", []], [1082079, 15, "Reading . Not talking about people , but about things . Helping people in need .", []], [554919, 14, "Turning nativity into wisdom as lessons for other people .", []], [410192, 13, "Be kind , always .", []], [1506527, 12, "Empty . Try to think about the situation in which the person or animal ( they too ) is and what would be a good way to help them", []], [1170506, 11, "abandon all hope ye waits here", []], [809366, 10, "I just try to remind myself that everyone is struggling with something and I try not to not be mean to people because of it . Instead I try my best to be uplifting and motivation .", []], [1313371, 9, "I remind myself of the people I hate and that I never ever want to be like them . That just wakes me up for some reason .", []], [1423251, 8, "A opening mind , be honest with yourself and people , do not change you for someone and be kind and generous . And look the other comments .", ["✌", "🙏", "😁"]], [880447, 7, "understand what scenario makes your emotions tick and use mental methods to overcome them .", []], [1111892, 6, "Thinking twice before speaking or saying anything .", []], [560215, 5, "not applicable ; obsolete wrong ideas", []], [1147162, 4, "put herself on their place before doing sat unnecessary", []], [1513599, 3, "at the end of the day say one thing that made your day and something nice about yourself", []], [1513651, 2, "do what you love . enjoy the company of yourself . You can choose gardening or painting", []], [738601, 1, "Slow down you move to fast . You have got to make the morning last .", []]], "speakers": {"ddolly": 0, "DiggityDark": 1, "Silva": 2, "★⸸𝓜𝔂𝓼𝓽𝓲𝓬𝓪𝓵 𝓑𝓵𝓾𝓮𝓳𝓪𝔂⸸★": 3, "Marta": 4, "Eric Silva": 5, "Teddy Flowers": 6, "Sandra Trueworthy": 7, "Isla 🌼": 8, "J": 9, "Still": 10, "Peace": 11, "‎": 12, "leokee": 13, "Shadow trying": 14, "Rony Rony": 15, "Candle In The Wind": 16}}, {"id": 17382135, "category": {"id": 50, "name": "Music"}, "emotion": "Lonely", "turns_number": 4, "dialogues": [[1512656, 0, "i m here for you Fighting ! Love Yourself !", ["❤", "🙃"]], [1373671, 4, "come be lonely with me", ["😊"]], [1468422, 3, "I know what you mean", ["😔"]], [1512790, 2, "Find someone to keep your company then", []]], "speakers": {"Eunnie 🧊": 0, "bitch im a ghost": 1, "🌻sunflower#3🌻": 2, "Philip Henry": 3}}, {"id": 17382131, "category": {"id": 20, "name": "Others"}, "emotion": "Angry", "turns_number": 3, "dialogues": [[969030, 0, "I have so much rage inside of me , the only time I can let it out is when I m fighting .", []], [1390980, 2, "take up kickboxing or some other extreme physical sport where you can get out your anger and aggression straight into his eyes and a wealthier way", []], [997560, 1, "do you do any fighting sport", []]], "speakers": {"jackie": 0, "Newbie": 1, "User Banned": 2}}, {"id": 17382129, "category": {"id": 20, "name": "Others"}, "emotion": "Insecure", "turns_number": 3, "dialogues": [[0, 0, "should i text him first after 5 days how we are ignoring each other ?", []], [698501, 2, "wait for next 5 days . he will message", []], [712035, 1, "Depends on how the last Convoy was going . If it seemed like he wanted to talk , then oh i would message if I was in your situation . If you are always starting the conversation then do not message first .", []]], "speakers": {"Anonymous": 0, "aarav": 1, "Deadrose🥀": 2}}, {"id": 17382126, "category": {"id": 7, "name": "Relationships"}, "emotion": "Supportive", "turns_number": 3, "dialogues": [[1512678, 0, "So I want to text my crush everyday but what should I do ?", []], [1349838, 2, "think about how to succeed :)", []], [1333745, 1, "let them text you first every so often . I know it d hard but sometimes you have to stop yourself from testing first all the time.to see if they want to text you when . you do not .", []]], "speakers": {"Fruitatious Ace": 0, "ñ": 1, "Phoenix F": 2}}, {"id": 17382121, "category": {"id": 10, "name": "Friends"}, "emotion": "Lonely", "turns_number": 4, "dialogues": [[1376609, 0, "I am bored and kind of drunk and kind of drunk and bored", []], [459579, 3, "Drunk and bored , bored and drunk", ["🍻", "😅"]], [555901, 2, "that is about the vaseline in terms of intelligence when it comes to posts on here th", []], [846238, 1, "my only question is where was my boone ?", ["😂"]]], "speakers": {"Tori 🍕": 0, "Arun": 1, "Lori": 2, "Cookie Monster": 3}}, {"id": 17382118, "category": {"id": 74, "name": "Depression"}, "emotion": "Moody", "turns_number": 3, "dialogues": [[1482177, 0, "I am not ok . I hope and pray for better days I ca not li have the rest of my life like this", []], [266901, 2, "You got this keep your head up !", []], [1349838, 1, "keep praying , have faith and always take the right decisions", ["🌅", "👍"]]], "speakers": {"D": 0, "Elijah": 1, "ñ": 2}}, {"id": 17382104, "category": {"id": 10, "name": "Friends"}, "emotion": "Inspired", "turns_number": 5, "dialogues": [[0, 0, "You could just find psychiatric and solve your issues and you choose this pp as distraction but remember you will need to face your fears sooner or later . The sooner the better", []], [1424552, 4, "i feel like are speaking to me directly . i agree", []], [843889, 3, "been there , done that , still in chaos", []], [1499247, 2, "* laughs in Treatment Resistant Depression *", []], [1499993, 1, "learn something from someone on this pp so why fears", []]], "speakers": {"Anonymous": 0, "Ana The blogger": 1, "strngr": 2, "☆ Ħι∂∂ɛи Ƨκιɛƨ ☆": 3, "🌄Mon🌾": 4}}, {"id": 17382098, "category": {"id": 20, "name": "Others"}, "emotion": "Caring", "turns_number": 3, "dialogues": [[1372681, 0, "position have energy on the way", ["🤜"]], [1457844, 2, "send by a fast delhi have", []], [698501, 1, "send some here . Nina thus ledge .", []]], "speakers": {"Naina": 0, "Peterpan": 1, "aarav": 2}}, {"id": 17382075, "category": {"id": 68, "name": "I Need Help"}, "emotion": "Lonely", "turns_number": 3, "dialogues": [[535634, 0, "I just want to pack a bag and run away . Just get on a bus going far away . Start a new life , new name , new appearance , away from here . There is nothing for me here , there never will be and there never was .", []], [1512739, 2, "that is what I am feeling right now .", []], [1512834, 1, "If you feel like that is going to help you , do it", []]], "speakers": {"Sam 🐻🍪🤎": 0, "Von Lazo": 1, "eclipse": 2}}, {"id": 17382061, "category": {"id": 62, "name": "Mental Health"}, "emotion": "Angry", "turns_number": 3, "dialogues": [[1424552, 0, "i am an assholeits like everything is just so irritating feel its because nothing is right have no time for all these demandsits infuriatingi hate me for being this waits a continuous loop of rushinghalf - assingannoyanceangrysadnessinadequacyfailuresday after day a mean assholeand all i do is take care of others just want to be enoughhave enough timehave enough resources need to be better a horrible person liar theater thief yell at old peopled children awfuland ashamedbut anger is all i know so angry need help", []], [1375732, 1, "I think God can heal you", []], [1375732, 1, "God hears everyone . you can not see him , or sense him , or hear him , but he is there listening .", []]], "speakers": {"Ana The blogger": 0, "Newbie": 1}}, {"id": 17382059, "category": {"id": 59, "name": "Pregnancy"}, "emotion": "Worried", "turns_number": 3, "dialogues": [[1512432, 0, "Just recently found out i am pregnant . My boyfriend has not tested back since I told him . i am 17 turning 18 can anyone help ? I do not want an abortion or to i have it up . Just please anybody help .", []], [1390980, 1, "you do not need a man to raise a child . if he is choosing not to be there he is a still just a little boy anyone welcomed", []], [1512808, 1, "I went thou this when I was your age . I can tell you it is for the better in the end ! he does not deserve a woman like you if he can not come to his senses that he also played down to make that baby too . I m here for you the ! anything you need to talk about I can help you thou this all ! I had nobody at that age and I want to make it easier foryouryour", []]], "speakers": {"Frankie": 0, "Newbie": 1}}, {"id": 17382052, "category": {"id": 72, "name": "Anxiety"}, "emotion": null, "turns_number": 3, "dialogues": [[0, 0, "Day 5 of being shouted : [ please read]I am getting use to the fact that he is not there and my perspective have of him totally changed he is intact have online I do not know what is going on download a support pp and I help pp and chat sometimes so I feel less alone still tested him to see if the message will go through , it did . BUT I m realizing my worth a bit more", []], [736553, 2, "He is playing you and disrespecting you are feelings . Do not keep chasing him cos that is what he wants . he is a little boy with that attitude .", []], [1390980, 1, "I agree with Merry . forget about that guy ! you can do so much better than that do not ever settle for a guy like that they are never worth it", []]], "speakers": {"Anonymous": 0, "Terry 🏴󠁧󠁢󠁳󠁣󠁴󠁿": 1, "Newbie": 2}}, {"id": 17382038, "category": {"id": 15, "name": "Family"}, "emotion": "Sad", "turns_number": 3, "dialogues": [[647377, 0, "we li have in the same house we are together every day and yet the only thing we tell each other is  Goodmorning  I feel like i am living with strangers and not relate have", []], [1231309, 2, "i do not even like some of my relate have th.if you can find friends who feel like family just treat them like that if your they are going to be like this towards you", []], [868367, 1, "what more do you want ?", []]], "speakers": {"Koalalover💛": 0, "isaac 🔮": 1, "": 2}}, {"id": 17382008, "category": {"id": 20, "name": "Others"}, "emotion": "Nervous", "turns_number": 3, "dialogues": [[1287230, 0, "someone to hear my love story and i have me an advice ?", ["👉", "👈", "😔"]], [1398671, 2, "sure I m all ears !", []], [1223912, 1, "i am all ears message me if you need to", []]], "speakers": {"more than a woman": 0, "Timothy Matthews": 1, "Stephanie Carmichael": 2}}, {"id": 17381996, "category": {"id": 15, "name": "Family"}, "emotion": "Nothing", "turns_number": 3, "dialogues": [[1438549, 0, "You are foul as if you make you are son or daughter feel unwanted or they have to take care of their self just because they are  grown ", []], [868367, 2, "you can not take care of yourself ?", []], [475684, 1, "You do not think grown people should take care of themselves ?", []]], "speakers": {"()": 0, "": 1, "Goodnight Gracie": 2}}, {"id": 17381975, "category": {"id": 61, "name": "Positive"}, "emotion": "Positive", "turns_number": 13, "dialogues": [[1317975, 0, "If you were to be a color , what color would you be and why ?", []], [1402877, 12, "Purple so I can make everyone feel royal .", ["😊"]], [1471270, 11, "Green because it reminds me of nature and freedom", []], [1403450, 10, "Grey . bc I mixed between good and bad", []], [1403569, 9, "probably grey I do not know why just because in", []], [571085, 8, "Green cut I read somewhere it is the color ofyouryour", []], [1509218, 7, "i ll be sky blue or naevi blue bc i am attracted to those colors", []], [1489688, 6, "pink . cut it cut", []], [475684, 5, "a bruised combination of people and green", []], [868367, 4, "I want to be black . wait a minute .", []], [738601, 3, "Anyone 234 CRAB . 162 . 0 . 103HE / Html . A20067MY 16 . 100 . 0 . 17", []], [1021180, 2, "Turquoise , so I can blend in .", []], [1027343, 1, "burgundy because it would be see see", []]], "speakers": {"Malibu": 0, "Ayanna": 1, "TerenceFletcher": 2, "741": 3, "Cinnamon :)": 4, "Im Ho Tep": 5, "¹⁸": 6, "D": 7, "Goodnight Gracie": 8, "": 9, "Candle In The Wind": 10, "S": 11, "Dandy Chiggins 👻": 12}}, {"id": 17381924, "category": {"id": 20, "name": "Others"}, "emotion": "Meh", "turns_number": 3, "dialogues": [[1338780, 0, "why is it hard to make friends for", []], [1317975, 2, "Same . I push everyone away", []], [994467, 1, "it is easy to make them hard to keep them", []]], "speakers": {"sandy": 0, "Malibu": 1, "⁄(⁄ ⁄•⁄-⁄•⁄ ⁄)⁄": 2}}, {"id": 17381906, "category": {"id": 10, "name": "Friends"}, "emotion": "Lonely", "turns_number": 3, "dialogues": [[1493016, 0, "Anyone near Tennessee age 16 or under want to make friends near me and my own age", []], [1480787, 2, "i mean , i do not li have in Tennessee but we are around the same age . I m 15 , turning 16 in 10 days . so if you want to chat , look in my big :)", []], [812795, 1, "This makes me think you are a 50 year old due . Looking for a victim .", ["😪"]]], "speakers": {"David": 0, "DIABLO": 1, "Clouded minds": 2}}, {"id": 17381886, "category": {"id": 7, "name": "Relationships"}, "emotion": "Sad", "turns_number": 3, "dialogues": [[0, 0, "my boyfriend sometime said he does not feel love , but when i go look at his social they are so many songs , posts about the girl who created on him like to years ago.he was serious about her . and also he has bed . sometimes he acts like he does not care about me which hurts a lot . and sometimes he says he have never loved anyone more than me but also he says he does not feel love . what does this even mean ?", []], [1198736, 2, "Do not expect nationality from someone with BED , moods and feelings fluctuated frequently .", []], [1512779, 1, "He is scared to let himself love you because he is been hurt before .", []]], "speakers": {"Anonymous": 0, "🩸": 1, "Keke": 2}}, {"id": 17381872, "category": {"id": 48, "name": "Work"}, "emotion": "Nervous", "turns_number": 3, "dialogues": [[1329961, 0, "i have a job interview tomorrow ! please send position have thoughts .", []], [1338780, 2, "you got it ! just believe in yourself", []], [952165, 1, "May the Force be withyouryour", ["👍", "🏼"]]], "speakers": {"serkonan 🏴🏳️‍🌈🏳️‍⚧": 0, "sandy": 1, "Melkor": 2}}, {"id": 17381870, "category": {"id": 15, "name": "Family"}, "emotion": "Irritated", "turns_number": 3, "dialogues": [[1502601, 0, "Why ca not parents trust their kiss . it is annoying", []], [1317975, 2, "I do not know but i am struggling with it myself", []], [1333793, 1, "Cos they were kiss themselves and know how dumb they can be?Is : just bidding , I feel you brush , parents would probably abandon me I do not move out this year hello hello", []]], "speakers": {"Theo": 0, "Malibu": 1, "Dbag 97": 2}}, {"id": 17381866, "category": {"id": 59, "name": "Pregnancy"}, "emotion": "Overwhelmed", "turns_number": 5, "dialogues": [[0, 0, "I m pregnant . my boyfriend said he would stay . howe have , he wants me to get an abortion since he is not in a good situation financially . I am . I also am ensure I should abort it or keep it . I do not know what to do .", []], [1327116, 4, "Hey I went through pretty much the same thing if you want to talk ?", []], [1357527, 3, "It is all up to you , it is important you do what you want , whatever you feel is right , is the right choice", []], [1317975, 2, "Instead of adopting consider adoption", []], [606000, 1, "I do not mean to sound rude but he does not sound like much of a man to just say that what the fuck", []]], "speakers": {"Anonymous": 0, "Cara :)": 1, "Emotional bb": 2, "Malibu": 3, "Hurrikane": 4}}, {"id": 17381853, "category": {"id": 12, "name": "Self Harm"}, "emotion": "Excited", "turns_number": 3, "dialogues": [[1512763, 0, "I m really a big fan of oasis and blur . someone else ?", []], [1472691, 2, "oasis yeah but blur ? i do not even know that group band was exist", []], [820544, 1, "Lovely Blur ! And of Gorilla", []]], "speakers": {"Ann": 0, "Dennis": 1, "Matt": 2}}, {"id": 17381826, "category": {"id": 72, "name": "Anxiety"}, "emotion": "Insecure", "turns_number": 3, "dialogues": [[1103102, 0, "Please do not get mad at me I m sorry", ["😞"]], [1373085, 2, "who is mad at you you had", ["💛"]], [1218294, 1, "tell them stop being a cry baby", ["😂"]]], "speakers": {"🌸Lyna💜🌸": 0, "Hedwig🌺": 1, "Vato J": 2}}, {"id": 17381819, "category": {"id": 7, "name": "Relationships"}, "emotion": "Supportive", "turns_number": 3, "dialogues": [[926925, 0, "Love is only real to people that have a perfect relationship", []], [1512771, 2, "Is it possible to a have a perfect relationship ?", []], [1321590, 1, "It is time to learn how to spell", []]], "speakers": {"Nathan Cappelletti": 0, "User Suspended": 1, "☣Pronoun=DNA/MOLECULE☢": 2}}, {"id": 17381807, "category": {"id": 20, "name": "Others"}, "emotion": "Sad", "turns_number": 3, "dialogues": [[717841, 0, "It is toughtough to wake up sometimes eat sometimes take care ourselves just get through the day . But we trythat is all that is really needed not i have up", []], [717841, 0, "I guess this did not make any sense", ["😅"]], [1243568, 1, "It did make so much sense and am glad that you put this out . I hope you find the confidence & believe in your abilities : in getting over anything ", ["❤"]]], "speakers": {"°CyberAnon•~•": 0, "Hakuna Matata 𓃬": 1}}, {"id": 17381757, "category": {"id": 12, "name": "Self Harm"}, "emotion": "Supportive", "turns_number": 4, "dialogues": [[1512763, 0, "follow me and i will follow you . so I can i have you priority in my top and be more attention have to your posts if you need", ["💖"]], [1506684, 3, "Welcome back to talklife .", []], [393414, 2, "How did you lose your last account ?", []], [1223912, 1, "hi i followed you how is your evening and if you ever need anything my message box is always open", []]], "speakers": {"Ann": 0, "Ares": 1, "Cri": 2, "Stephanie Carmichael": 3}}, {"id": 17381749, "category": {"id": 20, "name": "Others"}, "emotion": "Nothing", "turns_number": 3, "dialogues": [[1511032, 0, "My philosophy Lycaonism , will bring together all Wolf Hybrids of Earth and we will create a permasee you literature society , a peaceful union with no humans welcome .", []], [347596, 2, "Laughing my arms off you sound like that wolf see you later brow", []], [1504844, 1, "good that you know you are a weird", []]], "speakers": {"User Banned": 0, "HottestSnail(𓂺)": 1, "UglyInside 😏": 2}}, {"id": 17381723, "category": {"id": 7, "name": "Relationships"}, "emotion": "Worried", "turns_number": 4, "dialogues": [[1401284, 0, "How can you tell if someone is cheating ?", []], [1500125, 3, "staying out late , time not adding up , missed phone calls , lying , new male / females calling or testing , or when they start to reassure you heavy that nothing is going on and you are the only one for them cut they feel guilty . I could probably keep going .", []], [1512771, 2, "Pretty much if they are acting weird", []], [1512770, 1, "It depends on gender in my opinion . I ca not say anything certain but when I was doing a mistake my ex was not realised anything until I feel to much sorry and explained everything to her", []]], "speakers": {"Newbie": 0, "cute peach": 1, "User Suspended": 2, "Kaan": 3}}, {"id": 17381718, "category": {"id": 61, "name": "Positive"}, "emotion": "Hopeful", "turns_number": 3, "dialogues": [[1441351, 0, "A woman prayed over me earlier today . I. morally shy away from things like that but for some reason , I accepted it and when she was finished I felt really good . I m not religious or anything but sometimes a little prayer does help .", []], [1082079, 2, "A prayer helps all the time .", []], [1510899, 1, "It is all energy . And when someone genuinely cares for you - you can feel that . Literally FEEL their warmth and daring if you listen hard enough", ["😉"]]], "speakers": {"IthicaGrey": 0, "Silva": 1, "N M": 2}}, {"id": 17381715, "category": {"id": 10, "name": "Friends"}, "emotion": "Nothing", "turns_number": 3, "dialogues": [[1455207, 1, "Can not even watch a film drunk . It is on with the music .", []], [832479, 4, "i was a fucking god at super smash brows while drunk", []], [812795, 2, "I m good when I m tipsy , terrible when I m drunk .", ["😪"]]], "speakers": {"sonicsoul 😇😈👽": 0, "mountainman": 1, "Clouded minds": 2}}, {"id": 17381691, "category": {"id": 20, "name": "Others"}, "emotion": "Depressed", "turns_number": 3, "dialogues": [[830148, 0, "* huge*dont kill yourselfill miss you", ["🥺"]], [549721, 2, "i understand this feeling so well that I have been alone for a really long time . i just want to i have you a hug right now", ["💜"]], [1147162, 1, "do not call yell a stupid fuck if that is what keeps you going , keep believing that , you should not kill yourself what the fuck , no . there is plenty of life ahead and if you do not li have it how you plan on meeting this someone ? I understand you probably feeling really down at , and its ok . i get it , we all have our weak moments*huge tightly * its going to be ok , things will get better , do not talk about suicide , its not an option we want", ["😤"]]], "speakers": {"Ege": 0, "ewww it's sam": 1, "leokee": 2}}, {"id": 17381673, "category": {"id": 74, "name": "Depression"}, "emotion": "Depressed", "turns_number": 3, "dialogues": [[570305, 0, "I have made up my mind again . But what scars me the most is the fact that i am probably actually going to go through with it this time . And I ca not take to anyone about it because I do not matter .", []], [481157, 1, "I m sorry you are in so much pain :( Do you have a therapist you can talk to ? big huge", ["💕", "🤗", "❤"]], [481157, 1, "I just sent you a message", ["💌", "💕"]]], "speakers": {"Broken soul": 0, "andreab1518": 1}}, {"id": 17381653, "category": {"id": 62, "name": "Mental Health"}, "emotion": "Overwhelmed", "turns_number": 6, "dialogues": [[1195137, 0, "i lost everything now . my sum died my lifetime friend step me in the back and left my boyfriend and bestguy friend does not love me anymore and changed . lost my work i even lost my self along the way . and lost the will to li have .am i the problem ? . am i that bad . or what is happening ? why people change and leave .", []], [550594, 5, "You is not bad . it is just you are in the bad phase of life . Do not blame herself .", []], [1509218, 4, "they ll change . they do not be like that forever . so are u . you have a bad time now . it will go away . nothing is forever", []], [1501034, 3, "sorry for the loss . I did not have any of the things you mentioned above.and still enjoying life . we similar in many ways .", []], [1512767, 2, "I m sorry for your loss . you are not a problem !", []], [1391799, 1, "I am sorry for your loss . I can not imagine how it feels but if you need someone on your side i am here . No matter if you need someone to listen or just a nice fun talk with silly jokes to distract you from all that", []]], "speakers": {"li": 0, "Why Do We FALL?": 1, "¹⁸": 2, "Marko": 3, "Nelly Matos": 4, "Jon": 5}}, {"id": 17381633, "category": {"id": 20, "name": "Others"}, "emotion": "Nothing", "turns_number": 3, "dialogues": [[1511032, 0, "Heraclitus was the best philosopher , hands down !", []], [1003078, 2, "I thought it was lay laughing my arms off", []], [952165, 1, "Nietzsche liked Heraclitus a lot , but none was greater than Plato , I think . You can love him , hate him , disagree with every word from him , but he helped to build the occident .", []]], "speakers": {"User Banned": 0, "Miraboreas": 1, "Melkor": 2}}, {"id": 17381629, "category": {"id": 10, "name": "Friends"}, "emotion": "Lonely", "turns_number": 3, "dialogues": [[1376609, 0, "Hay who feels like talking ?", []], [1416079, 2, "too shy to say yes", []], [1416538, 1, "I feels like talking can I please ?", ["☺"]]], "speakers": {"Tori 🍕": 0, "✨humblenats🌈": 1, "User Banned": 2}}, {"id": 17381625, "category": {"id": 62, "name": "Mental Health"}, "emotion": "Depressed", "turns_number": 3, "dialogues": [[1511255, 0, "I am such a burden on my husband . Why do I have to be like this ?", []], [266901, 2, "I m sure you are not a burden", ["😊"]], [1423057, 1, "why would you say that", []]], "speakers": {"AliB": 0, "Elijah": 1, "A Dying Soul": 2}}, {"id": 17381623, "category": {"id": 7, "name": "Relationships"}, "emotion": "Nostalgic", "turns_number": 5, "dialogues": [[1503659, 0, "Is it ! normal to be in a relationship with a guy and he is always looking at the same type of girls on Instagram and taking screenshots?Does this person love you ? What do men do that ? I just do not get it", []], [1441273, 4, "Our fantasies have nothing to do with the girls that we are with . Do not think boys will quit worn when they are in a relationship .", []], [1484151, 3, "No ! Definitely not ! If he truly loved you he would not be looking at other women .", []], [736799, 2, "it is normal . if he was doing that before you met him then that is who he is .", []], [1108525, 1, "Some of these comments . likes my honest opinion is why is he in a committed relationship and doing shit like that is not no way I would be with someone and they are taking screenshots of other women .", ["😅", "🤷", "♀"]]], "speakers": {"Aphrodite": 0, "Hoss": 1, "𝖁𝖎𝖔𝖑𝖊𝖙 💜": 2, "Eddy": 3, "𝒦𝒾𝒶𝓇𝒶": 4}}, {"id": 17381622, "category": {"id": 7, "name": "Relationships"}, "emotion": "Overwhelmed", "turns_number": 4, "dialogues": [[0, 0, "you fucking destroyed me . and i never told you anything .", []], [554919, 3, "I m sorry that happened to you . :/", []], [1466082, 2, "Instead I told her how she is wonderful and I was the problem . I hurt myself . but I could not hurt others . painful . low steam in my case", []], [919810, 1, "that is the thing - you never spoke", []]], "speakers": {"Anonymous": 0, "★⸸𝓜𝔂𝓼𝓽𝓲𝓬𝓪𝓵 𝓑𝓵𝓾𝓮𝓳𝓪𝔂⸸★": 1, "Señora": 2, "Moonlight": 3}}, {"id": 17381600, "category": {"id": 10, "name": "Friends"}, "emotion": "Lonely", "turns_number": 3, "dialogues": [[1376609, 0, "I am lonely and kind of drunk", ["😭"]], [947263, 2, "it seems that you are bored and drunk a lot", []], [1512771, 1, "Just eat some penza and pray", []]], "speakers": {"Tori 🍕": 0, "tryingtobehappy": 1, "User Suspended": 2}}, {"id": 17381592, "category": {"id": 20, "name": "Others"}, "emotion": "Numb", "turns_number": 4, "dialogues": [[969030, 0, "It is hard growing up with so much violence around me .", []], [1227067, 3, "You can get used to it . i would i would", []], [653991, 2, "makes you numb to ut eventually", []], [1391799, 1, "Hey jacket . I know at least in parts how you must feel . I you would like to talk i am here for you", []]], "speakers": {"jackie": 0, "Siodhachan O Suileabhain🇺🇸🩺🪂": 1, "Jadon": 2, "Jon": 3}}, {"id": 17381586, "category": {"id": 48, "name": "Work"}, "emotion": "Down", "turns_number": 4, "dialogues": [[555427, 0, "up . me too . can not seem to . figure it out yet , it is been like this since i granulation OF HIGHSCHOOL . da fuck do we do guns ?", []], [712035, 2, "I can relate to this post so much ! And this is not even talked about much which sucks . i am lost and I know I do not want to work in retail forever , so i need to find a career . People are also so horrible . I need to work on myself as well and learn to speak up for myself . it is so uncomfortable . Working in general just does feel uncomfortable . I do not know what I want to do , i am not even smart .", []], [712035, 2, "What is also unfair is that how some people have it sorted ( career ) and like they know what they want to do and they are actually achieving things.and then there is me , who is just stuck is one of the worse feeling laugh out loud", []], [507924, 1, "I can totally relate . I was feeling stuck in life in general , not just work . Even now I feel stuck at times because of the lock down and pandemics", []]], "speakers": {"L·A٠N•D°¡°N·G": 0, "Deadrose🥀": 1, "✨⭐🌟Står🌟⭐✨": 2}}, {"id": 17381585, "category": {"id": 15, "name": "Family"}, "emotion": "Loving", "turns_number": 3, "dialogues": [[1512771, 0, "For all of you who are feeling down , Jesus is looking uponyouryour", []], [1392016, 2, "send me the guy I told you about", ["☹"]], [1390145, 1, "Wait.looking up ? So what you are telling me is Jesus is really from the underwood", ["😐"]]], "speakers": {"User Suspended": 0, "Mixed Masala 😌": 1, "Maya 🛸": 2}}, {"id": 17381564, "category": {"id": 10, "name": "Friends"}, "emotion": null, "turns_number": 3, "dialogues": [[0, 0, "Ensure if they are actually busy or ignoring me . Will be 5 days tomorrow of no response from my messages", []], [1512779, 1, "They are ignoring you too .", []], [1512779, 1, "No one goes i have days without responding . Especially if they look forward to hearing from you . i am sorry .", []]], "speakers": {"Anonymous": 0, "Keke": 1}}, {"id": 17381550, "category": {"id": 10, "name": "Friends"}, "emotion": "Optimistic", "turns_number": 6, "dialogues": [[1506115, 0, "People are weird on this pp", ["🙄"]], [1321590, 5, "You are on this pp", []], [1271335, 4, "bc . they all Expressing their own feelings", []], [1227067, 3, "What is this pp ?", []], [1221620, 2, "I actually am I ll admit . I m a very unique wired individual", []], [1512779, 1, "This pp was designed for people with depression and anxiety . People who lack the fundamentals of social skill . We are all sad and lonely . No one is perfect .", []]], "speakers": {"SadBunny 🇺🇸": 0, "☣Pronoun=DNA/MOLECULE☢": 1, "BIG BROTHER": 2, "Siodhachan O Suileabhain🇺🇸🩺🪂": 3, "deloaded": 4, "Keke": 5}}, {"id": 17381541, "category": {"id": 63, "name": "My Story"}, "emotion": "Supportive", "turns_number": 4, "dialogues": [[988756, 0, "Weed really helps with the pain", ["✨"]], [696746, 3, "all you need is a bag of weed", []], [1425383, 2, "i can get behind that", []], [1477208, 1, "I do not know i have anxious / happy mood swing when high", []]], "speakers": {"Peacemaker": 0, "Maya Isabella": 1, "BrandedMistake": 2, "how many people?": 3}}, {"id": 17381521, "category": {"id": 7, "name": "Relationships"}, "emotion": "Heartbroken", "turns_number": 7, "dialogues": [[1385934, 0, "I was to days into this relationship and she had sex with another man I hate my life", []], [1512771, 6, "At least she did not make you waste time , be grateful for that at least", []], [988686, 5, "Damn , I m sorry to hear that man", []], [1390980, 4, "that sucks , but at least it happened in the beginning before you got too attached", []], [1451117, 3, "that is not relationship .that was just a plan to break you are heart for real", []], [1508698, 2, "That is seriously tucked up , I m so sorry that happened to you . I hope by now you have pitched her ass and I hope you feel better soon .", []], [738601, 1, "Well at least it did not get serious before you found out .", []]], "speakers": {"bleep bloop": 0, "User Suspended": 1, "Villain and Proud": 2, "Newbie": 3, "BATMAN WHO LOVED": 4, "Nismo Floof": 5, "Candle In The Wind": 6}}, {"id": 17381494, "category": {"id": 58, "name": "LGBT"}, "emotion": "Down", "turns_number": 4, "dialogues": [[1003078, 0, "is there a trans person I could talk to ? I need someone cut I have been extremely dysphoric lately and I think it would help talking with someone with similar experiences :/", []], [1253174, 3, "unfortunately i can not help but i hope you feel better :(", []], [541914, 2, "you already know me but if you wanted to talk about my past then we could definitely do that", []], [1405850, 1, "I know that well . Had and sometimes still have hard time with it .", []]], "speakers": {"Miraboreas": 0, "⛓️CYB3RGRL⛓️": 1, "Layla X GunSenpai": 2, "Ayva": 3}}, {"id": 17381476, "category": {"id": 10, "name": "Friends"}, "emotion": "Supportive", "turns_number": 3, "dialogues": [[632960, 0, "Hum and my friend will rate you laugh out loud", []], [1506115, 2, "Weird ! Why do you think people want you and your friends to rate them ? Do you thing your opinion of others matter ?", []], [868367, 1, "rate me based on what ?", []]], "speakers": {"Witch bish 🏳️‍🌈": 0, "SadBunny 🇺🇸": 1, "": 2}}, {"id": 17381469, "category": {"id": 67, "name": "Self-Care"}, "emotion": "Supportive", "turns_number": 5, "dialogues": [[1457924, 0, "what have y all done for self care today", []], [1060696, 4, "clot th , it was a good day", []], [883397, 3, "Went shopping with my mon , connected with my sister , gave big kisses to my son . Tried my very best to strengthen my connections today . What aboutyouryour", ["💖"]], [1463480, 2, "Went for a walk !", []], [1324507, 1, "played panel tennis with some friends today bu ?", []]], "speakers": {"Flare23 ♌😸": 0, "☁Phantom☁": 1, "MaryH": 2, "Newbie": 3, "Youssef": 4}}, {"id": 17381459, "category": {"id": 58, "name": "LGBT"}, "emotion": "Insecure", "turns_number": 3, "dialogues": [[623362, 0, "I just came out as sexual to my mon but I do not really feel better , I just feel weird is this normal ? ( She was cool with it by the way )", []], [1287320, 2, "can be normal , yeah", []], [1253174, 1, "yeah it is normal . you will get used to it and then feel better the", []]], "speakers": {"ThatOneOddKid": 0, "Devin (they/them)": 1, "⛓️CYB3RGRL⛓️": 2}}, {"id": 17381446, "category": {"id": 51, "name": "Helpful Tips"}, "emotion": "Supported", "turns_number": 6, "dialogues": [[1271335, 0, "Hey guns him I want to be an angry but I can not I do not know why , when any problems come in front of me and I face it as with peaceful mind but I did not get angry everyone shout at me and I get scared I also want to shout and be angry to others like what they did to me", []], [1200747, 4, "getting angry does not help in any s*t ask someone who has anger issues like me laughing my arms off , it only ruins it more", []], [1200747, 4, "staying calm is so much better so you could make better decisions", []], [1503185, 3, "I get that like I really do", []], [1512770, 2, "Maybe point is that not about being angry or not . I think it is about lines , draw them nice and certain so you will be angry or angry to yourself for not being angry", []], [1384953, 1, "You Can not be Angry you Son of Bitch , Your mon knows how small isyouryour", ["😈"]]], "speakers": {"BIG BROTHER": 0, "𝐘𝐨𝐮𝐫 𝐦𝐨𝐦": 1, "Miller": 2, "Kaan": 3, "Harley Quinn ??": 4}}, {"id": 17381436, "category": {"id": 7, "name": "Relationships"}, "emotion": "Supported", "turns_number": 3, "dialogues": [[1466457, 0, "How can you be with someone and they say you are a turn off you are a ahead you do not think then why are you with me them", ["💔", "🥺", "😢", "🙁"]], [1180304, 2, "i do not know the full story . but all I can say is that most guns are douched bags . laugh out loud I think I m in that mix too . unfortunately . .", ["😶", "🤐", "😒"]], [1512767, 1, "broke up with them ! you deserve so much better !", []]], "speakers": {"Just Trying to stay alive": 0, "Binny Thomas": 1, "Nelly Matos": 2}}, {"id": 17381419, "category": {"id": 20, "name": "Others"}, "emotion": "Nothing", "turns_number": 3, "dialogues": [[1511032, 0, "Nihilists tend to be the smartest people in every room . Everyone else be into their sensory allusions .", []], [538395, 3, "I was a nihilist at 13 or 14 . Shit sucked .", []], [385435, 2, "Nihilism is for edge 14 year old who think Rich and Forty season 3 is the pinnacle of subversive have TO comedy", []]], "speakers": {"User Banned": 0, "solost": 1, "John “Fortnite” Kennedy": 2}}, {"id": 17381404, "category": {"id": 62, "name": "Mental Health"}, "emotion": "Tired", "turns_number": 3, "dialogues": [[1353525, 0, "Sleep is the only way to escape", []], [696746, 2, "that is if you sleep", []], [746226, 1, "Yeah I still do not get how some are able to go days without sleep .", []]], "speakers": {"Paul": 0, "Maya Isabella": 1, "angel": 2}}, {"id": 17381387, "category": {"id": 10, "name": "Friends"}, "emotion": "Nothing", "turns_number": 3, "dialogues": [[1043700, 0, "They are going to find me dead in my bed soon , i am so sorry", []], [1367879, 2, "no do not please , fight it , do not i have up ,", []], [1511867, 1, "You are worthy of living and deserve to be happy . Do not do this and talk to someone , to me . A problem shared is a problem halted !", []]], "speakers": {"Vampire noble": 0, "drenii": 1, "Sade10💭💫": 2}}, {"id": 17381361, "category": {"id": 10, "name": "Friends"}, "emotion": "Annoyed", "turns_number": 3, "dialogues": [[1512767, 1, "this guy is an idiot", []], [1451845, 3, "Psychic I dare to is is", ["😳"]], [1460385, 2, "i have me your moss credit card into", []]], "speakers": {"Nelly Matos": 0, "Musa": 1, "If you were to get what you deserve,": 2}}, {"id": 17381289, "category": {"id": 10, "name": "Friends"}, "emotion": null, "turns_number": 4, "dialogues": [[0, 0, "Would you block a friend that you do not talk to anymore / dislike ?", []], [1106775, 3, "yes . I have done it and I do not regret it .", []], [1046875, 2, "depends on the reasons to dislike them or not talk to them anymore", []], [1510067, 1, "I am considering blocking all my  friends  on ff that do not even talk to me . So over face friends .", []]], "speakers": {"Anonymous": 0, "🤗fuck ur feelings😘": 1, "Ment Hamilton": 2, "StacyLuluBee": 3}}, {"id": 17381287, "category": {"id": 20, "name": "Others"}, "emotion": "Amused", "turns_number": 3, "dialogues": [[385435, 0, " So are you Chinese or Japanese ? I have li have in California for the last 20 years , but we first came from Laws , we are Lotion The ocean ? What ocean ? We are Lotion ! From Laws , stupid ! it is a padlocked country in Southeast Asia . it is between Thailand and Vienna . Population 7 million So . are you Chinese or Japanese ? ", []], [1349053, 2, "ah yes the only two Asia ethnicities known to man", []], [1501034, 1, "I do not know but I m indianians", []]], "speakers": {"DawgMan72": 0, "Lain": 1, "Marko": 2}}, {"id": 17381275, "category": {"id": 20, "name": "Others"}, "emotion": "Bored", "turns_number": 6, "dialogues": [[696746, 0, "is life really like a box of chocolate", []], [1443908, 5, "for a chocolate adduct maybe", []], [576884, 4, "You never know what you are going to get", []], [538395, 3, "If every chocolate was one of the nasty ones , than for me , yes .", []], [846238, 2, "if it is then I m in trouble . I ate the box of chocolate .", []], [945085, 1, "no ,  a box of chocolate  is life", ["😌"]]], "speakers": {"Maya Isabella": 0, "Steve": 1, "Seb": 2, "solost": 3, "Cookie Monster": 4, "Beauty Life": 5}}, {"id": 17381260, "category": {"id": 51, "name": "Helpful Tips"}, "emotion": "Supportive", "turns_number": 4, "dialogues": [[1456888, 0, "If you need someone to talk to I am here for you ", []], [660177, 3, "Would be helpful if you could hear me out . Even if just for a bit . Can I messageyouryour", []], [501038, 2, "eh its you khoobi ?", ["😂"]], [1512770, 1, "Everyone who likes listen also wants to be listened , am I right ?", []]], "speakers": {"Ana": 0, "Federico": 1, ".": 2, "Kaan": 3}}, {"id": 17381256, "category": {"id": 62, "name": "Mental Health"}, "emotion": "Afraid", "turns_number": 3, "dialogues": [[696662, 0, "I just turned 17 and now I have the looming feeling of 18 always slowly coming towards me", []], [671358, 2, "it is not too bad", []], [576884, 1, "I would be excited to finally turn 18", []]], "speakers": {"Lara.Vezir": 0, "Christian6031": 1, "Seb": 2}}, {"id": 17381245, "category": {"id": 7, "name": "Relationships"}, "emotion": "Loved", "turns_number": 3, "dialogues": [[1459902, 0, "ugh this girl at my job is so pretty & she was flirting with me so i try to see if she wants my social or phone number & she said sure but she is talking to someone . i did not know talking to someone means the same thing as boyfriend and i feel really embarrassed laugh out loud :(", ["🥺"]], [665232, 2, "she did not say married , get in those parties", []], [1290124, 1, "i hope you keep us updated", []]], "speakers": {"hoodfavorite": 0, "🦋🦋🦋 𝓑𝓾𝓽𝓽𝓮𝓻𝓯𝓵𝔂 🌸": 1, "dianne": 2}}, {"id": 17381235, "category": {"id": 62, "name": "Mental Health"}, "emotion": "Nostalgic", "turns_number": 7, "dialogues": [[1451845, 0, "What are your thoughts before fallen asleep ?", []], [347596, 6, "Space , mental , and nails", []], [1333442, 5, "No idea . anything goes through my mind", []], [1369210, 4, "usually that i want to die .", []], [1441033, 3, "my minds too missed up to say honestly on here . i would be flagged or banner if I said .", []], [1343477, 2, "when i am on na wake up . i know i am boring .", []], [1300214, 1, "really ? try to explain might be as telling a story from a parallel un averse . had", []]], "speakers": {"Musa": 0, "HottestSnail(𓂺)": 1, ".": 2, "DreamLife27": 3, "river song bored asf": 4, "archetype": 5, "Rûmî ☀️": 6}}, {"id": 17381205, "category": {"id": 7, "name": "Relationships"}, "emotion": "Heartbroken", "turns_number": 3, "dialogues": [[1388588, 0, "if I lose the weight , will you love me then ? if I hide my face with make , will you at least i have me a kiss ?", []], [1511314, 2, "I was with someone and I treated them bad because they were not skinny enough or whatever in my mind I regret that so much so this resinates a lot stay strong your everything and more !", []], [538395, 1, "I been wishing for some better days . Will you love me ? Will you stay ?", []]], "speakers": {"Corra": 0, "M〽️": 1, "solost": 2}}, {"id": 17381150, "category": {"id": 20, "name": "Others"}, "emotion": "Bored", "turns_number": 4, "dialogues": [[1470652, 0, "Do you think our thoughts define who we are ?", []], [1333442, 3, "In fairness , to some extent .", []], [1467420, 2, "Well What does Define who we are !", []], [895088, 1, "i do not this so It is your Actions that count", []]], "speakers": {"I_wonder_why": 0, ".": 1, "Mr.Deadpan": 2, "wvs": 3}}, {"id": 17381131, "category": {"id": 58, "name": "LGBT"}, "emotion": "Confused", "turns_number": 3, "dialogues": [[0, 0, "I am straight and I am dating a trans guytell me if I m wrong but I am attracted to guns that used to be women but I m not attracted to guns or guns that used to be a girl . is not that natural considering there still biological the same gender ?", []], [1305616, 2, "Trans guns were always a guy ; they were born that way .", []], [541914, 1, "if you are a man then you are not straight .", []]], "speakers": {"Anonymous": 0, "🍬𝕂𝕚𝕞𝕞𝕚𝕔𝕠🍬": 1, "Layla X GunSenpai": 2}}, {"id": 17381112, "category": {"id": 7, "name": "Relationships"}, "emotion": "Hopeful", "turns_number": 5, "dialogues": [[1509816, 0, "why is so hard to let go of someone you love ?", []], [1507391, 3, "but sometimes the bravest thing to do is to let go because the pain of holding on is much worst than the pain of letting go", []], [461192, 2, "Going through this right now", ["😔", "😭", "💔"]], [461192, 2, "It is even worse when that person did not hurt you and they love you so much but you just have to let them go because life .", []], [1439169, 1, "i have no idea i am going through it in .", []]], "speakers": {"Maya": 0, "haven": 1, "♋️": 2, "heather thérèse": 3}}, {"id": 17381078, "category": {"id": 68, "name": "I Need Help"}, "emotion": "Supportive", "turns_number": 3, "dialogues": [[1512746, 0, "Who has ever thought about committing suicide ?", []], [314799, 2, "a lot of pp i think", []], [1169716, 1, "I wanted to die sometimes in life due to a broken heart or not fitting in . Now I got both of those and sometimes I swear I feel like committing suicide just because there is nothing i feel that can make me happy now .", []]], "speakers": {"ALX_X08": 0, "ddolly": 1, "🌔DiamondRock☪️": 2}}, {"id": 17381075, "category": {"id": 20, "name": "Others"}, "emotion": "Numb", "turns_number": 3, "dialogues": [[982760, 0, "i am literally at the lowest point in my life", []], [1036732, 2, "I was literally just thinking that", []], [1511156, 1, "Better days will come ! :) do not i have up . God loves you ", ["❤"]]], "speakers": {"grace": 0, "Little miss nobody": 1, "Jackycc": 2}}]