[{"id": 17363161, "category": {"id": 20, "name": "Others"}, "emotion": "Meh", "turns_number": 4, "dialogues": [[709353, 1, "I do not understand the hope on a lot of things .", ["😐"]], [1253174, 4, "that is sad for you by", []], [1182909, 3, "That is fine though . You do not have to understand it I guess .", []], [1448854, 2, "same , it is all bout the taste the", []]], "speakers": {"ɛniwʌn": 0, "⛓️CYB3RGRL⛓️": 1, "ʕº ᴥ ºʔ": 2, "m a i t e": 3}}, {"id": 17363138, "category": {"id": 20, "name": "Others"}, "emotion": "Proud", "turns_number": 5, "dialogues": [[1497918, 0, "Am I the only one thinking that the Could-19 vaccine might be the possible cause of combine apocalypse ?", []], [680791, 4, "It d be more than that but ok", []], [491415, 3, "no I thought the yesterday", []], [1266040, 2, "I sure hope that you are .", []], [636106, 1, "not , i keep thinking about it", []]], "speakers": {"Harley": 0, "ᴇ ʟ ʟ ᴇ": 1, "blue": 2, "ur_sharkbf": 3, "Val": 4}}, {"id": 17363126, "category": {"id": 75, "name": "Life Hacks"}, "emotion": "Proud", "turns_number": 3, "dialogues": [[1511658, 0, "Be the art that no one understands", []], [491415, 2, "can it be bloody art", []], [1478373, 1, "Well I guess I am one then !", []]], "speakers": {"Dreamer": 0, "blue": 1, "# 𝐌𝐫𝐍𝐨𝐭𝐒𝐨𝐏𝐞𝐫𝐟𝐞𝐜𝐭": 2}}, {"id": 17363119, "category": {"id": 72, "name": "Anxiety"}, "emotion": "Supportive", "turns_number": 5, "dialogues": [[1511099, 0, "Will you take the vaccine for Could ? Which one Prize , astrazeneca or Modern ?", []], [1266040, 4, "I ll take whatever vaccine I can get my hands on . In my opinion , it is not really appropriate to be pick considering the limited resources we have .", []], [1510844, 3, "I got vaccinated with the Prize one a week ago", []], [1370953, 2, "I do not think you can choose ?", []], [579770, 1, "i ll take any of them but i do not think you can choose , but yeah if i could choose i would probably choose Prize", []]], "speakers": {"YourTherapist": 0, "ur_sharkbf": 1, "leo👾": 2, "✿Mia": 3, "🌻": 4}}, {"id": 17363118, "category": {"id": 63, "name": "My Story"}, "emotion": "Nostalgic", "turns_number": 3, "dialogues": [[1474336, 0, "Have you ever cried at night without let anyone knows?Yes , I did . Are you weak and emotional?Now I m strong and good enough to handle my emotions . Then why did that happened?To made me what am I today .", ["✌", "❤"]], [1453971, 1, "Beautiful , do check my last post , I left that before i leave", ["💗"]], [1293838, 1, "it is painful . dear", []]], "speakers": {"Nila Michael🌜🔥": 0, "User Banned": 1}}, {"id": 17363104, "category": {"id": 51, "name": "Helpful Tips"}, "emotion": "Inspired", "turns_number": 3, "dialogues": [[1507243, 0, "Have you tried a meditation ? IT was helpful for you or not ? Do you recommend this for People with anxiety / depression ?", []], [690654, 2, "it is helped me . you have to stick with it though", []], [675045, 1, "Yes especially with my anxiety during my childhood it helped d !", []]], "speakers": {"Alicja Burdzy": 0, "MindCavity": 1, "mitsuha": 2}}, {"id": 17363101, "category": {"id": 20, "name": "Others"}, "emotion": "Loving", "turns_number": 3, "dialogues": [[1468017, 0, "I am not sure how manifestation works but i am pretending to be her girlfriend so maybe we ll start dating hopefully pus", []], [1468997, 2, "her girlfriend?are you lesion ?", []], [1477088, 1, "I hope it works ( pretend harder )", ["🤞", "✨", "💥"]]], "speakers": {"taetae": 0, "ÒwÓ": 1, "☉🇵🇸": 2}}, {"id": 17363100, "category": {"id": 10, "name": "Friends"}, "emotion": "Meh", "turns_number": 3, "dialogues": [[0, 0, "I have a lot of online friends co I m shy of with social anxiety . I wish I can have more friends I can hang out with in person .", []], [341564, 2, "And I wish you could share how you are able to meet people online with Kick gone & way too many dating apes laugh out loud", []], [1472635, 1, "it is tough so tough", []]], "speakers": {"Anonymous": 0, "shadow_hawk": 1, "ex_hausted": 2}}, {"id": 17363096, "category": {"id": 7, "name": "Relationships"}, "emotion": "Confused", "turns_number": 3, "dialogues": [[0, 0, "I want to know why I want to break up with my boyfriend if I get pregnant . Commitment issues ? or something else ?", []], [1266040, 2, "Depends on whenever we talk about an unwanted pregnancy or not .", []], [1511123, 1, "That is totally normal , when pregnant you have so many emotions and mormons running around . You are scared and also you feel like your baby is yours and nobody else is . Howe have sit down and talk with your partner about your feelings . Otherwise they will build up and it will be one noticeable to your partner that something is wrong and this will cause cracks within the relationship", []]], "speakers": {"Anonymous": 0, "ur_sharkbf": 1, "ChloeeK": 2}}, {"id": 17363075, "category": {"id": 7, "name": "Relationships"}, "emotion": "Supportive", "turns_number": 3, "dialogues": [[1445255, 0, "By the way Can I get a study partner here?Really can not motivate myself", []], [1488703, 2, "Maybe we can help each other , I have motivation but why not work together", []], [569515, 1, "sure but we have known each other little to be a study partner", []]], "speakers": {"Does not exist": 0, "Angel in disguise": 1, "Barnaly": 2}}, {"id": 17363064, "category": {"id": 58, "name": "LGBT"}, "emotion": "Nothing", "turns_number": 3, "dialogues": [[1316649, 0, "when i see people whose response to trans people living their li have is to bombard them with suicide statistics , it reminds me that some people just do not i have a fuck how evil they are being", []], [1161656, 2, "I think some people who use those statistics are showing that living your life as a trans person is not any.better ?", []], [1496595, 1, "The statistics are because of the lack of support and acceptance but they ignore that part . I have tried myself , so I m one of the 40 % .", []]], "speakers": {"Peen Grenis": 0, "freddo": 1, "Cyprin": 2}}, {"id": 17363045, "category": {"id": 10, "name": "Friends"}, "emotion": "Lonely", "turns_number": 5, "dialogues": [[1367877, 0, "My best friends are all getting married . I m going to be king lonely soon .", []], [1370953, 4, "Same situation ! I m trying to widen my social circle but its hard", []], [1418881, 3, "should I leave my card here ? just in case you need a husband", []], [543544, 2, "laugh out loud . are not you the lucky one . do not feel so bad.soon you are friends are going to wish they could be as free as you .the grass is always greene", []], [1511396, 1, "Do not worry , I m here Do not worry , do not rush , someone good for you will come .", ["😅"]]], "speakers": {"xaxxa": 0, "✿Mia": 1, "Blackfeather": 2, "Quantum_Mechanic": 3, "Valk ツ": 4}}, {"id": 17363044, "category": {"id": 7, "name": "Relationships"}, "emotion": "Loved", "turns_number": 4, "dialogues": [[1511396, 0, "Hello everyone . Is it true that all women in all countries like it big ? But then when they see something like that they end up scared or they do not want anything anymore", ["🤦", "🏻"]], [1488703, 3, "The girl who loves you will love you for you not that", []], [1087927, 2, "wait what are you talking about ?", []], [1305616, 1, "Women are only attracted to other women . It is a fact .", []]], "speakers": {"Valk ツ": 0, "Angel in disguise": 1, "teacupps": 2, "🍬𝕂𝕚𝕞𝕞𝕚𝕔𝕠🍬": 3}}, {"id": 17363035, "category": {"id": 58, "name": "LGBT"}, "emotion": "Disgust", "turns_number": 6, "dialogues": [[1364170, 0, "now people have a transphobic flag now , y all taking it way too far", ["💀"]], [1360581, 5, "Is that the orange and black ?", []], [1419294, 4, "Laughing my arms off who started this weird shit ? other half are as nuts as you folks .", []], [1508878, 3, "its like the animesexual thing all over again but much worse", []], [675045, 2, "that is so mean :(", ["💀"]], [1496595, 1, "Hey , look at it this way : you now know who to avoid like the plague ( or like they just got diagnosed with could-19 but refuses to stay home and wo not wear a mask ) .", []]], "speakers": {"ghoststories": 0, "Kam": 1, "User Banned": 2, "felaern": 3, "mitsuha": 4, "Cyprin": 5}}, {"id": 17363030, "category": {"id": 7, "name": "Relationships"}, "emotion": "Exhausted", "turns_number": 4, "dialogues": [[1474772, 0, "Am I nothing toyouryour", []], [1501034, 3, "I asked once got no answer .then I became everything to myself", []], [367810, 2, "I mean I do not know you so that is a possibility . Serious though sorry you are going through that . Sucks feeling like you mean nothing to someone you care for", ["😞"]], [1511396, 1, "You are very important to me .", []]], "speakers": {"Arii 🌸": 0, "Marko": 1, "🌑Moonlight Bliss🌑": 2, "Valk ツ": 3}}, {"id": 17363026, "category": {"id": 50, "name": "Music"}, "emotion": "Nothing", "turns_number": 4, "dialogues": [[1428004, 0, "Satan Loves You And me of course", ["🖤"]], [491415, 3, "hey when I get there I m going to kill you and take what is mine", []], [1257431, 2, "get ready for the book club praying for you", ["🤣"]], [1253174, 1, "i know i m his far", []]], "speakers": {"Numb♑": 0, "blue": 1, "🪐Zarina🪐": 2, "⛓️CYB3RGRL⛓️": 3}}, {"id": 17363016, "category": {"id": 67, "name": "Self-Care"}, "emotion": "Supportive", "turns_number": 3, "dialogues": [[1080721, 0, "You will disappoint some people when you prioritize your self - care and it is totally fine , do not ever feel sorry for choosing yourself this time", ["🤗", "💛"]], [1349053, 2, "I hate it when pp try to make you feel guilty for it", []], [1507997, 1, "Can I please copy this?", ["👌", "🏼", "😍"]]], "speakers": {"B": 0, "Lain": 1, "Bianca ✨": 2}}, {"id": 17363008, "category": {"id": 7, "name": "Relationships"}, "emotion": "Relaxed", "turns_number": 3, "dialogues": [[1022849, 0, "imagine somebody dating ma ex in thinking they found somebody special", ["😂", "🥱", "👌"]], [934003, 2, "so why can not your ex be special to someone", []], [1501034, 1, "best post award goes toyouryour", ["😂", "🏆"]]], "speakers": {"ohanachrist": 0, "no.": 1, "Marko": 2}}, {"id": 17363006, "category": {"id": 63, "name": "My Story"}, "emotion": "Exhausted", "turns_number": 4, "dialogues": [[1245436, 0, "Someone come i do not know me please", []], [1161656, 3, "this is the wrong place there are no monsters here", []], [728874, 2, "let us go!and it wo not be i do not knowapping.let us get it going !", []], [1494644, 1, "ok , i will get my gang to do it for me", ["☹", "😉", "😊", "🤣"]]], "speakers": {"Missing Pieces": 0, "freddo": 1, "🇺🇸RobbyRockRobster🎸": 2, "°•soul :)☆": 3}}, {"id": 17362952, "category": {"id": 62, "name": "Mental Health"}, "emotion": null, "turns_number": 3, "dialogues": [[1509646, 0, "There is a solution to each and every problem I have right now but I just have no strength to do it . And I do not know what will make me strong . Deep inside I m all alone .", []], [1511667, 2, "same . i feel like i have no one", []], [1368328, 1, "Take baby steps . It is better to do one after another than all at the same time", []]], "speakers": {"piercetearzs": 0, "Newbie": 1, "Cookie": 2}}, {"id": 17362950, "category": {"id": 20, "name": "Others"}, "emotion": "Lonely", "turns_number": 3, "dialogues": [[771252, 0, "Fuck my life . Fuck you , More . fuck you false hopes . fuck you dreams for giving me those false hopes . fuck you , myself . fuck you , loneliness . Had .", []], [663341, 2, "Such . It seems like you are struggling with something serious . Look . I do not like seeing you not succeeding . This means I have even more lower hopes than you do . I hope some magic happens and we focus on something , we work for it carefully and rationally and we get it . I do not pray but i would pray for you . Hopefully something happens . Let us try to be strong .", []], [1506684, 1, "are you ok ? What happened ?", []]], "speakers": {"Phena the Kitty": 0, "Razor M": 1, "Ares": 2}}, {"id": 17362947, "category": {"id": 47, "name": "Health"}, "emotion": "Nostalgic", "turns_number": 5, "dialogues": [[1006928, 0, "I see another girl getting likes followers and compliments and I want that too so bad but will it matter after 5 years ? her beauty and her 10k followers and everyone worshipping her will that all matter after 5 year ? I do not get that so am I losing in life and she is winning ?", []], [1337376, 4, "you are winning definitely Friend.do not fall for this face social media thing .", []], [294766, 3, "what if we did not measure winning is life based on how pretty someone is just a thought", []], [771883, 2, "do not compare yourself to others it does not matter if it will matter in i have years or not you should focus on yourself now", []], [877299, 1, "Variation from strangers is not something you had want . Trust me . Aim for something better .", []]], "speakers": {"neha thapa": 0, "Mayur": 1, "𝐋𝐢𝐳✨": 2, "Jessie's Girl": 3, "ظاهر": 4}}, {"id": 17362933, "category": {"id": 11, "name": "Hopes"}, "emotion": "Hopeful", "turns_number": 4, "dialogues": [[1439521, 0, "anyone who is interest please do me", ["😪"]], [1507853, 3, "I am really trying to study / work for 12 to 15 hours", []], [1485576, 2, "i want too study .my exam are next month but i feel demotivated and not to do anything", []], [1511502, 1, "I m learning geometry and world geography at the moment", []]], "speakers": {"Sunshine ☀": 0, "🎖Mercurius": 1, "Shruuzz": 2, "Joe": 3}}, {"id": 17362837, "category": {"id": 62, "name": "Mental Health"}, "emotion": "Tired", "turns_number": 4, "dialogues": [[1361563, 0, "I always feel like a burden to those people who care about me . I know it is all in my head , but that thought is enough for me to start pushing people away .", []], [126481, 2, "You have to see the value in yourself", []], [1485576, 1, "i feel the same .", []], [1485576, 1, "i always feel that they deserve better than me", []]], "speakers": {"User Banned": 0, "RepGod Daily": 1, "Shruuzz": 2}}, {"id": 17362830, "category": {"id": 11, "name": "Hopes"}, "emotion": "Nostalgic", "turns_number": 3, "dialogues": [[1006928, 0, "let me share a thing I m a college girl and I m pretty like everyone says so but there is a girl in my college who is so pretty and she got mad famous on instagram and tikhon bc she is pretty , she gets 10s of comment is ; you are the prettiest person , you are eternal , you are angle , you are this you are that and I just feel bad I do not know why I keep reading those comments and make myself sad . What is happening to me I was never this insecure", []], [1010084, 2, "you should not compare yourself with other.you are special in your own way", ["😊"]], [1495593, 1, "you are best version of you", []]], "speakers": {"neha thapa": 0, "Mr.Fantastic 🇮🇳": 1, "Ra_Vee": 2}}, {"id": 17362828, "category": {"id": 75, "name": "Life Hacks"}, "emotion": "Nothing", "turns_number": 5, "dialogues": [[965312, 0, "reminder : if blocking , mutiny , unfriending , and following the person will help you , then do it . doing it does not automatically mean you hate the person . It is called self - preservation", []], [1107190, 4, "too extreme i ll think . you can probably just ignore and people will get the hint", []], [1294033, 3, "I have never understood why that is seen as a bad thing to block or follow ? Like , it just means you do not care and you are trying to move on .", []], [927099, 2, "100 % , this NEEDS to be normalized .", ["💯"]], [988686, 1, "True , but if you block me , you better damn keep me blocked . I do not like how people have a antrum and then block me and then come back a week later like nothing happened .", []]], "speakers": {"angevil": 0, "yhchewy": 1, "Sunny": 2, "youcan'thandlemyhonesty": 3, "Villain and Proud": 4}}, {"id": 17362820, "category": {"id": 10, "name": "Friends"}, "emotion": "Bored", "turns_number": 3, "dialogues": [[978489, 0, "If you ca not read this , you are ugly , sorry", []], [1059126, 2, "sight impaired pp are not your favorite ?", []], [1499549, 1, "what is this post saying ? I ca not see it for some reason", []]], "speakers": {"🧸breadcrumbs🧸": 0, "('-' )": 1, "socially awkward roebuck": 2}}, {"id": 17362813, "category": {"id": 20, "name": "Others"}, "emotion": "Hopeful", "turns_number": 6, "dialogues": [[976835, 0, "me too can we talk", []], [1473858, 5, "hum if you want to share so that you can have some ease !", []], [1501034, 4, "angels feel sad too ? un", []], [1510647, 3, "why are you sad ? i am here talk if you want", ["😃"]], [1493810, 2, "Welcome to talklife ! It is perfectly ok to feel sad sometimes . Looks like you have already got some awesome offers for support and a friendly chat should you want too .", ["🤗"]], [600277, 1, "some days do be like that . Do not worry bud", ["🤗"]]], "speakers": {"balvinder singh♈": 0, "Lifeless": 1, "Marko": 2, "SadgeAndKekw": 3, "LauraBee": 4, "star glazing": 5}}, {"id": 17362798, "category": {"id": 48, "name": "Work"}, "emotion": "Inspired", "turns_number": 5, "dialogues": [[1006928, 0, "I m a 18 years old girl so should I focus on my outer beauty or my career", []], [1475306, 4, "Focus on not getting distracted", []], [626681, 3, "career . your true outer body will happen as you continue your path in life", []], [725140, 2, "Take care of your physical health , lookout , eat health . Despite how important career is , we are humans , having a good physical health and fitness can improve our life considerably .", []], [1506498, 1, "career . get that bag and then you ll automatically get that go up", []]], "speakers": {"neha thapa": 0, "aman singh": 1, "whippet873": 2, "Cruel World": 3, "ananon": 4}}, {"id": 17362789, "category": {"id": 11, "name": "Hopes"}, "emotion": "Inspired", "turns_number": 3, "dialogues": [[1451845, 0, "Someone that sings and wants to make duets on tie to ? I want to start singing again", []], [1429016, 2, "I would but I can not think of myself doing that d", []], [1509388, 1, "I wish I can sing", []]], "speakers": {"Musa": 0, "hobbit": 1, "Toi": 2}}, {"id": 17362772, "category": {"id": 10, "name": "Friends"}, "emotion": "Supportive", "turns_number": 3, "dialogues": [[1008543, 0, "what aime do you like", []], [1314302, 2, "Ha and demon layer :) the first aime I watched was tomato nadeshiko", ["😁"]], [1443099, 1, "food wars . NOT for the fan service by the way", []]], "speakers": {"Toru": 0, "HarLey☠️❤️": 1, "Anton 🦝": 2}}, {"id": 17362746, "category": {"id": 58, "name": "LGBT"}, "emotion": "Loving", "turns_number": 3, "dialogues": [[1511654, 0, "i am so gay due", []], [1485631, 2, "* everyone liked that *", []], [1499549, 1, "Are you just gay or MEGAGAY", []]], "speakers": {"anonymous": 0, "Courage :3": 1, "socially awkward roebuck": 2}}, {"id": 17362733, "category": {"id": 74, "name": "Depression"}, "emotion": "Lonely", "turns_number": 5, "dialogues": [[1466007, 0, "can someone tell me something to feel better about not having friends . please ? i m not entirely enjoying my thoughts , feelings , and my mood .", []], [1107190, 4, "happy 3.8 day :) i do not have a free for more than 15 years and i am still living fine , maybe not fine in the eye of many . but ultimately its your own life", []], [812307, 3, "You do not have to explain , why you do not want to get out of bed , you do not have to feel bad for concealing plans , because you do not want to be social , you do not have to deal with other people problems . Being by yourself has its own benefits", []], [1506527, 2, "You can focus on yourself , you can do things you like , you do not feel overwhelmed by giving everybody attention , you do not own other people explanations , you are not involved in other people is problems and go on . But if you feel lonely and want to talk , you can talk to me", []], [1484869, 1, "let us be virtual friends :)", []]], "speakers": {"jamie": 0, "yhchewy": 1, "Shiru": 2, "Eric Silva": 3, "Hollow": 4}}, {"id": 17362706, "category": {"id": 48, "name": "Work"}, "emotion": "Anxious", "turns_number": 3, "dialogues": [[1356781, 0, "How do you deal with anxiety ?", []], [1484869, 3, "stop saying I m anxious , know yourself better", []], [1122318, 2, "i just listen to music", []]], "speakers": {"El Complicado": 0, "Hollow": 1, "👁️👄👁️": 2}}, {"id": 17362700, "category": {"id": 7, "name": "Relationships"}, "emotion": "Loved", "turns_number": 3, "dialogues": [[1508170, 0, "he blocked me again i am calling him he switched of his phone ab ka karp use pair pe girl You ka", []], [1498233, 2, "battery low ! i guess .", []], [1496129, 1, "pagan h ka be !", []]], "speakers": {"Newbie": 0, "Navn": 1, "I believe in heaven": 2}}, {"id": 17362685, "category": {"id": 20, "name": "Others"}, "emotion": "Amused", "turns_number": 3, "dialogues": [[1199484, 0, "Talklife is not ready for my witness is is", []], [537078, 2, "Putting in the  Wife  in talkwife", []], [913448, 1, "You have been on here 10 months the , plenty of preparation", []]], "speakers": {"ElfieCece": 0, "🇳🇱Robb L.": 1, "*Humanity*is*Demonic*": 2}}, {"id": 17362683, "category": {"id": 10, "name": "Friends"}, "emotion": "Meh", "turns_number": 3, "dialogues": [[1511625, 0, "I have been a bad friend lately and it is all because I do not feel like doing anything . One of my friends told me he was free last week and we should hang out and all I said was yeah sure and I never called or tested . I never was the one who made plans every day and stuff but now it got worse and I have no idea what to do about it . I just want to feel like myself again .", []], [1247861, 2, "I have yourself a break long enough to charge your emotional batteries . Do not force yourself to do stuff you do not want to . It is ok . Trust me . It ll be fine .", []], [1107190, 1, "well it just means that friend of yours does not matter", []]], "speakers": {"ImJustaGirl": 0, "Tearjerker": 1, "yhchewy": 2}}, {"id": 17362671, "category": {"id": 10, "name": "Friends"}, "emotion": "Confused", "turns_number": 3, "dialogues": [[0, 0, "Why is my best friend telling me how much money she has . That she is rich . Like what the actual f. Ok I do not have money and what now ?", []], [410192, 2, "Be proud of yourself . You are richer in personality and that is what matters ! ", ["❤"]], [1511012, 1, "she is not your best friend she is a show off ( in my opinion )", []]], "speakers": {"Anonymous": 0, "Marta": 1, "Ceren": 2}}, {"id": 17362654, "category": {"id": 62, "name": "Mental Health"}, "emotion": "Exhausted", "turns_number": 3, "dialogues": [[1361563, 0, "I do not reach out anymore because I know only I can help myself now .", []], [658263, 2, "that is the truth .", []], [1403569, 1, "In the end your all you have", []]], "speakers": {"User Banned": 0, "ɐpuᴉ⅂": 1, "Cinnamon :)": 2}}, {"id": 17362653, "category": {"id": 7, "name": "Relationships"}, "emotion": "Sad", "turns_number": 3, "dialogues": [[1333157, 0, "someone will love you , but someone is not me .", []], [1257431, 2, "laughing my arms off I did not expect that", ["😂"]], [879751, 1, "Will you check out my album the", ["😂", "❤"]]], "speakers": {"Thalia": 0, "🪐Zarina🪐": 1, "Jesse Elshof": 2}}, {"id": 17362651, "category": {"id": 7, "name": "Relationships"}, "emotion": "Caring", "turns_number": 5, "dialogues": [[256190, 0, "should i message my boyfriend first ? we have not spoken since last evening", []], [1332065, 4, "well do it do not show you are ego in love", ["🥺"]], [682976, 3, "that is not that longus message him if you want to", []], [1301478, 2, "Yes one text wo not hurt :)", []], [449581, 1, "I do not want to be mean but why does he have to text you first ? Think about how he feels when he is always the one testing you first . He probably will feel unwanted .", []]], "speakers": {"engimatic": 0, "hope♋": 1, "gluten-free anxiety": 2, "Agent 47": 3, "𝓢𝓪𝓫𝓸𝓽𝓪𝓰𝓮": 4}}, {"id": 17362646, "category": {"id": 61, "name": "Positive"}, "emotion": "Supportive", "turns_number": 3, "dialogues": [[1025130, 0, "Things are going to be better do not stop hoping for the best", ["🥺", "😁"]], [1081925, 2, "what if it wo not ? hahahahah f in the chat for me", []], [1403569, 1, "1 % hope with 99 % possibly of things never getting better", []]], "speakers": {"🌠Α ωisн": 0, "🇵🇸✨𝓕𝓪𝓬𝓮𝓵𝓮𝓼𝓼 𝓓𝓮𝓶𝓸𝓷✨🇵🇸": 1, "Cinnamon :)": 2}}, {"id": 17362637, "category": {"id": 20, "name": "Others"}, "emotion": "Bored", "turns_number": 3, "dialogues": [[771252, 0, "I wish I could be hypnotized , or hypnotics others .", []], [1174462, 2, "just lay me in a trans where I never have to wake up", []], [1147162, 1, "the power you would have", ["😳"]]], "speakers": {"Phena the Kitty": 0, "nightlights": 1, "leokee": 2}}, {"id": 17362626, "category": {"id": 7, "name": "Relationships"}, "emotion": "Down", "turns_number": 4, "dialogues": [[1403105, 0, "I invite you all to the wedding with me and my depression", ["🥀"]], [1493016, 3, "Same except a wedding with me and sadness then we got divorce then loneliness", []], [1511648, 2, "me and my post part depression would like to come", []], [736553, 1, "My depression would love a day out at you are wedding .", []]], "speakers": {"Sushiroll": 0, "David": 1, "Alexa Izikel": 2, "Terry 🏴󠁧󠁢󠁳󠁣󠁴󠁿": 3}}, {"id": 17362585, "category": {"id": 10, "name": "Friends"}, "emotion": "Amused", "turns_number": 4, "dialogues": [[1390145, 0, "Is it just me or does this banana look.different", []], [1226676, 3, "it looks like she is is is", ["😂"]], [663341, 2, "It has a fat belly .", []], [1485519, 1, "this Banana has a rough past", []]], "speakers": {"Maya 🛸": 0, "curly man": 1, "Razor M": 2, "Aayushii": 3}}, {"id": 17362584, "category": {"id": 20, "name": "Others"}, "emotion": "Meh", "turns_number": 3, "dialogues": [[1314302, 0, "I can not sleep at the same time bored laugh out loud . What is the best way to fell asleep ?", ["😅"]], [1271902, 2, "Listen to soft music .Talk with someone .Watch video on couture .Or do nothing just lay down and relax .", []], [459417, 1, "Study , then sleep will come to you from everyone welcomehere", []]], "speakers": {"HarLey☠️❤️": 0, "🅽🅸🅷🅰🅻": 1, "Mo": 2}}, {"id": 17362583, "category": {"id": 10, "name": "Friends"}, "emotion": "Caring", "turns_number": 3, "dialogues": [[1022849, 0, "for the pp who record their self crying . do y all start over if y all mess up", ["🤐"]], [927565, 2, "Top Ten Questions Science Can not Answer", []], [1418881, 1, "why would anyone record themselves crying ?", []]], "speakers": {"ohanachrist": 0, "Rick Astley": 1, "Blackfeather": 2}}, {"id": 17362578, "category": {"id": 20, "name": "Others"}, "emotion": "Tired", "turns_number": 3, "dialogues": [[0, 0, "I do not want to shower . It is so long task ; first take my clothes off , then wash my hair , clean my body , shave beard , then put clothes , then dry hair .", ["😥"]], [589546, 2, "you are in depression i guests a normal things to be lazy cause of that", []], [410192, 1, "I feel like you are depressed . I felt the same way many times - everything felt so heavy . Just take your time . But I promise you ll feel so much better after you do some self - care ", ["❤"]]], "speakers": {"Anonymous": 0, "SimpleGirl": 1, "Marta": 2}}, {"id": 17362558, "category": {"id": 47, "name": "Health"}, "emotion": "Hopeful", "turns_number": 4, "dialogues": [[1511640, 0, "I m homeless and it feels like I m having a heart attack right now my chest is burning and I have shortness of breath . I know it is not acid reflux or herd because I have taken Gascon and nothing is changed . has anyone else had this before where they can not breath and have a burning chest and can not sleep and just want to leave this world", []], [964466, 3, "homeless ? what happened toyouryour", []], [410192, 2, "It might be something to do with panic attacks or anxiety . I am sorry that you are homeless , I hope you have at least any group support around to help you", ["😔"]], [1312627, 1, "for music that touches the heart , check out on couture : a little lots flower - dove fly stormhttps:/m.couture.com / watch?v = sobs33n9nouuplifting classical music : http:/w.shenyun.com / symphony / hope the music helps", []]], "speakers": {"Lost Wolf": 0, "Jay": 1, "Marta": 2, "Righteous Force": 3}}, {"id": 17362527, "category": {"id": 20, "name": "Others"}, "emotion": "Heartbroken", "turns_number": 4, "dialogues": [[1510988, 0, "suggest me the saddest song you know , please :)", []], [1154453, 3, "On I have can not make you love me", []], [1506527, 2, "In english i guess is mad world", []], [1403515, 1, "it is a japanese song . my personal far . Akatsuki no required .", []]], "speakers": {"Adilla Najwa": 0, "dead inside": 1, "Eric Silva": 2, "Han": 3}}, {"id": 17362518, "category": {"id": 68, "name": "I Need Help"}, "emotion": "Nostalgic", "turns_number": 4, "dialogues": [[1511636, 0, "I am really introvert i do not really talk much that is why i do not have any friends with whom i can share stuff you know . I am not so close with my mother so i can not talk to her either and i have no father . I li have in a small apartment all alone . My mind is always filled with suicidal thoughts and i thought i should talk to someone about it . so here i am asking help from strangers on the internet", []], [809990, 3, "Feel free to do me . for sharing anything.dear", []], [1509218, 2, "hey , i am an introvert too . i know how you feel . can i chat with you personally , maybe i can help you", []], [1511630, 1, "i.m not talkative have person also i feel you", ["🙏"]]], "speakers": {"UPASAK UPADHYAY": 0, "User Banned": 1, "¹⁸": 2, "alesha": 3}}, {"id": 17362515, "category": {"id": 48, "name": "Work"}, "emotion": "Hopeful", "turns_number": 4, "dialogues": [[1257654, 0, "I do not like it when people ask me if I m free and then I put the work aside and then they just disappear!like it is not easy to concentrate on work . and I get easily distracted . you can not ask me of my time and just leave .", []], [615826, 2, "Are you free ? Or do i have to pay something ?", []], [1421206, 1, "I m sorry war .Please forge have me? Willyouryour", ["😪", "😢"]], [1421206, 1, "If you want , I can apologise on my wall too .", []]], "speakers": {"🙃LetMeHugYouBetter🙃": 0, "User Banned": 1, "𝐌 𝐑   𝐀 𝐋 𝐏 𝐇 𝐀   𝐓 𝐋   𝐂 𝐀 𝐏 𝐓 𝐀 𝐈 𝐍": 2}}, {"id": 17362464, "category": {"id": 7, "name": "Relationships"}, "emotion": "Heartbroken", "turns_number": 4, "dialogues": [[1402801, 0, "How do you balance between what you want and what you can have", []], [1271902, 3, "Simple , in relationships never think of what you can have .Always think of what you want & who loves you & wantsyouryour", []], [1477208, 2, "i want everything but can have nothing", []], [1496129, 1, "that is life , girl.you have to li have through it .", ["😊"]]], "speakers": {"Suffering💔": 0, "🅽🅸🅷🅰🅻": 1, "how many people?": 2, "I believe in heaven": 3}}, {"id": 17362452, "category": {"id": 10, "name": "Friends"}, "emotion": "Caring", "turns_number": 6, "dialogues": [[1510791, 0, "what is your plan for today ?", []], [1501034, 5, "take shower and get to work", []], [1484940, 4, "sleeping and by the way you are profile pick is so adorable", ["😴", "🥰"]], [1418881, 3, "to do whatever I feel like doing at the moment", []], [1202378, 2, "waiting till the physical pain of my heart , back , and shoulder gone then sleep", []], [1346892, 1, "Read more true crime books with piano music on the side", []]], "speakers": {"KG": 0, "Marko": 1, "Aseey♡❌": 2, "Blackfeather": 3, "Eh what?": 4, "Passionate_Addicted Poet Author/Poet": 5}}, {"id": 17362428, "category": {"id": 62, "name": "Mental Health"}, "emotion": "Anxious", "turns_number": 5, "dialogues": [[847327, 0, "Too much on my mind . I feel restless and anxious . Unable to focus and zero productivity . Well , almost zero . Not even sure if i m still sane or not . Territory your information news about the coup 24/7 inland feeling the intense atmosphere offer and frustration makes me . I do not know unbearable am really going crazy .", ["😣"]], [1511416, 4, "Similar thing is happening with me , what is helping me is have a proper routine and small goals . One by by things will get better", []], [1020393, 3, "Be strong , it ll pass", []], [1078381, 2, "The demon are back . And stronger than ever . They are looking for a fight . Looking to win . And this time . I might just let them .", []], [1511763, 1, "http:/youth.be / smhzevsjof8Joy Of Devotion . Motivation Spiritual Speech by Rev. Dwarkadas Ramrakhiani ( Canada ) ( In English Language)Must Watch Feel Blessed .", []]], "speakers": {"Leo": 0, "joe👩🏻‍💻⭐❤": 1, "Cautiously Optimistic 🇵🇸🇵🇸🇵🇸": 2, "Marshal Mather Sujan": 3, "DrDinesh Balach": 4}}, {"id": 17362421, "category": {"id": 71, "name": "Grief"}, "emotion": "Disgust", "turns_number": 3, "dialogues": [[489291, 0, "lock the door when you sleep", []], [983093, 2, "Hey stay strong were all here for you if you need us", []], [1511202, 1, "I am so sorry this happened to you . I commend you for actually wanting to do something about it . Please be careful when you do ! Also , I suggest angling the phone ( or device ) you are recording with , somewhere with enough light . Whoever did this is wrong and should be brought to justice.s . I believe you and I hope things turn out in your favor", ["💛"]]], "speakers": {"~Rick~": 0, "cal": 1, "Nani 🌺✨": 2}}, {"id": 17362380, "category": {"id": 10, "name": "Friends"}, "emotion": "Optimistic", "turns_number": 7, "dialogues": [[1452017, 0, "like if anyone has told you I love you  i ll never leave you  you are cut there is nobody else  I only want you  and lied .", []], [1507997, 6, "yes but bigger and better things have come for me", ["😊", "💜"]], [1372672, 5, "maybe those sentences are made in china", ["🤡"]], [328815, 4, "how are you doing ?", []], [1466499, 3, "what about  Trust me  ?", []], [1511693, 2, "yes this happened with me", ["😭"]], [1472563, 1, "my crush told you are cut ,", ["🥺", "🤕"]]], "speakers": {"sakshi": 0, "Bianca ✨": 1, "sofi": 2, "scorpion 🦂♏❤️": 3, "Abhii Chaudhari": 4, "Rishav Chopra": 5, "kar34": 6}}, {"id": 17362369, "category": {"id": 50, "name": "Music"}, "emotion": "Sad", "turns_number": 3, "dialogues": [[1511527, 0, "Where is my angel ?", []], [1415609, 2, "i am sick and tired of everything", []], [657138, 1, "What are you ? A was ?", []]], "speakers": {"Sarah 💟": 0, "jennie": 1, "Pillowpet": 2}}, {"id": 17362334, "category": {"id": 68, "name": "I Need Help"}, "emotion": "Supported", "turns_number": 5, "dialogues": [[1499135, 0, "what are some good things to do when you ca not sleep ?", []], [826994, 4, "talk to strangers have a boring conversation", []], [1368327, 3, "I try talking with people but they do not . talking is a good thing if you can not sleep", []], [1481880, 2, "Read your text book .", []], [1511630, 1, "working hard and then i get tired directly i.m going to fall sleep", []]], "speakers": {"Jas": 0, "raj": 1, "Rainbowofsomeone": 2, "A": 3, "alesha": 4}}, {"id": 17362268, "category": {"id": 62, "name": "Mental Health"}, "emotion": "Calm", "turns_number": 5, "dialogues": [[765549, 0, "Why can not our loneliness physically kill us ?", []], [1369649, 4, "because they came to teach us a lesson", []], [349954, 3, "Loneliness sometimes dry have us to physically kill ourselves .", []], [410192, 2, "It does not kill you but it affects you physically and emotional .", []], [1469048, 1, "It is an emotional feeling , but it is the worst and harmful feeling", ["😔"]]], "speakers": {"Dark Boy": 0, "Nana": 1, "ᴮᴵᴿᴰ": 2, "Marta": 3, "Astraea✨": 4}}, {"id": 17362235, "category": {"id": 7, "name": "Relationships"}, "emotion": "Confused", "turns_number": 4, "dialogues": [[1483084, 1, "I need someone to talk to everyday and someone to be happy with", []], [1454925, 5, "you are an idiot . end of", []], [1201552, 4, "have some self respect and do not txt", []], [1506871, 2, "Nap , My Be a Lost Cause My G.", []]], "speakers": {"Gideon": 0, "stings": 1, "King 👑": 2, "Sliick": 3}}, {"id": 17362191, "category": {"id": 74, "name": "Depression"}, "emotion": "Sad", "turns_number": 4, "dialogues": [[1351306, 0, "depression . i just want to die", []], [1501034, 3, "interesting , how would you do that ?", []], [1480286, 2, "nobody wants to lose you", []], [1481880, 1, "You better see a Jim Carry movie .", []]], "speakers": {"seojun": 0, "Marko": 1, "Arshu's Vibes": 2, "A": 3}}, {"id": 17362180, "category": {"id": 58, "name": "LGBT"}, "emotion": "Meh", "turns_number": 4, "dialogues": [[0, 0, "My mon : * not liking days*me : * being an gay*also me : * thinking what she will do if she finds out *", ["🤡"]], [1391608, 3, "She ll support you or be a ashamed about it . So take you are shot and see what will happen .", []], [1485631, 2, "just come out when you feel safe and ready to do that . do not put yourself in any dangerous situation . ok ? good luck :)", []], [1429927, 1, "I am an Indian , you can talk about this to me", []]], "speakers": {"Anonymous": 0, "Adam": 1, "Courage :3": 2, "Adinx": 3}}, {"id": 17362172, "category": {"id": 7, "name": "Relationships"}, "emotion": "Caring", "turns_number": 3, "dialogues": [[1511150, 0, "love is not about sex , care , loyalty , romance", []], [1270690, 2, "its bond of emotional and trust loyalty and understanding and carting un valuable bond on earth", []], [1202088, 1, "It is about taking care of someonehelping them in any way possiblemaking them feel that they are never alone and you are there for them whenever they need someone.love is doing everything for someone while expecting nothing in return .", []]], "speakers": {"Newbie": 0, "unknown origin": 1, "Asif": 2}}, {"id": 17362171, "category": {"id": 62, "name": "Mental Health"}, "emotion": "Sick", "turns_number": 3, "dialogues": [[445243, 0, "I have no will to li have . the world does not want me", []], [1233296, 2, "but surely there is some part and you should play it", []], [770734, 1, "the world wants you it is just maybe the people around you are not that daring.so stop thinking like that", []]], "speakers": {"Subhuman": 0, "Aamir Nakhwa #standwithpalestine 🇵🇸": 1, "Maxiii": 2}}, {"id": 17362136, "category": {"id": 15, "name": "Family"}, "emotion": "Confused", "turns_number": 7, "dialogues": [[0, 0, "Why do we celebrate husbands that clean for their i have to surprise her ? Like . its his house too ? It is normal to clean ?", []], [1465956, 6, "cooking and cleaning is a basic life skill not a gender role , I ll normalize this before getting married I can not be cooking and cleaning all day I ll get tired of married life in a week and want to stay alone and I m stubborn enough to want out", ["😐", "😂"]], [1178396, 5, "stop the last post I made is for you I am sorry I should not be laughing but I can not help it n Yes it is normal but if you like maybe make a cake for him or something he loves to eat will probably encourage him to do more shores .", ["😂", "😬", "🌺"]], [1503984, 4, "Husbands fixes the tap , husbands changes the oil in car and he works for a living . Even i have could do these things", ["😃"]], [1305616, 3, "It is her house too", []], [1469576, 2, "i have never agreed more on something", []], [1065874, 1, "Cleaning the whole house by themselves would be a surprise th , cut work is equally divided .", []]], "speakers": {"Anonymous": 0, "⠀": 1, "Sleepy Shawty💤": 2, "🗿": 3, "🍬𝕂𝕚𝕞𝕞𝕚𝕔𝕠🍬": 4, "Elise": 5, "Anamika": 6}}, {"id": 17362133, "category": {"id": 7, "name": "Relationships"}, "emotion": "Hopeful", "turns_number": 4, "dialogues": [[1503984, 0, "Why do some guns who are 20 + des girls who are below 18 asking if they are single and being nasty in their des ? is it that hard to control your mormons ?", ["😀"]], [1452059, 3, "You wo not understand it .", []], [1391608, 2, "Bc they watched a lot of simpson show .", []], [1202088, 1, "My guess would be because girls at that age are immature and will be easy target if they are planning on explaining and using them as a host for themselves .", []]], "speakers": {"🗿": 0, "TheGreatOne5000": 1, "Adam": 2, "Asif": 3}}, {"id": 17362110, "category": {"id": 7, "name": "Relationships"}, "emotion": "Heartbroken", "turns_number": 3, "dialogues": [[1510743, 1, "because may be you do not want to lose", []], [1510006, 3, "If you have always to apologize first means that many people do not likeyouryour", []], [1496129, 2, "It is because you care for your partner.you may be giving more to this relationship.you are afraid of losing him / her .", []]], "speakers": {"Adarsh": 0, "Daddy": 1, "I believe in heaven": 2}}, {"id": 17362096, "category": {"id": 61, "name": "Positive"}, "emotion": "Meh", "turns_number": 5, "dialogues": [[1194921, 0, "I m sick of dating apes i want my suitors to send me letters and then when I reply I ll sit by the window and watch the rain for a long time .", []], [1418733, 4, "wake up Satan , you are in a half dream half nightmare", []], [1239683, 3, "To display the true chivalry of my heart I ll be sending cannons through your window", []], [1307324, 2, "i will send you a letter", []], [1020770, 1, "you are to weird man", []]], "speakers": {"Satan": 0, "♡": 1, "Ishhhh": 2, "hera 🦢": 3, "Megan": 4}}, {"id": 17362092, "category": {"id": 63, "name": "My Story"}, "emotion": "Embarrassed", "turns_number": 3, "dialogues": [[684673, 0, "So embarrassing ! In room we were separated in groups , and I decided to ask a bit , but they heard my Latvia and offered me to talk in Russian instead . Ugh ugh ugh . EMBARRASSING ! And a little fully because three of them switched to Russian too and started to talk more ( I suppose they find it easier to talk in it too ) But EMBARRASSING !", ["🙈"]], [1226909, 2, "Interesting : o. Were they Russian or some Latvia pp are still better with Russian ?", []], [1282187, 1, "its not that bad . .", ["🙂"]]], "speakers": {"Kama2": 0, "Mehhhh": 1, "Jay": 2}}, {"id": 17362086, "category": {"id": 10, "name": "Friends"}, "emotion": "Confused", "turns_number": 3, "dialogues": [[1390145, 0, "Imagine going anonymous just to say offense have she . Say it with your chest home , that is coward behavior", ["😴"]], [1418881, 2, "home . he me . home he . * tubs my joint and walks off a cliff *", []], [1474441, 1, "Rolling on anonymous is fun", []]], "speakers": {"Maya 🛸": 0, "Blackfeather": 1, "Hank Moody": 2}}, {"id": 17362082, "category": {"id": 58, "name": "LGBT"}, "emotion": "Amused", "turns_number": 3, "dialogues": [[0, 0, "Wait  til the transphobes find out there are dozens of different combinations of X and Y chromosomes that are not limited to simple pairs that they learned in Junior High biology .", []], [1305616, 2, "They know some of the basis , but they have no idea about the complexities of sex and gender .", []], [754168, 1, "also , literally no one can know their chromosomal composition unless they get tested for it specifically so 99.9 % of humans will go throughout life not knowing what chromosomes they have for sure .", []]], "speakers": {"Anonymous": 0, "🍬𝕂𝕚𝕞𝕞𝕚𝕔𝕠🍬": 1, "Darcassian": 2}}, {"id": 17362072, "category": {"id": 72, "name": "Anxiety"}, "emotion": "Supported", "turns_number": 7, "dialogues": [[1499135, 0, "anyone with anxiety do y all get scared that something going to happen or is it just me", ["🥺"]], [1360028, 6, ":( I do not have anxiety but that sounds territory your information :( I hope you get to feel better <3", []], [1508433, 5, "Do me if you want to talk", []], [1511610, 4, "always . then I calm myself that it is all in my head and nothing going to going to", []], [579770, 3, "i usually think am going to die so yeah", []], [1508234, 2, "Always have the worst thoughts", []], [1223747, 1, "I li have in fear all the time laugh out loud", []]], "speakers": {"Jas": 0, "DZOA": 1, "Abbey Best": 2, "DiveEezy": 3, "🌻": 4, "Wessley van der Nest": 5, "𝔤𝔬𝔱𝔥☹𝔯𝔬𝔰𝔢": 6}}, {"id": 17362069, "category": {"id": 7, "name": "Relationships"}, "emotion": "Lonely", "turns_number": 3, "dialogues": [[1341515, 0, "does anyone want to be friends ?", []], [1510486, 2, "All the time i like to make friends :)", []], [1340119, 1, "Sure . What is up ?", []]], "speakers": {"Garth Blade": 0, "Alexandre lopes": 1, "SmashedChili0647": 2}}, {"id": 17362058, "category": {"id": 53, "name": "Education"}, "emotion": "Nostalgic", "turns_number": 6, "dialogues": [[1511614, 0, "I have board is within two months with zero preparation and my mother wanted me too score 98 percent , been the copper of my class all through my academic years but do not know what to do know .", []], [707844, 5, "Once a copper always a copper . A day before exam is all you need .", ["😉"]], [859698, 4, "laugh out loud the system we are a prey of", []], [819220, 3, "do those previous year books and you ll get good marks", []], [568664, 2, "hey would you like to talk about it", []], [265543, 1, "Ulm are you sure you are not prepared or you are just getting nervous ? I mean it happens with me too", []]], "speakers": {"Avani Sharma": 0, "Keviv✴️": 1, "Meo": 2, "🔥backfromhell🔥": 3, "animalpuppy83": 4, "love_me_like_I_do": 5}}, {"id": 17362055, "category": {"id": 10, "name": "Friends"}, "emotion": "Down", "turns_number": 4, "dialogues": [[0, 0, "I have no friends at all and I am already 27", []], [1360028, 3, "We can talk if you want *", []], [1322414, 2, "You are 72 now , sad to is is", []], [859698, 1, "what have you got on board", []]], "speakers": {"Anonymous": 0, "DZOA": 1, "🐆": 2, "Meo": 3}}, {"id": 17362026, "category": {"id": 65, "name": "Eating Disorders"}, "emotion": "Meh", "turns_number": 3, "dialogues": [[668648, 0, "TO : ED Putting a trigger warning just in case ( rather be safe than sorry ) Bought a scale , veto tea , been trying to eat once a day but since I m a failure that does not go well , I m also going to try and drink my gallon water bottle , and hopefully I have the motivation to clean my room today so I can start exercising . Yeah I m fine .", ["👌", "🏻"]], [667863, 2, "Ugh , can you go to a hospital ?", []], [697092, 1, "You know i am here for you be", []]], "speakers": {"Kenzie Bear": 0, "Serena24 I am fine": 1, "Dark Fury": 2}}, {"id": 17362014, "category": {"id": 67, "name": "Self-Care"}, "emotion": "Shocked", "turns_number": 10, "dialogues": [[0, 0, "Why do stupid people not realise they are stupid ?", []], [1443025, 9, "cut they are short and you are stupid", []], [636106, 8, "and who says they are stupid ?", []], [1271902, 7, "They are actually smart who makes others feel stupid .", []], [918016, 6, "laugh out loud then world would have been a little less frustration .", []], [1458663, 5, "intelligence can sometimes be subject have", []], [1081032, 4, "Do you think you are stupid ?", []], [1098821, 3, "Because of the Dunning - Ruler effect .", []], [658263, 2, "Sometimes , you just have to play the role of a fool to fool the fool who think they are foolingyouryour", []], [446095, 1, "Depends . some people are book smart and some people are street smart . That is just how life is . Could find an intelligent person with zero common sense . Could find an idiot who is a clever person", ["🤔"]]], "speakers": {"Anonymous": 0, "Betta Blood": 1, "Val": 2, "🅽🅸🅷🅰🅻": 3, "aqua rebel": 4, "snuggluffagus™": 5, "Jude": 6, "Puma (🎖️Jaat, edict of 👑 Sher)": 7, "ɐpuᴉ⅂": 8, "TboneSteak": 9}}, {"id": 17361996, "category": {"id": 7, "name": "Relationships"}, "emotion": "Annoyed", "turns_number": 4, "dialogues": [[1453910, 0, "He only wants you when he can not have you . So why do not you just i have him what he wants ?", []], [1496129, 3, "that is right . absolutely . I am that kind of person", ["😋"]], [1510486, 2, "She already i have what i want , and than i still want everyday more and more ;)", []], [658263, 1, "if you i have him what he wants then he gets bored of you easily . forbidden fruit is always the sweetest", ["😄"]]], "speakers": {"Charm": 0, "I believe in heaven": 1, "Alexandre lopes": 2, "ɐpuᴉ⅂": 3}}, {"id": 17361987, "category": {"id": 10, "name": "Friends"}, "emotion": "Positive", "turns_number": 3, "dialogues": [[1499481, 0, "people will always judge you , despise you , insult you , laugh at you no matter what you do . So do not listen to what they say just be silent and walk away . And show them that no matter what they do , they wo not tear you down but rather it will build you and become a strong person that they have never imagine .", []], [675844, 2, "I have been doing this for years now , I was always insulted and befitted but it is whatever I may have a certain quality they do not that they want and they take the choice to insult me about it", []], [972713, 1, "Yes amazing if I do not want to listen to people just grab headphones or airport put it on the highest volume . You wo not listen a thing and just jam", []]], "speakers": {"unwanted": 0, "Logan": 1, "turquoiselover": 2}}, {"id": 17361984, "category": {"id": 74, "name": "Depression"}, "emotion": "Down", "turns_number": 5, "dialogues": [[1060696, 0, "If you have ever seen a building that has been burned out , you know it is a devastating sight . What had once been a throbbing , vital structure is now deserted . Where there had once been activity , there are now only crumbling reminders of energy and life . Some bricks or concrete may be left ; some outline of windows . Indeed , the outer shell may seem almost intact . Only if you venture inside will you be struck by the full force of the desolation .", []], [1446915, 4, "but now it is also a clean canvas in which to do something great", []], [852514, 3, "destruction is a form of creation", []], [1403569, 2, "It is not devastating it was once a beautiful piece that got burned by someone slowly but surely", []], [1391055, 1, "This is a really powerful visualization , damn .", ["💕"]]], "speakers": {"☁Phantom☁": 0, "Jude Hoffman": 1, "Nico": 2, "Cinnamon :)": 3, "blissxful": 4}}, {"id": 17361977, "category": {"id": 7, "name": "Relationships"}, "emotion": "Loving", "turns_number": 3, "dialogues": [[1437214, 0, "I hope he misses me", ["😌"]], [1266918, 2, "he certainly misses your lips", ["😏"]], [1496129, 1, "after a year or so.u will be like.who cares .", ["😒"]]], "speakers": {"Crybaby 🪦🕯🔮": 0, "being real": 1, "I believe in heaven": 2}}, {"id": 17361962, "category": {"id": 7, "name": "Relationships"}, "emotion": "Inspired", "turns_number": 5, "dialogues": [[1511588, 0, "When last did someone tell you I LOVE YOU?Let us vice", ["😁"]], [1081925, 4, "damn , that is one hard question . Should I answer it ?", []], [1477208, 3, "i just told that to myself", []], [446095, 2, "I do not remember . and honestly I do not really care , I was never one who liked saying it to anyone anyone welcomes", ["🤔"]], [1506871, 1, "Just bout 5 min ago", []]], "speakers": {"Flora❤️❤️": 0, "🇵🇸✨𝓕𝓪𝓬𝓮𝓵𝓮𝓼𝓼 𝓓𝓮𝓶𝓸𝓷✨🇵🇸": 1, "how many people?": 2, "TboneSteak": 3, "Sliick": 4}}, {"id": 17361951, "category": {"id": 20, "name": "Others"}, "emotion": "Confused", "turns_number": 3, "dialogues": [[1507997, 0, "Can someone please tell me what the difference is between  supports you  and  is here for you  on my posts ?  ", ["🤷", "♀", "🤣"]], [1233296, 1, "I think that feature is gone now", []], [1233296, 1, "ulm then maybe those users did not updated the pp , as there was a support button for each post . here for you is when someone like your post", []]], "speakers": {"Bianca ✨": 0, "Aamir Nakhwa #standwithpalestine 🇵🇸": 1}}, {"id": 17361919, "category": {"id": 15, "name": "Family"}, "emotion": "Depressed", "turns_number": 4, "dialogues": [[1506265, 0, "my mon said she wanted me to die . and she wished me to go to hell . but it did not hurt cut it was not the first time :( but that is ok l know she loves me .", []], [1266392, 3, "his told me that few days ago", []], [1511614, 2, "same brow , you know in Indian family or I must say in brown families this is the most common line used by mothers", []], [1054137, 1, "Now what are her reasons for saying this ?", []]], "speakers": {"Nil Emgen": 0, "Daniel": 1, "Avani Sharma": 2, "catchmydreams": 3}}, {"id": 17361912, "category": {"id": 7, "name": "Relationships"}, "emotion": "Insecure", "turns_number": 3, "dialogues": [[0, 0, "I m insecure about my body , I can not imagine being in a relationship and just be fully comfortable showing the whole me", ["😔"]], [377524, 2, "god will do something good in your life , god has a plan for you . God loves you", []], [1028003, 1, "can you do me ?", []]], "speakers": {"Anonymous": 0, "unknow": 1, "kira": 2}}, {"id": 17361905, "category": {"id": 58, "name": "LGBT"}, "emotion": "Meh", "turns_number": 7, "dialogues": [[0, 0, "Why do days think that everybody is gay", []], [1510006, 6, "because single people think everyone is single", []], [754168, 5, "why do people assume everyone is straight at first ?", []], [1151324, 4, "i have only seen the opposite", ["🤔"]], [1483908, 3, "I have only seen the opposite too", []], [1098821, 2, "Why do straight think everyone is straight ?", []], [1496595, 1, "We do not . Straight people on the other hand assume everyone they meet is straight .", []]], "speakers": {"Anonymous": 0, "Daddy": 1, "Darcassian": 2, "LilPeachz": 3, "Moroccantea": 4, "Puma (🎖️Jaat, edict of 👑 Sher)": 5, "Cyprin": 6}}, {"id": 17361904, "category": {"id": 7, "name": "Relationships"}, "emotion": "Optimistic", "turns_number": 4, "dialogues": [[1507288, 0, "Everybody is trying to find a right person . But nobody tries to be the right person", ["😒"]], [928395, 3, "by . but . I m already there.still i can not find no one . just bidding", ["😔"]], [1490890, 2, "bc people more like to takes something rather than i have something", []], [1451469, 1, "I always remember a song that says : I wish I could be differentbut I m still growing into the one you can call your love", []]], "speakers": {"THERApissed": 0, "Kuala Kangsar": 1, "Hardy Wiranta": 2, "Diego Da'Vinci": 3}}, {"id": 17361899, "category": {"id": 74, "name": "Depression"}, "emotion": "Depressed", "turns_number": 3, "dialogues": [[1421593, 0, "i really do not feel well", []], [1489025, 2, "i am here to listen when you are low . i have it a shot , i am here", []], [377524, 1, "god will do something good in your life , god has a plan for you . God loves you", []]], "speakers": {"a is not for anxiety, its for adrien agraste": 0, "im_not_fredi": 1, "unknow": 2}}, {"id": 17361878, "category": {"id": 10, "name": "Friends"}, "emotion": "Annoyed", "turns_number": 3, "dialogues": [[1486848, 0, "Got shit on for posting about being suicidal but not opening up to people bc I do not trust them . Said I was doing it for attention . Fucking dumbasses outthere . No just feel safer posting then when speaking with someone bc of people like you who shit on me and hurt me . Also those who I open up to who force their version of help on me , or hurt me and all of which end up leaving me .", []], [1510106, 2, "why is there so much apathetic people on here :( anyone welcomes you do not owe them anything , go at your pace", []], [1312627, 1, "find life purpose , find your true inner self , improve mind and body , coming better with depressionthen you be at peace you like to know more ?", []]], "speakers": {"Mia B": 0, "lackadaisical": 1, "Righteous Force": 2}}, {"id": 17361859, "category": {"id": 7, "name": "Relationships"}, "emotion": "Chilled", "turns_number": 3, "dialogues": [[655781, 0, "I have seen debates on this so I just want to know people is opinion . If you and you significant other(who have been together for years ) had a child together and he / she cheat and have a child with someone else during that relationship would you take care of that child ?", []], [1270301, 2, "i have mostly seen women acting as single mothers while the guy just walks out", []], [1469576, 1, "the child did not do anything wrong and if he / she does not have a family then yes", []]], "speakers": {"Roh♡": 0, "Dipankar": 1, "Elise": 2}}, {"id": 17361848, "category": {"id": 10, "name": "Friends"}, "emotion": "Supportive", "turns_number": 4, "dialogues": [[1391628, 0, "Stop having relationship problems with people you are not in relationship with .", []], [689303, 3, "You are right . these things are learnt mostly after breakup .", []], [1465956, 2, "people really got time I i have up too easily", ["😪", "😭"]], [1475107, 1, "Here , you mean delusion daydreaming , need stuff I do that too . Its hard to stop the  ", ["🤓", "🤦", "♀"]]], "speakers": {"Abdul Ahad": 0, "Sun shine": 1, "⠀": 2, "siriiirii🖤김석진": 3}}, {"id": 17361845, "category": {"id": 20, "name": "Others"}, "emotion": "Inspired", "turns_number": 5, "dialogues": [[0, 0, "What is with females and lines copied from Instagram reported as TO posts ?", []], [937607, 4, "wish i could boost this post", []], [1167278, 3, "not just girls , i know goods too", []], [794264, 2, "it is more people than you think and it is not limited to one gender", []], [877299, 1, "Empty airheads that can not come up with original thoughts .", []]], "speakers": {"Anonymous": 0, "Dexter": 1, "atom•": 2, "depressive fruitcake🍍": 3, "ظاهر": 4}}, {"id": 17361829, "category": {"id": 7, "name": "Relationships"}, "emotion": "Loving", "turns_number": 4, "dialogues": [[1511555, 0, "How often do you and your partner laugh together ?", ["😀"]], [1343815, 3, "For that I need partner then I can tell you", ["🤣"]], [1492931, 2, "this question should be for those who have partners", []], [605960, 1, "We laugh a lot about everything and nothing", []]], "speakers": {"Scotch Bar": 0, "want more friends": 1, "Gem Stonez": 2, "•Death•note•": 3}}, {"id": 17361827, "category": {"id": 20, "name": "Others"}, "emotion": "Amused", "turns_number": 3, "dialogues": [[1487292, 0, "I hope the combine apocalypse thing is truths world can burn", ["😂"]], [1472563, 2, "first my mon should burn", ["😂"]], [707787, 1, "it is the people who are having the vaccine will turn to hobbies", []]], "speakers": {"Ava": 0, "kar34": 1, "🎻📏": 2}}, {"id": 17361825, "category": {"id": 75, "name": "Life Hacks"}, "emotion": "Inspired", "turns_number": 3, "dialogues": [[1502935, 0, "If it is negative have - it is not for you", []], [1082079, 2, "Unless you are a negative have person", []], [1458663, 1, "I will say this to my maths teacher", []]], "speakers": {"Aimee🦋💕": 0, "Silva": 1, "snuggluffagus™": 2}}, {"id": 17361808, "category": {"id": 7, "name": "Relationships"}, "emotion": "Loving", "turns_number": 3, "dialogues": [[1511588, 0, "being lonely can cause many things", []], [1266918, 2, "one of them is crowd do not make you surrounded", []], [1510100, 1, "very true . actually its annoying .", []]], "speakers": {"Flora❤️❤️": 0, "being real": 1, "$ùńńÝ": 2}}, {"id": 17361806, "category": {"id": 52, "name": "Parenting"}, "emotion": "Amused", "turns_number": 3, "dialogues": [[1507997, 0, "why do people feel the need to judge me for being a single sum ? It is better for my daughter to have a relationship with both her parents who love her very much and are not together and civil than for us to be together raising her unhappily in a relationship . Bye now .", []], [860350, 2, "I totally get you on that has a single dad of two that why I separated for my boys . and has a single dad with them both 90,%of the time I totally get it and I m sorry", []], [1493810, 1, "Every family have the right to do what is best for them - whether that family is separated or not . Continue doing what makes you and your children happy", ["🤗"]]], "speakers": {"Bianca ✨": 0, "Jacob K82": 1, "LauraBee": 2}}, {"id": 17361767, "category": {"id": 47, "name": "Health"}, "emotion": "Chilled", "turns_number": 17, "dialogues": [[276570, 0, "I sleep throughout out the night . and toss and turn . or I wake up 1 - 3 times a night", []], [707787, 16, "mostly but sometimes it is a", ["💙", "💜"]], [1373085, 15, "I m a deep sleeper usually . sometimes when I fall asleep thinking about something I m bound to wake up a few times in between but overall I can sleep anyone welcomehere , daytime , any amount like a baby", []], [1313240, 14, "last night maybe 5 - 7 times . it was raining and I drank water a lot . so I need toilet", ["😶"]], [246304, 13, "but mainly because of my kiss", ["💙", "🤪"]], [1394701, 12, "Sometimes it is  but also it depends", ["💙", "❤", "💜"]], [1490705, 11, "But I slept to - 5 hours in the last two months .", ["💚", "🖤"]], [1004466, 10, ", but sometimes it can be", ["💚", "💜"]], [1386904, 9, "its and nightmare suck laugh out loud", ["💙"]], [1009820, 8, "I sleep late , like 12 to 1 am onwards , depending on the situation . If I m feeling anxious or depressed then i would sleep at a later time", []], [779397, 7, "there should be a - I stay up late till I fall asleep like a cracked up baby", ["🤍", "🖤", "🤣"]], [1410221, 6, "I can not sleep insomnia", []], [736553, 5, "I see pp can not read and i have full messages instead of hearts , dyslexia is serious .", ["🤣"]], [703995, 4, "Check your smart watches people", ["👌", "🏻"]], [760764, 3, "Ever since I bought a weighted blanket , I do not usually wake up anymore , and I reach the deep sleep to feel quite well rested", []], [1511763, 2, "http:/youth.be / smhzevsjof8Joy Of Devotion . Motivation Spiritual Speech by Rev. Dwarkadas Ramrakhiani ( Canada ) ( In English Language)Must Watch Feel Blessed .", []], [600214, 1, "sometimes but mostly and on a bad night ", ["💚", "💜", "❤"]]], "speakers": {"bobbiekins ": 0, "🎻📏": 1, "Hedwig🌺": 2, "Katatouille": 3, "Jen_D": 4, "Shy Sky": 5, "Rei": 6, "deimantux 2": 7, "Cletus Kasady Is Kira HaHaHaHa": 8, "hidden": 9, "smxstreet ✌️": 10, "bevda killer": 11, "Terry 🏴󠁧󠁢󠁳󠁣󠁴󠁿": 12, "Replicant": 13, "Dessie 🏳️‍🌈": 14, "DrDinesh Balach": 15, "morticia": 16}}, {"id": 17361766, "category": {"id": 10, "name": "Friends"}, "emotion": "Supportive", "turns_number": 9, "dialogues": [[1288235, 0, "If you is not making a mess , you is not doing it right", ["😉"]], [707787, 8, "unfortunately I always make a mess cooking", ["🤭"]], [1359648, 7, "That is why i am Always right", []], [1147973, 6, "so lets mess things up here", ["🤣", "🤑", "🤗"]], [951853, 5, "My life is mess , I guess I m doing it perfectly right", ["😒"]], [1154858, 4, "oh lots of mess , and it still continues", ["🤣"]], [1384787, 3, "yea if you r not doing any mistakes it means you r not doing anything new", ["👏"]], [1333781, 2, "Let me mess your brain , course I am doing this right !", ["😇"]], [1295250, 1, "who is the kid in you are gallery", []]], "speakers": {"Jen": 0, "🎻📏": 1, "Lickweed 🍸": 2, "CoDeMikO_Forever😎": 3, "νιℓℓαηєℓℓє": 4, "Deep": 5, "◇ VB": 6, "OrpheusPooh": 7, "La♡Luna": 8}}]