[{"id": 17192303, "category": {"id": 20, "name": "Others"}, "emotion": "Jolly", "turns_number": 3, "dialogues": [[0, 0, "What is love according toyouryour", []], [1497869, 2, "acceptance of everything that society manners denied you identity of", []], [1465956, 1, "Brainwashing tool unless it is from your shillings and parents", []]], "speakers": {"Anonymous": 0, "LoveMeLoveMe": 1, "⠀": 2}}, {"id": 17192294, "category": {"id": 10, "name": "Friends"}, "emotion": "Supportive", "turns_number": 3, "dialogues": [[1331312, 0, "Good Morning I hope everyone has a wonderful day !", ["🧡"]], [1478168, 2, "good morning I hope you have a good day", ["😀"]], [1398530, 1, "I m having a terrible one . But i appreciate it greatly .", []]], "speakers": {"Moria": 0, "Emilee": 1, "Mua": 2}}, {"id": 17192283, "category": {"id": 7, "name": "Relationships"}, "emotion": "Nothing", "turns_number": 4, "dialogues": [[1492246, 0, "to let go or hold on is the question", []], [1498685, 3, "Depends on how toxic the relation is or the person is , if you know its just gone hurt again , let go !", []], [151096, 2, "if you have to ask this question.you better let go  ", ["🤷", "♂"]], [1496129, 1, "always let go , they return 100 % of the times .", []]], "speakers": {"winnie": 0, "NOSTRADAMUS💫": 1, "Gluttony": 2, "I believe in heaven": 3}}, {"id": 17192272, "category": {"id": 10, "name": "Friends"}, "emotion": "Chilled", "turns_number": 13, "dialogues": [[1314958, 0, "Roast me as good as you can . Come on i have me your best .", []], [1484972, 8, "for eyes laugh out loud I m so cut and hilarious I just can not", ["😄", "😆"]], [1469048, 7, "hum . you are not cut", ["😶"]], [1035213, 6, "you are the type to wash his hands after a shower :)", []], [1035213, 6, "you are the kind of person who reminded the teacher to assign homework .", []], [1035213, 6, "you have the personality of a dried asparagus .", []], [1035213, 6, "I m not saying that I hate you , but I would plug your life support to charge my phone .", []], [1239683, 5, "I ll use old ones , you directly go to spasm after smiling someone", []], [1239683, 5, "You are so boring when you talk for 1min pp start relating to 10 hour loops on couture", []], [1364170, 4, "up I do not knowwhy your face look like chicken little got railed with a moved", []], [1488847, 3, "You look like an immigrant that has walked thousands of miles for a better life but you ended up as a basic fuck boy with no fashion sense who laughs at simple things like  69  and  attack helicopter  . You li have by your parents bank and jack off to minor", []], [583170, 2, "your knuckles are not knuckle - y enough", []], [1352533, 1, "You look like shit ( sorry I do not know how to roast people )", ["😂"]]], "speakers": {"Who's Luis?": 0, "hanan": 1, "Astraea ✨": 2, "‎": 3, "ishhhhh": 4, "ghoststories": 5, "goosebumps": 6, "Ok Computer": 7, "Anonymous": 8}}, {"id": 17192249, "category": {"id": 20, "name": "Others"}, "emotion": "Nothing", "turns_number": 3, "dialogues": [[1501401, 0, "Humans are worse than animals and bacteria . They deserve all the internal and external malice that erodes their entire being .", []], [856117, 2, "Bacteria is actually very important", []], [1202378, 1, "We are becoming like this to sure have man", []]], "speakers": {"User Banned": 0, "sunflower": 1, "Eh what?": 2}}, {"id": 17192239, "category": {"id": 20, "name": "Others"}, "emotion": "Meh", "turns_number": 5, "dialogues": [[1500037, 0, "How about this . instead of following every other person on this pp , you only follow pp that follow you or you actually interested with ?", []], [1194921, 4, "How about this . not your concern . mind your business ?", []], [1378705, 3, "Just let people follow whoever they want", []], [1396504, 2, "and what is wrong with following all ?", []], [1209305, 1, "I interact with nobody laugh out loud", []]], "speakers": {"User Banned": 0, "Satan": 1, "White Wing": 2, "✨👑Anna👑✨": 3, "pink.water.bottle": 4}}, {"id": 17192227, "category": {"id": 53, "name": "Education"}, "emotion": "Exhausted", "turns_number": 3, "dialogues": [[1400151, 0, "My school works and activities deadline are all on Saturday and I have not even answer and done least one . My unmotivated self has no energy and determination to do it .", []], [1481494, 2, "favourite playlist and start doing it , in no time you will finish it", []], [1522872, 1, "i know you can do it .", []]], "speakers": {"Chin": 0, "Maria Sol솔 👩‍💻🌎🚺": 1, "sadcat": 2}}, {"id": 17192216, "category": {"id": 62, "name": "Mental Health"}, "emotion": "Down", "turns_number": 3, "dialogues": [[935879, 0, "Just feeling really low at the moment . No motivation to do anything . I can not even bring myself to lookout which makes me feel even worse . It is just one of those days I guess . Hopefully I can get out of this rut soon .", []], [1369210, 2, "I feel like this all the time .", ["😕"]], [626922, 1, "I feel exactly like this today too.maybe its in the air today", []]], "speakers": {"W": 0, "DreamLife27": 1, "realeyes": 2}}, {"id": 17192208, "category": {"id": 7, "name": "Relationships"}, "emotion": "Loved", "turns_number": 3, "dialogues": [[1496239, 0, "someone faced to be my girlfriend for last two hours with a face profile and now they blocked me", []], [1440209, 2, "It is not new . It happens a lot on this pp . Welcome to talklife .", ["😂"]], [1484972, 1, "oh my god what I thought you said two years", []]], "speakers": {"Young Vibes": 0, "User Banned": 1, "hanan": 2}}, {"id": 17192163, "category": {"id": 20, "name": "Others"}, "emotion": "Jolly", "turns_number": 3, "dialogues": [[1490155, 0, "one thing I enjoy doing is separating women is fight.do not ask me why because that is the only moment you can hold any part of their body without complaining", ["🤪"]], [1497869, 2, "now , thanks for announcing that your a creep", []], [921077, 1, "there is so much wrong with this , I hope you know that", []]], "speakers": {"Addai Wilfred": 0, "LoveMeLoveMe": 1, "Melanie": 2}}, {"id": 17192162, "category": {"id": 20, "name": "Others"}, "emotion": "Confused", "turns_number": 3, "dialogues": [[1498685, 0, "Now!females out here are really really cold hearted , they come for small chat and when you tell them the actual reason for being here , they palm it off as nonsense and than just walk away , i mean what is the deal with such females out here ?", []], [541914, 2, "what is your actual reason for talking ?", []], [1360028, 1, "Some can be cold hearted , but there is also many guns who gave them reasons to be the way they are", ["😅"]]], "speakers": {"NOSTRADAMUS💫": 0, "Layla X GunSenpai": 1, "DZOA": 2}}, {"id": 17192159, "category": {"id": 7, "name": "Relationships"}, "emotion": "Insecure", "turns_number": 3, "dialogues": [[1094643, 0, "It hurts to know you are unwanted by one of you are best friends . But I feel bad for being here when she does not want me here", []], [1498685, 2, "I feel you , but if you are unwanted , walk away !", []], [1495010, 1, "i am unwanted by my parents n i am fine , i am ali have n there is so many things that i can be dreadful for from them not being around me", []]], "speakers": {"Litlewaffle": 0, "NOSTRADAMUS💫": 1, "boom💥": 2}}, {"id": 17192154, "category": {"id": 7, "name": "Relationships"}, "emotion": "Inadequate", "turns_number": 3, "dialogues": [[1276116, 0, "I thought different is good but feels like most people want people that are superficial . Maybe if I was just like everyone else i would be loved . Depression sucks .", []], [1421804, 2, "those are literally the words I say to describe myself , you are not alone there laugh out loud", []], [151096, 1, "i get that but different is good.and sure some people would want someone for purely superficial reasons but there are also people who had like you for you.and let us be real superficial shit do not last long  ", ["🤷", "♂"]]], "speakers": {"lovingbuthurtinginside": 0, "Ali Ridha": 1, "Gluttony": 2}}, {"id": 17192136, "category": {"id": 10, "name": "Friends"}, "emotion": "Meh", "turns_number": 3, "dialogues": [[1364170, 0, "Black history month is almost over and none of my white friend is sent me 100,0 dollars yet that is a hate crime in itself .", ["🙄", "🤚", "🏿"]], [1035358, 2, "laugh out loud outcome wo not like this post .", ["😂"]], [1293258, 1, "why you guns need a whole month", []]], "speakers": {"ghoststories": 0, "Phoque": 1, "recovering bully": 2}}, {"id": 17192116, "category": {"id": 68, "name": "I Need Help"}, "emotion": "Sad", "turns_number": 3, "dialogues": [[1271054, 0, "what career should i choose how can i earn money", []], [1159991, 2, "it is up to your interest", []], [1495362, 1, "it is ok to not have it figured out yet or maybe you never will . that is ok too . focus on finding a job that will support you and in your free time , do things and discover what you like .", []]], "speakers": {"Muski": 0, "i sing": 1, "Tuk": 2}}, {"id": 17192108, "category": {"id": 20, "name": "Others"}, "emotion": "Positive", "turns_number": 3, "dialogues": [[1251334, 0, "All do not understand how much I value just laying in my bed doing nothing , and sleeping . My bed is truly my happy place", ["✨"]], [1308984, 2, "i am the exact same when it come to my bed", ["😎"]], [1401359, 1, "it is my soulmate.the only one who knows what I want.the only one that keeps it is arms open for me all the time.my one true love .", ["😍"]]], "speakers": {"Elisa": 0, "that guy luke🇬🇧": 1, "Friendly Bubblegum": 2}}, {"id": 17192106, "category": {"id": 7, "name": "Relationships"}, "emotion": null, "turns_number": 3, "dialogues": [[0, 0, "I am an extremely open minded person . That is something most do not like or are not used to . So I try to not care but it does kill me inside because I know I am so much more and I can not share it with anyone on the same level .", []], [1401359, 2, "You are open minded in what what is", []], [151096, 1, "I so get you ! someone once broken with me saying I is not possess have enough", ["😂"]]], "speakers": {"Anonymous": 0, "Friendly Bubblegum": 1, "Gluttony": 2}}, {"id": 17192103, "category": {"id": 7, "name": "Relationships"}, "emotion": "Supportive", "turns_number": 4, "dialogues": [[1501799, 0, "Should we all be happy ?", []], [807565, 3, "Ulm yes if our happiness is born out of goodness and good deeds", []], [1501423, 2, "no , sometimes it is ok to be sad .", []], [1501816, 1, "only if it comes from something good and without harm", []]], "speakers": {"slim520": 0, "Kitten philosopher": 1, "Maina Bonney": 2, "Ano Nymous": 3}}, {"id": 17192097, "category": {"id": 20, "name": "Others"}, "emotion": "Anxious", "turns_number": 3, "dialogues": [[1288778, 0, "Sometimes I think life would be much easier if everything was black and white .", []], [728874, 2, "sort of like how the animals see things .", []], [1501911, 1, "what makes you think that world is a better place if everyone reveals everything", []]], "speakers": {"darkhippy15": 0, "🇺🇸RobbyRockRobster🎸": 1, "Pradeep Prabhu": 2}}, {"id": 17192080, "category": {"id": 50, "name": "Music"}, "emotion": "Chilled", "turns_number": 8, "dialogues": [[1347050, 0, "the waves - want hung", []], [1481494, 7, "any i haven days - savior", []], [1477208, 6, "Volbeat - Still Countinghttps:/youth.be / axhjp85UNTIL", []], [712880, 5, "castle on the hill by ed sherman", []], [308050, 4, "Come join the murder by the white buffalo", []], [1470779, 3, "daydreams in blue by I monster", []], [1329951, 2, "Somewhere Out There by James Ingram", []], [1485283, 1, "The cinematic orchestra- build a home ( slowed and revert ) . it is really nice , check it out .", []]], "speakers": {"Jack Hughes": 0, "Maria Sol솔 👩‍💻🌎🚺": 1, "how many people?": 2, "Faust": 3, "Anarchy": 4, "linpesto": 5, "Somewhere out there..🙇‍♀🌎☄": 6, "<3": 7}}, {"id": 17192076, "category": {"id": 10, "name": "Friends"}, "emotion": "Supportive", "turns_number": 3, "dialogues": [[720427, 0, "Comments here I will i have you nickname", []], [602367, 2, "Let is see how accurate and create have you will be", []], [1458663, 1, "* presses sending machine button *", []]], "speakers": {"Ckay-Boyfriend": 0, "Eternal Sunshine🥀": 1, "snuggluffagus™": 2}}, {"id": 17192063, "category": {"id": 11, "name": "Hopes"}, "emotion": "Loving", "turns_number": 3, "dialogues": [[1374629, 0, "I want to stop feeling lonely please . This feeling is is", []], [1501162, 2, "God is always with you or your guardian angel Have an amazing day", ["😇", "🙏", "✨", "❤", "💛"]], [1499387, 1, "let us see what we can do .", ["🤔"]]], "speakers": {"Spinach Eater": 0, "ABM": 1, "The Vibrant Indian": 2}}, {"id": 17192053, "category": {"id": 20, "name": "Others"}, "emotion": "Meh", "turns_number": 3, "dialogues": [[1500037, 0, "Observed behavior . Accounts with more following than followers tend to follow mostly females . is not that suspicious", []], [1501338, 2, "I read your posts about this and all i can say you it is like that people try to make this platform like Instagram , trying to be famous or something like that . it is ironic because we came here to forget that socialmedia bullshit", []], [801164, 1, "Not really . If a female tends to follow more males , is that suspicious ?", []]], "speakers": {"User Banned": 0, "Natalia": 1, "Silent Knight": 2}}, {"id": 17192050, "category": {"id": 20, "name": "Others"}, "emotion": "Sad", "turns_number": 3, "dialogues": [[0, 0, "Think I might start cutting again .", []], [1495010, 2, "I do not know how to face some people like you , like y all he you are own will to do or not doing it , well actually i do not know how to face myself too , n now that i am talking to you , i am talking w myself too :)", []], [1420108, 1, "People like you * do * get saved", []]], "speakers": {"Anonymous": 0, "boom💥": 1, "User Suspended": 2}}, {"id": 17192017, "category": {"id": 47, "name": "Health"}, "emotion": "Anxious", "turns_number": 4, "dialogues": [[455673, 0, "Surgery day . Extremely anxious .", []], [1167278, 3, "all the best you got this !", ["🤞"]], [1401359, 2, "do man.everything is going to be well.go inside with confidence and do not u dare i have up on anything", []], [1294576, 1, "it is going to be worth it after a month or two you ll realize you are glad you got it done with because it is worth it!speaking from experience", []]], "speakers": {"Lost Boy": 0, "atom•": 1, "Friendly Bubblegum": 2, "Shab3ady": 3}}, {"id": 17192010, "category": {"id": 15, "name": "Family"}, "emotion": "Sick", "turns_number": 6, "dialogues": [[1414475, 0, "You got every fucking right to turn him in for this . This is no way acceptable , and is a serious crime . Say you had to go through this . Be strong .", []], [602367, 5, "How about your father reaction He did nothing about that", []], [1035358, 4, "oh my fucking adjust run away somewhere . li have by yourself . or with your friends . that is so disgusting . i really feel sad for you . that too a police man doing this . we", []], [1501235, 3, "I am sorry that you li have in an insensitive have family . hope you have the strength to sure have . be strong", ["💪"]], [1481369, 2, "Even your dad did not react ? if so , you do not want to love you are uncle ! You do have self - respect! sorry for that , stay strong !", ["🍁"]], [512479, 1, "I m so sorry that this happened to you . He needs to be held accountable for his actions drinking problem or not . You are a good person that deserves to be treated respectfully .", []]], "speakers": {"Thewannabe": 0, "Eternal Sunshine🥀": 1, "Phoque": 2, "Hermit Bug": 3, "Sai 🖤": 4, "CursedJinx_7": 5}}, {"id": 17192006, "category": {"id": 10, "name": "Friends"}, "emotion": "Hopeful", "turns_number": 9, "dialogues": [[1501792, 0, "Looking for a friend . We can talk about anything , share music , metes , and help each out . If you are lonely or just want to talk about something  i am here .", []], [1501081, 7, "Hey I am very very lonely too", []], [1301887, 6, "That is sounds cool but you on na probably stop reply after a couple days", []], [1498685, 5, "Sure , sounds like a good idea !", []], [906264, 4, "You will find many here so do not worry", []], [1386904, 3, "What is up V I notch", ["😎"]], [1245598, 1, "You want to talk to me ?", []], [834851, 2, "is this tried i finally can find friend here", []], [1245598, 1, "and If you want a superheart you can comment on my recent post I will i have you superheart later", []]], "speakers": {"V": 0, "Black Paradox": 1, "Roy ♊️☯️": 2, "NOSTRADAMUS💫": 3, "Arfan": 4, "Cletus Kasady Is Kira HaHaHaHa": 5, "(SBP)": 6, "YOES": 7}}, {"id": 17192002, "category": {"id": 7, "name": "Relationships"}, "emotion": "Heartbroken", "turns_number": 3, "dialogues": [[890310, 0, "I want to i have birth to a baby very badly but I feel like a baby giving machine without getting love and concern from my in_laws as well as my husband . I do not feel that importance to them", ["😭"]], [1370953, 2, "Why do not you feel important to your own husband ?", []], [1496333, 1, "you are important for you are baby", []]], "speakers": {"bowsy lady": 0, "✿Mia": 1, "dragon": 2}}, {"id": 17191999, "category": {"id": 10, "name": "Friends"}, "emotion": "Confused", "turns_number": 3, "dialogues": [[0, 0, "what is in your basement", ["👀"]], [1366941, 2, "I do not have one", []], [1458663, 1, "help I m in someone is basement", []]], "speakers": {"Anonymous": 0, "The Waves🌊🌊🌊": 1, "snuggluffagus™": 2}}, {"id": 17191991, "category": {"id": 74, "name": "Depression"}, "emotion": "Down", "turns_number": 3, "dialogues": [[1103102, 0, "I m not the best but I m trying my best and I m tired", ["😶"]], [1390553, 2, "You are the best co you are trying .", ["👍", "💯", "☺"]], [1373085, 1, "you are good enough !", ["❤"]]], "speakers": {"🌸Lyna💜🌸🇵🇸": 0, "𝓨𝓮𝓵𝓵𝓸𝔀⛅𝓢𝓾𝓷𝓼𝓱𝓲𝓷𝓮": 1, "Hedwig🌺": 2}}, {"id": 17191953, "category": {"id": 7, "name": "Relationships"}, "emotion": "Confused", "turns_number": 3, "dialogues": [[0, 0, "On the one day I want to dump my boyfriend because I m so unhappy with the relationship and the other day it is just . Ok?What the fuck is wrong with me ? I m so confused . It is been like this for over a year now", []], [1357533, 2, "why wait to end toxicity ? do it now .", []], [1394483, 1, "You i polar Just asking", []]], "speakers": {"Anonymous": 0, "n͓̽e͓̽x͓̽a͓̽": 1, "cruzer": 2}}, {"id": 17191902, "category": {"id": 50, "name": "Music"}, "emotion": "Sad", "turns_number": 3, "dialogues": [[1305061, 0, "I have finally published my own original song . Please listen , it is a sad song that I wrote for someone special.http:/open.notify.com / track/60van7zrncbefore0pail4O05p?si = hjaodyn5sdyjqt4bxgoh5A", []], [508620, 2, "noah it is amazing ! keep going congress", ["👌", "🏻"]], [1386556, 1, "I tried listening , but your link just take me to a photo of a child . I do not hear anything .", []]], "speakers": {"Branxon M": 0, "universe child✨": 1, "Samantha": 2}}, {"id": 17191892, "category": {"id": 74, "name": "Depression"}, "emotion": "Supported", "turns_number": 3, "dialogues": [[1501789, 0, "I do not want to li have anymore . i need help . I need a friend with me . I need someone with me . I need to not be alone . I m going crazy .", []], [1360028, 2, "Hey domo , i am sorry to hear you are going through hard times , if you want to talk dim talking with you and maybe becoming friends", []], [1501816, 1, "if you would like to talk it , I am here .", []]], "speakers": {"Single leaf": 0, "DZOA": 1, "Ano Nymous": 2}}, {"id": 17191886, "category": {"id": 74, "name": "Depression"}, "emotion": "Lonely", "turns_number": 3, "dialogues": [[1396548, 0, "I feel kind of down today .", []], [1249585, 2, "if it helps I do not know you but dam you look cut in that photo", []], [834851, 1, "He there i just saw your delete postjust know that you can find help herein sure of it", []]], "speakers": {".": 0, "Benny1020": 1, "YOES": 2}}, {"id": 17191884, "category": {"id": 12, "name": "Self Harm"}, "emotion": "Hopeful", "turns_number": 4, "dialogues": [[1481617, 0, "to months free from self harm", ["🦋", "🏹"]], [1498685, 3, "You are doing awesome , keep it up , just make it go away completely , you can !", []], [1501178, 2, "I m at 3 weeks so far congratulations on making it this far dear", []], [1499956, 1, "Nice , keep going , you will go far more than to months ", ["☺"]]], "speakers": {"Barbara🦋": 0, "NOSTRADAMUS💫": 1, "🌺𖣥𖣘♊Pisces♊𖣘𖣥🌺": 2, "Silent Helper": 3}}, {"id": 17191883, "category": {"id": 20, "name": "Others"}, "emotion": "Supportive", "turns_number": 5, "dialogues": [[1347312, 0, "Dear Men , Just because a women says she is independent and does not need anyone , she does not mean that she rates men", ["🙂"]], [1364170, 4, "yes now this really is the bare minimum", ["🙂"]], [1390145, 3, "I love men and want men . I just do not NEED men", []], [1475107, 2, "Yes , people need to hear this  ", ["🤦", "♀"]], [1500026, 1, "And on behalf of most men , I can say that we respect such women", []]], "speakers": {"Veronica": 0, "ghoststories": 1, "Maya 🛸": 2, "siriiirii🖤김석진": 3, "User Banned": 4}}, {"id": 17191871, "category": {"id": 63, "name": "My Story"}, "emotion": "Amused", "turns_number": 3, "dialogues": [[490102, 0, "aime . history . medical.and fire . what strange interests I have . I mean . I do not know anyone who had have interests this far stretched", ["😂"]], [1501235, 2, "sounds like Auto to me", ["😬"]], [1486049, 1, "Yeah that is pretty fucking weird", []]], "speakers": {"마티": 0, "Hermit Bug": 1, "Ava 🔪": 2}}, {"id": 17191862, "category": {"id": 20, "name": "Others"}, "emotion": "Loved", "turns_number": 6, "dialogues": [[1499618, 0, "Question for boys : how do you know that you are in love ?", []], [1194921, 5, "when we get heartbeats at to places . one is heart", []], [602367, 4, "When her existence beside you becomes essential", []], [915623, 3, "When you start to overthink about the other side very much as you always have her on your mindwhen you feel like you want to talk with her nonstop and even about nonsense topicswhen you away find yourself getting time for heathen she becomes one of my prioritiesm . Etc", []], [1312221, 2, "I just kind of feel it havana", []], [1502476, 1, "was in an open relationship last year . she BEGGED me to go out and , well . first time in my life , I did not want or need anyone else.that was love", ["🤫"]]], "speakers": {"Saissey": 0, "Satan": 1, "Eternal Sunshine🥀": 2, "Amirseño": 3, "Roel": 4, "WobblyTuba": 5}}, {"id": 17191861, "category": {"id": 7, "name": "Relationships"}, "emotion": "Insecure", "turns_number": 3, "dialogues": [[0, 0, "I need advice . My boyfriend and I ( long distance ) used to peacetime once every week . Because of the lockdown we had to stop . Now we could continue our face time dates , it is just that I was always the one that had to ask him first if we want to call . He would do anything to make me happy and I appreciate that . I just want him to WANT to call me , instead of doing it to make me happy y ? I do not know how to explain .", []], [1499618, 2, "Do not call him for the whole day let him know that sometimes you new him to do the first move and is is", []], [1500410, 1, "you have the right idea , you are not a charity case yes he needs to make the initiate have and if the feelings are mutual it will come naturally.guard your heart queen and know your WORTH peace and love", ["💡", "👏", "😉", "❤"]]], "speakers": {"Anonymous": 0, "Saissey": 1, "Newbie": 2}}, {"id": 17191851, "category": {"id": 47, "name": "Health"}, "emotion": "Worried", "turns_number": 5, "dialogues": [[0, 0, "I m getting a little afraid about my future . I have very irregular periods!and my mon says that it is a dangerous sign for reproduced have system!I already have a fear what if I can never be a Mon and now all this ! I m really getting worried !", []], [1444725, 4, "Oh I did not know that , I have it too", []], [1501178, 3, "same here it is normal friend", []], [1500410, 2, "could be a variety of things stress or cos but just go see a obey", []], [1486824, 1, "go , see a doctor", []]], "speakers": {"Anonymous": 0, "dreamer": 1, "🌺𖣥𖣘♊Pisces♊𖣘𖣥🌺": 2, "Newbie": 3, "Jake Peralta": 4}}, {"id": 17191815, "category": {"id": 11, "name": "Hopes"}, "emotion": "Exhausted", "turns_number": 3, "dialogues": [[1481617, 0, "I wish someone could understand how hard is it to wake to everyday and feeling like this .", []], [685408, 2, "I wake up every day at 11 a.m so can we make a dull", []], [1502118, 1, "I think many of us do understand . it can be beds , depression , anxiety or pure low mood . we are many in the same place", []]], "speakers": {"Barbara🦋": 0, "william junior": 1, "ZeroOne": 2}}, {"id": 17191813, "category": {"id": 63, "name": "My Story"}, "emotion": "Optimistic", "turns_number": 3, "dialogues": [[720427, 0, "All I wanted was to use fruit femoris without any sexual reference", []], [1087927, 2, "same ! I feel attacked whenever I eat a banana honestly", []], [1469576, 1, "i resolute with this post on a personal level laugh out loud", []]], "speakers": {"Ckay-Boyfriend": 0, "teacupps": 1, "Elise": 2}}, {"id": 17191801, "category": {"id": 20, "name": "Others"}, "emotion": "Sad", "turns_number": 8, "dialogues": [[490806, 0, "I really hate those people who blame me for this anaemic just because I m Asia", []], [1129832, 7, "girl I m so sorry :(", []], [1450384, 6, "Sorry you are going through this . Some people are so ignorant . Do not listen to them", ["💕"]], [485992, 5, "Why do you care his did you eat that bat people are always thinking something do not care people is opinions", []], [1497869, 4, "it is all just an excuse for them to be racism ist", []], [1499542, 3, "What kind of smart masses have you been talking to", ["😂"]], [1249585, 2, "please do not roof on me just bidding hahahahhajaa", []], [1500410, 1, "now i am sorry for their ignorance", ["😔"]]], "speakers": {"pumpkin": 0, "Girly": 1, "Bittersweet": 2, "I can't handle stress stay away": 3, "LoveMeLoveMe": 4, "Kafka_but_not_on_the_shore😐": 5, "Benny1020": 6, "Newbie": 7}}, {"id": 17191763, "category": {"id": 20, "name": "Others"}, "emotion": "Disgust", "turns_number": 3, "dialogues": [[617004, 0, "there should be a report to the foi button in here", ["🤢"]], [1320763, 2, "At least its not a couture comment section the stuff people have said to me on that", []], [963726, 1, "I saw that post too . You never know if someone is posting for laughs or telling the truth , although there was nothing funny about that post .", []]], "speakers": {"Uncle Lewdwig BendOver": 0, "Hibiscus Aurora Hazel": 1, "Nyla": 2}}, {"id": 17191759, "category": {"id": 10, "name": "Friends"}, "emotion": "Supportive", "turns_number": 3, "dialogues": [[1320763, 0, "I leave messages in the sand at the beach on rainy days incise someone is depressed", []], [1382500, 2, "The Earth is not flat nor it is round , it is oval .", []], [1495794, 1, "I am Step- wait a minute we are always wet", ["🤏", "🧐"]]], "speakers": {"Hibiscus Aurora Hazel": 0, ".": 1, "Sapphire": 2}}, {"id": 17191748, "category": {"id": 20, "name": "Others"}, "emotion": "Overwhelmed", "turns_number": 3, "dialogues": [[0, 0, "Do humans even like sex ? or is it just pain for us all ?", []], [1497869, 2, "I hear it is a major disappointment so I would not bother", []], [476136, 1, "yes they do ! sex is supposed to be fun!if you do not want to have sex , you should not force yourself to have it . and if you do not enjoy the sex you are having , maybe something is wrong , maybe you or your partner are not doing it the right way.do you feel like your sexual experiences were not really great ? :( you do not have to do anything that makes you uncomfortable , you know ?", []]], "speakers": {"Anonymous": 0, "LoveMeLoveMe": 1, "✌FIND ME✌": 2}}, {"id": 17191707, "category": {"id": 10, "name": "Friends"}, "emotion": "Caring", "turns_number": 3, "dialogues": [[0, 0, "who is interested to learn languages online for free ", ["😊", "🧐", "❓"]], [190331, 2, "Only if it is Organ or Arabic . but at a beginners level", []], [1428888, 1, "yeah me but which language", []]], "speakers": {"Anonymous": 0, "‎🌬 𝓜𝒪𝒪𝒩 𝓬𝒽𝒾𝓁𝒹  ☂︎": 1, "Noor Jahan": 2}}, {"id": 17191704, "category": {"id": 12, "name": "Self Harm"}, "emotion": "Depressed", "turns_number": 3, "dialogues": [[1438595, 0, "my ex best friend reacted to my whatsapp status and she said to stop and that she rates me . I have spent a lot without hurt1no and cut1no myself , but today I did . I just want to end my whole s1try l1fe .", []], [1226909, 2, "Do not let her win or affect you . Stay strong . You can do it like you did the last period before today being strong .", []], [1477773, 1, "do not let her get to you.stay strong she is ex befriend for a reason.if you have anything to talk about you can text me I m there to listen", ["😊"]]], "speakers": {"Marta Ryan Leo💔": 0, "Mehhhh": 1, "⩔ʟ": 2}}, {"id": 17191699, "category": {"id": 62, "name": "Mental Health"}, "emotion": "Anxious", "turns_number": 3, "dialogues": [[0, 0, "In dying need of attention . It is disgusting . I do not know what to do .", ["😣"]], [490806, 2, "it is OK , I think that everyone need attention . what I do is just command attention to certain people", []], [1500410, 1, "i am here feel free", []]], "speakers": {"Anonymous": 0, "pumpkin": 1, "Newbie": 2}}, {"id": 17191692, "category": {"id": 47, "name": "Health"}, "emotion": "Nothing", "turns_number": 3, "dialogues": [[1501604, 0, "Do you guns believe going to the grm or doing exercise in general is therapeutic ?", []], [724668, 2, "well it does make you create serotonine so it helps a bit", []], [1471351, 1, "Grm helps , but it is not my style , not fun at all , i would rather state or do an activity", []]], "speakers": {"Val": 0, "Lillith Devries": 1, "Newbie": 2}}, {"id": 17191687, "category": {"id": 74, "name": "Depression"}, "emotion": "Sad", "turns_number": 3, "dialogues": [[1396548, 0, "Hello does anyone want to talk ?", []], [271608, 2, "always up for a friendly chat", []], [1502118, 1, "Up for a chat . Need one indeed . i am your-yourspinning round . you may have some fun", []]], "speakers": {".": 0, "Jamie Falconer": 1, "ZeroOne": 2}}, {"id": 17191673, "category": {"id": 72, "name": "Anxiety"}, "emotion": "Frustrated", "turns_number": 5, "dialogues": [[1501782, 0, "i have become someone i hate most think i m lost", []], [574231, 4, "oh truss I can not stand myself", []], [1483084, 3, "I need someone to talk to everyday and someone to be happy with", []], [1379158, 2, "hey , if you need to talk , do me (:", []], [265543, 1, "if you need a friend to talk , share and support feel free to reach out to me", ["😊"]]], "speakers": {"camila azul": 0, "▪️𝔖𝔪𝔥𝔥▪️": 1, "Gideon": 2, "Dallas": 3, "love_me_like_I_do": 4}}, {"id": 17191666, "category": {"id": 15, "name": "Family"}, "emotion": "Depressed", "turns_number": 5, "dialogues": [[339485, 0, "one day I will hang myself inside my room just so my family will realize how bad they treat . But wait , will they ever realize it the ? perhaps no", []], [717293, 4, "they wo not , but rather will blame on someone else", []], [791726, 3, "Do not do it I is is", []], [1500783, 2, "I m also think like this .but it is not good . please do not do", []], [1495794, 1, "Do not do it please there is hope beyond the right now", ["💜"]]], "speakers": {"☕🐶🧟🏖️❄️⚡🧜🦄👻🌈": 0, "Ice Cream 🍨": 1, "TAURUS": 2, "✨❤️Life_learner❤️✨": 3, "Sapphire": 4}}, {"id": 17191653, "category": {"id": 15, "name": "Family"}, "emotion": "Heartbroken", "turns_number": 4, "dialogues": [[1500783, 0, "I m feeling so lonely and unmoved", ["😭"]], [1495694, 3, "I am sorry to hear that . Hope you get thou this tough season soon . And things get better", []], [1501212, 2, "I am here if you need someone to talk to", []], [1501910, 1, "no it is just a feeling I m sure that there is a lot of people who loves you but you can not see them because you keeping looking at people who do not show love and respect to you", []]], "speakers": {"✨❤️Life_learner❤️✨": 0, "Anon": 1, "Kaoutar kaoutar": 2, "Kam Dey": 3}}, {"id": 17191639, "category": {"id": 11, "name": "Hopes"}, "emotion": "Down", "turns_number": 3, "dialogues": [[793841, 0, "So far this year seems to be like last year part to to", []], [541600, 2, "21 has been one gigantic shit storm after another", []], [1320763, 1, "This year is like part three for me the year before I was stuck in bed with a spinal injury now we are stuck inside because of a anaemic and people are acting cry cry", []]], "speakers": {"Ember": 0, "nobody": 1, "Hibiscus Aurora Hazel": 2}}, {"id": 17191638, "category": {"id": 61, "name": "Positive"}, "emotion": "Supportive", "turns_number": 4, "dialogues": [[971486, 0, "Precious someone are very few in these worldthat is the reason there is just one you hope your having a good day / nightmuch love tight huge", ["💜", "🌹"]], [1243568, 3, "You have a radiant smile and a radiant personality not ever lose it no matter whatnot are one of a kind and a wonderful blessing", ["😇"]], [1440466, 2, "that is true indeed , there is only one me and that is how I m getting better in my life , by taking care of myself and not waiting anything from anyone . you too are unique", ["😊", "💖", "🌹", "😀", "😉"]], [347145, 1, "Really support have post good words", ["❤", "🤗"]]], "speakers": {"JoysFighting ♡": 0, "Hakuna Matata 𓃬": 1, "I don't exist": 2, "Donald A Bunce": 3}}, {"id": 17191628, "category": {"id": 62, "name": "Mental Health"}, "emotion": "Caring", "turns_number": 3, "dialogues": [[1496475, 0, "I am so sensitive have you could literally text me in a different tone and I ll get is is", []], [1497918, 2, "That makes the two of us .", []], [1501234, 1, "its alright ! that means you are pure and daring towards other people", []]], "speakers": {"Z": 0, "Harley": 1, "who am i?": 2}}, {"id": 17191616, "category": {"id": 10, "name": "Friends"}, "emotion": "Heartbroken", "turns_number": 3, "dialogues": [[1383952, 0, "I hate having its seriously", ["😑"]], [665054, 2, "i am going to not a girl but I think I can understand", ["😿"]], [1081182, 1, "you should mention that to your therapist", []]], "speakers": {"Promstar": 0, "Iwon'tHURTchew": 1, "Rahaf": 2}}, {"id": 17191608, "category": {"id": 50, "name": "Music"}, "emotion": "Amused", "turns_number": 3, "dialogues": [[1347204, 0, "to.an athlete , a game , a painter , an editor , a director , a model , you will lucky Jungkook chose to be a singer :)", []], [1495422, 2, "Martin Scores has been real quiet ever since this post came out", []], [1291615, 1, "i think their job is in danger in future", ["😂"]]], "speakers": {"CuteStalker :/": 0, "Vacio": 1, "Trustfrated": 2}}, {"id": 17191598, "category": {"id": 75, "name": "Life Hacks"}, "emotion": "Supportive", "turns_number": 6, "dialogues": [[1276667, 0, "me : * is born * now was that really necessary ?", []], [1276667, 0, "Just bidding the I like being ali have", []], [1288207, 4, "shut it . you loving it", []], [782262, 3, "I like children if they do not scream , do not cry and stay away from me", []], [356566, 2, "yes . who else is going to make your followers laugh ? or i have someone a smile when they really need one?huge * huge *", []], [1283647, 1, "exactly laugh out loud , did not ask for this life", []]], "speakers": {"🅳eadpool🦄": 0, "ghost": 1, "Viv": 2, "Purple Pixie": 3, "whatsername 🐳": 4}}, {"id": 17191585, "category": {"id": 10, "name": "Friends"}, "emotion": "Lonely", "turns_number": 16, "dialogues": [[1501776, 0, "got friends but no one to call to", []], [1495593, 15, "I can be your friend", []], [1288207, 14, "got calls but no one to friend to", []], [1085986, 13, "here is my number . so call me maybe ?", []], [1501775, 12, "I understand you girl let us talk", []], [1501793, 11, "We can be friends . And you rely on me daytime !", []], [1497852, 10, "have you asked them maybe one of them is not busy ?", []], [328815, 9, "you can talk to me daytime", []], [1499533, 8, "hey I am here !", []], [654426, 7, "wait what you guns got friends ?", []], [708374, 6, "self.well why do not you just text them ( ;)", []], [1500697, 5, "call 911 they ll be your homes", []], [1501858, 4, "felt this on another level", []], [1498685, 3, "Guess they all face ones than !", []], [813085, 2, "# true I feel that same way .", []], [1502118, 1, "From your posts you seem to be going through a low . Lows are manageable , high are dangerous . I had literally hundreds of friends but my mental illness left me alone . I have rebuilt my life in to years , built a stable relationship but feel completely lonely . If you want to chat i am here foryouryour", []]], "speakers": {"at": 0, "Ra_Vee": 1, "ghost": 2, "TheHolyDevil": 3, "nusaiba 123": 4, "Martand Bhanu": 5, "CPhoenixx": 6, "scorpion 🦂♏❤️": 7, "Genesis Ortiz": 8, "shooting star": 9, "RN RN": 10, "User Banned": 11, "grace": 12, "NOSTRADAMUS💫": 13, "Cassandra Garcia": 14, "ZeroOne": 15}}, {"id": 17191545, "category": {"id": 7, "name": "Relationships"}, "emotion": "Supportive", "turns_number": 3, "dialogues": [[514607, 0, "sorry but what the fuck is this ?", []], [1478330, 2, "did you talking about my double pigmy belly ?", []], [1484940, 1, "me talking to all of you worldwide", ["😊"]]], "speakers": {"🖲️": 0, "meh": 1, "Aseey♡❌": 2}}, {"id": 17191497, "category": {"id": 20, "name": "Others"}, "emotion": "Annoyed", "turns_number": 4, "dialogues": [[1407134, 0, "I ll always try to be nice , try improve myself and be a good person . But there will always be that one person come and push my ashore - mode button . is is", []], [1347312, 3, "Same ! then pp ask why are you so rude", ["🙄", "😒"]], [1471351, 2, "Can I push your ashore - mode button ?", ["🤥"]], [951974, 1, "your kindness will always be appreciated , his . you can still be lovely and nice without taking nobody IS", []]], "speakers": {"Conundrum": 0, "Veronica": 1, "Newbie": 2, "EtherealDove": 3}}, {"id": 17191492, "category": {"id": 7, "name": "Relationships"}, "emotion": "Meh", "turns_number": 7, "dialogues": [[0, 0, "Why do we fall in love with the ones we ca not be with .", []], [1293258, 6, "I think its like a grass is greene on the other side thing", []], [904740, 5, "how you know you can not be with ? is that like you are having a wish to marry a celebrity ?", []], [1394884, 4, "Beats me . Why would you want someone that does not want you ? Sounds mental .", []], [853394, 3, "true , always falling for the one we can never be with .", []], [1502118, 2, "And what if you conquer the one but still life feels like your-morand you are always questioning if it is real ?", []], [1131853, 1, "it is like we had the right love at the wrong time", []]], "speakers": {"Anonymous": 0, "recovering bully": 1, "Oh!": 2, "Corey Nalls": 3, "happyboy": 4, "ZeroOne": 5, "AL MA": 6}}, {"id": 17191459, "category": {"id": 20, "name": "Others"}, "emotion": "Relaxed", "turns_number": 3, "dialogues": [[753061, 1, "only if you buy me one", []], [665054, 4, "and if you do not like me , do not talk to me either", ["😾"]], [717293, 3, "* talks to to you * I like hussies", []]], "speakers": {"Pinkman": 0, "Iwon'tHURTchew": 1, "Ice Cream 🍨": 2}}, {"id": 17191445, "category": {"id": 63, "name": "My Story"}, "emotion": "Calm", "turns_number": 3, "dialogues": [[1407161, 0, "are you high on weed ?", []], [1465956, 2, "but.but . I want my life mapped out pretty well I m tired of overthinking and being is is", []], [1494399, 1, "I had my life mapped out because its what we are thought in school to have a plan of what you want and how your going to get it . and i got everything in my check list . Then it all feel apart . so its ok not to plan sometimes .", []]], "speakers": {"Numa Numa Ye!!": 0, "⠀": 1, "Ms.Swords 🔒🖤": 2}}, {"id": 17191432, "category": {"id": 12, "name": "Self Harm"}, "emotion": "Overwhelmed", "turns_number": 3, "dialogues": [[1320763, 0, "It said that I would be suspended if I posted how I m actually feeling so maybe its not the right place for it . I called a helping and they got so upset when they heard my story they started crying and had to end the conversation", []], [1009381, 1, "damn i thought the helping was supposed to try and help , i think you changed that helping number forever", []], [1382500, 1, "There is people who wo not get upset rather feel empty along with you.#onemessageaway .", []]], "speakers": {"Hibiscus Aurora Hazel": 0, ".": 1}}, {"id": 17191422, "category": {"id": 20, "name": "Others"}, "emotion": "Nothing", "turns_number": 12, "dialogues": [[1205463, 0, "What is one mistake you wo not make again ?", []], [1370043, 11, "Relying on others to take care of me .", []], [1063379, 10, "I dream a lot but never put sufficient effort to achieve that dream that is what I want to change in myself", ["🥺"]], [1320763, 9, "Letting other people blame me for things they do not want to take responsibility for .", []], [617004, 8, "get involved with a short reread with big its", []], [728742, 7, "ending my relationship with my best friends and becoming too much of a people please", []], [1495422, 6, "Thinking I m going to get by in life with just school alone", []], [1288207, 5, "I wo not be born again", []], [1302592, 4, "Forge have and i have back as much importance and love to someone who betrayed me and made me suffer", []], [1394483, 3, "but glad I m single again", ["😂"]], [1500895, 2, "explaining myself to everyone.they do not deserve", []], [1465956, 1, "trust anyone that is not my mother or sister", []]], "speakers": {"Anaya": 0, "ArmaLite AR-18": 1, "The Story Teller 📑📓": 2, "Hibiscus Aurora Hazel": 3, "Uncle Lewdwig BendOver": 4, "press F to pay respects": 5, "Vacio": 6, "ghost": 7, "Nalyd": 8, "cruzer": 9, "Justin Evans": 10, "⠀": 11}}, {"id": 17191413, "category": {"id": 10, "name": "Friends"}, "emotion": "Meh", "turns_number": 6, "dialogues": [[1194921, 0, "its funny how we hate ourselves but then we see other people hating themselves and we are like no NO do not DO THAT NOT", []], [1288207, 5, "be nice to people and they ll be nice to you", []], [658263, 4, "that is so true .loving ourselves is so important and people are not aware of that .", []], [1307324, 3, "no I am not saying", []], [1396207, 2, "cut I do not want them to feel how I feel", []], [1152131, 1, "I do not hate myself , I just do not want others to go through the same pain I have felt at some point .", []]], "speakers": {"Satan": 0, "ghost": 1, "ɐpuᴉ⅂": 2, "hera 🦢": 3, "𝕻𝖎𝖊𝖓𝖆𝖙💖": 4, "as_adrija✨": 5}}, {"id": 17191401, "category": {"id": 20, "name": "Others"}, "emotion": "Stressed", "turns_number": 3, "dialogues": [[554917, 0, "My mouth and head hurt because I face my smile and laugh too much .", []], [1245598, 2, "do not do then nail", []], [1063379, 1, "then stop taking it when you do not feel it", ["🥺"]]], "speakers": {"Nadia 🦄🌈": 0, "(SBP)": 1, "The Story Teller 📑📓": 2}}, {"id": 17191383, "category": {"id": 74, "name": "Depression"}, "emotion": "Hopeful", "turns_number": 3, "dialogues": [[1478020, 0, "Whatever you do , always i have 100 % . Unless you are donations blood .", []], [1486049, 2, "Thanks for the advice Mode", []], [1347050, 1, "think that applies to just about any bodily fluids", []]], "speakers": {"Muslim": 0, "Ava 🔪": 1, "Jack Hughes": 2}}, {"id": 17191328, "category": {"id": 20, "name": "Others"}, "emotion": "Nothing", "turns_number": 3, "dialogues": [[1500895, 0, "do you ever wonder what your most noticeable feature is like what do people see first when they look atyouryour", []], [1347312, 2, "yes I do , but I have not found the answer yet . It can be my dead eyes", []], [1311581, 1, "my eyebrows because they look lawless", []]], "speakers": {"Justin Evans": 0, "Veronica": 1, "Gab": 2}}, {"id": 17191326, "category": {"id": 74, "name": "Depression"}, "emotion": "Sad", "turns_number": 4, "dialogues": [[1501764, 0, "I m not actually really sure but I think I might actually have depression . I know I can not send diagnose myself but everyday is a struggle I always question my existed and end up trying to cut myself.my dad and sister have depression so I know the signs . I do not know I m just not sure !", ["😔"]], [1501764, 0, "I meant to say I can not self diagnose and I always question my existence", []], [1312627, 1, "find life purpose , find your true inner self , improve mind and body , coming better with depressionthen you be at peace you like to know more ?", []], [1312627, 1, "find life purpose , find your true inner self , improve mind and body , coming better with depressionthen you be at peace you like to know more ?", []]], "speakers": {"d3pression": 0, "Righteous Force": 1}}, {"id": 17191317, "category": {"id": 11, "name": "Hopes"}, "emotion": "Frustrated", "turns_number": 6, "dialogues": [[1404217, 0, "Why are expense have clothes so expense have", ["😭"]], [1404217, 0, "ca not expense have stuff be like , cheap for me only", ["🏻", "👉", "👈"]], [665054, 4, "not always , you can steal them and they are the cheapest then", []], [574231, 3, "odds your never going to believe this but it is expense have that is why", []], [1190956, 2, "him . that is a pretty tough question", []], [1468997, 1, "Because they are very valuable", []]], "speakers": {"HowAreYou? ²": 0, "Iwon'tHURTchew": 1, "▪️𝔖𝔪𝔥𝔥▪️": 2, "pux": 3, "ÒwÓ": 4}}, {"id": 17191316, "category": {"id": 7, "name": "Relationships"}, "emotion": "Optimistic", "turns_number": 3, "dialogues": [[1496239, 0, "tell me something.its very much boring here", []], [1297253, 2, "do you know that babies see inside the womb", ["😆"]], [1398179, 1, "how you define relationship & how to create an unconditional ?", []]], "speakers": {"Young Vibes": 0, "I_Dont_Like_Salad": 1, "Deja Vu 🤔": 2}}, {"id": 17191302, "category": {"id": 62, "name": "Mental Health"}, "emotion": "Lonely", "turns_number": 3, "dialogues": [[1007607, 0, "I am the luckless guy on earth , I have good friends , the best girlfriend in the world . But still I manage to lie crying in bed in the morning over a un diversity grade . The anaemic is putting me on a road to self destruction , as an extroverted person , it is the hardest thing I have ever been through .", []], [508050, 1, "oh my good my good my good my god . y all dating now and you did not tell me", []], [508050, 1, "i am so happy for you", []]], "speakers": {"Foeko": 0, "hello! it's a potato": 1}}, {"id": 17191261, "category": {"id": 20, "name": "Others"}, "emotion": "Nothing", "turns_number": 3, "dialogues": [[1501646, 0, "It is good to talk about your feelings once in a while i guess .", []], [1401454, 2, "but with the right person", []], [1454451, 1, "Then let us talk about it", []]], "speakers": {"Tanisha": 0, "Alright?": 1, ".": 2}}, {"id": 17191251, "category": {"id": 7, "name": "Relationships"}, "emotion": "Nothing", "turns_number": 3, "dialogues": [[1486049, 0, "What does talklife think about self deferential spurs", []], [1486049, 0, "Personally I think they are based", []], [1364170, 1, "think if the days want to use the f slur they should be able to without getting shit for it", []]], "speakers": {"Ava 🔪": 0, "ghoststories": 1}}, {"id": 17191235, "category": {"id": 63, "name": "My Story"}, "emotion": "Inspired", "turns_number": 6, "dialogues": [[1083190, 0, "Not to brag but i have my limp card now.it is official .", []], [1083190, 0, "too bad i do not have a hero sub or else i would have put it in the gallery", []], [717293, 4, "what really ? I want to is is", ["😂"]], [1271762, 3, "may soulmate going to take over clubs", []], [1448440, 2, "i am a limp for where is my card", []], [1324507, 1, "I want one too explicitly for you twins", []]], "speakers": {"Ina🛸": 0, "Ice Cream 🍨": 1, "Nicole.": 2, "℘ 𝔰𝔥𝔞𝔡𝔢𝔰 ℘": 3, "Youssef": 4}}, {"id": 17191195, "category": {"id": 20, "name": "Others"}, "emotion": "Tired", "turns_number": 3, "dialogues": [[833021, 0, "so tired today made it diffuse you later to focus on anything really yet now once again I find myself laying in bed unable to sleep ugh  ", ["🤦", "♀"]], [1404285, 2, "This happens to me too . How often do you take these p!ll ?", []], [1327324, 1, "I want this too .", ["🥺"]]], "speakers": {"Princess": 0, "👁️": 1, "ⓓⓔⓝⓘⓐⓛ": 2}}, {"id": 17191172, "category": {"id": 63, "name": "My Story"}, "emotion": "Meh", "turns_number": 5, "dialogues": [[1468844, 0, "I m 27 , that is why .", []], [271608, 4, "I m 28 what is wrong with being 27", []], [1288207, 3, "completely understandablehave a nice day", ["🤗"]], [1154858, 2, "what is wrong in 27 ?", []], [1494399, 1, "27 is a great number . you should be enjoying life .", ["😬"]]], "speakers": {"Z🍀": 0, "Jamie Falconer": 1, "ghost": 2, "Deep": 3, "Ms.Swords 🔒🖤": 4}}, {"id": 17191165, "category": {"id": 63, "name": "My Story"}, "emotion": "Numb", "turns_number": 3, "dialogues": [[1347312, 0, "Why do I have a emotional reaction to everything . I m not doing good in life .", []], [1497918, 2, "Feeling emotions makes us human . It does not mean you failed , it means you are growing as a person .", []], [1494399, 1, "I agree . very true", []]], "speakers": {"Veronica": 0, "Harley": 1, "Ms.Swords 🔒🖤": 2}}, {"id": 17191163, "category": {"id": 12, "name": "Self Harm"}, "emotion": "Caring", "turns_number": 4, "dialogues": [[1494399, 0, "What do you do to handle your depression ?", []], [411648, 3, "i am not handling it", []], [1497918, 2, "I have someone with me . I want to get better even if it is hard .", []], [1493252, 1, "I used to try my best to say position have things to myself even though I did not mean it , ( like I m strong , it will be over soon , I know I can do it ) so that the negative have thoughts would be suppressed for the time being . By ?", []]], "speakers": {"Ms.Swords 🔒🖤": 0, "I am Lewis": 1, "Harley": 2, "It's okay": 3}}, {"id": 17191152, "category": {"id": 10, "name": "Friends"}, "emotion": "Disgust", "turns_number": 3, "dialogues": [[1477796, 0, "What do you think if you share your crazy ideas with your friend , then deliberately she / he takes it and claims to be hers / him ? tell me what do you feel", ["😭", "🥺", "🥲"]], [1484972, 2, "tell them it is your idea and defend it", []], [1472757, 1, "That is why I do not share my ideas", []]], "speakers": {"May🌱": 0, "hanan": 1, "🍁🍁 𝔖𝔥𝔞𝔣𝔦𝔮 🍁🍁": 2}}, {"id": 17191149, "category": {"id": 62, "name": "Mental Health"}, "emotion": "Down", "turns_number": 4, "dialogues": [[557124, 0, "Being kind costs you your mental health .", []], [606000, 3, "no it does not I m kind every single dayoure welcomeait i am retarded so yeah i get you are point", ["😂"]], [1366941, 2, "Being kind and being have and a pushover are different things . Being kind does not cost your mental health . Might even do you some good . Being have and a pushover that can cost you a hello hello", []], [875785, 1, "this is so true .", []]], "speakers": {"Her": 0, "Hurrikane": 1, "The Waves🌊🌊🌊": 2, "scorpio": 3}}, {"id": 17191142, "category": {"id": 53, "name": "Education"}, "emotion": "Sad", "turns_number": 7, "dialogues": [[629056, 0, "a Allah i want to see see", ["😭"]], [1182044, 6, "just remember him.he will listen to you intra Allah", []], [1429016, 5, "cry to Allah  and share with him , I m sure you will feel so much better !", ["🙌", "❤"]], [904740, 4, "hi what happened ? tell me", []], [1481369, 3, "Do you are prayer , i have your best , God never leaves us , let it comes whatever , Do not forgot i have you are best ! All the best ! Masha Allah !", ["🍁"]], [1487675, 2, "Do not cry his . talk to you are classmates or the teacher and tell them about you are situation . Be strong not weak . ALLAH helps those who helps themselves . GO FOR IT", ["⚡"]], [1495242, 1, "Ulm . I do not know who you are going through , but stay strong am :) Allah Shan Was Allah will help , I am so sure . Just be strong k", []]], "speakers": {"Alesha": 0, "Ameer Hamza": 1, "hobbit": 2, "Oh!": 3, "Sai 🖤": 4, "⚡𝗞𝗔𝗕𝗶𝗥ᵃ⚡": 5, "How You Doin'?": 6}}, {"id": 17191140, "category": {"id": 74, "name": "Depression"}, "emotion": "Inadequate", "turns_number": 3, "dialogues": [[242766, 0, "So . What do you do when you were the one with  so much potential  and now you are the one with  lost potential  .", []], [1080609, 2, "i sit back and stare at wall", []], [1494399, 1, "Just waiting because this has to be temporary . But i want to punch the bitch in the face for purposely doing this to my life.  ", ["🤷", "♀"]]], "speakers": {"KariMay": 0, "Ayush🍁": 1, "Ms.Swords 🔒🖤": 2}}, {"id": 17191138, "category": {"id": 11, "name": "Hopes"}, "emotion": "Anxious", "turns_number": 3, "dialogues": [[222010, 0, "2morrow i do a presentation in front of my class . This is a big step for me overcoming my anxiety of public speaking . Position have vices only let go ", ["✌"]], [834851, 2, "ah my first time to do presentation coli can do it that is mean you can do it too", []], [1348655, 1, "speak bold , just be confident in you . you can beat anything with your confidence", []]], "speakers": {"Kelly🐙": 0, "YOES": 1, "🐰🐇Mr Bunny🐇🐰": 2}}, {"id": 17191135, "category": {"id": 7, "name": "Relationships"}, "emotion": "Caring", "turns_number": 3, "dialogues": [[1499618, 0, "Tell me what you felt when you love deeply someone but they show 0 emotions", []], [1080609, 2, "that hurts . that hurts to the core of your heart . it is painful", []], [1501759, 1, "I hate it . It hurts so much", []]], "speakers": {"Saissey": 0, "Ayush🍁": 1, "Miranda Falcon": 2}}, {"id": 17191133, "category": {"id": 7, "name": "Relationships"}, "emotion": "Confused", "turns_number": 3, "dialogues": [[1366941, 0, "you should choose soon . Do not lead them on or it will just end up in heartbreak", []], [1003428, 2, "Tell one of them as soon as you feel comfortable , it seems like there is still time , you are not too deep with either of them", []], [1484972, 1, "lucky people problem , I do not want to seem considerate though", []]], "speakers": {"The Waves🌊🌊🌊": 0, "RS7": 1, "hanan": 2}}, {"id": 17191126, "category": {"id": 11, "name": "Hopes"}, "emotion": "Loving", "turns_number": 3, "dialogues": [[0, 0, "I flagged both the post , a man with some illness in his legs , and the second was a girl with her body pick ( she is right though there is more to muddle ) ok so the man is pick was removed but not hers why", ["😍", "🤔"]], [1305616, 2, "You guns collect have flag a whole bunch of posts and just expect mode to be there , at the reckon of every call . I have them some time or apply for moderate so you can remove posts yourself and help them out .", []], [875785, 1, "cause women get away with things more than men ?", []]], "speakers": {"Anonymous": 0, "🍬𝕂𝕚𝕞𝕞𝕚𝕔𝕠🍬": 1, "scorpio": 2}}, {"id": 17191110, "category": {"id": 7, "name": "Relationships"}, "emotion": "Nothing", "turns_number": 4, "dialogues": [[1500674, 0, "asking myself , where I went wrong .", []], [1498685, 3, "I keep doing the same , but it does not really help , all move on with time !", []], [1472757, 2, "See your complete journey once again and you may know the answer", []], [1465956, 1, "Asking myself the exact thing", ["😞"]]], "speakers": {"Loading...": 0, "NOSTRADAMUS💫": 1, "🍁🍁 𝔖𝔥𝔞𝔣𝔦𝔮 🍁🍁": 2, "⠀": 3}}, {"id": 17191094, "category": {"id": 48, "name": "Work"}, "emotion": "Sad", "turns_number": 3, "dialogues": [[0, 0, "after 30 it goes down hill", []], [1350258, 2, "hope not . got 7 months left in my twenties :O", []], [1489915, 1, "It is not all bad", []]], "speakers": {"Anonymous": 0, "LostInThisWorld": 1, "Abby": 2}}, {"id": 17191088, "category": {"id": 7, "name": "Relationships"}, "emotion": "Insecure", "turns_number": 3, "dialogues": [[1500768, 0, "So i am supposed to be quiet and act like nothing is bothering me ever ? Oh yeah , I forgot . This is prison . ", []], [658263, 2, "no .you need to feel the feelings if you suppress it .it comes out as illness .", []], [1498685, 1, "Y do you have to , just go ahead and speak you are mind out , do not care what others say or think , there are still good people out here !", []]], "speakers": {"KbabeOrlandrasRoberts": 0, "ɐpuᴉ⅂": 1, "NOSTRADAMUS💫": 2}}, {"id": 17191059, "category": {"id": 15, "name": "Family"}, "emotion": "Anxious", "turns_number": 7, "dialogues": [[363441, 0, "My mon keeps controlling my life and yet i am 23 and scared of her ! I hate my life ! What can I do ? Any suggestions ?", []], [1489169, 2, "god loves you ah his and i went thou that :(", []], [1489169, 2, "parents may control as they do not understand us but they want best for us", []], [1489169, 2, "why go thou like me sigh", []], [1489169, 2, "do not worry god knows", []], [1489169, 2, "be with friends be there for you", []], [1501690, 1, "Move out . it is the only way . i am going through it either . Remove yourself from people who are unhealthy foryouryour", []]], "speakers": {"Alyssa Johnson": 0, "warrior and knight - hope and peace": 1, "Ms.Gypsy": 2}}, {"id": 17191052, "category": {"id": 7, "name": "Relationships"}, "emotion": "Sad", "turns_number": 4, "dialogues": [[1462319, 0, "Can anyone tell me how relationships work because I never had one and feels like everyone ships me because of how I look . I know most people go on looks but it does not matter to me . As long as we understand each other . I am a good person and would not even dare to hurt a fly let alone someone else . But seems like most people go for the toxic ones and end up hurt . Also I feel like I am being judged just because I am ironically ill .", []], [1489169, 3, "first is by the way you and god", []], [1473476, 2, "honestly stop bc this will ruin you mentally and take good care of yourself", []], [574231, 1, "that is sucks that people are like that sorry to hear , hope you find someone", []]], "speakers": {"splays96": 0, "warrior and knight - hope and peace": 1, "celestialruin": 2, "▪️𝔖𝔪𝔥𝔥▪️": 3}}, {"id": 17191045, "category": {"id": 62, "name": "Mental Health"}, "emotion": "Hopeful", "turns_number": 3, "dialogues": [[1489099, 0, "10 days . are they enough to study and score well in my mid - term exam ?", []], [1365340, 2, "It does not matter how much you study it depends how you understand how you can study .", []], [911164, 1, "yes it is it actually is probably to much some pp can retain into for long periods of time but when it comes to tests we forget in couple days due to tons of into that is needed to remember", []]], "speakers": {"Lalao Lalo": 0, "KARO???": 1, "windwalker": 2}}, {"id": 17190980, "category": {"id": 51, "name": "Helpful Tips"}, "emotion": "Chilled", "turns_number": 5, "dialogues": [[649267, 0, "girls do not want a new brodie , they want your brodie for obvious reasons", []], [665054, 4, "no she better buy herself a new one and if she want mine she have got to pay for it", []], [1266670, 3, "What reasons ? My ex lost my brodie", ["😒"]], [1316671, 2, "so true my last love took it from me then at a friend is party I seen it on a chair and I gave it to another girl that was cold bad move I did not realize the meaning then ill never do that again", []], [1254403, 1, "yeah , to see you shortness", []]], "speakers": {"'": 0, "Iwon'tHURTchew": 1, "Joseph619": 2, "69/24/7": 3, "brighteyesvividreams": 4}}, {"id": 17190974, "category": {"id": 51, "name": "Helpful Tips"}, "emotion": "Hopeful", "turns_number": 3, "dialogues": [[1228556, 0, "People do not want to hear the truth because they do not want their allusions destroyed", []], [1266670, 2, "I would love to hear the truth , would i have me answers", []], [1497805, 1, "I would always want nothing but the truth . Sucks to li have a life with a lot of lies", []]], "speakers": {"Forgotten_Soul1992🇮🇳": 0, "Joseph619": 1, "I have a NAME💙": 2}}, {"id": 17190967, "category": {"id": 63, "name": "My Story"}, "emotion": "Down", "turns_number": 5, "dialogues": [[1393696, 0, "Wish I knew what I wanted in life . I just swam to be sprawling into a deep dark hole I ca not get out of", []], [708374, 4, "me.do not say it like you are at the end of the life already -_+you are just 21 .sighhcheer up", ["✨"]], [1036562, 3, "think position have this dark time will also go away", []], [1400424, 2, "you can get gutta it", []], [1501141, 1, "you can.i can.i have been thinking the same but assure yourself that you will ", ["❤"]]], "speakers": {"J0117:(": 0, "RN RN": 1, "Shail❤": 2, "unrealistic ❤️😘": 3, "Fun Paleontologist": 4}}]