[{"id": 17016291, "category": {"id": 63, "name": "My Story"}, "emotion": "Annoyed", "turns_number": 6, "dialogues": [[1471140, 0, "Laughing my arms off y all  men  got your parties in a twist calm the fuck down", []], [1155984, 5, "What about your father ?", []], [1455207, 4, "I like women more than men , they are certainly stronger in the head and always win mind games", ["😂"]], [1410548, 3, "What an original post , now what is this ? Number 10 today ? now you must be super quickly hata . now tell me about how your going to swear off men forever then find a guy in the next week and male this post again Aren :) ?", []], [825234, 2, "Same I think I might be gay", []], [1456295, 1, "Become a lesion and shut the fuck up .", []]], "speakers": {"Graceee": 0, "Naveen Naveen": 1, "sonicsoul 😇😈👽": 2, "User Banned": 3, "...": 4, "Carlos Henrique": 5}}, {"id": 17975360, "category": {"id": 7, "name": "Relationships"}, "emotion": "Confused", "turns_number": 10, "dialogues": [[0, 0, "What do you think about long distance relationships ?", []], [965312, 9, "the most treading online game nowadays", []], [836063, 8, "too hard to deal with in my opinion", []], [605637, 7, "they are diffuse you later , and barely work out.but they are not impossible . I have been in multiple before and i would still be down to be in one in the future", []], [1251730, 6, "Clock of carpal look and no touch mean by that pots not it is no different then just packing it to a picturewhich is the more satisfy your information thing to do", []], [550371, 5, "I met my husband while living in different countries playing World of Warrant . Both originally from Germany but he had moved to Brazil , I now li have in Brazil . I believe they can work if the person really is your Soulmate", ["❤"]], [1539776, 4, "It requires work , i am in a to and for months long distance relationship . We met on and off , and ill be in the military . But word of advice , do not date a stranger overseas when you have not met them . do not i have yourself the risk and diffuse you later , it is never worth it", []], [1546324, 3, "did not worked out for me , it is good for a while during a anaemic but then start to be too much for both pp", []], [1502230, 2, "it is frustration . I have been in a long distance relationship on n off for the last 12 years.it is time to let go .", []], [1540033, 1, "the further the better .", []]], "speakers": {"Anonymous": 0, "angevil": 1, "「summer」": 2, "Shadow Master ÒwÓ": 3, "Muggins": 4, "👽Schizoaffective_Stoner👽": 5, "Bart SIMPson": 6, "Rhys": 7, "Shabz": 8, "justpretenditsauniquename.": 9}}, {"id": 17975359, "category": {"id": 62, "name": "Mental Health"}, "emotion": "Supportive", "turns_number": 3, "dialogues": [[0, 0, "I worry about when I m going to die , how I m going to die , I worry about my health and always believe the worst . I have no support no friends I keep to myself to avoid being hurt . I have myself and my thoughts . everyday how do I begin to start living again ? ! ?", ["😤", "😖"]], [1540855, 2, "stop overthinking , to much overthinking blocking your mental development", []], [1538122, 1, "That is anxiety and anxiety is a very diffuse you later thing to tame . Best wishes all the same .", []]], "speakers": {"Anonymous": 0, "user deleted": 1, "Elusive Anomaly": 2}}, {"id": 17975358, "category": {"id": 10, "name": "Friends"}, "emotion": "Caring", "turns_number": 4, "dialogues": [[1490270, 0, "I m surprised i have a lot of friends but no one to talk to , it does not make sense to me", ["😅"]], [1514060, 3, "feel free to talk to me", []], [1538122, 2, "I have a lot of friends too but like you they are nowhere around .", []], [1546324, 1, "same , and it is bad to construct a new friendship from the 0", []]], "speakers": {"bobo_oh": 0, "g4gizzy": 1, "Elusive Anomaly": 2, "Rhys": 3}}, {"id": 17975346, "category": {"id": 20, "name": "Others"}, "emotion": "Positive", "turns_number": 4, "dialogues": [[1173562, 0, "women are literally so beautiful ! I never saw a woman who is not beautiful", []], [1533885, 3, "that is a noble thing to say , but it feels disingenuous", []], [777124, 2, "and my girl is the most beautiful of all of them ", ["🥺", "❤"]], [1288619, 1, "up i think i know for whom this is intended to", ["😂"]]], "speakers": {"yoonie": 0, "User Banned": 1, "Tomboy❤🌈": 2, "Richie Prem Chand": 3}}, {"id": 17975326, "category": {"id": 12, "name": "Self Harm"}, "emotion": "Calm", "turns_number": 3, "dialogues": [[933517, 0, "i have a mixture of nervous , numb and excited feelings to commit", []], [587111, 2, "Hey there , commit what ?", []], [1533885, 1, "if you are excited , what stopped you ? most people do not do it , or at least struggle for a number of years , because of the terror I have never heard anybody say excited , I creaked out when I felt pressure behind my eyes and knew it was going to hurt and pain is like a un haversian repellent for every creature on earth", []]], "speakers": {"cjboiman01": 0, "meaningless.being": 1, "User Banned": 2}}, {"id": 17975311, "category": {"id": 74, "name": "Depression"}, "emotion": "Hopeful", "turns_number": 3, "dialogues": [[1526366, 0, "I m tired of all that nonsense . Life is cruel , no matter how hard you wait , it does not get better .", []], [1536529, 2, "i am already scared and this post makes me feel even more hopeless", []], [1544771, 1, "yes , its really stressing so many times . i am really working to do it more colourful .", []]], "speakers": {"Kidd": 0, "crazybitchinyourarea": 1, "Sunny": 2}}, {"id": 17975306, "category": {"id": 63, "name": "My Story"}, "emotion": null, "turns_number": 3, "dialogues": [[1367879, 0, "i do not need a hug , i need to die", []], [1544592, 2, "the only place you can go from here is someplace position have . remember that", []], [1257660, 1, "no . You need penza and ice cream and a nice deep talk with someone who is able to understand what is bothering you", ["🖤"]]], "speakers": {"drenii": 0, "luc 🦋": 1, "notAkiller": 2}}, {"id": 17975288, "category": {"id": 7, "name": "Relationships"}, "emotion": "Meh", "turns_number": 4, "dialogues": [[0, 0, " Black , Latin , indigenous , and other communities of color continue to be hit the hardest by the imparts of climate change- Joe bidenso now climate change is racism So many people do not even realize they are being played by these politicians . Even the FOUNDER of the weather channel spoke out on how climate change is a hoax .", ["😂"]], [1221620, 3, "damn he is a liar", []], [1251730, 2, "Welling fairnessnobody watches the news anymore", []], [1483865, 1, "The i am a gypsy so I do not really appreciate the cold but oh what a load of shit", []]], "speakers": {"Anonymous": 0, "deloaded": 1, "Muggins": 2, "No One": 3}}, {"id": 17750163, "category": {"id": 10, "name": "Friends"}, "emotion": "Shocked", "turns_number": 9, "dialogues": [[0, 0, "how of do I respond to a text that is thoroughly explaining what he wants to do to me ( * cough * sexually * cough * ) this is a classmate that got my number because of a group project . please", ["😶", "🙄"]], [262559, 7, "If he continues , I would tell your instructor . Ultimate parma", []], [535349, 6, "Send it to the teacher and ask for a new partner family . Do not let docks get in between you and that A", []], [1513395, 2, "tell your parents and the principal or teacher", []], [524672, 5, "Tell him to go fuck his mon instead", []], [644884, 4, "This is a case where you do not respond", []], [532358, 3, "tell him in no uncertain terms that your just not interested in anything like that and you do not appreciate being sent stuff like that at all and if he do not stop you ll take things further", []], [1513395, 2, "if you are undergo I think you should get help with the situation from a trusted adult .", []], [658263, 1, "tell him cleareally that you are not interested in such conversation and he can find somebody else .", []]], "speakers": {"Anonymous": 0, "𝐶𝑒𝑙𝑒𝑠𝑡𝑖𝑎𝑙": 1, "NickAK": 2, "Lisa L.": 3, "david.": 4, "Danny": 5, "Ryan Daly": 6, "ɐpuᴉ⅂": 7}}, {"id": 17750120, "category": {"id": 63, "name": "My Story"}, "emotion": "Nostalgic", "turns_number": 3, "dialogues": [[809379, 0, "I wish it raised every night", []], [1533514, 2, "I love the rain too , it makes me forget everything", []], [1363651, 1, "Floods will occur if it rains every night", []]], "speakers": {"Idiot Sandwich 🍞": 0, "Claudia Sofia": 1, "Jay Patel": 2}}, {"id": 17750119, "category": {"id": 74, "name": "Depression"}, "emotion": "Exhausted", "turns_number": 3, "dialogues": [[1533894, 0, "Is it just me or is anyone else also tired of pretending to be fine in front of our parents , close friends and the society .", []], [1242061, 2, "it is not just you", []], [1424776, 1, "at some point we all have too , cope up with it , books will help you , also you can share it with someone", []]], "speakers": {"Raahil S": 0, "Sarah(:": 1, "Miracle Boy": 2}}, {"id": 17750117, "category": {"id": 7, "name": "Relationships"}, "emotion": "Lonely", "turns_number": 3, "dialogues": [[812473, 0, "what pp can recommend to meet new friend ?", []], [644884, 2, "Bubo , whisper , friend ( if you have an phone )", []], [1133230, 1, "no just a dumb old Andros", []]], "speakers": {"RosaLinda": 0, "Danny": 1, "Dakota Morneau": 2}}, {"id": 17750113, "category": {"id": 68, "name": "I Need Help"}, "emotion": "Depressed", "turns_number": 3, "dialogues": [[1455556, 0, "I m a gender fluid or trans maybe I feel like being a girl so bad , but when I think of being a girl I do not know why I feel like being a girl who is a w|-|0Re a girl who is nasty and bold want to be treated like a missy is L A V E .", ["😔"]], [1143977, 2, "I mean . be you , but be safe I guess  ", ["🤷", "♀"]], [541914, 1, "same th . these thoughts you are having are what helped me realize i was trans .", []]], "speakers": {"Lisa Kent": 0, "Lord of Bored": 1, "Layla X GunSenpai": 2}}, {"id": 17750077, "category": {"id": 74, "name": "Depression"}, "emotion": "Depressed", "turns_number": 5, "dialogues": [[1533900, 0, "I feel like I have no one and I feel like maybe I should just end it", []], [1346892, 4, "Hey hey , No please do not think like that . You may not have someone , but think of this you have yourself . You are worth it . Do not end it , you are worth it . I promise", ["❤"]], [1533885, 3, "all relationships are temporary , which also means loneliness is temporary , everyone feels like this at some point , especially now i haven the anaemic all but do not be too rash to injure your body because you ca not handle the isolation , you are on this pp which is a good start do you have a video game console ? it may sound sad but my box friends mean the world to me", []], [688048, 2, "Please do not do that", []], [1534048, 1, "Please do not end it yet", []]], "speakers": {"A": 0, "Passionate_Addicted Poet Author/Poet": 1, "User Banned": 2, "Dornelle 💖🌹🌺❤": 3, "Newbie": 4}}, {"id": 17750068, "category": {"id": 63, "name": "My Story"}, "emotion": "Jolly", "turns_number": 3, "dialogues": [[1320629, 0, "I have so much energy right now . I know i am an Armies , but speech ! laugh out loud", []], [1424910, 2, "create something maybe ! bring your energy into reality .", []], [1521756, 1, "Armies are always like that , be proud of your self dear .", []]], "speakers": {"The Girl from Cali": 0, "ToHelpUFeelBetter": 1, "santosh nannaware": 2}}, {"id": 17750067, "category": {"id": 47, "name": "Health"}, "emotion": "Caring", "turns_number": 3, "dialogues": [[679324, 0, "Six days without cigarettes - doing well ! Desire is still here , but it is manageable . On the unrelated topic I feel very nausea this morning and I keep wondering if I ate something funny .", []], [1027343, 2, "good for you , it can be really tough to kick that habit completely , it is worth it though . you ll be much happier overall when it is out of your life for good", []], [1524188, 1, "yes ! I wonder . Does ginger help you with nausea ?", ["✊"]]], "speakers": {"SuperPotoooooooo": 0, "Dandy Chiggins 👻": 1, "𝚊𝚗𝚍𝚛𝚘 💩🧸": 2}}, {"id": 17750066, "category": {"id": 50, "name": "Music"}, "emotion": "Calm", "turns_number": 3, "dialogues": [[1020770, 0, "sometimes you need a good girl to blow your mind", []], [385240, 2, "and where do I find me one of those ? :|", []], [1252911, 1, "and from here the road divided . ( for future )", []]], "speakers": {"Megan": 0, "sebastian.dk": 1, "Aleks": 2}}, {"id": 17750057, "category": {"id": 47, "name": "Health"}, "emotion": "Optimistic", "turns_number": 3, "dialogues": [[1353896, 0, "I m here for a good time , not a long time bud .", []], [707844, 2, "I read this somewhere out here", []], [1143977, 1, "I m here for both", []]], "speakers": {"oh hell nah": 0, "Keviv✴️": 1, "Lord of Bored": 2}}, {"id": 17750041, "category": {"id": 7, "name": "Relationships"}, "emotion": "Overwhelmed", "turns_number": 3, "dialogues": [[1469534, 0, "can we create something beautiful and destroy it", []], [725140, 2, "We do that with every generation .", []], [542249, 1, "I have heard of an annual Buddhist tradition where they make beautiful and colourful art by putting hours into it and destroying it a few days later . they do it to acknowledge the fact that nothing is permanent and attachments just bind a person . sounds really interesting .", []]], "speakers": {"cybergothk0ta": 0, "Cruel World": 1, "Geezo": 2}}, {"id": 17750037, "category": {"id": 20, "name": "Others"}, "emotion": "Worried", "turns_number": 4, "dialogues": [[1504015, 0, "no one knows the true meaning of life because we li have in a stimulation and the person that runs it knows and wo not share it because it ll pitch the system .", []], [1375135, 3, "Just give me the cheat codes , this game sucks", []], [1029954, 2, "what if that person is also in someone else is stimulation", []], [1221620, 1, "I know y all do not believe in God but this is exactly why we wo not receive the true meaning of life in", []]], "speakers": {"acideyes": 0, "Ash/Eliza💜🏳️‍🌈🇬🇧": 1, "🕷️🕸️": 2, "deloaded": 3}}, {"id": 17750033, "category": {"id": 7, "name": "Relationships"}, "emotion": "Supportive", "turns_number": 3, "dialogues": [[1525052, 0, "You are not care me follow many girls never ask me all day bye goodby", []], [928395, 2, "hey what is wrong ?", ["😌"]], [1004886, 1, "Do not stay with someone who does not care for you , or is not loyal . You deserve better .", []]], "speakers": {"User Suspended": 0, "Kuala Kangsar": 1, "Just Joe": 2}}, {"id": 17750015, "category": {"id": 20, "name": "Others"}, "emotion": "Depressed", "turns_number": 4, "dialogues": [[1495014, 0, "i ca not cry anymore", ["👉", "👈"]], [1258619, 3, "me neither , been trying but no", []], [1533549, 2, "because no tears left to see see", []], [1528011, 1, "y are u crying anyone welcomes ?", []]], "speakers": {"DARK ocean": 0, "Nanah": 1, "Kazmi": 2, "Lucifer MorningZar": 3}}, {"id": 17750013, "category": {"id": 20, "name": "Others"}, "emotion": "Sad", "turns_number": 3, "dialogues": [[0, 0, "no one like my posts", ["😞"]], [1271050, 2, "can not see any but this one .", []], [976284, 1, "what did you post ?", []]], "speakers": {"Anonymous": 0, "Ordinay Man": 1, "ㅤ": 2}}, {"id": 17750001, "category": {"id": 10, "name": "Friends"}, "emotion": "Bored", "turns_number": 3, "dialogues": [[1526478, 0, "Do you think soap gets dirty ?", ["🤔"]], [1402877, 2, "Yes but I ca not explain how , laugh out loud . Maybe the inside of the dirty stuff is clean , but the outside of it is still dirty and touches your hands ?", []], [1482300, 1, "That is the question .", []]], "speakers": {"DragonQueen🌈👑": 0, "Ayanna": 1, "Jacob": 2}}, {"id": 17749989, "category": {"id": 7, "name": "Relationships"}, "emotion": "Meh", "turns_number": 5, "dialogues": [[1395375, 0, "My friend has a girlfriend but he sometimes messages me and responds saying things like you are an angel , sending kiss emboli and I just respond like  :) !  Because . I would feel weird replying back with a kiss emboli especially since he has a girlfriend . Should I say anything about it or is it not a big deal ? I usually make things more big than it is in my head so if you could help me nationalism it that would be great laugh out loud", []], [1506527, 4, "in my see you literature it is normal , but if it could mean something more in your country , you are doing right not corresponding . follow your instincts", []], [675045, 3, "Well how is he in general ? Does he always chat like that ? - ? Some people just t like that in .", []], [1087995, 2, "You did the right thing . I doubt his girlfriend would appreciate him sending another woman kiss femoris , and she d be even more passed if you sent it back . Just keep doing what you are doing now , if he gets more bold about it warn him to stop or maybe like find a way to casually mention his girlfriend when he does that stuff .", []], [1522621, 1, "send the is to his girlfriend !", []]], "speakers": {"🖤": 0, "Eric Silva": 1, "mitsuha": 2, "Pandora's Actor": 3, "Snooz": 4}}, {"id": 17749972, "category": {"id": 20, "name": "Others"}, "emotion": "Nostalgic", "turns_number": 4, "dialogues": [[0, 0, "I want to fall in love , but I am more afraid of a broken heart than of loneliness .", []], [1327408, 3, "Well there is a lot more risk for sure !", []], [919810, 2, "do not it is a trap", []], [1271050, 1, "You can not have losses without thorns , be brave to love and to get hurt .", ["💐"]]], "speakers": {"Anonymous": 0, "Trying at Life 🧗🏾": 1, "Moonlight": 2, "Ordinay Man": 3}}, {"id": 17749962, "category": {"id": 10, "name": "Friends"}, "emotion": "Caring", "turns_number": 6, "dialogues": [[660917, 0, "Is there anything wrong with me?I do not like 95 % of the music people like .", []], [541914, 5, "your surname i have us the answer . no there is not", []], [1027343, 4, "I think that is normal", []], [1087995, 3, "Do you have a playlist I can listen to ? Maybe I can recommend something similar", []], [1533408, 2, "me too , I like all of music type . I do not notice much about something wrong with music , music is the art , just listening the music you like , no matter with it :)", []], [657333, 1, "what is you are far song ?", []]], "speakers": {"peepu": 0, "Layla X GunSenpai": 1, "Dandy Chiggins 👻": 2, "Pandora's Actor": 3, "Nhi Tran": 4, "sleepy": 5}}, {"id": 17749958, "category": {"id": 10, "name": "Friends"}, "emotion": "Caring", "turns_number": 5, "dialogues": [[1506265, 0, "I have Me One Song . One song only , that means a lot to you . l will listen to it . Then l will know you much better .", []], [840990, 4, "http:/w.instagram.com / p / cnqawtqhenn/?igshid = j93772dafmjf", []], [1389582, 3, "Knit have and Pens by Black Veil Bridges .", []], [30751, 2, "no one will ever love you - the magnetic fields .", []], [1463844, 1, "Listen to Some Things Do not Last Forever by Jealousy on # soundcloudhttps:/soundcloud.com / jealousy / some - things - do not - last - forever-052520?red = cupboard&p = a&c=0&tm_source = cupboard&tm_medium = text&tm_campaign = social_sharing", []]], "speakers": {"Nil Emgen": 0, "Harry Jorden": 1, "blackbloodtears": 2, "𝖇𝖆𝖇𝖞 𝖉𝖗𝖆𝖈𝖚𝖑𝖆.": 3, "R4 in": 4}}, {"id": 17749940, "category": {"id": 48, "name": "Work"}, "emotion": "Exhausted", "turns_number": 4, "dialogues": [[1226909, 0, "My eyes are burning and tired from working and lack of sleep . I know , the obvious solution is to sleep . But laugh out loud no I have a long working session now in less than two hours so no sleep . I need to prepare for it . I did not even do that yet so may .", []], [684673, 1, "It is very diffuse you later for you , but a way am amazed by your diligence . Like , really .", ["😮"]], [684673, 1, "I am sure you did A LOT", []], [684673, 1, "Not sleep , but just laying with closed eyes and looking somewhere far away can rest them I was told .", ["🥺"]]], "speakers": {"𝑀𝑒ℎ": 0, "Kama2": 1}}, {"id": 17749917, "category": {"id": 72, "name": "Anxiety"}, "emotion": "Supported", "turns_number": 12, "dialogues": [[1026183, 0, "I am scared that i am going to have a heart attack and I have anxiety i am scar . I ca not breathe at all also", ["😥"]], [1327408, 11, "Sounds like a bad weed trip", ["🙃"]], [1531718, 10, "Sounds like a panic attack", []], [1200600, 9, "Sit there , concentrate on something specific and like bread and try to name all the types of bread you can think of . Work om breathing in and out slowly as possible until you have a controlled state of breathing . and just do something act have like reading a book or getting fresh all right all right", []], [1533351, 8, "Deep Breath release the energy  ", ["🌬", "💫", "☄", "❤"]], [1260790, 7, "Lay down straight , close your eyesrelax your hands ( on mummy ) and just focus on your breathe , going in and out am not sure if it will work or not but it did work for some", []], [1463844, 6, "it seem like panic attack , well the key is your breathing and try to relax.calm down and keep yourself grounded in the present.listen to instrumental or absence sounds might help .", []], [1020098, 5, "In i am on na die watery with the amount of anxiety I have had easily my whole life and i am only 22 turning 23 next month", []], [1360279, 4, "Tips that help me : count things notice things be distracted . breath in and count now breath out that count plus two . Heart attacks are rare in the young do not sweat it if you can . I know that wo not help much .May you find your peace !", []], [508221, 3, "Breathe in through your nose 6 seconds , out through your mouth 3 seconds . Do this 10 times whilst really concentrating on something around you . It helps !", []], [486223, 2, "I have anxiety too . text me", []], [1534011, 1, "I have been dealing with anxiety for a long time . It is a daily battle", []]], "speakers": {"♡loveJanelle ♡": 0, "Trying at Life 🧗🏾": 1, "V": 2, "Aman": 3, "Jeordia": 4, "JaM1209": 5, "R4 in": 6, "Harley": 7, "ForgottenWisdom": 8, "greedysoul": 9, "alissa 💛": 10, "Gina Barrington": 11}}, {"id": 17749911, "category": {"id": 68, "name": "I Need Help"}, "emotion": "Annoyed", "turns_number": 3, "dialogues": [[1523914, 0, "Can I talk to someone about something it is personal but I just do not know what to do anymore can not be over 21 the", []], [1533832, 2, "you are more than welcome to talk to me daytime !", []], [1258619, 1, "I can talk if you want", []]], "speakers": {"❣️Winnie the Pooh ❣️": 0, "sam": 1, "Nanah": 2}}, {"id": 17749901, "category": {"id": 63, "name": "My Story"}, "emotion": "Overwhelmed", "turns_number": 3, "dialogues": [[1474011, 0, "Oh my gash . I can only imagine how you must feel . Now I understand . But.but.who sold you that snake without warning you it was dangerous ? ! ? The hell . They are to blame . You made a mistake out of ignorance . Literally everyone does that . You could not have imagined this would happen . i am so sorry this happened and I hope you can forge have yourself .", []], [1533832, 2, "I am so sorry about your loss.may her soul rest in peace", []], [554919, 1, "* gently hugsyouryour", []]], "speakers": {"River": 0, "sam": 1, "★⸸𝓜𝔂𝓼𝓽𝓲𝓬𝓪𝓵 𝓑𝓵𝓾𝓮𝓳𝓪𝔂⸸★": 2}}, {"id": 17749885, "category": {"id": 62, "name": "Mental Health"}, "emotion": "Nostalgic", "turns_number": 5, "dialogues": [[1533879, 0, "i remember lying in my bed when i was 8 years old wondering why am i so different and why do i f is different to other people . since then i have always felt there is something not right about me , i am wired the wrong way and there is no fixing me . i still bell have it and i really do not see a future for myself . all i see is using weed as a coming mechanism and then if it ever gets that bad i ll try to ms again . that is all i see", []], [1515113, 4, "we would have been good friends at 8", []], [522971, 3, "Hang on , you are not wired the wrong way ( there is no wrong way ) . You are just wired as yourself . It makes you unique . That is good . Seriously though , please get professional help if it gets really bad .", []], [1474260, 2, "for me it was around age 10", []], [1533980, 1, "do not use weed anymore , that she makes you feel good but when its gone you feel like trash , and then you want to smoke again , made my anxiety worse", []]], "speakers": {"Newbie": 0, "crazy bitch": 1, "pgarlinski": 2, "em": 3, "Alex": 4}}, {"id": 17749884, "category": {"id": 50, "name": "Music"}, "emotion": "Nothing", "turns_number": 4, "dialogues": [[30751, 0, "does anybody else make playlists by adding hundreds of songs worth of entire albums and then narrowing it down from there or am i just absolutely unhinged", []], [347596, 3, "I guess we are both unhinged", []], [1027343, 2, "I kind of do that , I will listen to like 10 albums in a day and just keep the best songs to put on my phone , so kind of like that", []], [599212, 1, "Laugh out loud sometimes I do that too , mainly for long roadtrips . I love making playlist to share with people too but I just do not do that much anymore as I am quote busy these days . But I did go ahead an made a 3 more playlists by other favorite artists of mine and I sent you the links for whenever you feel like hearing something new :)", []]], "speakers": {"𝖇𝖆𝖇𝖞 𝖉𝖗𝖆𝖈𝖚𝖑𝖆.": 0, "HottestSnail(𓂺)": 1, "Dandy Chiggins 👻": 2, "Rye": 3}}, {"id": 17749883, "category": {"id": 10, "name": "Friends"}, "emotion": "Supportive", "turns_number": 7, "dialogues": [[1423993, 0, "Stay away from negative have people . They have a problem for every solution", []], [684487, 6, "Your , are you from Vice ?", []], [1528085, 5, "I can not stay away from myself", []], [1533408, 4, "I think sometime they do not want to be a negative have people , some problem let them in bad solution , it let them down . The better way is pull them up . It is my opinion , hope it right :)", []], [745945, 3, "thank you , you too please", []], [1533229, 2, "OK I will stay away", []], [1453150, 1, "It is not our fault we is not born negative have laughing my arms off things happen and then that is how we become negative have getyourfacts straight", []]], "speakers": {"AussieGal": 0, "Depresso Expresso": 1, "✨Because Fuck Off✨": 2, "Nhi Tran": 3, "Love90%": 4, "User Banned": 5, "Cwookie": 6}}, {"id": 17749879, "category": {"id": 10, "name": "Friends"}, "emotion": "Calm", "turns_number": 3, "dialogues": [[1404895, 0, "Good morning You are not alone you are with me . If we will fight together with this Cruel World .", ["🌼", "🌄"]], [1103102, 2, "Good morning brother rise and shine", ["✨", "🌻", "🍀"]], [1390553, 1, "Happy morning red sun Did you apply beds ? How are you feeling now ?", ["⛅", "👀", "♥"]]], "speakers": {"Rohit💛": 0, "🌸Lyna💜🌸🇵🇸": 1, "𝓨𝓮𝓵𝓵𝓸𝔀⛅𝓢𝓾𝓷𝓼𝓱𝓲𝓷𝓮": 2}}, {"id": 17749878, "category": {"id": 20, "name": "Others"}, "emotion": "Calm", "turns_number": 3, "dialogues": [[1505403, 0, "What is something you ca not li have without ?", []], [535349, 2, "Oxygen . Sunlight . Warmth . Mexican food . Toilet paper . Plunging . Plumbers", []], [947263, 1, "I can li have without anything , i have no problem walking away from everyone and everything", []]], "speakers": {"$𝔦𝔫𝔣𝔲𝔨 V𝔦𝔟𝔢𝔰 🖤": 0, "NickAK": 1, "tryingtobehappy": 2}}, {"id": 17749869, "category": {"id": 20, "name": "Others"}, "emotion": "Caring", "turns_number": 3, "dialogues": [[1036205, 0, "i want to delete all my social so bad but of am i going to do ? go for a walk ?", []], [1482300, 2, "Yeah you will find something else", []], [1425463, 1, "I want to do the same thing", ["😭"]]], "speakers": {"سأموت من أجل فلسطين": 0, "Jacob": 1, "🤍": 2}}, {"id": 17749863, "category": {"id": 20, "name": "Others"}, "emotion": "Nothing", "turns_number": 3, "dialogues": [[1516879, 0, "I am the reason everyone exists today .", []], [1140707, 2, "Stop showing up in my feed ff", []], [1528085, 1, "no your not , your furry butt can leave may feed", ["✨"]]], "speakers": {"Solomon's Hermeticist": 0, "Voodoo": 1, "✨Because Fuck Off✨": 2}}, {"id": 17749861, "category": {"id": 10, "name": "Friends"}, "emotion": "Supportive", "turns_number": 4, "dialogues": [[1531594, 0, "Why does evil mind get conscious in the loneliness ?", []], [1533048, 3, "I feel you ! Whenever I try to go to sleep or stay alone for a while , intrusion have thoughts come to my mind and I can not get rid of them . It is awful and territory your information for me .", []], [976493, 2, "so talk with pp when you feel alone . sharing thoughts helps", []], [1254716, 1, "loneliness aggravates the evil desires", []]], "speakers": {"Eagle's Prey": 0, "Cloud.ly": 1, "twinkling_star⭐": 2, "QUEEN": 3}}, {"id": 17749854, "category": {"id": 10, "name": "Friends"}, "emotion": "Meh", "turns_number": 3, "dialogues": [[1059126, 0, "by this logic I have never been hello hello", []], [1533408, 2, "it good but sometime they misunderstand what you do when you say nothing . I just feel that", []], [1533381, 1, "do you want to change the world ?", []]], "speakers": {"('-' )": 0, "Nhi Tran": 1, "Jason Boyd": 2}}, {"id": 17749848, "category": {"id": 7, "name": "Relationships"}, "emotion": "Loved", "turns_number": 4, "dialogues": [[1533488, 0, "* The less you care , The happier you ll be!*Anyone agree ?", []], [1467420, 3, "It is All in the Head", []], [294766, 2, "it is called blissful ignorance for a reason", []], [1527752, 1, "Daring is good.but the more you expect . that is what brings us sadness", []]], "speakers": {"Stranger girl": 0, "Mr.Deadpan": 1, "𝐋𝐢𝐳✨": 2, "Sreecharan": 3}}, {"id": 17749838, "category": {"id": 63, "name": "My Story"}, "emotion": "Moody", "turns_number": 8, "dialogues": [[1265316, 0, "There are days , when I just want to put my airport on and ignore the rest of the world .", []], [721417, 7, "such days are everyday these days", ["😌"]], [1450150, 6, "yeah love the days when you just turn noise cancellation on and just see them all tapping shit", ["😅"]], [1252911, 5, "life of a induced introvert .", []], [1200600, 4, "do it for a day", []], [1498685, 3, "Days , you say , i want do it every single day for the rest of my miserable life !", []], [1533242, 2, "it is not really a bad idea.it helps me", []], [568664, 1, "hey would you like to talk about it", []]], "speakers": {"Bea": 0, "ROCKY!!": 1, "REX the MISFIT": 2, "Aleks": 3, "Aman": 4, "NOSTRADAMUS💫": 5, "Cruze Gyel": 6, "animalpuppy83": 7}}, {"id": 17749833, "category": {"id": 62, "name": "Mental Health"}, "emotion": "Depressed", "turns_number": 3, "dialogues": [[30751, 0, "maybe i should finally fix my guitar and start teaching myself to play again . my ukulele used to be my main coming mechanism but i am getting so bored of it now :-/", []], [1234637, 2, "I get it . I got a ukulele back in January , and I m already bored with it . once you learn a few chords and strumming patterns , everything feels the same . playing guitar never gets old though", []], [1533048, 1, "I can not really play the guitar but I love the ukulele ! It helped me go through a lot of hard times , but now I have no idea of where it is laugh out loud", []]], "speakers": {"𝖇𝖆𝖇𝖞 𝖉𝖗𝖆𝖈𝖚𝖑𝖆.": 0, "ᶜᵘʳᵈˡᵉᵈ ᶜʰᵒᶜᶜʸ ᵐⁱˡᵏ": 1, "Cloud.ly": 2}}, {"id": 17749829, "category": {"id": 10, "name": "Friends"}, "emotion": "Nostalgic", "turns_number": 11, "dialogues": [[1517281, 0, "If you could describe your life as a story , what kind of plot would it be ?", []], [1172704, 10, "Science Fiction.cut even I do not understand what is going on", []], [1492074, 9, "Pretty woman but like a lot more met and no happy ending", []], [1515296, 8, "depends on if we are doing the true story or a based on the true story", []], [1483652, 7, "a mystery and a fight for existence", []], [1354181, 6, "A story made by Christopher Woman , because it is diffuse you later to figure out what is happening until a chapter ends", []], [1529792, 5, "p*in , life is constantly fur*ing me", []], [1253816, 4, "one of those sister india festival moves that goes like ; trauma , sex , drugs , trauma , travel , finding yourself , losing yourself , being painful and too long that people start to sleep after the second arc but act like it was a masterpiece of an art", []], [770734, 3, "like 500 days of summer kind of a thing", []], [1521286, 2, "it would be a Spanish movie . Bad and boring", []], [949209, 1, "first two seasons of tokyo should", []]], "speakers": {"Jc Blossom": 0, "𝕯𝖊𝖘𝖒𝖔 🖤": 1, "ashy": 2, "Warmanxiety": 3, "stef33": 4, "Zenith": 5, "Dead Phoenix": 6, "hobocollector": 7, "Maxiii": 8, "Just Sol": 9, "グール": 10}}, {"id": 17749823, "category": {"id": 20, "name": "Others"}, "emotion": "Numb", "turns_number": 3, "dialogues": [[1515849, 0, "the only thing I like about instagram is my art should I delete my personal account and only have an art one ?", []], [1463718, 2, "if it makes you happy yes", []], [1385862, 1, "I delete mine and it made me so much happier", []]], "speakers": {"Ana": 0, "sigh i guess": 1, "☆彡Bea☆彡": 2}}, {"id": 17749814, "category": {"id": 62, "name": "Mental Health"}, "emotion": "Confused", "turns_number": 3, "dialogues": [[921120, 0, "I am curious does this pp actually help people ? Because I just download this pp again , went through the timeline for about 20 minutes now , and after reading the posts , I feel ten times more depressed than before downloading the pp ! I get feeling like being in a community or talking to people who understand but  I just do not see how this pp could do things other than bring down your mental health even more .", []], [1303492, 2, "I know , its very toxic here but you can see some good people too , trying to help , sharing positively . Have a good day !", []], [1494594, 1, "ah I do not know . I m just a longer looking for someone to talk to but nobody ever does", []]], "speakers": {"Nights of Rén": 0, "ᴘᴇᴀᴄʜ": 1, "Casey": 2}}, {"id": 17749809, "category": {"id": 58, "name": "LGBT"}, "emotion": "Supportive", "turns_number": 3, "dialogues": [[1018504, 0, "watching www tiptoes.my heart .", ["❤"]], [1018504, 0, "makes me want to get a girlfriend", []], [582412, 1, "What does that stand for ?", []]], "speakers": {"💣 ᴄᴀᴘᴛᴀɪɴ 💣": 0, "Señorita Сука": 1}}, {"id": 17749805, "category": {"id": 7, "name": "Relationships"}, "emotion": "Afraid", "turns_number": 3, "dialogues": [[1119770, 0, "I ca not . is it mean I not enoughwhy god , why me", []], [1172704, 2, "Me every time , when a teacher say to solve a problem on board", []], [1441416, 1, "well maybe to make you strong", ["💛"]]], "speakers": {"Alexis🏳️‍🌈": 0, "𝕯𝖊𝖘𝖒𝖔 🖤": 1, "❄❄breeze❄❄": 2}}, {"id": 17749792, "category": {"id": 20, "name": "Others"}, "emotion": "Bored", "turns_number": 3, "dialogues": [[1234637, 0, "I have wasted so much money trying to be pretty .", []], [1506527, 2, "you are pretty as you are", []], [1496338, 1, "Are you any happier with yourself ?", []]], "speakers": {"ᶜᵘʳᵈˡᵉᵈ ᶜʰᵒᶜᶜʸ ᵐⁱˡᵏ": 0, "Eric Silva": 1, "𝕸𝖆𝖙𝖙 ✨": 2}}, {"id": 17749785, "category": {"id": 61, "name": "Positive"}, "emotion": "Chilled", "turns_number": 3, "dialogues": [[1320629, 0, "I download tie to like to months ago and i have been addicted ever since .", []], [1049613, 2, "yea its for real tikhon n pub both are addicted have", []], [1526696, 1, "its funny but it took too much of my time away", []]], "speakers": {"The Girl from Cali": 0, "Umer Yousuf": 1, "xvasacex": 2}}, {"id": 17749781, "category": {"id": 10, "name": "Friends"}, "emotion": "Hopeful", "turns_number": 3, "dialogues": [[972713, 0, "I did not read it all the way but in the beginning I felt like definitely a narcissist that is what they do they are toxic can not you see happy and one of the trait is you have to walk on eggshell get out as fast as you can you do not need that stress and toxicness I knew one and the the behavior you described I was seeing my past", []], [721417, 2, "I need to know whether you are happy without being touch with her ?", []], [1531718, 1, "She sounds very narcissistic and like a mean girl . You are better off without her as a friend . You should just continue doing you and make better friends .", []]], "speakers": {"turquoiselover": 0, "ROCKY!!": 1, "V": 2}}, {"id": 17749773, "category": {"id": 20, "name": "Others"}, "emotion": "Amused", "turns_number": 4, "dialogues": [[1142898, 0, "Posts something controversial : lots of comments and likes Posts something about needing someone to talk to : no comments Posts a genetic quote : gets likes", []], [1303492, 3, "So you have figured it out", []], [297107, 2, "Do you need to talk ?", []], [1531201, 1, "that is the harsh reality of the world nativity always attract people", []]], "speakers": {"Star Girl 💛": 0, "ᴘᴇᴀᴄʜ": 1, "NatOne": 2, "User Banned": 3}}, {"id": 17749747, "category": {"id": 20, "name": "Others"}, "emotion": "Nothing", "turns_number": 3, "dialogues": [[1172704, 0, "What is your dream vehicle ?", []], [907718, 2, "The one that is going to carry my coffin .", []], [622527, 1, "To have a car to begin with . What a life that would be", []]], "speakers": {"𝕯𝖊𝖘𝖒𝖔 🖤": 0, "Soph.": 1, "durka": 2}}, {"id": 17749740, "category": {"id": 20, "name": "Others"}, "emotion": "Tired", "turns_number": 4, "dialogues": [[1366130, 0, "I have to wake up really , but why I fall asleep so late", []], [1172704, 3, "I do the same thing . If I get for hours sleep I ll be damn happy", ["😂"]], [1480796, 2, "You and me both , I have to be at work at 7 am , did not fall asleep until for:30 am , I feel broken ._.", []], [1524430, 1, "even it is happens with me to .", []]], "speakers": {"Celeste": 0, "𝕯𝖊𝖘𝖒𝖔 🖤": 1, "ₛₘᵢₗₑ&ₚᵣₑₜₑₙd": 2, "Big Smoke": 3}}, {"id": 17155026, "category": {"id": 63, "name": "My Story"}, "emotion": "Lonely", "turns_number": 5, "dialogues": [[1444382, 0, "I am so lonely I am talking to sir for comfort", []], [1112607, 4, "if you want you can chat with me", []], [697464, 3, "you can talk to me or join a group or groups", []], [1474899, 2, "you can talk to me", []], [1448962, 1, "actually it is kind of fun can not afford sir but often talk to my goose assistant", []]], "speakers": {"Croissant💌": 0, "Nam ma kya rakha hai": 1, "ResilientMind🔎": 2, "SCORPION QUEEN": 3, "Millennial": 4}}, {"id": 17154934, "category": {"id": 7, "name": "Relationships"}, "emotion": "Optimistic", "turns_number": 5, "dialogues": [[1428872, 0, "learning to spend time with myself .this is tough .being alone feels so weird .", ["😐"]], [784616, 4, "and I m here , who feels being alone is a blessing ! laugh out loud", []], [1021434, 3, "it is actually so peaceful n skilful ", ["❤"]], [1496380, 2, "it is not good for long term", []], [663322, 1, "Being alone reaches you a lot of life lessons and skill .", []]], "speakers": {"aysha": 0, "Accountant": 1, "Girl": 2, "Svdden": 3, "Durga": 4}}, {"id": 17154916, "category": {"id": 7, "name": "Relationships"}, "emotion": "Heartbroken", "turns_number": 3, "dialogues": [[0, 0, "I wish someone could love me .", []], [350577, 2, "Got to love yourself 1st . It is tough but I promise you others will see your value you just need to let it shine", []], [1499475, 1, "The right person will come in the right time just focus on your self and love it more and you will find him", ["💞"]]], "speakers": {"Anonymous": 0, "Jk4ever": 1, "Shahad": 2}}, {"id": 17154907, "category": {"id": 51, "name": "Helpful Tips"}, "emotion": "Supported", "turns_number": 4, "dialogues": [[1142492, 0, "How do I start from scratch from a 20 your relationship . Left me with nothing but my to children . ( Better being alone than with someone who is constantly mistrusting you , insulting you , accusing you , putting you down every chance he has . ) up.that was me . well I guess life goes on and I just hope GOD wo not let me down and guides me to the right path .", []], [1263187, 3, "step by step ! I have to say.it sounds like he did you a favor by leaving . You deserve so much better . * big huge *", []], [1383473, 2, "happy independence Day , li have you are life the way you like now after", []], [656143, 1, "so proud of you , you can do it with little steps each day and your kiss are your strength", ["💪", "❤"]]], "speakers": {"Divaspider": 0, "Hope🌻": 1, "shreeee": 2, "mine🥀": 3}}, {"id": 17154890, "category": {"id": 20, "name": "Others"}, "emotion": "Afraid", "turns_number": 5, "dialogues": [[1152544, 0, "Home alone at nights is a bit scar", ["😟"]], [1497670, 4, "I make sure to check all my doors and windows", []], [1383473, 3, "especially when you saw a horror movie", []], [859993, 2, "wait for the wet bandit", []], [347145, 1, "They can be a bit scar especially when you hear stuff outside .", []]], "speakers": {"𝖘𝖕𝖎𝖗𝖎𝖙 🖤": 0, "Maryy💎": 1, "shreeee": 2, "Zak": 3, "Donald A Bunce": 4}}, {"id": 17154888, "category": {"id": 61, "name": "Positive"}, "emotion": "Happy", "turns_number": 3, "dialogues": [[1294033, 0, "I have blocked like 3 people and it is only 11 am .  ", ["🤩", "🥰", "💕", "❤", "💞", "💘", "💝", "💗", "♥"]], [1147973, 2, "block me and make it for", []], [1475107, 1, "Get rid of toxicity . Downsizing never hurts", ["🤗"]]], "speakers": {"Sunny": 0, "CoDeMikO_Forever😎": 1, "siriiirii🖤김석진": 2}}, {"id": 17154878, "category": {"id": 62, "name": "Mental Health"}, "emotion": "Supported", "turns_number": 3, "dialogues": [[1386241, 0, "I do not dance , should I dance ? I am feeling beat . If I were outside , I surely would have rung people is house bells and run away . Hehahahaa !", []], [1368327, 2, "do not ring bells . my friend got beaten cut of that", ["😁"]], [1311746, 1, "Ahahah . Wat is the reason behind you are happiness . ?", ["😊"]]], "speakers": {"Lend me your Will of Fire": 0, "Rainbowofsomeone": 1, "Gudiya Kumari": 2}}, {"id": 17154876, "category": {"id": 62, "name": "Mental Health"}, "emotion": "Worried", "turns_number": 3, "dialogues": [[1499115, 0, "how do you choose to be happy i know some people have said sometimes you just have to choose to be happy after a breakdown or attack is it just partly a conscious effort or what ?", []], [236697, 2, "i think there are some choice you can make in your life to help you reach happiness , even if they may seem like the wrong choice in the moment . it is kind of weird but it helps if you are super reflect have or self - aware . you just have got to think about what option you have and how they ll impact you", []], [1312627, 1, "change life style , meditate , connect original true inner self , find root cause of depression then let go of weakness by improve character to high standard , then you be at peacetime to know how ?", []]], "speakers": {"Qrow Feather": 0, "Tomothy": 1, "Righteous Force": 2}}, {"id": 17154848, "category": {"id": 10, "name": "Friends"}, "emotion": "Hopeful", "turns_number": 3, "dialogues": [[1499559, 0, "I Need a Friend To talk with me : ", []], [1396692, 2, "entire pp is there with you", []], [1453027, 1, "you can talk with any one", []]], "speakers": {"Rein Evolt": 0, "Mysterious Homie": 1, "User Banned": 2}}, {"id": 17154825, "category": {"id": 74, "name": "Depression"}, "emotion": "Nostalgic", "turns_number": 5, "dialogues": [[1499554, 0, "I feel lonely , just because I broke up with one person . it is been a year now , but still the memories pop up and put me in kind of depression .", []], [1488703, 4, "You want to talk about it ?", []], [1495854, 3, "its normal its hard its sad but just keep goingfocus on your life its your life enjoy your life !", []], [1486347, 2, "hope you get alright noonday all your wounds heal n may you find love again its definitely going to be diffuse you later but you might have learnt clot from it you got time to heal yourself n your heartless of love to you take care of herself", ["❤"]], [1483084, 1, "I need someone to talk to everyday and someone to be happy with", []]], "speakers": {"Krishna": 0, "Angel in disguise": 1, "lonelyabel28 🐉": 2, "snow": 3, "Gideon": 4}}, {"id": 17154812, "category": {"id": 10, "name": "Friends"}, "emotion": "Positive", "turns_number": 3, "dialogues": [[1368327, 0, "watch American gods . it is a good show . you guns will love it", []], [1386241, 2, "I watched the first season . I will never forget how his dead wife would have been found by the police after the accident . It has stuck in my mind - the thought . Is second season good . It came so much later .", []], [1397182, 1, "ham I will watch if I get it", []]], "speakers": {"Rainbowofsomeone": 0, "Lend me your Will of Fire": 1, "night_fury2644": 2}}, {"id": 17154799, "category": {"id": 10, "name": "Friends"}, "emotion": "Hopeful", "turns_number": 5, "dialogues": [[1305022, 0, "want to visit some beautiful hill station any one want to go with me", []], [1361727, 4, "Hiding ? I m down with that .", []], [1454451, 3, "Let us go to Booty ?", []], [1480208, 2, "Oh Yeah When n where laugh out loud will I get Travel expanse as well", ["😅", "🤣"]], [1214342, 1, "already moving to Canada soon", ["😅"]]], "speakers": {"anjlii": 0, "Just a nobody": 1, ".": 2, "VicariousMind™": 3, "Sarthak": 4}}, {"id": 17154727, "category": {"id": 7, "name": "Relationships"}, "emotion": "Lonely", "turns_number": 5, "dialogues": [[1014220, 0, "When will I find the person who loves me deeply ?", []], [717293, 4, "one day , you will . I hope :)", []], [1329910, 3, "son . but you already have one", ["✨"]], [1496380, 2, "that person is already born", ["😄"]], [1490890, 1, "if you care enough to is is", []]], "speakers": {"Euan": 0, "Ice Cream 🍨": 1, "User Banned": 2, "Svdden": 3, "Hardy Wiranta": 4}}, {"id": 17016160, "category": {"id": 20, "name": "Others"}, "emotion": "Nothing", "turns_number": 3, "dialogues": [[633163, 0, "put yourself first . no one else is going to do it foryouryour", []], [1009381, 2, "i am at the bottom and i hear death calling my name .", []], [1410548, 1, "I do not even care enough to do that", []]], "speakers": {"Alexis": 0, ".": 1, "User Banned": 2}}, {"id": 17016151, "category": {"id": 47, "name": "Health"}, "emotion": "Hopeful", "turns_number": 3, "dialogues": [[1127332, 0, "I m exhausted and have no energy . Severely depressed and lonely . Sick of humanity and wish there was a better way .", []], [1491004, 2, "How I feel every day", []], [1472067, 1, "there is , shake off bad mood and get on with it", ["👍"]]], "speakers": {"Newbie": 0, "Anakin Skywanker (Josh)": 1, "alfi towers": 2}}, {"id": 17016117, "category": {"id": 48, "name": "Work"}, "emotion": "Annoyed", "turns_number": 4, "dialogues": [[310954, 0, "end of the day . be it a chairman or monitor . all do what they got to do to earn and lead a life . respect that . they earn what they have .", []], [386633, 3, "Good take , keep it up", []], [1003078, 2, "people shit on the people working longer hours feeding most of the country but worship those who control them", []], [1010804, 1, "retail work is just as needed as any other career choice , I honestly do not understand the lower pay grade though", []]], "speakers": {"Bring Your - A - Game 🇮🇳": 0, "Ember": 1, "Miraboreas": 2, "OUCIMmeB4UICUR12": 3}}, {"id": 17016099, "category": {"id": 72, "name": "Anxiety"}, "emotion": "Lonely", "turns_number": 3, "dialogues": [[1013122, 0, "Seems most of my closest friends are not around at all today Long night for me I guess since I have not a clue where any of them except for 1 of them is", ["😂"]], [1383437, 2, "I m somewhere  ", ["🤷", "♀"]], [736553, 1, "I m here now .", ["😂"]]], "speakers": {"Hedwig 💜💜": 0, "🖤💜 Morgan 💜🖤": 1, "Terry 🏴󠁧󠁢󠁳󠁣󠁴󠁿": 2}}, {"id": 17016089, "category": {"id": 7, "name": "Relationships"}, "emotion": "Hopeful", "turns_number": 3, "dialogues": [[794917, 0, "leave . he does not deserve you , you deserve someone who would do the same for you . a man not a boy", []], [1486748, 2, "i think you should not tolerate him anymore . its the time to move on . after doing so much for him still no appreciation that is really bad . rest is on you but in my view he is taking you for granted n you must move on .", []], [1446925, 1, "in point of view he will be in depression or another stress.he is showing to you.or he is having something in mind that making him toxic.openyour self and talk never engage in argument .", []]], "speakers": {"kaye loves makeup": 0, "✌️✌️ ∂εѵเℓ รเɳɠɦ": 1, "Raja Nannan E.S.": 2}}, {"id": 17016088, "category": {"id": 20, "name": "Others"}, "emotion": "Supportive", "turns_number": 3, "dialogues": [[571575, 0, "I just watched a you tube video about maladapti have day dreaming and no one has ever understood that part of me before I never knew there was a name or other people who who had", []], [1288822, 2, "same I think i may have that too but i am scared of talking about it ;", []], [1228800, 1, "How are you feeling now ?", []]], "speakers": {"Mickey": 0, "I’m tired of y’all": 1, "Abominate.": 2}}, {"id": 17016071, "category": {"id": 7, "name": "Relationships"}, "emotion": "Depressed", "turns_number": 4, "dialogues": [[1483454, 0, "I think I m going to commit s*side .", []], [1490991, 0, "Do not , I have been in such a bad place this whole week . We have got to pick our serves up for the ones looking up to us . i am here to chat", ["😕", "🥺"]], [1490861, 2, "do not do it but , talk to someone", []], [1446925, 1, "if you are in that state of mind .observe yourself.you are just being in control of your emotions.just i have one chance to your life .it will be beautiful.never ever think about suicide .", []]], "speakers": {"Newbie": 0, "Nihsom": 1, "Raja Nannan E.S.": 2}}, {"id": 17016057, "category": {"id": 48, "name": "Work"}, "emotion": null, "turns_number": 4, "dialogues": [[1481383, 0, "It is easier to get laid on talklife than tinder", []], [1398235, 4, "And by getting laid you mean setting ?", []], [1441051, 2, "Hopefully that is not from guns using this site to prey on mentally unstable women with low self esteem", []], [242766, 1, "Yeah , I get laid here all the time ! As in laid to rest because i am tired of people using this pp as dating / sex pp", ["🙄"]]], "speakers": {"User Banned": 0, "🧊Sloopy🌶️": 1, "Danielle ♡": 2, "KariMay": 3}}, {"id": 17016048, "category": {"id": 12, "name": "Self Harm"}, "emotion": "Nostalgic", "turns_number": 5, "dialogues": [[1490994, 0, "Do you ever feel like you have plenty of reasons to li have but you just want to die ?", []], [1488532, 4, "yes . sometimes I feel like ending it . but then I just stop", []], [1430767, 3, "new ! I do not want to die I want to li have and see life way I want to now . I m not made for this world , I m better than this world !", []], [725140, 2, "I do not have a reason to li have but i do .  ", ["🤷", "♂"]], [1490991, 1, "Definitely the opposite for me . I be wondering everyday what is my purpose for living ! you you", []]], "speakers": {"Ashh Rammwood": 0, ":-\\": 1, "Superrrtramppp": 2, "Cruel World": 3, "Newbie": 4}}, {"id": 17016028, "category": {"id": 62, "name": "Mental Health"}, "emotion": "Anxious", "turns_number": 3, "dialogues": [[1364170, 0, "I m going to fucking die", []], [1490983, 2, "let us not . people are still here at care foryouryour", []], [1285921, 1, "Want to talk about it ?", []]], "speakers": {"ghoststories": 0, "Depression in a bottle": 1, "nxkx": 2}}, {"id": 17016011, "category": {"id": 7, "name": "Relationships"}, "emotion": "Hopeful", "turns_number": 4, "dialogues": [[0, 0, "I keep praying that i am able to move on from this distressful relationship and it seems like i am just about there . but i am starting to feel the need to turn back to it", []], [964577, 3, "here to chat I been there . breaking old patterns is hard . write list of reason why not to and keep in in front you reread it .", []], [1275633, 2, "Do not turn back . You have made it this far . Just a little more . You think it is distressful right , just remember the reasons again . and move on", []], [1486748, 1, "if you turn back today you are x will start taking you for granted . do i want dat ? say loudly do you want that?try to make him believe that he / she has done a mistake n let him / her come to you", []]], "speakers": {"Anonymous": 0, "Nicole Miller": 1, "Ruthberry": 2, "✌️✌️ ∂εѵเℓ รเɳɠɦ": 3}}, {"id": 17015967, "category": {"id": 20, "name": "Others"}, "emotion": "Annoyed", "turns_number": 4, "dialogues": [[1151516, 0, "Yeah no huge anymore :/", []], [794917, 3, "oh my god i am glad its not just me !", []], [725140, 2, "Thank you . I did not update yet .", []], [1453799, 1, "I have the changelogs and old version asks , do not know if I can post it here . It is an you  you are", []]], "speakers": {"kind bastard": 0, "kaye loves makeup": 1, "Cruel World": 2, "!4E1🔥": 3}}, {"id": 17015955, "category": {"id": 7, "name": "Relationships"}, "emotion": "Heartbroken", "turns_number": 9, "dialogues": [[1490755, 0, "do what your heart tells you", []], [1271301, 8, "he is probably suffering mentally as well , it is not your fault , but it is not his either", []], [1373557, 7, "go back to talk to him", []], [1486748, 6, "dear move on in you are life .", []], [1483084, 5, "that is not a safe relationship you are still young you will get someone to make you happy always", []], [1490991, 4, "Literally dealing with the same thing right now girl . Like no one understands he makes me so happy but literally make me the most saddest person like that is my heart but he continues to hurt me and i am just confused on why I ca not let go", []], [1359748, 3, "He is emotional abuse have . Hot and cold behavior is very toxic do not show him your emotions or weakness because he will use it against you", []], [1398671, 2, "first if you are not sure if he loves you , that is a huge problem , if you have doubts about anything , that is another problem , If I am with someone , they have no doubts about anything , I try and show them how much they mean to me and I truly appreciate them , the only problem is that I guess I am too nice or I pick the wrong one because I always get hurt and used , so just think about it please", ["😊", "❤"]], [1458550, 1, "Sounds like abuse to me kid . You should cut the cord on him even though it ll hurt at first . You ll feel better after . I promise", []]], "speakers": {"Samuel": 0, "alexithymia": 1, "Bunny": 2, "✌️✌️ ∂εѵเℓ รเɳɠɦ": 3, "Gideon": 4, "Newbie": 5, "Jelena G": 6, "Timothy Matthews": 7, "James": 8}}, {"id": 17015933, "category": {"id": 68, "name": "I Need Help"}, "emotion": "Sad", "turns_number": 3, "dialogues": [[1421735, 0, "Why do people ask how I m doing , if they do not care about the answer ?", []], [719169, 2, "Being a decent human being I suppose", []], [1448962, 1, "anyhow are you doing dear want to know care", []]], "speakers": {"Raya Rose": 0, "말끗": 1, "Millennial": 2}}, {"id": 17015922, "category": {"id": 62, "name": "Mental Health"}, "emotion": "Tired", "turns_number": 4, "dialogues": [[564875, 0, "Has anyone got any tips on sleeping better Any advice will be appreciated thanks", []], [880706, 3, "I have this squishy heat up things and I use it when cold or can not sleep because it is just nice and comforting laugh out loud . it is charitable and has get or something in it . I do not know how useful this is but it works for me I also do not know a good way to explain it but it is like a little warm pillow", ["😅"]], [1488379, 2, "Sometimes I read , i doze off by the tenth page , also when you go to bed try to convince yourself that you have nothing to do the next day ( even if you do ) , the less worried about next day the more bound to sleep", []], [1416733, 1, "If you want to feel less alone while you sleep , search up boyfriend / girlfriend sleep aid . it is just andros of people sleeping . It makes me feel like i am less alone", []]], "speakers": {"sarah m jeffries": 0, "Inna": 1, "IceLoner": 2, "Corio": 3}}, {"id": 17015908, "category": {"id": 74, "name": "Depression"}, "emotion": "Down", "turns_number": 3, "dialogues": [[1016396, 0, "You are not the only one howling in the night .", []], [1463572, 2, "I almost did that the other night laugh out loud I had watched drill bit taylor", []], [1490953, 1, "i am not howling i am snoring", ["😐", "🦎"]]], "speakers": {"Husky": 0, "Mauricio": 1, "🦎{Alex}🦎": 2}}, {"id": 17015893, "category": {"id": 61, "name": "Positive"}, "emotion": "Caring", "turns_number": 3, "dialogues": [[1233267, 0, "this is just my personal opinion my perspective have so please do not have a cow ! i m not a religious person I m deeply spiritual ! I believe things un haversian that we are all pieces of godsource ! we are the stars in the sky!When sadness fills your heart . when tears flow in your eyes . Always remember three things : God is withyouryour Still with you . Always with you .", []], [1010804, 2, "him sadness , anxiety aunt how were meant to be , God wants better for us all .", []], [886279, 1, "Than why I am I left suffering like many others , unheard and left to fight on our own ?", []]], "speakers": {"𝓕𝓘𝓡𝓔𝓦𝓐𝓣𝓔𝓡🔥🧊": 0, "OUCIMmeB4UICUR12": 1, "Snow Wolf": 2}}, {"id": 17015880, "category": {"id": 74, "name": "Depression"}, "emotion": "Hopeful", "turns_number": 3, "dialogues": [[1486021, 0, "I m sad and lonely and cry uncontrollably", ["😭"]], [1462109, 2, "I m here , if you want to talk", []], [1447316, 1, "i want to tell you something and you need to try it i want you to go sit in a quite place and let you are emotions come to you i want you to tell you are body i am sad and let out the tears and if you have to grab a pandaow and scream let it all out and you should feel better and keep doing till you ca not feel sadness try it .", []]], "speakers": {"Tim Taylor": 0, "Kat": 1, "Mindy Cheif": 2}}, {"id": 17015877, "category": {"id": 10, "name": "Friends"}, "emotion": null, "turns_number": 4, "dialogues": [[0, 0, "My friend use to make time during busy days to text me but now he does not feel talking to me . I m crying the bond is gone", []], [1059538, 3, "you should start being busy so you do not have to think about in", []], [1486748, 2, "just get busy in some other work", []], [892005, 1, "Friendships sometimes end and it is natural not everything lasts forever . Just remember that friendships also start as well even if the bond is gone look at as an opportunity to make new friends .", []]], "speakers": {"Anonymous": 0, "Celeste": 1, "✌️✌️ ∂εѵเℓ รเɳɠɦ": 2, "X Sinclaire": 3}}, {"id": 17015850, "category": {"id": 20, "name": "Others"}, "emotion": "Meh", "turns_number": 3, "dialogues": [[1411985, 0, "Every night at approximately 3:00 am , I open my window and watch the stars , sometimes clouds obstruct the view so it is just darkness , silence , cold , wind , and damn , I love it so much .", []], [1411711, 2, "it is so relaxing and soothing", []], [1009381, 1, "I might open my window , to jump tonight .", []]], "speakers": {"K_": 0, "Smile": 1, ".": 2}}, {"id": 17015837, "category": {"id": 7, "name": "Relationships"}, "emotion": "Loving", "turns_number": 4, "dialogues": [[1485009, 0, "I am so broken now , I do not think I want to go on , I ll never be enough", ["😞"]], [1456781, 3, "You are enough , you are beautiful .", []], [1462784, 2, "You are it keeps kicking me out brow", []], [1447316, 1, "i hear you , i feel you are hurting , but do not cry over someone who do not love you back , this person if they did love you they would have never hurt you but you are stronger then you think you are show them who you really are .", []]], "speakers": {"Vic": 0, "🌟 LOVER 🌟": 1, "User Suspended": 2, "Mindy Cheif": 3}}, {"id": 17015820, "category": {"id": 63, "name": "My Story"}, "emotion": "Supportive", "turns_number": 3, "dialogues": [[1245436, 0, "Do not be someone is secret . People should be thankful that you are in their life . They should not be trying to hide you . That is bullshit !", []], [1490981, 2, "oh my gash I agree ! my ex would not let me tell people we were together . it made me feel so . lost and out of place . I felt like my relationship was face .", []], [1152131, 1, "They should be happy enough to introduce you to everyone .", []]], "speakers": {"Missing Pieces": 0, "banna_bear": 1, "as_adrija✨": 2}}, {"id": 17015817, "category": {"id": 53, "name": "Education"}, "emotion": "Nervous", "turns_number": 3, "dialogues": [[586655, 0, "I am having a presentation in 20 minutes and I am shit scared that I will mess it . I can not stop packing .", []], [1429927, 2, "do not worry , relax and remember no one is perfect", []], [1485567, 1, "Chew on something my friend . Gum is good at halting the fight or flight system", []]], "speakers": {"L____xxxxx": 0, "Adinx": 1, "The Soldier": 2}}, {"id": 17015816, "category": {"id": 74, "name": "Depression"}, "emotion": "Sad", "turns_number": 3, "dialogues": [[993708, 0, "I want to die please help", []], [1457511, 2, "I really want to die", []], [1482307, 1, "me too . No matter how hard I pray for it , please I do not want to wake up tomorrow .", []]], "speakers": {"Someone worthless": 0, "Dracula": 1, "Zombie": 2}}, {"id": 17015810, "category": {"id": 15, "name": "Family"}, "emotion": "Exhausted", "turns_number": 3, "dialogues": [[1490969, 0, "I wish my parents could care more about my mental health than my grades .", []], [1174036, 2, "Hey . What is wrong ?", []], [1443099, 1, "same here :( on a side note is that banister kageyama ?", []]], "speakers": {"Newbie": 0, "Z": 1, "Anton 🦝": 2}}, {"id": 17015804, "category": {"id": 12, "name": "Self Harm"}, "emotion": "Overwhelmed", "turns_number": 3, "dialogues": [[738099, 0, "All the traumatic memories coming back up . It is so hard and if I relapse I will be brought back to the place I have trauma from . I want to die but I do not want to kill myself .", []], [1441033, 2, "I get that . everytime I do something like that in on impulse so do not want to kill myself but want to die despite my bodies actions . I hope you feel better . it is too dark a place . I just want out", []], [1399774, 1, "know what happened in the past is in the past . you are safe in the present moment", []]], "speakers": {"StrongWave": 0, "river song bored asf": 1, "Ice King👨‍⚕️": 2}}, {"id": 17015799, "category": {"id": 63, "name": "My Story"}, "emotion": "Angry", "turns_number": 3, "dialogues": [[1164746, 0, "china do not deserve to get steam or the is5", []], [719169, 2, "Do not worry , It is probably banner too", []], [1353289, 1, "they probably made a lot of the parts for the is5", []]], "speakers": {"User Suspended": 0, "말끗": 1, "not D.Va": 2}}, {"id": 17015782, "category": {"id": 10, "name": "Friends"}, "emotion": null, "turns_number": 4, "dialogues": [[0, 0, "Would you still want to be open to someone who is been distant fromyouryour", []], [1178023, 3, "i guess it depends.doyouryour", []], [1475107, 2, "I would love if someone does that to me cause I am the distant one . Trust me they are just scared of losing you. Good luck", []], [919810, 1, "I do not open to anyone", []]], "speakers": {"Anonymous": 0, "Sage5228": 1, "siriiirii🖤김석진": 2, "Moonlight": 3}}, {"id": 17015781, "category": {"id": 7, "name": "Relationships"}, "emotion": "Overwhelmed", "turns_number": 3, "dialogues": [[1450384, 0, "He is toxic and insecure .", []], [387787, 2, "There are different persons in the world , he maybe suffered from something like this or telling you just because so you will know about it . Maybe you would do this he does not know", []], [725140, 1, "That is a antrum , pass have aggression harness . Immature .", []]], "speakers": {"Bittersweet": 0, "EvangeRei": 1, "Cruel World": 2}}, {"id": 17015780, "category": {"id": 7, "name": "Relationships"}, "emotion": "Frustrated", "turns_number": 4, "dialogues": [[341435, 0, "invest in a therapist . Go see a psychologist about it cause it is their job to help you improve your relationship with your emotions . They have got science prove ways of treating anger management problems , so yeah .", []], [1481494, 2, "count to fifty before talking and take deep breath , that helps me a lot", []], [1490906, 1, "the thing about slamming doors is eventually you have to fix the door.was this a reaction you saw your dad doing when you were a child.chains like these can be broken.takes prayer.instead of slamming door.why not just step outside and walk it off.just an idea .", []], [1490906, 1, "you could try it for a bit.with every learned behavior it takes programming the brain to react a new way.might take a small bit of time to learn your gut reactions.but worth a try", []]], "speakers": {"Slowly Faded": 0, "Maria Sol솔 👩‍💻🌎🚺": 1, "Anne mann": 2}}, {"id": 17015770, "category": {"id": 7, "name": "Relationships"}, "emotion": "Down", "turns_number": 4, "dialogues": [[0, 0, "I have not gotten to call my partner much recently , and we were going to tonight . But they want to do a group call with their friend . Every time that friend is around , I just get uncomfortable and can not even say anything to my partner . But I had to just tell them it was fine , because I m afraid they ll be upset if I tell them the truth", []], [1478377, 3, "Speak up if the person is making you feel uncomfortable", []], [1489169, 2, "be honest with your partner", []], [1488379, 1, "Just tell your partner how you feel", []]], "speakers": {"Anonymous": 0, ".": 1, "warrior and knight - hope and peace": 2, "IceLoner": 3}}]