[{"id": 17993858, "category": {"id": 63, "name": "My Story"}, "emotion": "Amused", "turns_number": 4, "dialogues": [[1522851, 0, "How many of us have saved someone is reputation by not telling our side of the story ? I have been the bigger person & kept quiet but think now might be the time to expose this person for who they really are .", []], [1258757, 3, "I never stayed quiet . if someone needs outing , I m the one to do it", ["😂", "👍", "🏼"]], [1517263, 2, "I am 2nd after you . but I feel let them stay happy as they are . they will face the same .", []], [644884, 1, "Where do I sign up to watch this unfold ?", []]], "speakers": {"Laura 💕": 0, "♡Little.Miss♡": 1, "🅿🅰🅸🅽 🅺🅸🅻🅻🅴🆁": 2, "Danny": 3}}, {"id": 17993856, "category": {"id": 47, "name": "Health"}, "emotion": "Loved", "turns_number": 4, "dialogues": [[1535813, 0, "Honey is the only natural food that is made without destroying any kind of life .", ["🤤"]], [811876, 3, "Honey is collected by bees for their foetus to eat . so it is still food for baby bees", []], [1155414, 2, "is honey considered food or an enable ? just curious", []], [1547352, 1, "Honey is food for bees , so basically we are stealing from bees .", []]], "speakers": {"Mamata": 0, "Hardik Patel": 1, "A Shakesquare": 2, "Ajeet": 3}}, {"id": 17993842, "category": {"id": 7, "name": "Relationships"}, "emotion": "Frustrated", "turns_number": 3, "dialogues": [[1532951, 0, "so went out last night got punched in the face by some boy cried to my boyfriend he laughed at it then swore at his mate for joking about mental health issues and my boyfriend sticks up for his mates and does not care about my problem x", []], [1009622, 2, "the fact he laughed is kind of cruel and fed up .", []], [1528145, 1, "that is not your boyfriend . that is your enemy", []]], "speakers": {"Newbie": 0, "#GlazersOut": 1, "Ibsid": 2}}, {"id": 17993841, "category": {"id": 5, "name": "Bullying"}, "emotion": "Meh", "turns_number": 5, "dialogues": [[950002, 0, "You ll get pulled for looking ugly then ashamed if you get plastic surgery . Humans are sick and twisted", []], [1392395, 4, "ignore such attention seekers who used town by harassing others .", []], [788863, 3, "you can get pulled for literally anything so . the answer is not to care about other people is opinions , just be yourself and do what makes you feel better in your own skin", []], [1544873, 2, " Be herself but not like that ", []], [1099729, 1, "did you change your profound ?", []]], "speakers": {"Me when": 0, "notsonewbie": 1, "sеlfhаrmаgеddоn": 2, "pereshanbacha": 3, "Annabelle your sunshine": 4}}, {"id": 17993840, "category": {"id": 7, "name": "Relationships"}, "emotion": "Heartbroken", "turns_number": 4, "dialogues": [[1471683, 0, "So I asked him if it is over . He did not answer , did not even read my message . So I guess it is over . F*c that hurts so bad .", []], [1496129, 3, "yes , it hurts . Besides no one can fill that void ever . Your wounds will only heal with time.take care.welcome to the team! God I hate saying this", ["😞"]], [1547382, 2, "fuck him , you deserve way better", []], [1470229, 1, "If he can not i have you that courtesy . then he did not deserve you in the first place sucks , but the saying  Let it hurt , then let it heal  is a good one to stand by in this situation.*hug * I hope you are able to move on", []]], "speakers": {"❄ Cold flame ❄": 0, "I believe in heaven": 1, "mel </3": 2, "Mitch": 3}}, {"id": 17993837, "category": {"id": 10, "name": "Friends"}, "emotion": "Meh", "turns_number": 5, "dialogues": [[1539686, 0, "kind of wrong that people use this pp for dating and it is not for that .", []], [676428, 4, "Even the owner of this pp used it for dating until he got married", ["😅"]], [1070424, 3, "now i just want amen :(", []], [1240298, 2, "yeah true . by the way what you down tonight ?", []], [1544592, 1, "How can people date on here ? Most posts are so dark , you ll think people be like hm i am a stay away fromyouryour", ["😂"]]], "speakers": {"Ramensoups": 0, "911-iNeedSomeOne": 1, "Jason 🍩🍩🥳": 2, "idk what should I call myself": 3, "luc 🦋": 4}}, {"id": 17993835, "category": {"id": 20, "name": "Others"}, "emotion": "Meh", "turns_number": 3, "dialogues": [[1415768, 0, "I m not really living in reality today . it is not too bad though , I do not have to do stuff like shower or eat", []], [1544873, 2, "You probably should the . Take care of herself", []], [1535395, 1, "When you are so disconnected from yourself and everyone around you it is easy to forget about daily normal tasks", []]], "speakers": {"Dominic": 0, "pereshanbacha": 1, "Galactic ass": 2}}, {"id": 17993830, "category": {"id": 10, "name": "Friends"}, "emotion": "Caring", "turns_number": 29, "dialogues": [[1535852, 0, "Tell something about yourself in the comments . I will do you if we have common interests", ["😇"]], [1401197, 29, "i love to be yiddish when I m with someone special", ["😤"]], [1494183, 28, "I get angry very much , I keep on arguing , I li have alone", []], [716035, 27, "Deep conversation interests me . real talk even better .", []], [1486824, 26, "I love talking in the comments to annoy everyone who has commented", ["🙄"]], [1015094, 25, "when i feel trusty i drink water hope you got ta same interested", []], [1533977, 24, "I never want to chat or convoy on TO", []], [644884, 23, "Programming , TA , Discord , start - up and deep conversations .", []], [1535395, 18, "I am super social when i am drunk but incredibly shy when i am not but when i am with people I know i am really out there and in your face and loud", []], [1495694, 22, "Photography , gazing , travel , nature", []], [1392069, 21, "I suck at making conversation !", []], [1386676, 20, "did not read , but you are gorgeous . bye", ["🌚"]], [1543749, 19, "I m neither introvert nor extrovert . i do not understand my behavior . Moves makes me happy .that is all", []], [1535395, 18, "When i am drunk and I dance I dance like there is love flowing gutta every more of my body and I just want everyone else to dance with me and feel hello hello", []], [1491115, 17, "easy going , hate drama , intellectual", []], [1530801, 16, "i like to strangle prostitutes in their sleep", []], [1510844, 14, "well I am In med school I love moves and aime also I am trying to learn the piano . that is all I can remember about me in laugh out loud", []], [1360279, 13, "Photography woodworking and gardening ex hobbies electronics computers computer gazing religions organism ex(path science engineering ) That is the shortest I hope you find your peace !", ["😁"]], [1468123, 12, "Helping others , helpful tips , speaking of nothing going into deep conversation , nature and tattoo . My bad english the", []], [1274874, 11, "i like watching video and football", []], [1343991, 9, "I do not want you to do me , I m sure you do not want to you to do me either.so do it", []], [1544746, 8, "I m myself I m always happy and fun to chat with", []], [1535547, 7, "Do you like sun eating on a summer day followed by white wine seafood and some romance ? because if so i think you are as romantic as I am shoot me a message and we can start a conversation", []], [1528358, 6, "Money , cars , Instagram , travels , shopping", []], [1546633, 5, "The amount of comments , everyone wishing its their luck to get a DO fromyouryour", ["😇"]], [1547005, 4, "I ll like to have sex and a glass of wine", []], [1131853, 3, "I ll see when it was ended . i am tired if creep", ["😂"]], [780066, 2, "I should not be allowed to talk to Anyone", []], [684673, 1, "I do not do do , but , it is in popular and I procrastinator so I will comment . Interests:- animals- pathology ( er , can you tell I watch it not in English ? no idea how to spell ) - ways to slowly better myself- learning Spanish- drawing ( and other forms of art ) . yes , this .", []]], "speakers": {"Amber": 0, "̶M̶O̶N̶S̶T̶E̶R": 1, "suraj gujjar": 2, "LifelessHalo": 3, "Jake Peralta": 4, "vi": 5, "🌹": 6, "Danny": 7, "Galactic ass": 8, "Anon": 9, "Pizza & Beer 🍕🍻": 10, "User Banned": 11, "Astk Rgsr7": 12, "Barbara Ferus-proctor": 13, "MyShadow": 14, "leo👾": 15, "ForgottenWisdom": 16, "KarmaSucks": 17, "devilll": 18, "Blurryface": 19, "Newbie": 20, "PRATIK": 21, "Ragnar29 🦅 🗡": 22, "John Wick ♋": 23, "IMMORTAL": 24, "kiss me 😘": 25, "Zal": 26, "Kama2": 27}}, {"id": 17993826, "category": {"id": 10, "name": "Friends"}, "emotion": "Meh", "turns_number": 3, "dialogues": [[485992, 0, " never feel free in Talklife anymore because everyone knows me laugh out loud", []], [1009622, 2, "I do not knowyouryour", ["😶"]], [1537307, 1, "just change your pp , it is so special hata you r indistinguishable of far way", []]], "speakers": {"I can't handle stress stay away": 0, "#GlazersOut": 1, "Eliot": 2}}, {"id": 17993789, "category": {"id": 7, "name": "Relationships"}, "emotion": "Optimistic", "turns_number": 4, "dialogues": [[1229167, 0, "The two most powerful warriors are patience and time . !", []], [924898, 3, "no it is not their names are the IRS and child support", []], [1067745, 2, "then who areyouryour", []], [1541303, 1, "that is it brow !", []]], "speakers": {"Aadi🍁": 0, "KING": 1, "Hardeep": 2, "Blessing Oyiza": 3}}, {"id": 17993783, "category": {"id": 62, "name": "Mental Health"}, "emotion": "Supportive", "turns_number": 3, "dialogues": [[1510759, 0, "You can always message me if you need help , or if you need to let things out . I will always listen , and show the utmost respect you deserve .", []], [780470, 2, "I love you post . genuine and thoughtful . I want to boost it , is that ok ?", []], [1547014, 1, "You do you , much appreciated .", []]], "speakers": {"Orchid": 0, "Delil": 1, "User Deleted": 2}}, {"id": 17993781, "category": {"id": 63, "name": "My Story"}, "emotion": "Nothing", "turns_number": 4, "dialogues": [[1522851, 0, "I knew something was wrong when you watched me cry inconsolable over something you had done & you did not even clinch . you did not try to apologise & you were not remorseful . instead you carefully twisted it around to be my fault . I knew then I was feeling with a monster ; not a person", []], [1544873, 3, "Some people are just that . Hope you can get over them .", ["🤗"]], [1395108, 2, "Lord there is more of them like this I thought I had a limited edition monster .", []], [1391799, 1, "I hate manipulate have people who do that . I had more than enough experience with that . I hope your far away from him .", []]], "speakers": {"Laura 💕": 0, "pereshanbacha": 1, "stella no groove": 2, "Jon": 3}}, {"id": 17993777, "category": {"id": 15, "name": "Family"}, "emotion": "Disgust", "turns_number": 5, "dialogues": [[1254004, 0, "The trauma caused by my parents will always be sidelong . There is just no way to recover from it .", []], [1199762, 4, "you can if you want to", []], [1127126, 3, "have got to work on it , why ruin your life because of what they did back in the day .", []], [265543, 2, "what did they do you ? .", ["😔"]], [1546853, 1, "for parents such things are normal.sometimes they are tough so that there kiss become tough for they know the life ahead is tough", []]], "speakers": {"apple 🍏": 0, "peach tongue peach": 1, "Lost_in_the_city": 2, "love_me_like_I_do": 3, "Mishy": 4}}, {"id": 17993772, "category": {"id": 7, "name": "Relationships"}, "emotion": "Exhausted", "turns_number": 9, "dialogues": [[1070424, 0, "Some People Just are not worth the Time !", []], [1540603, 8, "and sometimes just are not worth the people .", []], [1136232, 7, "Yes and how to spot them", []], [1360279, 6, "Well you have figured me out congress now what ? I hope you find your peace !", ["😁"]], [1258841, 5, "but many are , also", []], [446095, 4, "some are . but most people these days are just out for themselves which makes sense . it is just makes them seem a bit ignorant", []], [1432315, 3, "neither the attention  ", ["🤦", "♀"]], [1547480, 2, "oh yeah , mostly hypergamous and narcissis*in whom*n", ["😅"]], [1077095, 1, "that is why best to focus on yourself most of the time", []]], "speakers": {"Jason 🍩🍩🥳": 0, "Saint Alex 🌞": 1, "Arun ĢŃ": 2, "ForgottenWisdom": 3, "Alicia": 4, "TboneSteak": 5, "goldfish": 6, "larin ya": 7, "LovePoison🌟": 8}}, {"id": 17993767, "category": {"id": 63, "name": "My Story"}, "emotion": "Worried", "turns_number": 3, "dialogues": [[1130910, 0, "Feel like something bad will happen to me . Soon .", []], [1491115, 2, "never worry about the what if . life is not promised", []], [1395108, 1, "ask God to have mercy on your soul", ["😇", "🙏", "👼"]]], "speakers": {"Oliff": 0, "Barbara Ferus-proctor": 1, "stella no groove": 2}}, {"id": 17993740, "category": {"id": 7, "name": "Relationships"}, "emotion": "Supportive", "turns_number": 5, "dialogues": [[1188200, 0, "why some people around us supports rapessexual harrassment why do they never understand importance of females In our society", []], [598520, 4, "because they are deluded into bad ideas from there environment , the people around them , anti women propaganda , and so on .", []], [1427075, 3, "I do not at all support rape and sexual harrasment , but , I know a person in my town . he was created by wife so badly , he got mad at women who are cheating on husband and sexual narrated them .", []], [941750, 2, "best is not getting into marriage n stuff", []], [1437460, 1, "respect to your maturity ,", ["🤛", "👊"]]], "speakers": {"andy🇦🇺": 0, "Mr. House": 1, "JKC": 2, "udchats": 3, "Unforgettable Enchantress Queen Sheba": 4}}, {"id": 17993736, "category": {"id": 7, "name": "Relationships"}, "emotion": "Sad", "turns_number": 5, "dialogues": [[1414504, 0, "am I stupid for letting this guy go?we were supposed to meet up and dated he started lying to mere did not want me to see his facebook because he has clot of girls there and is flirting with theme lied to me about not hugging a girl for a long time when he had a video of girl on his bed on facebookand he flirted with my friends", []], [1491115, 4, "no one deserves to be lied too . know your worth", []], [1415641, 3, "You did the right thing , move on there is a million fish in the sea . And no you are not stupid , you protected yourself against a theater . All the support", ["💕", "✨"]], [1543721, 2, "no , you did good . he is not worth it .", []], [1127126, 1, "liar are not worth it.not ever", []]], "speakers": {"Jandina": 0, "Barbara Ferus-proctor": 1, "Gritty": 2, "𝕭𝖆𝖒𝖇𝖎 🇨🇵": 3, "Lost_in_the_city": 4}}, {"id": 17993727, "category": {"id": 62, "name": "Mental Health"}, "emotion": "Anxious", "turns_number": 3, "dialogues": [[1545861, 0, "I do not know what I m feeling I just know I do not like it .", []], [1517263, 2, "deep , you will be ok . stay strong .", []], [1547224, 1, "what you are feeling is . change . up to you if its good or bad", []]], "speakers": {"Derp27": 0, "🅿🅰🅸🅽 🅺🅸🅻🅻🅴🆁": 1, "Newbie": 2}}, {"id": 17993695, "category": {"id": 11, "name": "Hopes"}, "emotion": "Inspired", "turns_number": 3, "dialogues": [[1465720, 0, "good morning , everyone . have a beautiful saturday", []], [1199762, 2, "you too . go fuck shit up", []], [1448440, 1, "a morning same to you <3", []]], "speakers": {"dani": 0, "peach tongue peach": 1, "𝔰𝔥𝔞𝔡𝔢𝔰": 2}}, {"id": 17993692, "category": {"id": 20, "name": "Others"}, "emotion": "Chilled", "turns_number": 6, "dialogues": [[111039, 0, "Not to flex or anything but I actually make the best bread laughing my arms off be jelly", ["🥖"]], [265543, 5, "Can you send me some by the way you been here for 6 + years that is really cool I hope it helped you", ["😍", "😲", "😊", "👐"]], [1199762, 4, "ok that is a flex", []], [413922, 3, "challenge ? I make great bread .", []], [644884, 2, "I just buy it from the store in like 5 minutes", ["😌", "😂"]], [1499020, 1, "I love bread so much .", ["🥖", "🍞"]]], "speakers": {"Tana": 0, "love_me_like_I_do": 1, "peach tongue peach": 2, "calebzzz": 3, "Danny": 4, "Trash raccoon 🚮🦝": 5}}, {"id": 17993689, "category": {"id": 20, "name": "Others"}, "emotion": "Meh", "turns_number": 4, "dialogues": [[1547382, 0, "i just want someone to call me a pretty girl and darling . someone i can call mummy . is that too much to ask for ?", []], [1505066, 3, "Www dear you are pretty .", []], [1134341, 2, "you are beautiful and a darling keep being you", ["💓"]], [1546752, 1, "a you are world is best and pretty girl", ["❤"]]], "speakers": {"mel </3": 0, "Rahul": 1, "Sandstorm": 2, "MI CHA🍫": 3}}, {"id": 17993677, "category": {"id": 7, "name": "Relationships"}, "emotion": "Meh", "turns_number": 4, "dialogues": [[1532055, 0, "if it is real it never ends", []], [1545059, 3, "or just appreciate and learn from it :)", []], [1510844, 2, "that is how I feel about my classes the never end part", []], [644884, 1, "No matter how many break - up happen in between", ["😂"]]], "speakers": {"HARSH 🍷": 0, "Bruh": 1, "leo👾": 2, "Danny": 3}}, {"id": 17993655, "category": {"id": 15, "name": "Family"}, "emotion": "Exhausted", "turns_number": 3, "dialogues": [[808462, 0, "i am feeling exhausted with my irritating family.feels to escape from this responsibility", ["😭"]], [1494183, 2, "Same thing happens to me", ["😔"]], [1491115, 1, "I hope you can one day fly free", []]], "speakers": {"sonali": 0, "suraj gujjar": 1, "Barbara Ferus-proctor": 2}}, {"id": 17993650, "category": {"id": 48, "name": "Work"}, "emotion": "Meh", "turns_number": 3, "dialogues": [[700442, 0, "Who here besides me worked for 26 hours with no sleep ?", []], [1540548, 2, "Oh lord how do you do that", []], [1545052, 1, "I have only done 20 and I could not cope any longer . Never done it again ! Hats off toyouryour", []]], "speakers": {"Country Boy!": 0, "pariii✌": 1, "Asterïaa": 2}}, {"id": 17993646, "category": {"id": 7, "name": "Relationships"}, "emotion": "Tired", "turns_number": 3, "dialogues": [[1533254, 0, "tired againwhy am i always so fucking tired and sleepy", ["🙁"]], [1544510, 1, "I am too . I get tried from my pills , as a side effect . It will pass .", []], [1544510, 1, "By the way , i like energy drinks . It is pretty unhealthy , but just a temporary solution for me .", []]], "speakers": {"Keya": 0, "Dušan Šuster": 1}}, {"id": 17993638, "category": {"id": 51, "name": "Helpful Tips"}, "emotion": "Hopeful", "turns_number": 6, "dialogues": [[0, 0, "If you know that wearing short clothes will get you unwanted attention of creep , does this means you are an attention seeker ?", []], [950002, 5, "Or maybe they like wearing it ? is it so hard to get that ? Are you that that would", []], [1131853, 4, "True . It does not mean you have a cleavage pre it means you did not respect of yourself", []], [1515296, 3, "Oh women know what they are doing", []], [1525589, 2, "people should wear what they want to wear without fear of something bad happening to them .", []], [1395108, 1, "no matter what you wear pp always ALWAYS going to have something to say ALWAYS * good or bad", []]], "speakers": {"Anonymous": 0, "Me when": 1, "kiss me 😘": 2, "Warmanxiety": 3, "【﻿Ｋｉｔｔｙ　Ｌｕｎａ】": 4, "stella no groove": 5}}, {"id": 17993626, "category": {"id": 10, "name": "Friends"}, "emotion": "Jolly", "turns_number": 3, "dialogues": [[1528214, 0, "me to my best friends forever : khan ha lithe : some : the : reason to such ilya or", ["😂", "🥺"]], [1460375, 2, "yes lake case the nature dikhane large ?", []], [1503429, 1, "rely baby ne than that", ["😂", "🤣"]]], "speakers": {"miss villain": 0, "अजीब आत्मा": 1, "Hamza Yousaf": 2}}, {"id": 17993622, "category": {"id": 48, "name": "Work"}, "emotion": "Hopeful", "turns_number": 4, "dialogues": [[1547374, 0, "So recently I got suspended from work for a thing that I have not even committed . And the girl who did that , she walked away with the help of our manager . sick of such politics yard . why girls always get the advantage in these things . ? means being a boy in corporate life is a crime ? do not we have feelings ?", ["😑"]], [1525589, 3, "been there , and felt so powerless . you are valid . employers just do not care sometimes", []], [1528741, 2, "girls who read this will stroll away , they do not care at all.they just want to play victim", []], [1525642, 1, "Does the manager know you did not , or was the able to manipulate them ?", []]], "speakers": {"Phoenix": 0, "【﻿Ｋｉｔｔｙ　Ｌｕｎａ】": 1, "itryeveryday": 2, ".": 3}}, {"id": 17993619, "category": {"id": 20, "name": "Others"}, "emotion": "Disgust", "turns_number": 4, "dialogues": [[680791, 0, "My body proportions are off .", []], [1505423, 4, "Same , it makes me bleed sometimes", []], [975391, 2, "I have big arms and a tiny body , it used to make me very self conscious , but after a while I found out nobody really noticed , and people that did , were not really people that matter in my life , so it did not make much of a difference what they thought", []], [1010070, 1, "I do not know y i am following you", []]], "speakers": {"ᴇ ʟ ʟ ᴇ": 0, "idk": 1, "rose garden": 2, "Spud The Makow™🦜Platinum Ver🌠": 3}}, {"id": 17993593, "category": {"id": 47, "name": "Health"}, "emotion": "Sick", "turns_number": 4, "dialogues": [[1413263, 0, "Man arrange you are time you need rest as well ! Remember # 1 health and # to is study . So that it", []], [829177, 3, "contact with the college authorities", []], [1398541, 2, "take care , take proper meditations you will be fine , is", []], [702991, 1, "due ! your health is breaking above your exam !", []]], "speakers": {"G4L4XY": 0, "❤️ GULAB JAMUN ❤️": 1, "alwayyssboreddd": 2, "Olive": 3}}, {"id": 17993591, "category": {"id": 72, "name": "Anxiety"}, "emotion": "Exhausted", "turns_number": 5, "dialogues": [[480238, 0, "Well that felt like a waste . I m in a lot of pain now and anxiety symptoms are still rough . They wanted to admit me into the such ward , I was actually transferred over there and it was scar . It feels like nothing was done for me , I was just i haven one dose of ivan . Least I know I m negative have for could though I guess .", []], [1530801, 4, "I love you art !", []], [656550, 3, "oh they did not do anything ? hm , that is so weird . I m really sorry love . did the ivan at least help a little bit ?", []], [1525589, 2, "my experiences in the ER in the such unit were meaningless . I have been held in solitary confinement with nothing to do and be there for hours until they say they can not help me and discharge me .", []], [1542513, 1, "it is all about understanding you have it ! you got it ! you are worth it ! you want great things ! you want happiness ! due ! i have off the good vibration if only at least for your inner being . I m most def learning myself . it is hard with life is struggles & of course , relationships perhaps . i am here to say love is fucking insane . and awesome sauce everyone welcomehere.die could . the end", []]], "speakers": {"Creature_of_tea": 0, "MyShadow": 1, "GalaxySky": 2, "【﻿Ｋｉｔｔｙ　Ｌｕｎａ】": 3, "Lilly Rene": 4}}, {"id": 17993589, "category": {"id": 7, "name": "Relationships"}, "emotion": "Embarrassed", "turns_number": 6, "dialogues": [[975391, 0, "I m tired . I see people getting into relationships so easily and here I am , not being in a relationship because apparently I m afraid of being in one . Stupid me . I do not know why I push people away . I hate it .", []], [867896, 4, "Maybe because you do not trust them or maybe they do not seems to be trustworthy enough", []], [1199762, 3, "if you are not ready then that is ok . it is better off to take your time than potentially hurt yourself or someone else", []], [1523712, 2, "open your confidence level . i know its hard to trust every one but either you met to your dream partner or you might learn and get lesson of life to tackle", []], [1523712, 2, "you are always be special in your own way", []], [265543, 1, "Its ok you can be in one when you are ready . just believe in yourself and try not to rush into a wrong one due to the pressure ok and if you ever need a friend to talk , share and support feel free to reach out to me", ["😊", "👐"]]], "speakers": {"rose garden": 0, "Capecrusader": 1, "peach tongue peach": 2, "Baazigar don": 3, "love_me_like_I_do": 4}}, {"id": 17993581, "category": {"id": 63, "name": "My Story"}, "emotion": "Nothing", "turns_number": 3, "dialogues": [[0, 0, "Me : ooh he is cut , i am going to follow him and never talk to him", []], [1445952, 2, "but following is so risky .", ["😨"]], [1493348, 1, "ok but this is so true", ["✨"]]], "speakers": {"Anonymous": 0, "Ayaan": 1, "Menna Ahmed": 2}}, {"id": 17993568, "category": {"id": 74, "name": "Depression"}, "emotion": "Numb", "turns_number": 3, "dialogues": [[1373506, 0, "The reason I never really text first is because of my anxiety", ["🥲"]], [1540548, 2, "what does it make you feel", []], [1546737, 1, "I know that feel :(", []]], "speakers": {"Hoji": 0, "pariii✌": 1, "Laura": 2}}, {"id": 17993560, "category": {"id": 20, "name": "Others"}, "emotion": "Caring", "turns_number": 21, "dialogues": [[1440209, 0, "Next time you spot a homeless man on the street , i have him some money . I have him something to eat . I have him something to drink . Buy him a blanket for the cold weather . Buy him a pair of shoes to avoid frost bite . Such random acts of kindness may go a long way for such people . They would consider it a huge blessing if they got something to eat or drink .", []], [896599, 21, "and i took this post personally", []], [1522964, 20, "nice . but if we keep on doing this . they will become depended on us . which is not good", []], [1360279, 19, "Yes ! I have as you are reasonably able with careful discernment I say as frauds do exist . ( my 2cents ) I hope you find your peace !", []], [1444382, 18, "I do offer food to the needy people and also donate my clothes sometimes it is the least I could do for anyone it makes me happy", ["💖"]], [1065604, 17, "socks , blankets and shoes are way better than any food when in that situation just saying . this guy has li have a thirty life .", []], [725140, 16, "What would you say is a more permanent way to help them ?", []], [716035, 14, "it is sad we li have at a age / time where we have to tell people what to do in the name of humanity and compassion . it is like a instruction i haven and people follow . very very few stop for a moment and do it on their own simply co . they want to and not co they are told to do so .", []], [1216120, 13, "yea that true and my addition is that we may adopt them if it possible", []], [1160051, 12, "Depends on the country you li have in .", []], [770734, 11, "in here if we do that they would just use it to buy drugs or alcohol", []], [684673, 10, "Heh , if I had so much money", ["😂"]], [1334208, 9, "I can barely feed myself and I know clot of the homeless people in my area because I was ACTUALLY homeless for over a year.some if those guns just gave up", []], [1375732, 8, "yes ! your right on .", []], [1543396, 7, "Kindness is the language everybody understands . ", ["❤"]], [1228372, 6, "I do actually . Even In this anaemic me and the no in which i work have i haven food", []], [1535445, 5, "i am going to i have him a sugar daddy", []], [1463132, 4, "I have me money I ll buy a Lamborghini for me", ["😌"]], [717841, 3, "If I try giving them good they reject it and ask for money instead . saying food wo not help them .", []], [381774, 2, "going to be real here and say there is probably an unfortunate midst or habit that may have led a few of them to poverty , those that allowed physiological dependency on drugs to take them to the streets . It is hard handing them money but i do enjoy giving a meal", []], [723333, 1, "such a sweet post ! heart of gold", ["💛"]]], "speakers": {"User Banned": 0, "God": 1, "BeU_BeMe": 2, "ForgottenWisdom": 3, "Croissant💌": 4, "Tag Gat": 5, "Cruel World": 6, "LifelessHalo": 7, "N.e.w.b.i.e": 8, "Magdalena": 9, "Maxiii": 10, "Kama2": 11, "POWER CAT": 12, "Newbie": 13, "Vlad III Dracula": 14, "Robert Downey Jr": 15, "nevyn": 16, "𝖑𝖚𝖈𝖆𝖘 𝖘𝖙𝖔𝖎𝖓𝖎𝖘": 17, "°CyberAnon•~•": 18, "Sky isn't my limit": 19, "Prince 🤴🇺🇲": 20}}, {"id": 17993559, "category": {"id": 7, "name": "Relationships"}, "emotion": "Loving", "turns_number": 3, "dialogues": [[1199762, 0, "i have me your worst dating advice", []], [1305616, 2, "have 100 kiss after the first date", []], [1443099, 1, "lying as much as you see see", []]], "speakers": {"peach tongue peach": 0, "🍬𝕂𝕚𝕞𝕞𝕚𝕔𝕠🍬": 1, "Anton 🦝": 2}}, {"id": 17993544, "category": {"id": 74, "name": "Depression"}, "emotion": "Exhausted", "turns_number": 3, "dialogues": [[344645, 0, "just here wishing I was dead every day but being too cowardly to do anything about it . Here is hoping it all either ends or gets better soon .", []], [1066151, 2, "I am here if you need a friend .", []], [1542513, 1, "only if you demand it ! you get it ! your awesome ! what ? life six hard . like clot . clot . sometimes . but it is ok and yes you get to have better !", []]], "speakers": {"twostepshigh": 0, "Cheese burst pizza": 1, "Lilly Rene": 2}}, {"id": 17993532, "category": {"id": 62, "name": "Mental Health"}, "emotion": "Amused", "turns_number": 3, "dialogues": [[1544873, 0, "Is humor your way of coming . Oh you poor troubled thing", []], [1515296, 2, "expose me like this .", ["👽", "🚬"]], [1495631, 1, "all my jokes are cries for help .", []]], "speakers": {"pereshanbacha": 0, "Warmanxiety": 1, "Noseferatu": 2}}, {"id": 17993515, "category": {"id": 20, "name": "Others"}, "emotion": "Lonely", "turns_number": 3, "dialogues": [[0, 0, "I Do not understand why people think it is so wrong and so bad to be a sub owned by a mistress there is so much more to it than just sexual aspects for a sub like me I enjoy the comfort I get from being owned but it is been so long since I had a mistress", []], [1482892, 2, "post will get removed probably . but I agree", ["🤷"]], [1533911, 1, "you should be free to express yourself howe have you want", []]], "speakers": {"Anonymous": 0, "☆His Kitty": 1, "Justabeast": 2}}, {"id": 17993504, "category": {"id": 7, "name": "Relationships"}, "emotion": "Nothing", "turns_number": 4, "dialogues": [[768556, 0, "when you can not get over that one person for years , who you did not even dated why ? !", ["😧"]], [1415641, 3, "Oh , I understand all the support", ["✨", "💕"]], [265543, 2, "because you never dated them", ["😂"]], [1329426, 1, ".now that is wild . I think the hope of dating them . I had a similar situation I guess hata guy from online.us females are wild with love", ["☹", "😧"]]], "speakers": {"❣rusted_heart❣": 0, "Gritty": 1, "love_me_like_I_do": 2, "Veronica Davis": 3}}, {"id": 17993499, "category": {"id": 11, "name": "Hopes"}, "emotion": "Confused", "turns_number": 4, "dialogues": [[1458389, 0, "what operating system would you Prefer Andros or is", []], [1425383, 3, "wish am all about that harmony .ll no", []], [952526, 2, "as an is user : windows mobile", []], [1329426, 1, "andros is easier.is was kind of challenging for me when phone came out years ago but I m happy with an andros", []]], "speakers": {"Mr.giver": 0, "HisVice's": 1, "everybody": 2, "Veronica Davis": 3}}, {"id": 17993498, "category": {"id": 20, "name": "Others"}, "emotion": "Meh", "turns_number": 3, "dialogues": [[604116, 0, "My feet are so cold !", []], [1199762, 2, "wear two pairs of socks", []], [1547150, 1, "up definitely wear socks makes you sleep so well", []]], "speakers": {"rmxsin": 0, "peach tongue peach": 1, "Fezz": 2}}, {"id": 17993490, "category": {"id": 63, "name": "My Story"}, "emotion": "Meh", "turns_number": 3, "dialogues": [[684673, 0, "# badhabits of today . Woke up 1h ago but continued to sleep . And now woke up again , but not really so opened TO . if if these are really bad or not throw", ["😴"]], [1422835, 2, "those are bad bad habits same . But who am I to say this , when I do the same sometimes", ["🤧"]], [1065874, 1, "bad habits but I do it too . Reality is scar .", []]], "speakers": {"Kama2": 0, "R": 1, "Anamika": 2}}, {"id": 17993489, "category": {"id": 20, "name": "Others"}, "emotion": "Worried", "turns_number": 3, "dialogues": [[0, 0, "Tens should not dry have or drink", []], [1305616, 2, "Agreed . They cause so many accidents and they are more likely to die from accidents as well .", []], [684673, 1, "and no social media for longer than 2h a day . and june food only thrice a week(err do I do it right ? )", ["😤"]]], "speakers": {"Anonymous": 0, "🍬𝕂𝕚𝕞𝕞𝕚𝕔𝕠🍬": 1, "Kama2": 2}}, {"id": 17993479, "category": {"id": 7, "name": "Relationships"}, "emotion": "Disgust", "turns_number": 3, "dialogues": [[1543483, 0, "Girls go and get with the worst guns who act all sick or do not have anything to offer", []], [1508878, 2, "no wonder you do not have a girlfriend", []], [598520, 1, "I m pretty sure you do not know that , you are just salt because you do not get any .", []]], "speakers": {"Newbie": 0, "felaern": 1, "Mr. House": 2}}, {"id": 17993476, "category": {"id": 20, "name": "Others"}, "emotion": "Confused", "turns_number": 3, "dialogues": [[0, 0, "China was where the could started yet China has not had multiple waves and it seems to have completely gone from their country . how is that work ? other places have had could wave after wave for over a year .", []], [485992, 2, "They had they had second wave or 3th but they control it communist background things you know", []], [413922, 1, "china has a better system", []]], "speakers": {"Anonymous": 0, "I can't handle stress stay away": 1, "calebzzz": 2}}, {"id": 17993469, "category": {"id": 7, "name": "Relationships"}, "emotion": "Nostalgic", "turns_number": 3, "dialogues": [[1547387, 0, "Sometimes people do not know how does it feels to deal with yourself . They just say forget about it like it so easy . It hurts", ["😪"]], [1415641, 2, "Of course , it hurts . it is diffuse you later to forget . Only the people who went through something similar will understand , all the support", ["💕", "✨"]], [1522211, 1, "we are kind of stuck with ourselves we kind of have no choice", []]], "speakers": {"LittleAngel": 0, "Gritty": 1, "your random neighborhood thot": 2}}, {"id": 17993461, "category": {"id": 11, "name": "Hopes"}, "emotion": "Nostalgic", "turns_number": 5, "dialogues": [[1458389, 0, "there was a time when i used to go 20ms just to play TA vice city in a saber cafe those days were just awesome", []], [1538785, 4, "Indian spotted . us cafe me may much marya the", []], [1398453, 3, "pain , smackdown , hi held was IS me ta i to cheat code hi smote smote time Final data the", []], [1544021, 2, "I remember going to cafe just to use Facebook and download music from couture", []], [655753, 1, "I miss gazing cases , probably the best environment you could ever wish", []]], "speakers": {"Mr.giver": 0, "Putatu": 1, "‎": 2, "Boulevard of broken dreams": 3, "KitKat": 4}}, {"id": 17993458, "category": {"id": 11, "name": "Hopes"}, "emotion": "Motivated", "turns_number": 4, "dialogues": [[780470, 0, "If you do not like where you are in life , move . You are not a tree.-semi semi", []], [1544873, 3, "True . But we are also like trees in that we are often grounded in our roots .", []], [1482892, 2, "ok now I identify as a tree", ["🤷"]], [834401, 1, "we are trees , we are trees who never fall", []]], "speakers": {"Delil": 0, "pereshanbacha": 1, "☆His Kitty": 2, "Billie Joel": 3}}, {"id": 17993452, "category": {"id": 7, "name": "Relationships"}, "emotion": "Sad", "turns_number": 3, "dialogues": [[1474772, 0, "He told me to get a grip and pull myself together when I was having a breakdown and it really hurt", []], [1543980, 2, "I m sorry but he should be there with you , to hold you while you are down .", []], [1542513, 1, "yeah notes understanding your situation.big time growth needed . sucks earth day was yesterday ! grow a little . n love !", []]], "speakers": {"Arii 🌸": 0, "Spiderman": 1, "Lilly Rene": 2}}, {"id": 17993406, "category": {"id": 7, "name": "Relationships"}, "emotion": "Down", "turns_number": 7, "dialogues": [[1161582, 0, "What is everyone is thoughts about their boyfriend / husband going to strip clubs ?", []], [518741, 6, "We who does that ? I am trying on marry a doctor laugh out loud Do they do that :/", ["😳"]], [819730, 5, "i am a man , if I going to strip club while my wife at home taking care of my children . i would say that i am really stupid , lower , thirty guy on earth .", []], [1164203, 4, "if he does that , I m getting a divorce immediately", []], [644884, 3, "Unless she works there , I would not be ok with it", ["👀"]], [1472531, 2, "Everyone has different opinions . But mine is pure anger . He should not be looking at other women . Especially women dancing practically naked . If he has strippers or any other women in his life whatsoever than he does not need or deserve me .", []], [1076483, 1, "Only for a bachelors . But i guess the only thing he should touch there is his drink", []]], "speakers": {"Jennifer Harrison": 0, "ホット": 1, "iki カバネリ": 2, "A little star 🌟": 3, "Danny": 4, "L": 5, "Taurean": 6}}, {"id": 17993391, "category": {"id": 7, "name": "Relationships"}, "emotion": "Depressed", "turns_number": 3, "dialogues": [[910631, 0, "I m trying to fight off my depression I do not know how long I had it for but I had it long enough to know that It is a part of me .", []], [1284300, 2, "Just a reminder : You are stronger than your depression", []], [1472531, 1, "Keep fighting ! When you are depressed I think the best thing to do is fight and try to find things to make you happy . Even when you feel like nothing will make you happy just try . Eventually it will get better and you will get to the point where you ll feel happy again . If you want to talk about it feel free to do me daytime . Stay strong and carry on !", []]], "speakers": {"Anthony🐼": 0, "Old_school_girl": 1, "L": 2}}, {"id": 17993376, "category": {"id": 62, "name": "Mental Health"}, "emotion": "Confused", "turns_number": 5, "dialogues": [[723333, 0, "Do you think get sad being all alone on", ["👽", "🌎"]], [819730, 4, "i do not believe there is", ["👽"]], [1486824, 3, "brush . you high ?", ["🤣"]], [918050, 2, "laugh out loud . i am sure they do notthey can be alone together", []], [1545456, 1, "yes they do sometimes . but there are few kind humans as well :)", []]], "speakers": {"Prince 🤴🇺🇲": 0, "iki カバネリ": 1, "Jake Peralta": 2, "/rhotacism": 3, "alien": 4}}, {"id": 17993375, "category": {"id": 7, "name": "Relationships"}, "emotion": "Hopeful", "turns_number": 3, "dialogues": [[1546891, 0, "I asked him if we were never going to talk again and he said i do not know then I asked him way and he said I just do not know . Should I just move on", []], [1547382, 2, "babe i know it is hard but i think you should move on . show him you are better without him .", []], [1545059, 1, "I guess I can say I totally get what you are going through . I kind of been facing same thing . But no worries you can talk if you are willing to", []]], "speakers": {"Newbie": 0, "mel </3": 1, "Bruh": 2}}, {"id": 17993364, "category": {"id": 7, "name": "Relationships"}, "emotion": "Lonely", "turns_number": 5, "dialogues": [[1547194, 0, "What are your thoughts on crossdressers ?", []], [791955, 4, "i am always impressed by their confidence", ["👏"]], [349954, 3, "I think they are pretty cool th", []], [1535852, 2, "They are cool , because they do what they want to be and do not care about society", []], [1378083, 1, "i crossness as a tomboy and i support them", ["🤘", "❤"]]], "speakers": {"Newbie": 0, "swimming_fish": 1, "User Banned": 2, "Amber": 3, "Moonchild": 4}}, {"id": 17993356, "category": {"id": 7, "name": "Relationships"}, "emotion": "Exhausted", "turns_number": 3, "dialogues": [[1547382, 0, "i wish he was still here .", []], [1386676, 2, "You should not have eaten him", ["🙄"]], [1547408, 1, "I really sorry for you", []]], "speakers": {"mel </3": 0, "User Banned": 1, "ThetHsone": 2}}, {"id": 17993351, "category": {"id": 62, "name": "Mental Health"}, "emotion": "Depressed", "turns_number": 3, "dialogues": [[698381, 0, "My chest feels very heavy", []], [1283734, 2, "* inhale * exhales * slowly continue that", []], [1525589, 1, "practice deep breathing if possible . clear your mind .", []]], "speakers": {"imjustme": 0, "🖤baby dino🖤": 1, "【﻿Ｋｉｔｔｙ　Ｌｕｎａ】": 2}}, {"id": 17993350, "category": {"id": 11, "name": "Hopes"}, "emotion": "Lonely", "turns_number": 5, "dialogues": [[1506368, 0, "Hey I feel so bored tired alone weird all at the same time not wellcovid does that to you I wish everyone good health and I want you all to pray for each and everyonetell me something I should do to calm myself and feel better everything seems so firing need love ?", ["👋"]], [1505066, 5, "Take care If there is anything you want to talk about then feel free to tell.stay safe", ["💙"]], [1530801, 4, "Those strange feelings will pass too , take it easy", []], [1067745, 2, "Just do not look at negative have into around you have faith things will be fine", []], [1127126, 1, "it can be due to various reasons . Maybe you are just exhausted due to some situation life and probably you have suppressed it to a point that it is just there and thought I am just tired . I had similar issues but then I started therapy and it helped me in solving a lot of my issues .", []]], "speakers": {"pewdiepie": 0, "Rahul": 1, "MyShadow": 2, "Hardeep": 3, "Lost_in_the_city": 4}}, {"id": 17993341, "category": {"id": 51, "name": "Helpful Tips"}, "emotion": "Worried", "turns_number": 3, "dialogues": [[1416034, 0, "Women please be careful today . stay safe", []], [1507139, 2, "in ! Stay away from male", []], [1525589, 1, "what is special about today ?", []]], "speakers": {"🆒.": 0, "Newbie": 1, "【﻿Ｋｉｔｔｙ　Ｌｕｎａ】": 2}}, {"id": 17993327, "category": {"id": 20, "name": "Others"}, "emotion": "Meh", "turns_number": 3, "dialogues": [[1546776, 0, "Question to face peoplewhy do you love acting like you care and then after you get bored you leave ?", []], [1534089, 2, "Because they are hollow and only care what they can get out of people(is i am not one of em just dealt with many )", []], [1540201, 1, "They all over this pp", ["😪"]]], "speakers": {"Fucked up bitch": 0, "Jay": 1, "Joshie Cee": 2}}, {"id": 17993326, "category": {"id": 20, "name": "Others"}, "emotion": "Calm", "turns_number": 4, "dialogues": [[802860, 0, "Why the hell everyone thinks April 24 is a day of sexual assault or smith like this . Twitter is mad", []], [604116, 3, "Bc there are men promoting it and pp need to be safe so there is awareness around it", []], [582412, 2, "Some cheap males made it up on tikhon and yeah", []], [1160051, 1, "Being sexually assaulted is basically a trend these days .", []]], "speakers": {"🌝": 0, "rmxsin": 1, "Señorita Сука": 2, "Magdalena": 3}}, {"id": 17993317, "category": {"id": 10, "name": "Friends"}, "emotion": "Heartbroken", "turns_number": 3, "dialogues": [[1384613, 0, "Now ! My friends treat me like cap !", []], [1260790, 2, "I guess they are not friends then", []], [1398671, 1, "what is up with that", []]], "speakers": {"magnetic_moon🌙": 0, "JaM1209": 1, "Timothy Matthews": 2}}, {"id": 17993308, "category": {"id": 7, "name": "Relationships"}, "emotion": "Supportive", "turns_number": 3, "dialogues": [[1536198, 0, "my only friend is my boyfriend . so when I m having relationship stress , I have no one to talk to about it . so I let things slip out , causing fights . making me feel worse and somehow the bigger bad guy in every situation . I m so alone and somehow I m still too stupid to figure out how to fix things", ["🙃"]], [1474260, 2, "yeah this is why I m choosing to stay single until I have real loyal friends ( which might never happen )", []], [1284300, 1, "If you need help I m here", ["😇"]]], "speakers": {"Arctic Fox": 0, "em": 1, "Old_school_girl": 2}}, {"id": 17993303, "category": {"id": 7, "name": "Relationships"}, "emotion": "Heartbroken", "turns_number": 3, "dialogues": [[1507139, 0, "so what did you do to him", []], [1437301, 1, "i also had sex like 3 months before", []], [1386676, 1, "tried to not point fingers at all?i mean . this excavated pretty quick", ["😳"]]], "speakers": {"Newbie": 0, "User Banned": 1}}, {"id": 17993301, "category": {"id": 7, "name": "Relationships"}, "emotion": "Sad", "turns_number": 3, "dialogues": [[1223998, 0, "My wife used to enjoy a parties you lateral shot and everytime she would drink it , there would be a fight . To the point I thought the relationship was over . Then she would wake up in the morning an not remember a thing . She does not drink those shots anymore . Hopefully your situation has improved and things are better .", []], [1437301, 2, "hey lets talk if you want too", []], [1547379, 1, "I feel like a bad breakup in a from- com where the woman is completely blindsided.it is important to trust your gut , always . I am pretty sure I have been good luck chucked .", []]], "speakers": {"Capt Jack Harkness": 0, "User Banned": 1, "Kristin": 2}}, {"id": 17993279, "category": {"id": 10, "name": "Friends"}, "emotion": "Optimistic", "turns_number": 3, "dialogues": [[1498697, 0, "when you feel like quitting remember why you started", ["©"]], [1426082, 2, "most of us stay here for ours not for theirs", []], [1460375, 1, "sometimes , things get so mess that we should leave the things , unfortunately", []]], "speakers": {"Neha": 0, "AIR-I'M POLLUTED": 1, "अजीब आत्मा": 2}}, {"id": 17993268, "category": {"id": 10, "name": "Friends"}, "emotion": "Optimistic", "turns_number": 4, "dialogues": [[1546543, 0, "what bad habit you want to change ?", []], [1467226, 3, "acting stupid online instead of facing my problems", []], [1529222, 2, "I stress a lot , like way too much :(", []], [1450073, 1, "lazy. and.ah.my imagination power being too much.my head being on clouds.and.i want to.be able to find out.who is lying.and who.is saying the truth.i want to be able to reveal the.truth.under pp is tricks.or maybe i wouldn be able to sure have like that.if i am not strong enough.ll.i drifted from.the main topic.so.i do not know what i want to change.but.i want to be a need.who is busy studying.and.who can focus well no matter what.and.i do not know.ll .", ["😭"]]], "speakers": {"Meanie Prince": 0, "i want to die": 1, "letsvibengrow": 2, "Agent Crystal🚬": 3}}, {"id": 17993266, "category": {"id": 51, "name": "Helpful Tips"}, "emotion": "Supportive", "turns_number": 3, "dialogues": [[1546941, 0, "Suggest me some activities to feel good & find peace . I already meditate in the morning and write a journal before I go to sleep .", ["😇"]], [1467226, 2, "masturbate jack the cock off", []], [1413021, 1, "what about lookout ? are playing a guitar ?", []]], "speakers": {"Newbie": 0, "i want to die": 1, "Kriti✨": 2}}, {"id": 17993262, "category": {"id": 61, "name": "Positive"}, "emotion": "Inspired", "turns_number": 3, "dialogues": [[1543601, 0, "Guns why you do not want to fight ? Come on ! Let us FIGHT FOR BETTER DAYS AND FOR OUR SMILE !", []], [1330312, 2, "thought you meant physically fight cause I was almost on board for that too", ["😐"]], [745945, 1, "thank you for spreading positively", []]], "speakers": {"Swoordie": 0, "almost done here": 1, "Love90%": 2}}, {"id": 17993257, "category": {"id": 10, "name": "Friends"}, "emotion": "Supportive", "turns_number": 10, "dialogues": [[1379904, 0, "Should I get vaccinated ?", []], [927565, 9, "if you are eligible then yep", []], [819730, 8, "you should think about it . but I will never ever ever ever ever ever get vaccinated .", []], [1105880, 1, "I think wait for an year and check side effects on the people near you who are already vaccinated .", ["🤔", "🙄"]], [1544873, 6, "Depends on you are circumstance . Getting could is worse than any vaccine side affects .", []], [286140, 5, "Depends . Have you ever had any negative have side effects from previous vaccines(other than the normal softness / nausea ) ?", []], [641758, 4, "it is ultimately up to you , do not let what others think influence what is best for you", []], [708374, 3, "do you have choice ?", []], [1538808, 2, "No , according to the president of my country you can become an alligator", ["😳", "🐊"]], [1105880, 1, "I have briefer in comment , so first direct answer is No . But you can check situation also .", []]], "speakers": {"Laraa": 0, "Rick Astley": 1, "iki カバネリ": 2, "Barbie": 3, "pereshanbacha": 4, "Katie": 5, "Honey": 6, "RN RN": 7, "Newbie": 8}}, {"id": 17935067, "category": {"id": 11, "name": "Hopes"}, "emotion": "Sad", "turns_number": 3, "dialogues": [[1354181, 0, "Sometimes we say the same words to others that we ourselves beg to listen", []], [1470652, 2, "Can not agree more !", []], [1454651, 1, "this is deep , seeing the other person get drowned in affection sometimes is satisfy your information . not us but least someone is getting what they deserve is a happy feeling .", []]], "speakers": {"Zenith": 0, "I_wonder_why": 1, "Downthelabyrinth": 2}}, {"id": 17935063, "category": {"id": 7, "name": "Relationships"}, "emotion": "Supportive", "turns_number": 5, "dialogues": [[1509600, 0, "T b h i really want a boyfriend . I know . We . Embarrassing I should keep that to myself .", []], [458684, 5, "aah its fine do not keep it to herself", []], [1140294, 4, "No its not . You deserve one . You deserve to be happy and cared for . Praying you find your special person soon", ["🥺", "😊", "🥰", "💖"]], [534816, 3, "same , but then i do not . it is like 50/50", ["😭"]], [616930, 1, "good luck . after posting shit about men hello hello", []]], "speakers": {"Cindy": 0, "Geri": 1, "Hazelle": 2, "<3": 3, "User Banned": 4}}, {"id": 17935057, "category": {"id": 7, "name": "Relationships"}, "emotion": "Frustrated", "turns_number": 3, "dialogues": [[0, 0, "One day my Hornyness will ruin my relationship", []], [1544016, 2, "It is not your fault", []], [1483865, 1, "Worst things to ruin it", []]], "speakers": {"Anonymous": 0, "Harrison Wells": 1, "No One": 2}}, {"id": 17935056, "category": {"id": 10, "name": "Friends"}, "emotion": "Hopeful", "turns_number": 5, "dialogues": [[1307438, 0, "Just comment below if you are american or got american accent .", []], [1251730, 4, "This feels like a trap", []], [349954, 3, "I have the accent , why ?", []], [534816, 2, "what is an american accent ?", ["🤣"]], [1294867, 1, "I m Canadian but we have an American accent", ["🤓"]]], "speakers": {"Still Alive": 0, "Muggins": 1, "User Banned": 2, "<3": 3, "Sara": 4}}, {"id": 17935007, "category": {"id": 74, "name": "Depression"}, "emotion": "Overwhelmed", "turns_number": 4, "dialogues": [[1006773, 0, "my head hurts so bad ugh do not know how to stop it", []], [1156017, 3, "lemonade with apple vinegar .", []], [1543889, 2, "hit it in the wall laugh out loud", []], [1543048, 1, "Press your tongue against the roof of your mouth and take your thumb and rub in between your eyebrows , it should work works for me", []]], "speakers": {"♡ 𝐾𝑎𝑟𝑖𝑛 ♡": 0, "jin'n": 1, "Shoaib Malik": 2, "sam": 3}}, {"id": 17934954, "category": {"id": 20, "name": "Others"}, "emotion": "Tired", "turns_number": 4, "dialogues": [[1205623, 0, "Online friendship things not for me confirmed", ["😓", "👍"]], [806006, 3, "I mean try with me I m awesome", []], [1360279, 2, "Ok!It is not for everyone obviously . I hope you find your peace !", []], [1485377, 1, "what happen ? yeah its diffuse you later to understand and trust person on internet . just experience ut .", []]], "speakers": {"Anushka🥤": 0, "Bl∆CK × HE∆RT": 1, "ForgottenWisdom": 2, "Newbie": 3}}, {"id": 17934948, "category": {"id": 15, "name": "Family"}, "emotion": "Down", "turns_number": 3, "dialogues": [[1140294, 0, "I am a victim of abuse finding it diffuse you later to feel safe in my own home . Finding it diffuse you later to forge have and move finding it diffuse you later to muster the patience and faith that I need to push through .", []], [1485377, 2, "i can understand you are feeling . could you do a favor . leave this environment . find new destination new people . do not trust them but consider them a good human .", []], [1402877, 1, "Hey , do you want to talk ?", []]], "speakers": {"Hazelle": 0, "Newbie": 1, "Ayanna": 2}}, {"id": 17934934, "category": {"id": 47, "name": "Health"}, "emotion": "Down", "turns_number": 3, "dialogues": [[1500268, 0, "I do not think I ll be waking up in the morning", []], [787985, 2, "Are you ok . I felt that", []], [1525929, 1, "Then sleep in and wake up in the afternoon , you got this", ["👍"]]], "speakers": {"Newbie": 0, "Lucy": 1, "Wasurenagusa": 2}}, {"id": 17934930, "category": {"id": 20, "name": "Others"}, "emotion": "Loving", "turns_number": 3, "dialogues": [[1498292, 0, "Tell it to them personally . They need it .", []], [723333, 2, "shy guns are the best guns", ["🤭"]], [0, 1, "this is coming from a girl that is so loud and talkative have", ["😂"]]], "speakers": {"Dude": 0, "Prince 🤴🇺🇲": 1, "Anonymous": 2}}, {"id": 17934926, "category": {"id": 58, "name": "LGBT"}, "emotion": "Confused", "turns_number": 4, "dialogues": [[0, 0, "Why are not sexual viewed as apart of the LGBTQ community by some people ? What is the reasoning ?", []], [541914, 3, "because being ace is not a sexuality . if you are ace and gay you are left , but ace on its own is not yeah", []], [956089, 2, "They are now , it is also referred to as LGBTQIA !", ["🌈", "✨"]], [605637, 1, "personally , I do not consider it left because it is not a sexuality it is simply lack of sexual attractions I do not see a reason to consider an sexual or are person as part of left when they are still straight , all because they just happen to lack one or both forms of non - platonic attraction", []]], "speakers": {"Anonymous": 0, "Layla X Akechi ship": 1, "🐾 Ɱąմ 🐾": 2, "Shadow Master ÒwÓ": 3}}, {"id": 17934922, "category": {"id": 74, "name": "Depression"}, "emotion": "Heartbroken", "turns_number": 5, "dialogues": [[1175616, 0, "Never tell your problems to anyone . 20 % do not care and the other 80 % are glad you have them .", ["😔", "💔"]], [838746, 4, "so no one cares in reality", []], [632838, 3, "I would say 99 % do not care .", []], [1153095, 2, "like that guy i use To work with tell me all his life problem . i do not i have a fuck about that just work do your thing and that it . he got fired because he make a bad comment on a worker", []], [1543749, 1, "some do , But not us", []]], "speakers": {"🌺👑IndependentQueen👸🌺": 0, "🌻🌻🌻": 1, "desi ladoo": 2, "will": 3, "Astk Rgsr7": 4}}, {"id": 17934911, "category": {"id": 74, "name": "Depression"}, "emotion": "Depressed", "turns_number": 3, "dialogues": [[833235, 0, "My parents are going to kill me , i am a failure to everyone around me", []], [1543332, 2, "You are not a failure , find something that you do best and you will see .", []], [1485377, 1, "do you think you are r failure ?", []]], "speakers": {"Peepeepoopoo": 0, "Mao": 1, "Newbie": 2}}, {"id": 17934889, "category": {"id": 10, "name": "Friends"}, "emotion": "Depressed", "turns_number": 4, "dialogues": [[767422, 0, "I feel like people only want to hang out if it benefits them , I just want someone who truly likes hanging out with me and does not ignore me for days . I do not want to be ali have anymore . I wish I could i have my life to someone who would appreciate it more ", []], [1115603, 3, "you can always have a virtual friend help you out", []], [838746, 2, "i would love to be with you", []], [1474441, 1, "I only hang with the shutters", []]], "speakers": {"Makayla ": 0, "Jawad Ashraf": 1, "🌻🌻🌻": 2, "Hank Moody": 3}}, {"id": 17934883, "category": {"id": 67, "name": "Self-Care"}, "emotion": "Tired", "turns_number": 5, "dialogues": [[1522557, 0, "anyone know of ways to energies without the use of coffee or energy drinks ?", []], [1251730, 4, "Wellyou could always hold on to some jumps see tables and gas the car", []], [1343991, 3, "I think exercises might help , I m not sure the", []], [1535697, 2, "sugary stuff and cold shower", []], [1393786, 1, "chlorophyll came to mind and ginger with honey", ["🤔"]]], "speakers": {"pearl": 0, "Muggins": 1, "Blurryface": 2, "perseus 🗡": 3, "AJ": 4}}, {"id": 17934859, "category": {"id": 12, "name": "Self Harm"}, "emotion": "Depressed", "turns_number": 3, "dialogues": [[627040, 0, "I do not think i am on na wake up tomorrow . I think this is the end", []], [1535354, 2, "If you would like to talk about it i am here", []], [1527257, 1, "message me , let me know what is up", []]], "speakers": {"Natalie💋✌️": 0, "Sagesrecovery19": 1, "🌹": 2}}, {"id": 17934850, "category": {"id": 10, "name": "Friends"}, "emotion": "Hopeful", "turns_number": 8, "dialogues": [[0, 0, "Guns eat ginger . Its some really healthy shit", []], [950002, 7, "It makes my stomach worse", []], [819758, 6, "Even the it tastes bad but I do eat it :3", []], [517397, 5, "I would tag a ginger if I knew one .", []], [1305616, 4, "* cooks my best friend * mummy reread soup", []], [1140707, 3, "I just boil it with coffee", []], [1156017, 2, "if ginger is shit and you like to eat it . but I do not want to eat anything that is shit .", []], [708374, 1, "I do not eat shit", []]], "speakers": {"Anonymous": 0, "Me when": 1, "CEO of Swag 😎": 2, "God's Perfect Idiot": 3, "🍬𝕂𝕚𝕞𝕞𝕚𝕔𝕠🍬": 4, "Voodoo": 5, "jin'n": 6, "RN RN": 7}}, {"id": 17934843, "category": {"id": 10, "name": "Friends"}, "emotion": "Chilled", "turns_number": 3, "dialogues": [[1177307, 0, "TIC is actually really entertaining", []], [1041807, 2, "Yes , it is my daytime entertainment .", ["🤭"]], [1374592, 1, "are you talking about the band or", []]], "speakers": {"🌙": 0, "Ashley 🥀": 1, "User Banned": 2}}, {"id": 17934827, "category": {"id": 53, "name": "Education"}, "emotion": "Hopeful", "turns_number": 3, "dialogues": [[1527892, 0, "A fool is known by his speech ; and a wise man by silence . Pythagoras", []], [1280500, 2, "In today is world , Silent is more fool than a person who speaks .", []], [1393786, 1, "A man of knowledge restrains his words , and a man of understanding maintains a calm spirit . Even a fool who keeps silent is considered wise and discerning if they hold their tongues .", []]], "speakers": {"jeannette": 0, "Aly": 1, "AJ": 2}}, {"id": 17934802, "category": {"id": 7, "name": "Relationships"}, "emotion": "Heartbroken", "turns_number": 3, "dialogues": [[720456, 0, "Sometimes i wonder if i am even with the correct guy because i feel like am not", []], [835190, 2, "you need to explain more", []], [938163, 1, "stop watering to his demands n giving him heads . you can not let yourself get disrespected by him", []]], "speakers": {"Esm": 0, "anonymous": 1, "Happytohelp": 2}}, {"id": 17934800, "category": {"id": 11, "name": "Hopes"}, "emotion": "Caring", "turns_number": 3, "dialogues": [[1544042, 0, "Is not it lovely all alone ?", []], [1531445, 2, "heart made of glass , my mind of stone", []], [1544069, 1, "I would not be here if I was not desperate for human contact", []]], "speakers": {"Cutie Pie": 0, "Lee": 1, "Newbie": 2}}, {"id": 17934785, "category": {"id": 50, "name": "Music"}, "emotion": "Nothing", "turns_number": 3, "dialogues": [[865414, 0, "I need to organise my playlists !", []], [1156017, 2, "the time you spent writing this , could be used to create one .", []], [684931, 1, "what pp do you use for music ?", []]], "speakers": {"Cursed Owl": 0, "jin'n": 1, "A :(  ઇଓ": 2}}, {"id": 17934779, "category": {"id": 10, "name": "Friends"}, "emotion": "Lonely", "turns_number": 4, "dialogues": [[1400498, 0, "Anybody new want to talk i am bored of th", []], [433364, 3, "We are all bored of . We can still talk if you want", []], [1457432, 2, "We can talk it you want :)", []], [689885, 1, "The  ll  put me off but sure", []]], "speakers": {"LIL SAETRE 🥀": 0, "Rabbit  Heart  𓃹": 1, "my name is irrelevant": 2, ".": 3}}, {"id": 17934772, "category": {"id": 5, "name": "Bullying"}, "emotion": "Bored", "turns_number": 4, "dialogues": [[950002, 0, "Hawk thinks everything I post is a hate speech ! I just know D is d!try a$s marketing me !", []], [1251730, 3, "I did think it was strange that all my comments kept getting the inappropriate pop despite me not cursing in all of them", []], [1077737, 2, "I posted the word  horn *  same as the other guy but they removed my comment instead of his . Starting to think Talklife rates me now .", []], [1544032, 1, "waters going to hate.just let it go mind", []]], "speakers": {"Me when": 0, "Muggins": 1, "Q": 2, "iliketurtlesSs": 3}}, {"id": 17934766, "category": {"id": 7, "name": "Relationships"}, "emotion": "Meh", "turns_number": 4, "dialogues": [[1489698, 0, "girls ask , boys answer .", []], [1489698, 0, "what would you do if your girl is in pain and you know she is in pain but she does not want to talk about it ?", []], [1543522, 2, "Will sit silently holding her hands besides her", []], [835190, 1, "that is diffuse you later honestly . I think that it is ever good to hold your feelings inside and it is better to talk them out . it is better to approach with a hug and let her know you are there for her so that she opens up about her feelings .", []]], "speakers": {"Youra♡": 0, "محمد اسامہ قریشی": 1, "anonymous": 2}}, {"id": 17934737, "category": {"id": 7, "name": "Relationships"}, "emotion": "Insecure", "turns_number": 7, "dialogues": [[1028785, 0, "my boyfriend just broke up with me.i do not blame him , I told him it is diffuse you later to handle me , I do not like intimacy and things like that & I can not handle being so close to someone I do not know man I m so weird", []], [1518359, 5, "Do not worry , there is a guy out there for you who will love you with all your boundaries", ["💜"]], [992657, 2, "Could it be that you have trouble with trust or maybe your afraid of getting hurt ?", []], [1460621, 4, "hey i am here to text", []], [1539304, 3, "Its worth the wait ! Only God knows the perfect person for you ! Trust him , and he will eventually show you the one . Sorry about the whole thing though , I understand it can be distressful . Take care :)", []], [992657, 2, "No one should be leaving just because your not comfortable with intimacy , things should go according to your pace and comfort level . Your not weird . I was once known as weird for wanting to be sexual after marriage laugh out loud but yeah that is our choice or preference", []], [1507139, 1, "It is good ! He just does not have a lot of respect for Christian values .", []]], "speakers": {"macngeeze": 0, "Luc🦁❤️": 1, "Healing": 2, "Jake Green": 3, "Jxsse9": 4, "Newbie": 5}}, {"id": 17934702, "category": {"id": 7, "name": "Relationships"}, "emotion": "Lonely", "turns_number": 3, "dialogues": [[1542045, 0, "I delete all my contact , all of them , from ff , discord everyone welcomehere .i did this choice cause i know , no one will i have a damn fork about my existence .and it is true .one week later , no one ask.except my family .", []], [1539304, 2, "I will i have a dam fork about your existence . You are a human . Therefore , you are part of my family . Do not let people overwhelm you my friend :) you take care , you can overcome whatever the ff you going through . Prove the waters wrong high i have", ["🙌"]], [1543522, 1, "This is true . And stop doing this brow . Know your worth . If they do not know about your worth . Just step away . Do not question yourself . Spend time with those more who valuesyouryour", []]], "speakers": {"Aziz": 0, "Jxsse9": 1, "محمد اسامہ قریشی": 2}}, {"id": 17934681, "category": {"id": 10, "name": "Friends"}, "emotion": "Supportive", "turns_number": 4, "dialogues": [[950002, 0, "I do not get why people are homeless , just buy a house of", []], [1035358, 3, "* Avenge by in background *", []], [952526, 2, "why people starve ? just eat man is is", []], [875944, 1, "why ca not you walk , just grow legs back  ", ["🤦", "♂"]]], "speakers": {"Me when": 0, "Phoque": 1, "everybody": 2, "error 404": 3}}, {"id": 17934678, "category": {"id": 63, "name": "My Story"}, "emotion": "Sick", "turns_number": 3, "dialogues": [[1460336, 0, "Brow I hate taking caps in the day time , I feel useless and pathetic when I wake up .", []], [1035358, 2, "that is true . but the worst part is not feeling sleepy at night because you took nap", []], [1532487, 1, "Plus the headache is real", []]], "speakers": {"Diana": 0, "Phoque": 1, "Ally": 2}}, {"id": 17934675, "category": {"id": 63, "name": "My Story"}, "emotion": "Heartbroken", "turns_number": 3, "dialogues": [[1543889, 0, "fed up ! of being alone , may be am not worth it !", []], [1539304, 2, "You are worth it . But been have me , the wait is more worth it .", []], [1216870, 1, "Just wait , someone looking for you . You are worth it", []]], "speakers": {"Shoaib Malik": 0, "Jxsse9": 1, "myzzyl": 2}}, {"id": 17934664, "category": {"id": 20, "name": "Others"}, "emotion": "Nothing", "turns_number": 3, "dialogues": [[1330528, 0, "The only reason why i am interested in Psychology is because I want to be able to read the behavior of people surrounding me and why they treat me that way .", []], [725140, 2, "whatever the motivation might be . Its a good thing to pursue , it reaches you lot more than you trying to learn .", []], [1543791, 1, "i also want to understand why people behave like that.but i choose pharmacy instead of psychology", []]], "speakers": {"☆—ceres—☆": 0, "Cruel World": 1, "lazy potato": 2}}]