[{"id": 17148314, "category": {"id": 62, "name": "Mental Health"}, "emotion": "Supported", "turns_number": 4, "dialogues": [[0, 0, "What do you do to feel better ?", []], [1468997, 3, "I use taklife to feel good", []], [684931, 2, "i try to be products have , but if i can not then i sleep", []], [1499067, 1, "Watch TO . Draw . Go outside . Listen to loud music .", []]], "speakers": {"Anonymous": 0, "ÒwÓ": 1, "A :(  ઇଓ": 2, "fighter": 3}}, {"id": 17148305, "category": {"id": 62, "name": "Mental Health"}, "emotion": "Lonely", "turns_number": 3, "dialogues": [[1442608, 0, "Hey , Anyone want to talk ? i am feeling a bit lonely", []], [1291747, 2, "i would like to talk . des are open", ["😊"]], [1459465, 1, "Hi , how areyouryour", []]], "speakers": {"Lulu": 0, "Destiny 🏳️‍🌈": 1, "D Jay": 2}}, {"id": 17148304, "category": {"id": 74, "name": "Depression"}, "emotion": "Nothing", "turns_number": 6, "dialogues": [[113081, 0, "I feel like I m nothing but a burden .", []], [1291747, 5, "not to me * huge *", []], [1498422, 4, "No that is the depression talking . You are worthwhile .", []], [1491479, 3, "you can talk with me .", []], [1416683, 2, "hey please do not feel that way . you r in good space believe me", []], [1499067, 1, "I feel like that . You are not alone .", []]], "speakers": {"Aaron": 0, "Destiny 🏳️‍🌈": 1, "Blam": 2, "𝔭𝔲𝔤𝔲": 3, "Sandeep": 4, "fighter": 5}}, {"id": 17148280, "category": {"id": 10, "name": "Friends"}, "emotion": "Overwhelmed", "turns_number": 3, "dialogues": [[0, 0, "I think I accidentally overstepped my boundaries . I asked someone a personal question and did my absolute best to ask them gently respectfully but they left me on read . i replied again sorry and they have yet to respond . i did not mean any bad intentions I m so worried i made them uncomfortable I really did not mean it I was worried for them cause i thought something was wrong . I m such a dumbass :( I hope they are not sad or mad", []], [794232, 2, "it is ok , sometimes we tend to do that . do not hesitate if you want to talk about it .", []], [719355, 1, "i was about to ask my crush and i am thinking 100 times before asking any to avoid this instance . from you are personal point of view what is you are advice on this ?", []]], "speakers": {"Anonymous": 0, "Vkris": 1, "Danu donu": 2}}, {"id": 17148255, "category": {"id": 53, "name": "Education"}, "emotion": "Optimistic", "turns_number": 3, "dialogues": [[1499242, 0, "I need to talk someone . m feeling lonely & depressed ", ["😞", "☹"]], [1499242, 0, "can not concentrate on study", []], [1333793, 1, "Sure hit me up if you want to talk sometime . Anyone welcomed , good luck and hope you feel better .", []]], "speakers": {"senorita": 0, "Dbag 97": 1}}, {"id": 17148253, "category": {"id": 10, "name": "Friends"}, "emotion": "Inspired", "turns_number": 4, "dialogues": [[540032, 0, "Where do you see yourself in 5 years ?", []], [1436869, 3, "never think that far * platon *", []], [1392016, 2, "on mountains . living with monkeys", []], [809733, 1, "Hopefully married at least .", []]], "speakers": {"Salma": 0, "Homer": 1, "Mixed Masala 😌": 2, "EthereaLunaMoth": 3}}, {"id": 17148222, "category": {"id": 10, "name": "Friends"}, "emotion": "Inspired", "turns_number": 3, "dialogues": [[540032, 0, "What is something new you recently learned about yourself ?", []], [794232, 2, "I have learned that I should not emotional connect with people soon .", []], [1487653, 1, "During your Bad phase of life Time reveals the true colours of Everything n Every1", []]], "speakers": {"Salma": 0, "Vkris": 1, "Tez10": 2}}, {"id": 17148217, "category": {"id": 61, "name": "Positive"}, "emotion": "Chilled", "turns_number": 4, "dialogues": [[656993, 0, "What is your zodiac sign ? Do you believe in astronomy ?", []], [1043910, 3, "I am a Virus and no I do not .", []], [710218, 2, "Pieces and a little bit I do not know sometimes it just seems like a load of bullshit", []], [1448962, 1, "no not reallyand I do not even know what sign I am", []]], "speakers": {"emmy": 0, "breenah": 1, ".": 2, "Millennial": 3}}, {"id": 17148210, "category": {"id": 20, "name": "Others"}, "emotion": "Amazed", "turns_number": 5, "dialogues": [[0, 0, "why women are not prevents ?", []], [1266742, 4, "They are ; they just hide it better .", []], [1428902, 3, "They are you just do not hear about it often", []], [1333442, 2, "If you assume women as they are not prevents as well , you are either plain a moon or an online icel rejected by women . One of the two", []], [919810, 1, "cos they are on the receiving hand", []]], "speakers": {"Anonymous": 0, "Señor Сука": 1, "Dammy Savis": 2, ".": 3, "Moonlight": 4}}, {"id": 17148193, "category": {"id": 12, "name": "Self Harm"}, "emotion": "Overwhelmed", "turns_number": 3, "dialogues": [[1439533, 0, "This urge to hurt myself has been building up for days and I keep trying to ignore it .", []], [1499227, 2, "If you need to talk you can message me . I know the feeling all to well you are not alone", []], [1168901, 1, "i am really proud of you for fighting it . that is a great first step . you can get through this ! keep fighting . you are so strong", []]], "speakers": {"J": 0, "Lightharlow": 1, "shannon": 2}}, {"id": 17148191, "category": {"id": 7, "name": "Relationships"}, "emotion": "Supportive", "turns_number": 4, "dialogues": [[0, 0, "I m already 30 years old . so I think fucking with a lot of hot guns be ok .", []], [596323, 3, "what do you mean by that ?", []], [1497711, 2, "What does this mean anon ?", []], [690654, 1, "li have your best life , if that is what you want . As long as it is healthy and not destruction have .", []]], "speakers": {"Anonymous": 0, "Phoenix5204": 1, "Scotty Dale": 2, "MindCavity": 3}}, {"id": 17148176, "category": {"id": 7, "name": "Relationships"}, "emotion": "Heartbroken", "turns_number": 4, "dialogues": [[1497987, 0, "i have him space and stand by his side support him you have to be his strength .", []], [1370163, 3, "I can relate boy now we are in the same boat distract yourself with society and hobbies everything will be fine", ["💛"]], [1392016, 2, "same happened with me . but he left without warning . I never was toxic nor demanding n he did that too . you know who . fur both of them", []], [1370906, 1, "I am sorry for you . how he think you were creating negative have laura for him ?", []]], "speakers": {"Arif": 0, "Wingardium Leviosa": 1, "Mixed Masala 😌": 2, "Rainbow Sparkle": 3}}, {"id": 17148169, "category": {"id": 51, "name": "Helpful Tips"}, "emotion": "Energetic", "turns_number": 5, "dialogues": [[1248990, 0, "For all Men out thereof Must First Be Able To Love , Provide & Take Care Of Yourself . Before You Try To Establish & Create A Life With Someone Else . If Not , When In Relationship You Will Be A Liability & A Dependent Who Will Eventually Lose The Respect Of His Woman . Men Rules by lever A. Powers in Facebook", []], [1436869, 4, "but sometimes it is almost impossible to control", []], [710218, 3, "like we are not already being told this from day one s . what the fuck else is there to do laugh out loud is .", []], [1121309, 2, "This message applies to literally everyone regardless of gender . Not sure why specifically had to put it out towards men .", []], [1156178, 1, "love yourself before you love someone in short", []]], "speakers": {"Independent Love ❤": 0, "Homer": 1, ".": 2, "Jacob": 3, "Raj Agravanshi": 4}}, {"id": 17148132, "category": {"id": 53, "name": "Education"}, "emotion": "Inspired", "turns_number": 4, "dialogues": [[1402877, 0, "My author teacher taught us how to find the percentage of something since it was necessary for a project but now i am having fun cases you lacerating how much of any random thing I have gotten done . 43 % of my current essay is done . it is just cool , a know ?", ["😄", "😊"]], [1007133, 2, "it is cool and what you are doing is kind of cut", []], [1445952, 1, "laugh out loud this is me in childhood too .", ["😂"]], [1445952, 1, "also , cases you literate the percentage of creep on to .", ["😁"]]], "speakers": {"Ayanna": 0, "the gift": 1, ".": 2}}, {"id": 17148131, "category": {"id": 20, "name": "Others"}, "emotion": "Proud", "turns_number": 4, "dialogues": [[0, 0, "Cheating is normal right ?", []], [1402877, 3, "Depends on what . but I guess ? it is still not good . Cheating hurts people , and destroys safety measures like guaranteeing someone is qualified for an important job . You would not feel safe with a doctor who created his way through medical school .", []], [1426082, 2, "it is not normal for who do and abnormal who have created", []], [1017360, 1, "i would say no , but many many many people cheat . it is unfortunately part of being human . making strange decisions .", []]], "speakers": {"Anonymous": 0, "Ayanna": 1, "AIR-IM POLLUTED": 2, "bea 🐇": 3}}, {"id": 17148124, "category": {"id": 10, "name": "Friends"}, "emotion": "Tired", "turns_number": 3, "dialogues": [[1428049, 0, "corona virus is parading itself faster than any other technology on earth.hence virus are more smart and adaptable to the environment than humans Just hope it ends soon . otherwise it is going to create a greater chaos than last year .", ["🤦", "😪"]], [1426082, 2, "virus will evolve and will be human after some time", []], [684673, 1, "Well , virus is just one cell , less than one cell . Humans are . more . Can not compare", []]], "speakers": {"he": 0, "AIR-IM POLLUTED": 1, "Kama2": 2}}, {"id": 17148118, "category": {"id": 20, "name": "Others"}, "emotion": "Meh", "turns_number": 4, "dialogues": [[0, 0, "Do you prefer ugly with good personality , or beautiful with shiny personality ?", []], [1453971, 3, "I prefer myself smart and strong in character", []], [711722, 2, "A great and kind soul daytime ", ["❤", "🥰"]], [1333442, 1, "I would rather choose the third option", []]], "speakers": {"Anonymous": 0, "User Banned": 1, "DJ MARYJANE™️🎧🍁": 2, ".": 3}}, {"id": 17148116, "category": {"id": 72, "name": "Anxiety"}, "emotion": "Overwhelmed", "turns_number": 3, "dialogues": [[254185, 0, "I have been shaking all day , I need sleep", []], [1396692, 2, "keep the phone and sleep", []], [1493252, 1, "Yes , please . If you can , take a good shower too , it is relaxing . Also phone can cause sleep disturbances . I hope you can sleep for long hours", ["💜"]]], "speakers": {"dance dance": 0, "Mysterious Homie": 1, "It's okay": 2}}, {"id": 17148115, "category": {"id": 20, "name": "Others"}, "emotion": "Positive", "turns_number": 8, "dialogues": [[1010804, 0, "I m not really sure what your saying ?", []], [1384787, 5, "You are supposed to be in break", ["🤭"]], [1342538, 4, "Friend who will i have me a superheart when I comment on her post", ["🦍"]], [700523, 3, "stranger who i have me a superheart to a stranger that graves for this social attention in a way to distract and cope from issues in the real world like an adduct would do but then rather in a digital way yet denying all existence of this occurring theme so hands up and i have your superhearts . This is a robbery key", []], [1381601, 2, "you are mine now ?", []], [1381601, 2, "did I comment something wrong ?", []], [1498127, 2, "you are the fantasy that I would like to be fulfilling right now", []], [1140459, 1, "I m your to unknown friend", ["☺", "🌼"]]], "speakers": {"OUCIMmeB4UICUR12": 0, "◇ VB": 1, "M1LL10N": 2, "Calidum Capulus ☕🇮🇹": 3, "User Banned": 4, "S̶̶i̶̶r̶̶i̶̶u̶̶s̶̶A̶̶c̶̶u̶̶b̶̶e̶̶n̶̶s̶̶": 5}}, {"id": 17148101, "category": {"id": 10, "name": "Friends"}, "emotion": "Sad", "turns_number": 3, "dialogues": [[0, 0, "i feel so alone . my friends only contact me when they need something . me n my best friends forever does not talk as much as we used to . my family insults me and always makes me feel like i am not good enough . i am i m a relationship but i am still lonely . he prioritize his works and other stuff more . and i am always there for pp when they need me . but me ? i have no one", []], [650513, 2, "Make more and more friends , definitely you will one or two good friends out of them .", []], [1497106, 1, "This is reality . Learn to be there for yourself more . I have yourself the love and care that you deserve and you wo not have to ask from anyone else .", []]], "speakers": {"Anonymous": 0, "Zain (Paid counselor)": 1, "Ackerman": 2}}, {"id": 17148086, "category": {"id": 7, "name": "Relationships"}, "emotion": "Hopeful", "turns_number": 3, "dialogues": [[1142898, 0, "What is falling in love like ?", ["🥺"]], [506000, 2, "good for a moment .", []], [832479, 1, "falling is like a cage in your throat opens up . then it really is like fallingactually being in love is seeing an idiot and knowing they are an idiot and being unable to stop yourself from smiling yourself and having your whole world lit up by seeing that big dumb smiling idiot", []]], "speakers": {"Star Girl 💛": 0, "ⁿᵒ ᵃⁿᵍᵉˡ": 1, "mountainman": 2}}, {"id": 17148085, "category": {"id": 20, "name": "Others"}, "emotion": "Hopeful", "turns_number": 4, "dialogues": [[1392016, 0, "I want to be happy", []], [1210071, 3, "What is stopping you from being happy ?", []], [1129541, 2, "Praying your prayers and wishes gets answered xx", []], [1480208, 1, "that is what we want to be happy but somehow anyhow you know . what is that stopingyouryour", []]], "speakers": {"Mixed Masala 😌": 0, "Newbie": 1, "🎖️Blessing M": 2, "VicariousMind™": 3}}, {"id": 17148080, "category": {"id": 72, "name": "Anxiety"}, "emotion": "Anxious", "turns_number": 3, "dialogues": [[0, 0, "Honest people can not have a relationship", []], [591469, 1, "are you the same person making all these shitpost ?", []], [1493175, 1, "i disagree , honest pp can have relationship with honest pp . But both are rare , so need to wait and search propereally to find their perfect match", []]], "speakers": {"Anonymous": 0, "User Banned": 1}}, {"id": 17148062, "category": {"id": 62, "name": "Mental Health"}, "emotion": "Sad", "turns_number": 3, "dialogues": [[333427, 0, "it is yet another depressing day.at this point I m not very certain why I m feeling sad today although unfortunately it is the same reasons as earlier .", []], [711722, 2, "just stop thinking over the same thing it will affect your mental health in so many ways . try to distract your mind by something . start stretching .learn new things .be with your family . just try to take your mind off these thoughts .god bless you .stay strong ", ["❤"]], [1312627, 1, "find life purpose , find your true inner self , improve mind and body , coming better with depressionthen you be at peace you like to know more ?", []]], "speakers": {"unhappyprincess": 0, "DJ MARYJANE™️🎧🍁": 1, "Righteous Force": 2}}, {"id": 17148058, "category": {"id": 20, "name": "Others"}, "emotion": "Meh", "turns_number": 3, "dialogues": [[1171455, 0, "I m slowing losing contact with everyone around me . Just i have me the time and SPACE I need . I disabled the essaying option since some of you will literally tried to manipulate me in talking with you will . * sigh * ~ Stay safe and drink some water", ["💙"]], [1435345, 2, "how are you doing ?", []], [711722, 1, "it is just a part of growing up .trust me . just start Rousing in yourself and your life more . I hope everything goes better in your life . best wishes for you ", ["🤗", "❤"]]], "speakers": {"Χάρις 🇱🇺": 0, "Zaf": 1, "DJ MARYJANE™️🎧🍁": 2}}, {"id": 17148050, "category": {"id": 62, "name": "Mental Health"}, "emotion": "Down", "turns_number": 3, "dialogues": [[690946, 0, "I lay in bed feeling sad and empty while trying to ignore my demon", []], [711722, 2, "Take care of yourself . Everything will be better .a bad day does not mean you have a bad life . blessings for you . ", ["😇", "❤"]], [1454451, 1, "Send me some of your demon here . Would love to i will with them", []]], "speakers": {"Jade": 0, "DJ MARYJANE™️🎧🍁": 1, ".": 2}}, {"id": 17148046, "category": {"id": 7, "name": "Relationships"}, "emotion": "Nervous", "turns_number": 3, "dialogues": [[1353926, 0, "Be in a relationship is great pp sayitll be wonderful they earthen WHY THE F AM I ALWAYS WORRIED IF THE GUY i am WITH IS CHEATING ON ME ? !", []], [375076, 2, "you lacking trust maybe ? if people trust each other then you should not be worried right ?", []], [1499227, 1, "Personally I have been created on before and since after that my anxiety gets the best of me and I think everyone will do it .", []]], "speakers": {"Mora Ladybirth C-137 🇨🇦": 0, "RisingG": 1, "Lightharlow": 2}}, {"id": 17148020, "category": {"id": 7, "name": "Relationships"}, "emotion": "Lonely", "turns_number": 3, "dialogues": [[0, 0, "Is it considered cheating if I enjoy watching AS video is where the girl is pretending to pay attention to me and taking care of me?(no sexual way ) Because my girl started to ignore me whenever I talk about myself , my feelings and how I m doing so I feel so alone even through I still love her and I do not want to cheat or something . I just want someone to pay attention to be that is all . Is this to much to ask ?", []], [711722, 2, "no definitely it is not something that is too much to ask for", []], [1283005, 1, "sounds like its time for a breakup . that is your choice anyone welcomes . you should be able to be open around your own girlfriend . it sucks to have someone who does not pay attention to you . hopefully you can resolve this . try talking to your girlfriend about how you feel . good luck ! ( also i do not personally consider that cheating , i am not sure about how others feel )", []]], "speakers": {"Anonymous": 0, "DJ MARYJANE™️🎧🍁": 1, "gab": 2}}, {"id": 17148014, "category": {"id": 62, "name": "Mental Health"}, "emotion": "Afraid", "turns_number": 3, "dialogues": [[0, 0, "i feel really bad and guilty for not telling the police and my family the full story of what happened to me", []], [711722, 2, "it is ok I can understand it is not that easy . to come up with everything .it takes time . you take care of yourself .and do not let your brain affect you so much by thinking about it .try to distract your self .be around your family more . God bless you ", ["❤"]], [919810, 1, "hope with time you get there", []]], "speakers": {"Anonymous": 0, "DJ MARYJANE™️🎧🍁": 1, "Moonlight": 2}}, {"id": 17147991, "category": {"id": 20, "name": "Others"}, "emotion": "Disgust", "turns_number": 3, "dialogues": [[1398671, 0, "ok but not publicly do", []], [1384413, 2, "Oh man:/ that is definitely fish Maybe find a TRUSTED family member or very close friend that you can kind of tell about what is going on(Other than your mon )", []], [1496894, 1, "if you feel anything uncomfortable , you should not allow that . even if he is your brother", []]], "speakers": {"Timothy Matthews": 0, "chiller": 1, "HouseOfCards": 2}}, {"id": 17147987, "category": {"id": 65, "name": "Eating Disorders"}, "emotion": "Depressed", "turns_number": 3, "dialogues": [[30751, 0, "You know it is getting bad when i start listening to nice dollanganger again", []], [1441806, 2, "Better than fall out boy", []], [770224, 1, "you should listen to tiny tim", []]], "speakers": {"𝖇𝖆𝖇𝖞 𝖉𝖗𝖆𝖈𝖚𝖑𝖆.": 0, "🦇𝐕𝐚𝐦𝐩𝐲🦇": 1, "Marco 🦆": 2}}, {"id": 17147976, "category": {"id": 7, "name": "Relationships"}, "emotion": "Nostalgic", "turns_number": 6, "dialogues": [[1002552, 0, "I am 26 years old and I have only had one boyfriend in my life and this guy practically made fun of me and my love . today , i would like to get a real partner , but for some reason that I do not understand , boys only . they want to have sex with me and that is it , that makes me feel so sad , is it really so impossible for me to be loved by someone ? what is wrong whit me ?", []], [1426082, 6, "talk with people.dont go for a relationship in hurry", []], [1480208, 4, "hey I m so sorry to hear that but th sex is not everything it is just an part of life hope you are doing well sending my huge", []], [1435345, 3, "I do not thing you are wrong in anyone welcomed", []], [1496894, 2, "nothing wrong with you and there are many men who wants a loving relationship rather than painless is is", []], [1499177, 1, "keep looking for someone nice you truly love and if someone tries to do something you do not like with you beat their a *", []]], "speakers": {"Mia Brown": 0, "AIR-IM POLLUTED": 1, "VicariousMind™": 2, "Zaf": 3, "HouseOfCards": 4, "Laccy Smoith": 5}}, {"id": 17147971, "category": {"id": 7, "name": "Relationships"}, "emotion": "Heartbroken", "turns_number": 3, "dialogues": [[1498740, 0, "Imissyou , but your already happy without me .", []], [1480208, 2, "related posts hope you are doing well stay strong be happy bless you", ["🥺"]], [1498127, 1, "come on . Just leave it and what about that do you want some help I m here", []]], "speakers": {"Atina mae": 0, "VicariousMind™": 1, "User Banned": 2}}, {"id": 17147965, "category": {"id": 7, "name": "Relationships"}, "emotion": "Anxious", "turns_number": 4, "dialogues": [[1346582, 0, "So I just got this boyfriend about a month ago and daytime he brings up his ex is and when they tucked I get really jealous . why is that ? ! I need help on how to over come this jealousy and move on from it because he keeps telling me i am his and nothing changes that but I just get so jealous .", []], [1494383, 2, "why is he bringing that up in the first place ? !", []], [1498127, 1, "You wo not believe it , but we are in the same situation .", []], [1498127, 1, "But for me it is worse because the very Scoundrel When he has sex with him and not only then he tells me that what he just did was not right with the one who feels that he does not do anything to him that he wanted me to be at that moment .", []]], "speakers": {"Blssd.Pineapple": 0, "Liz": 1, "User Banned": 2}}, {"id": 17147951, "category": {"id": 62, "name": "Mental Health"}, "emotion": "Depressed", "turns_number": 3, "dialogues": [[1330381, 0, "Problems are a part of our life but escaping from Problems are not a solution . Come on , you are brave enough to handle this situation . So , just face your Problems and bounce back .", ["🍁"]], [1443025, 2, "i want you to li have", []], [1498353, 1, "Whether you believe it or not things will change . I know what your going through . Life just feels so flurry and dark . But there is always light through the darkness and your much stronger than you think . I know you will get through this . Your strong , your smart and your brave . I know you got this muddy", ["💪"]]], "speakers": {"𝑨𝒗𝒊𝒌...": 0, "Betta Blood": 1, "Newbie": 2}}, {"id": 17147926, "category": {"id": 72, "name": "Anxiety"}, "emotion": null, "turns_number": 4, "dialogues": [[1480787, 0, "my moss out i feel like i am about to have a panic attack phone is locked laugh out loud", []], [1493290, 3, "what happened ? what makes you packing", []], [1498740, 2, "Just breathe slowly , and do not think negative have thoughts .", []], [1494865, 1, "What is wrong brow ? We can email", []]], "speakers": {"DIABLO": 0, "pearl": 1, "Atina mae": 2, "Ayato": 3}}, {"id": 17147923, "category": {"id": 74, "name": "Depression"}, "emotion": "Supportive", "turns_number": 7, "dialogues": [[1499227, 0, "I am destroyed the guy I helped over come addition and my friend of 12 years and boyfriend of for just left like it was nothing . Now he is saying his unborn child is not his because I had one girls night out . he is telling everyone that besides me and has not even message once about the baby since we broke up for weeks ago . i am a mess .", []], [1029989, 4, "a man who abandons his child is not a man", []], [1105112, 5, "Now that guy is just awful", []], [1029989, 4, "you should get after his life regarding care for your baby . involve his friends and family . let his social circle know what he is doing . unless it is mutual then you both decide . do not let him get away so easy .", []], [1498707, 3, "I m so sorry for you!Please - stop contact with both of them immediately - as they are toxic . It will be hard to do such a task - but I m sure you can do it !", []], [1330381, 2, "I really do not know what to say but stay strong and handle all situations calmly .", []], [1333793, 1, "Now , guns can be huge docks hut ? I m really sorry , why the fuck do deserving people have everything they want , only to throw it away ?", []]], "speakers": {"Lightharlow": 0, "Sam": 1, "Mel💫": 2, "❓": 3, "𝑨𝒗𝒊𝒌...": 4, "Dbag 97": 5}}, {"id": 17147921, "category": {"id": 12, "name": "Self Harm"}, "emotion": "Lonely", "turns_number": 3, "dialogues": [[1207109, 0, "Anyone else feel like killing themselves?I feel like a lower who no one could love .", []], [1499212, 2, "The only choice you have to feel love when no one seems to care about you is love first .", []], [1168901, 1, "i know the feeling . i promise it gets better . i have yourself more of a chance . wait longer . see what life has to offer .", []]], "speakers": {"Nik": 0, "Gabriel Sousa Correa": 1, "shannon": 2}}, {"id": 17147899, "category": {"id": 7, "name": "Relationships"}, "emotion": "Supportive", "turns_number": 3, "dialogues": [[1414621, 0, "Benefits of being singleyou can get off the bed from both side in morning", []], [1178396, 2, "I have a single bed anyone welcomes !", ["😂"]], [1423846, 1, "Oh my god that is so true ! But my bed is close from the wall , can get out from beside only", ["😣"]]], "speakers": {"Day and night": 0, "Sleepy Shawty💤": 1, "Gandhide": 2}}, {"id": 17147894, "category": {"id": 11, "name": "Hopes"}, "emotion": "Loving", "turns_number": 3, "dialogues": [[1318698, 0, "Does somebody li have close to magnates ?", []], [1123709, 2, "I m a few hours from them", []], [596323, 1, "where is that at ?", []]], "speakers": {"Natalie💕": 0, "Joseph": 1, "Phoenix5204": 2}}, {"id": 17147892, "category": {"id": 67, "name": "Self-Care"}, "emotion": "Caring", "turns_number": 5, "dialogues": [[1498562, 0, "am i still allowed to post dark jokes here ? HATA", []], [1333442, 4, "Well , do and look up to hawk is responses later", []], [1444017, 3, "I do not see why not", []], [596323, 2, "those might be better in des depending on how bad they are laugh out loud", []], [1415280, 1, "you are looking like a twilight empire", []]], "speakers": {"Trench Girl": 0, ".": 1, "travis": 2, "Phoenix5204": 3, "spreading happiness": 4}}, {"id": 17147879, "category": {"id": 7, "name": "Relationships"}, "emotion": "Confused", "turns_number": 3, "dialogues": [[143368, 0, "What does it mean if he tells you how he is feeling emotional", []], [772296, 2, "That sounds like the start of something good . Plus he feels comfortable enough to open up to you which likely means he wants to be closer toyouryour", []], [1425917, 1, "when a person talks about how they are feeling emotional with others it means that they have a higher level of emotional intelligence and self awareness . it is refreshing to talk with people like that , but can sometimes can get too be too much if they do it too often and do not let another share their side of things too so , if your friend feels comfortable enough to talk about his feelings with you , great . just do not let him over it with you because personal boundaries are important in situations like these .", []]], "speakers": {"2015": 0, "A Human": 1, "*Amira❤️Adore*": 2}}, {"id": 17147875, "category": {"id": 10, "name": "Friends"}, "emotion": "Loving", "turns_number": 3, "dialogues": [[1415280, 0, "so how is your relationship ?", []], [1496894, 2, "got blocked by my girlfriend on valentine is day . I think it sums all up", []], [1028785, 1, "it is going fucking fantastic.never felt this way with any other person before .", []]], "speakers": {"spreading happiness": 0, "HouseOfCards": 1, "macngeeze": 2}}, {"id": 17147864, "category": {"id": 63, "name": "My Story"}, "emotion": "Heartbroken", "turns_number": 3, "dialogues": [[0, 0, "Had a fight with mon and she told me some things that she regretted hahahhahahah and I explode .IN I m in my room , realizing everything and crying hahahhahaahha.#amessthatcannotbefixed", ["🥺"]], [1493290, 2, "* hug * I hope you ll feel better soon", ["🍀"]], [1223172, 1, "I feel you . Do not worry ok .", []]], "speakers": {"Anonymous": 0, "pearl": 1, "Darklite": 2}}, {"id": 17147861, "category": {"id": 7, "name": "Relationships"}, "emotion": "Heartbroken", "turns_number": 3, "dialogues": [[1140521, 0, "Happiness and positively is operated sometimes .", []], [1223172, 2, "Please do not worry ok . For you", ["🌹"]], [1414621, 1, "only when we attach it with fantasy and imagination away from reality", []]], "speakers": {"Mansi Joshi": 0, "Darklite": 1, "Day and night": 2}}, {"id": 17147842, "category": {"id": 7, "name": "Relationships"}, "emotion": "Afraid", "turns_number": 3, "dialogues": [[1365493, 0, "I have been contemplation this break up for months . Then it happens . And he is ok with it . His family is ok with it . Everything is ok . So why is it hurting me so fucking much . ?", []], [310954, 2, "co deep down you cared michaud he deep did not care muchhis family wo not support youyou is not their daughterbut he is their son . family comes first .", []], [1180600, 1, "its always hard to leave when you truly love them , I know you two are breaking up but still it shows how much you actually cared . if you need someone to talk to feel free to send me a message I ll be more then happy to help and listen .", []]], "speakers": {"Nya": 0, "Bring Your - A - Game 🇮🇳": 1, "nobody important": 2}}, {"id": 17147834, "category": {"id": 11, "name": "Hopes"}, "emotion": null, "turns_number": 3, "dialogues": [[1499142, 0, "Please god please help me please bless her in my life without her I am nothing I truly love her and can not imagine my life without her she means everything to me she is my love my happiness my life my everything please god I beg you please bless her in my life", ["😭"]], [1499142, 0, "I tried man but nothing changed", []], [1495362, 1, "go after her and find out if you two are compatible but be reminded that you can not make someone love you no matter how much you love that person .", []]], "speakers": {"User Banned": 0, "Tuk": 1}}, {"id": 17147815, "category": {"id": 62, "name": "Mental Health"}, "emotion": "Nothing", "turns_number": 3, "dialogues": [[1479013, 0, "my mind feels like its splitting i do not want to li have with this type burden eh i am just living in a fantasy in reality everything is shit why am i even here", []], [310954, 2, "why are you avoiding reality such that the fantasy is better ? what is your reality like and what has been going on ? are you ready to have a real talk ?", []], [1498740, 1, "Hey Girl cheer up .", []]], "speakers": {"kiyoko": 0, "Bring Your - A - Game 🇮🇳": 1, "Atina mae": 2}}, {"id": 17147792, "category": {"id": 63, "name": "My Story"}, "emotion": "Hopeful", "turns_number": 3, "dialogues": [[1347312, 0, "Its established that I can never be a morning person .", []], [1178396, 2, "om same ! i tried to be one but failed !", ["😂"]], [1027343, 1, "it takes a certain kind of person to wake up really everyday , and i am not that person", []]], "speakers": {"Veronica": 0, "Sleepy Shawty💤": 1, "Dandy Chiggins 👻": 2}}, {"id": 17147789, "category": {"id": 47, "name": "Health"}, "emotion": "Afraid", "turns_number": 4, "dialogues": [[0, 0, "I can not SEIZE ! I need help . I am unable to seize for a week now even the my nose has been itching and has a strong urge to seize but it always stops at the end ! I feel like something is blocking behind my nose . What is wrong with me . Any doctor here ?", []], [1337087, 1, "That happens to me but the seize will come", []], [919810, 2, "take Vitamin see or eat garlic", []], [1337087, 1, "Or you can look at the light", []]], "speakers": {"Anonymous": 0, "brown sugar🇬🇾": 1, "Moonlight": 2}}, {"id": 17877791, "category": {"id": 51, "name": "Helpful Tips"}, "emotion": "Meh", "turns_number": 3, "dialogues": [[911753, 0, "is it bad that i like staying alone all the time", []], [1461124, 2, "no . I prefer my own company to that of others .", []], [685429, 1, "i do not think it is bad actually , If you love your life that way , why would it be wrong?furthermore , most people are a waste of time.not everyone , not always of course.if you like to li have that way do not force yourself to do something you do not like .", ["😉"]]], "speakers": {"ytinbam": 0, "The Doctor (who?)": 1, "lcs": 2}}, {"id": 17877790, "category": {"id": 48, "name": "Work"}, "emotion": "Supportive", "turns_number": 3, "dialogues": [[1512779, 0, "I wish there were more jobs for controverted people and people with social anxiety . i am suffering but I still got to make a living .", []], [1517475, 2, "engineering is great for that . machines do not yell atyouryour", []], [1206661, 1, "I m proud of you still brave enough to have a job . your a strong woman", []]], "speakers": {"Keke": 0, "Newbie": 1, "Big teddy bear": 2}}, {"id": 17877785, "category": {"id": 10, "name": "Friends"}, "emotion": "Hopeful", "turns_number": 4, "dialogues": [[0, 0, "I used to make fun of a student for having anger issues and I used to gossip about him to a other students who do not like him . He found out about that and he started making metes on me and even slut Ashamed me . What do I do ? was I that bad ?", []], [593745, 3, "stop rolling due , you have been posting since earlier this morning . seek help son .", []], [1078286, 2, "yeah , do not bully people . maybe apologize , and do not expect an apology back", []], [1004024, 1, "he gave you the taste of your own medicine", []]], "speakers": {"Anonymous": 0, "Granny👵🏿": 1, "Lord Farquaad": 2, "SuperBaby": 3}}, {"id": 17877776, "category": {"id": 12, "name": "Self Harm"}, "emotion": "Nothing", "turns_number": 5, "dialogues": [[1238949, 0, "Does scratching count as self harm ?", []], [682273, 4, "i do not think so", []], [1395108, 3, "up no that is all I have left i will", []], [1529469, 2, "yes it does . as long as you are intentionally injuring yourself it is considered self harm", []], [1540761, 1, "yes .by scratching you harm the feelings of you are itchiness.#hailitching", []]], "speakers": {"cheesy watsits": 0, "Panzerkampfwagen IV Ausf. D": 1, "PlAyErs ClUb 🍸👯🎶": 2, "Lucass": 3, "Tie-m X": 4}}, {"id": 17877771, "category": {"id": 74, "name": "Depression"}, "emotion": "Depressed", "turns_number": 5, "dialogues": [[1499238, 0, "I finally break the cycle . Tell myself things are going to be different , i am on na do better ! Worked so hard to get out of the situation I was in , to have a better life , to be happy . Then I fall back into my same old patterns . What the fuck .", []], [1539304, 3, "You got this ! Try harder and put in the effort , people like me will support you and he with you every step of the way ! You will slowly begin to realize the cycle slowing down :) I wish you luck", []], [1533626, 2, "Do not worry you ll get better . If you did it before you can do it again it is easier now .", []], [1533626, 2, "I like to encourage people like you", []], [1074988, 1, "I feel like depression is like quitting an addition , your brain is addicted to being sad . It takes effort to overcome , you have got the effort , you have pulled yourself out of it at least this once . One time it wo not be able to pull you back , it ll keep trying but you ll notice and be strong enough to be a happier version of yourself . I hope next time is the time .", []]], "speakers": {"StoneyBaloney": 0, "Jxsse9": 1, "ABCD": 2, "Steffi 🇦🇺": 3}}, {"id": 17877768, "category": {"id": 47, "name": "Health"}, "emotion": "Meh", "turns_number": 4, "dialogues": [[1128101, 0, "got my wisdom teeth removed this morning", ["😖"]], [1525589, 3, "Luck . Good luck .", []], [1442128, 2, "Now , must have been awkward and painful keeping your mouth open like that for that long", []], [712742, 1, "I got mine pulled with just local anaesthetic and was i haven some Tylenol 3 or whatnot to dull the pain went back to work the next day because they needed me .", []]], "speakers": {"Emma420": 0, "【﻿Ｋｉｔｔｙ　Ｌｕｎａ】": 1, "BarbieQ": 2, "Jholland14": 3}}, {"id": 17877760, "category": {"id": 20, "name": "Others"}, "emotion": "Meh", "turns_number": 3, "dialogues": [[0, 0, "I wish I could wear a suit on my wedding day ( I m a girl )", ["🙂"]], [1305616, 2, "you can if you want . it is your wedding .", []], [1538113, 1, "Who says you can not ? ! Go for it !", []]], "speakers": {"Anonymous": 0, "🍬𝕂𝕚𝕞𝕞𝕚𝕔𝕠🍬": 1, "Unapologetically healing": 2}}, {"id": 17877751, "category": {"id": 74, "name": "Depression"}, "emotion": "Sad", "turns_number": 3, "dialogues": [[1540823, 0, "I know that i am not going meet ore talk to a human until monday . And i just feel for laying in my bed get drunk and sleep too monday", []], [1512779, 2, "I feel it but I think you should do the opposite of that and put yourself out there . Meet someone new . Go out to eat . You ca not let the depression win is is", []], [896599, 1, "take a shot for me", []]], "speakers": {"Jupiter": 0, "Keke": 1, "God": 2}}, {"id": 17877742, "category": {"id": 20, "name": "Others"}, "emotion": "Meh", "turns_number": 5, "dialogues": [[1396840, 0, "Do not go to sleep , stay up with me .", []], [873430, 4, "ok but on a condition", []], [1403569, 3, "sure laughing my arms off I already slept anyone welcomes", []], [1283064, 2, "that is much better . we can play", []], [1140459, 1, "I can still talk with you even though I m half asleep .", ["😪"]]], "speakers": {"ded.": 0, "🌚": 1, "Cinnamon :)": 2, "LIONESS__GIRL": 3, "S̶̶i̶̶r̶̶i̶̶u̶̶s̶̶A̶̶c̶̶u̶̶b̶̶e̶̶n̶̶s̶̶": 4}}, {"id": 17877738, "category": {"id": 62, "name": "Mental Health"}, "emotion": "Overwhelmed", "turns_number": 3, "dialogues": [[1080942, 0, "I just want it to stop .", []], [1540761, 2, "just talk it out.let it go", []], [1540036, 1, "Why stop when its still starting my dear", []]], "speakers": {"Boo": 0, "Tie-m X": 1, "Shane lonnie": 2}}, {"id": 17877735, "category": {"id": 10, "name": "Friends"}, "emotion": "Nostalgic", "turns_number": 3, "dialogues": [[1540860, 0, "Ever just try your hardest to people please and just be there for people and in return you are always the one left behind . always left alone to drown yourself in tears . I feel like i am being held underwater and my once closest friends are the ones pushing me under . :(", []], [891536, 2, "I can relate to that", []], [1506309, 1, "That is rough muddy . I know you said you just want to vent but if you want to vent to a person i am one of them", []]], "speakers": {"JJ": 0, "Deksam": 1, "No more tears": 2}}, {"id": 17877713, "category": {"id": 20, "name": "Others"}, "emotion": "Sad", "turns_number": 4, "dialogues": [[1419762, 0, "The people with the kindest hearts always seem to be the ones who get taken advantage of .", []], [1540761, 3, "not always.can , t explain here it is a long theory .", ["😅"]], [1533911, 2, "mostly . unless they have someone watching their back", []], [1537866, 1, "true but it hurts .", ["💔", "🥺"]]], "speakers": {"Karina": 0, "Tie-m X": 1, "Justabeast": 2, "zee": 3}}, {"id": 17877708, "category": {"id": 7, "name": "Relationships"}, "emotion": "Stressed", "turns_number": 7, "dialogues": [[1538000, 0, "What to do if you can not stop thinking about someone ?", []], [400785, 6, "watch a show and eat smith", []], [880450, 5, "Oh my god just for once tell me wiki do you love me", []], [1540315, 4, "Search through goose or go read my bible", ["😐"]], [1453925, 3, "Watch something funny or an interesting video on couture , even if its about animals and then go to sleep", []], [1533911, 2, "why can not you talk to them ?", []], [1160151, 1, "i have him or her the best surprise that will be forever remembered .", ["😊"]]], "speakers": {"Kiki": 0, "David😈": 1, "Cocomelon": 2, "jenny boo": 3, "Jane": 4, "Justabeast": 5, "Never Give up....Hold on👦": 6}}, {"id": 17877706, "category": {"id": 20, "name": "Others"}, "emotion": "Lonely", "turns_number": 3, "dialogues": [[620789, 0, "I hate my mon she is a homophobic , racism Where n does not deserve to breath the same air as a branded fewer rat . that fucking bitch ruined my life n chose the dullest piece of shit in the un averse to have sex with . I m destined for suicide . I wish she gave me up for adoption she filled out the papers but the dumb bitch could not do it now I have to fucking ms cut my life is tucked . I hate myself more then either of them", []], [682273, 2, "i do not know about racism . anything now is apparently racism . but what do i know . i am just a longer from norway .", []], [1257660, 1, "feel free to do me if you had like to talk about just take it easy and please text me if you can not handle those feelings on your own", []]], "speakers": {"Graphic": 0, "Panzerkampfwagen IV Ausf. D": 1, "notAkiller": 2}}, {"id": 17877682, "category": {"id": 62, "name": "Mental Health"}, "emotion": "Nostalgic", "turns_number": 3, "dialogues": [[1540860, 0, "I feel like no matter how hard I try I will never be enough . and it is getting easier to accept that statement as the days go on .", []], [1517475, 2, "society things we are worthless and only value what they can exploit from us .", []], [891536, 1, "I hope you are ok . if you want to talk , feel free to do me", []]], "speakers": {"JJ": 0, "Newbie": 1, "Deksam": 2}}, {"id": 17877675, "category": {"id": 7, "name": "Relationships"}, "emotion": "Supportive", "turns_number": 3, "dialogues": [[1537866, 0, "stop expecting too much .", []], [1539426, 2, "i expected more but it is only for", []], [1533911, 1, "I will never settle good is is", []]], "speakers": {"zee": 0, "User Banned": 1, "Justabeast": 2}}, {"id": 17877670, "category": {"id": 7, "name": "Relationships"}, "emotion": "Lonely", "turns_number": 3, "dialogues": [[0, 0, "When can I i have up and accept that I am forever alone ?", []], [1517475, 2, "Do not i have up ! Ask out ten different people on genuine dates every week . you will get a yes eventually .", []], [1540772, 1, "never i have up . just go with the flow due", []]], "speakers": {"Anonymous": 0, "Newbie": 1, "MED VIBES🥀~": 2}}, {"id": 17877662, "category": {"id": 20, "name": "Others"}, "emotion": "Inadequate", "turns_number": 3, "dialogues": [[1533432, 0, "* throws rocks at God is window * hey ! why did you make me", []], [1194921, 2, "Contact me if you need ammunition", []], [846083, 1, "my when He answersyouryour", ["😫"]]], "speakers": {"angelic𖤐arsonist": 0, "Satan": 1, "Yo Momma": 2}}, {"id": 17877654, "category": {"id": 20, "name": "Others"}, "emotion": "Nothing", "turns_number": 3, "dialogues": [[1465079, 0, "I hope to die soon . the anxiety , depression , and all the pain that comes with it . i just can not take it anymore .", []], [685700, 2, "i really hope you find a way to get through this . And i know you will . I m available if you need someone to vent / talk to", []], [1538076, 1, "I am sorry you are going through all that man . i am here as well if you need someone to talk to", []]], "speakers": {"Bastien Diraison": 0, "Sally 🌌": 1, "Z": 2}}, {"id": 17877619, "category": {"id": 10, "name": "Friends"}, "emotion": "Stressed", "turns_number": 7, "dialogues": [[0, 0, "sing a song for me in the comments", []], [1257660, 3, "my jumpsuit takes me so high", []], [1257660, 3, "i am flying from a fire", []], [1409078, 1, "Baby , I like your style .", []], [1257660, 3, "from Nice and the miners", []], [1540315, 2, "You have been in the stormed it seems like foreverand your nights of confusionhas been too longyour ship has lost anchorand the storm got you driftingjust hold on to jesus ( hold on to jesus)And ride out your storm", []], [1409078, 1, "You are broken down and tired of living in a merry go round . You ca not find a fighter . But I see it in you . So we are going to walk it out and move mountains .", []]], "speakers": {"Anonymous": 0, "notAkiller": 1, "SassyGirl": 2, "jenny boo": 3}}, {"id": 17877579, "category": {"id": 7, "name": "Relationships"}, "emotion": "Nostalgic", "turns_number": 3, "dialogues": [[1540798, 0, "Ok , so . in my head I want a relationship . I really do , but in reality as soon as I get a chance to have a partner , I get scared OF . Maybe it is because of my past failed relationships , but at this point i am already doubting if I really want to be anyone .", []], [1242944, 2, "Same . Do you want to talk this out ?", []], [1540850, 1, "I m here to talk whenever you want :)", []]], "speakers": {"Bebz T^T": 0, "ᴍʏᴤᴛᴇ́ʀɪᴇᴜᴤᴇ ᴍᴀʀᴤ": 1, "Flame 15": 2}}, {"id": 17877554, "category": {"id": 7, "name": "Relationships"}, "emotion": "Afraid", "turns_number": 5, "dialogues": [[0, 0, "I think I fell in love with someone from here and I really do not want it bc there is no future for it and I m only going to get hurt :( But I can not just stop having feelings for him", []], [1398671, 3, "oh now , i have it a chance ?", []], [1540823, 2, "Is it the distance ?", []], [992657, 1, "I am in a long distance relationship , it is hard but it can work out . Now if there is a problem with religion or your parents accepting it then think hard of what you want .", []], [992657, 1, "If it is not worth it then I would recommend you keep your distance and maybe stop talking and move on", []]], "speakers": {"Anonymous": 0, "Timothy Matthews": 1, "Jupiter": 2, "Healing": 3}}, {"id": 17877552, "category": {"id": 12, "name": "Self Harm"}, "emotion": "Down", "turns_number": 3, "dialogues": [[1505225, 0, "In 3 days I would been clear for a month but today I could not take it anymore .", []], [1398671, 2, "oh my god so sorry to hear that you want to talk just hum", []], [992657, 1, "Do not feel bad please , I have cut in the past , you tried your hardest , just be safe and do not i have up", []]], "speakers": {"LonleyHeart": 0, "Timothy Matthews": 1, "Healing": 2}}, {"id": 17877548, "category": {"id": 63, "name": "My Story"}, "emotion": "Anxious", "turns_number": 3, "dialogues": [[1080721, 0, " single  taken stressing everyday about my future", ["☑"]], [1139165, 2, "ahahah and i am too much mentally old to be single or taken , just waiting for the end of my life . i am happy whatever i got .", []], [668164, 1, "and still not doing anything", ["😩", "✋"]]], "speakers": {"B": 0, "Big Soft Panda 🐼": 1, "Idk and Idc": 2}}, {"id": 17877541, "category": {"id": 10, "name": "Friends"}, "emotion": "Supportive", "turns_number": 3, "dialogues": [[936967, 0, "say to me the saddest of thing you see see", []], [1395108, 2, "tapped out I used up all my filthy language", []], [992657, 1, "But why this pp is to be nice and help each other out", []]], "speakers": {"obliviate": 0, "PlAyErs ClUb 🍸👯🎶": 1, "Healing": 2}}, {"id": 17877537, "category": {"id": 10, "name": "Friends"}, "emotion": "Supportive", "turns_number": 3, "dialogues": [[936967, 0, "I do not know when I feel like crying I start laughing I do not know", []], [1419729, 2, "When I feel like that I get very calm", []], [992657, 1, "Maybe your afraid to cry or think it is a sign of weakness . Sometimes the pain is so bad , comes out in an unexpected way ", ["☹"]]], "speakers": {"obliviate": 0, "Free": 1, "Healing": 2}}, {"id": 17877535, "category": {"id": 7, "name": "Relationships"}, "emotion": "Angry", "turns_number": 8, "dialogues": [[1537880, 0, "Men are stingy and at the same time heartless", ["🙄"]], [1515999, 7, "of course we are if you steal our hears", []], [1510097, 6, "yeah but then also they take away our hearts", ["😩"]], [1533229, 5, "Stop trying all men then", []], [875785, 4, "I m not sure how to react to this one , I can be stingy and i have a cold shoulder , but that is cause of my past experiences .", []], [821755, 3, "aye once i wiped out an entire family of rats", []], [616930, 2, "yeah . I know .", []], [1341590, 1, "Would you be generalizing all men or would you be meaning  some men you know  . There is a big difference . Majority vs minority . we are not all a waste of air . some men howe have . yes I would agree , should have been nothing but a drive back later down their mother is leg  ", ["🤷", "♂"]]], "speakers": {"Doris k Patterson": 0, "Artist": 1, "Newbie": 2, "Your Dad is proud of you ♥": 3, "scorpio": 4, "Zaibetsu": 5, "User Banned": 6, "Hunangbjörn": 7}}, {"id": 17877522, "category": {"id": 20, "name": "Others"}, "emotion": "Meh", "turns_number": 3, "dialogues": [[1540823, 0, "I felt that ereallyer today , what talk ?", []], [794232, 2, "hey stay strong girl , feel free to share anything with me , take care .", []], [1237339, 1, "here for you girl stay strong :( just snap me if you need held", ["💝"]]], "speakers": {"Jupiter": 0, "Vkris": 1, "blanche": 2}}, {"id": 17877516, "category": {"id": 58, "name": "LGBT"}, "emotion": "Proud", "turns_number": 7, "dialogues": [[1474260, 0, "what age did you come out ?", []], [1535494, 6, "Him . I think I was 11/12 ? How aboutyouryour", []], [856254, 5, "20 or possibly 19 .", []], [1540798, 4, "I came out to my closest friends at 16 and well my family will never know about it", []], [560471, 3, "Oh been . 20 something ? I came out as sexual earlier than as non - binary .", []], [1472122, 2, "yesterday to a few good friends . so 18", []], [1091289, 1, "14 or 15.so about 11 years ago", []]], "speakers": {"em": 0, "ghostinpyjamas⁷": 1, "𝒏𝒂𝒕𝒂𝒔𝒉𝒂": 2, "Bebz T^T": 3, "Jumatsuga": 4, "H": 5, "╘ᑘ𝘕∧cŸ": 6}}, {"id": 17877509, "category": {"id": 74, "name": "Depression"}, "emotion": "Nothing", "turns_number": 4, "dialogues": [[0, 0, "is there any muslin who wants to chat ?", []], [819758, 3, "Sure what is up ?", []], [1178396, 2, "will you i have me like 30 minutes ?", []], [794232, 1, "not a Muslin but up for a conversation . to , stay string .", []]], "speakers": {"Anonymous": 0, "CEO of Swag 😎": 1, "Sleepy Shawty💤": 2, "Vkris": 3}}, {"id": 17877506, "category": {"id": 20, "name": "Others"}, "emotion": "Nothing", "turns_number": 5, "dialogues": [[355208, 0, "You are not too sensitive have . You are not overreacting . If it hurts you , it hurtsyouryour", []], [1178396, 4, "does not feel like that sometimes", ["🌸"]], [1131974, 3, "That is very true ! It dies concern me that the Art of debate and disagreement is getting lost because we are worried we might hurt others and in doing so we compromise the truth for not hurting people . There is a healthy Balance but I also acknowledge he others feel !", ["😊"]], [1396180, 2, "i really needed to hear this ! One of the best posts I have ever seen on this pp", ["✨", "🖤"]], [1453585, 1, "Yes Marya I m too sensitive have cut your post highlight neareally blinded me .", []]], "speakers": {"Mxrtx☁️": 0, "Sleepy Shawty💤": 1, "": 2, "kinda~halal": 3, "SCP - 69420": 4}}, {"id": 17877505, "category": {"id": 62, "name": "Mental Health"}, "emotion": "Meh", "turns_number": 3, "dialogues": [[781910, 0, "I am not mentally well", []], [1539529, 2, "or am so sorry for that and I hope you did good", []], [1532011, 1, "it is ok not not be ok", []]], "speakers": {"Anonymous": 0, "Alieu Bah": 1, "MK": 2}}, {"id": 17877494, "category": {"id": 20, "name": "Others"}, "emotion": "Meh", "turns_number": 4, "dialogues": [[1396840, 0, "Everyday I wake up .", []], [1540761, 3, "everyday I wake up to sleep again.complete the line brush", []], [1524684, 2, "this thread is so act have now", []], [1140459, 1, "to the same exact shit", []]], "speakers": {"ded.": 0, "Tie-m X": 1, "kirz": 2, "S̶̶i̶̶r̶̶i̶̶u̶̶s̶̶A̶̶c̶̶u̶̶b̶̶e̶̶n̶̶s̶̶": 3}}, {"id": 17877476, "category": {"id": 15, "name": "Family"}, "emotion": "Overwhelmed", "turns_number": 6, "dialogues": [[1540852, 0, "I just feel like my parents do not want to consider my opinion no matter what the situation is , in their minds they are always right and they make the decisions without even letting me have a say , they barely show their love to me anymore and it makes me so upset", []], [710981, 5, "but they need to understand that your opinion matters too and you should be heard", []], [1242944, 4, "Hate this midst . Makes young people invalid", []], [1139165, 3, "keep faith on yourself and keep working hard . time will take you to the place you deserve .", []], [1538904, 2, "Well my mother does not listen to me on several things too and I know how annoying it is .", []], [891536, 1, "that is horrible , I hope it gets better for you", []]], "speakers": {"SophiaPettengill": 0, "Pavi": 1, "ᴍʏᴤᴛᴇ́ʀɪᴇᴜᴤᴇ ᴍᴀʀᴤ": 2, "Big Soft Panda 🐼": 3, "Alex The Night Owl 🦉": 4, "Deksam": 5}}, {"id": 17877471, "category": {"id": 20, "name": "Others"}, "emotion": "Down", "turns_number": 3, "dialogues": [[1477301, 0, "Why do i mess everything up", ["😔"]], [1530801, 2, "Truthful answer or falsehood ?", []], [1539529, 1, "really to hear from you and miss you more how are you feeling today", []]], "speakers": {"jacoebie": 0, "MyShadow": 1, "Alieu Bah": 2}}, {"id": 17877449, "category": {"id": 10, "name": "Friends"}, "emotion": "Exhausted", "turns_number": 3, "dialogues": [[0, 0, "Man , I need a best friend . A friend who will be there for me , keep me as their priority and I will do the same for them . It is really hard for me to share my feelings with someone who just does not care .", []], [1233998, 2, "it is me ( only for girl )", []], [1514034, 1, "Its hard to find them", []]], "speakers": {"Anonymous": 0, "User Banned": 1, "Larissa": 2}}, {"id": 17877447, "category": {"id": 51, "name": "Helpful Tips"}, "emotion": "Annoyed", "turns_number": 3, "dialogues": [[0, 0, "when I hear someone younger than 23 complaining about how they will never find love , I am just like shut the fuck up !", []], [1242944, 2, "Ugh , why 23 ? Besides , you know some people are gathered throughout their teenage years that their peers are dating yet they still are on their own . I have never been in a relationship but I m just 20 so I m not allowed to complain or what ?", []], [1439755, 1, "I did not care about dating till 20 and was content when I was it", []]], "speakers": {"Anonymous": 0, "ᴍʏᴤᴛᴇ́ʀɪᴇᴜᴤᴇ ᴍᴀʀᴤ": 1, "𝔊𝔥𝔬𝔰𝔱𝔦𝔫𝔤𝔐𝔶𝔰𝔢𝔩𝔣": 2}}, {"id": 17877428, "category": {"id": 7, "name": "Relationships"}, "emotion": "Confused", "turns_number": 7, "dialogues": [[0, 0, "i was talking to my boyfriend and he said he really wanted to pretend he was gaping me . i think that is a little weird I do not know if I should let him do it", []], [884718, 6, "The fact he is turned on by the idea of rape is probably not very good", []], [1521266, 5, "its ok.if you want to feel used.best", []], [1540850, 4, "He is disgusting . The most vile creatures do that and I could never ask my is / o for smith like that .", []], [1486824, 3, "that is what we call a king", []], [1538076, 2, "If you feel weird about it then no . If you were into then that is between the both of y all but do not let him convince you to do something that you feel icy about", []], [1533911, 1, "Its a finish called AND ( consensus non consensus ) read up on it . if your comfortable with it then go for it . just have a safe word", []]], "speakers": {"Anonymous": 0, "Victoria💜💫": 1, "Mayank": 2, "Flame 15": 3, "Jake Peralta": 4, "Z": 5, "Justabeast": 6}}, {"id": 17877421, "category": {"id": 7, "name": "Relationships"}, "emotion": "Caring", "turns_number": 7, "dialogues": [[695339, 1, "This made me tear up . I needed to hear this . Thanks so much for raising awareness . a lot of people including myself feel like there is no hope . so it is nice when someone i have a little hope and understanding", []], [1452631, 7, "I had been there and is like you described it", []], [1001342, 6, "Yeah it can get rough .", []], [1346892, 5, "Thank you for this man . Wonderful post , some days are rough on me when anxiety comes knocking me out as if I were in a boxing match . This post is amazing letting others know they are not alone no matter what they go through . Thank you man", ["❤"]], [711740, 4, "Let me be realistic , no one is going to come and solve your problems . People can motivate you but it is you who has take initiate have with courage . When we say that we are there to support you it does not mean that we have magical wand to solve you issue . People are good by heart but you ca not expect them to solve your issues .", []], [1541376, 3, "I know you do not know but I really to read that right now", []], [1389582, 2, "I needed to read this , I really did . This actually made me tear up a bit .", []]], "speakers": {"Night owl 🦉": 0, "Heiskan buscador de la verdad": 1, "Haku Yowane": 2, "Passionate_Addicted Poet Author/Poet": 3, "A_j 💓": 4, "Cuba Acosta": 5, "blackbloodtears": 6}}, {"id": 17877418, "category": {"id": 20, "name": "Others"}, "emotion": "Bored", "turns_number": 5, "dialogues": [[1341590, 1, "personal opinion . ca not say you are wrong . I like them , not all the time . only with certain outfits.but I can say they are a damn site better looking than yeezeys ( if that is how you spell it , the horrible hovercraft looking things ) .", []], [684673, 5, "him , I like them throw", []], [400785, 4, "I would rock them 24/7 just so I could pass you off", []], [232322, 3, "I used to wear the all white ones often but they kind of reminded me of clown shoes so I have not worn them in like to years lafa", []], [1533911, 2, "heh . that is all I wear", []]], "speakers": {"Hunangbjörn": 0, "Kama2": 1, "David😈": 2, "ari 👼 ミ☆": 3, "Justabeast": 4}}, {"id": 17877412, "category": {"id": 62, "name": "Mental Health"}, "emotion": "Sad", "turns_number": 3, "dialogues": [[377824, 0, "my friends getting ready for their second year in college meanwhile I m anxious about literally nothing", []], [1139165, 2, "why , did not you admit into college yet ?", []], [1538076, 1, "You do not know the stuff that other people are going through behind closed doors . I know this is easier said then done but I would not beat myself up too bad about it if I were you ", ["❤"]]], "speakers": {"🏳️‍🌈ezra🇳🇱": 0, "Big Soft Panda 🐼": 1, "Z": 2}}, {"id": 17877410, "category": {"id": 7, "name": "Relationships"}, "emotion": "Meh", "turns_number": 3, "dialogues": [[1139165, 0, "It is totally clear that he is insecure of", []], [819758, 2, "Man is just insecure . Nothing extreme or bad", []], [1499263, 1, "both insecure , wish him healing , wish y all a healthy relationship ", ["♥"]]], "speakers": {"Big Soft Panda 🐼": 0, "CEO of Swag 😎": 1, "␈": 2}}, {"id": 17877409, "category": {"id": 20, "name": "Others"}, "emotion": "Meh", "turns_number": 4, "dialogues": [[1187517, 0, "I do not get attracted to people by their sexuality , I get attracted by their personality and I m rarely attracted to people . I do not know how long I ll remain single .", []], [836063, 3, "you ll find someone do not worry :) you just do not waste your time with face relationships", []], [1025822, 2, "Until that person comes along", []], [1540761, 1, "well get committed with herself then  ", ["🤷", "♂"]]], "speakers": {"𝘌𝘴𝘵𝘪𝘳𝘢": 0, "「summer」": 1, "Anomic-Lycan19": 2, "Tie-m X": 3}}, {"id": 17877401, "category": {"id": 20, "name": "Others"}, "emotion": "Anxious", "turns_number": 4, "dialogues": [[0, 0, "my sisters talking about us moving to another state after she finished school and my anxiety is now back :)", []], [447439, 3, "Why do not you talk to her about why you do not want to move ? Surely she wants what is best for you . And if you are old enough you could move out .", []], [1540783, 2, "text me . let us talk .", []], [1398671, 1, "ok , I ll be here for you if you want to talk", ["💗"]]], "speakers": {"Anonymous": 0, "Kiran💔": 1, "Abraham Winston": 2, "Timothy Matthews": 3}}, {"id": 17877385, "category": {"id": 10, "name": "Friends"}, "emotion": "Supportive", "turns_number": 3, "dialogues": [[936967, 0, "I deserve to be punished for what I did", []], [494406, 2, "why what did you do ?", []], [1500751, 1, "Have you tried reaching out to her ?", []]], "speakers": {"obliviate": 0, "👽𝕰𝖛𝖊𝖑𝖞𝖓 𝕽𝖊𝖒𝖎👽": 1, "Tiffany": 2}}, {"id": 17877384, "category": {"id": 10, "name": "Friends"}, "emotion": "Happy", "turns_number": 8, "dialogues": [[1252288, 0, "Tell me things I can do at 18 .", []], [542718, 7, "Drink . in some country . Dry have without supervisor . in some country . Pay bills .", []], [1536440, 6, "Study & imagine a better future", []], [1517475, 5, "You can join the Marines and be deployed to Afghanistan .", []], [1535503, 4, "In Texas you can fucking drink under parental supervision", []], [1398671, 3, "anything you want to i guess", []], [1539378, 2, "laugh at 17 year old", []], [1540783, 1, "listen to my podcast http:/anchor.am / abraham - winston / episodes / Eat - With - Your - Friends - e8bu", []]], "speakers": {"Kixmbxrly": 0, "Lisa S": 1, "‎": 2, "Newbie": 3, "inthecourtofthecrimsonking": 4, "Timothy Matthews": 5, "Sarah": 6, "Abraham Winston": 7}}, {"id": 17877381, "category": {"id": 7, "name": "Relationships"}, "emotion": "Sick", "turns_number": 3, "dialogues": [[0, 0, "Current status : A mental relationship with a celebrity who does not know that I exist .", ["🙂"]], [836063, 2, "it is the delusion for me", ["✋", "😍"]], [1532011, 1, "the best kind of relationship", ["😎"]]], "speakers": {"Anonymous": 0, "「summer」": 1, "MK": 2}}, {"id": 17877380, "category": {"id": 20, "name": "Others"}, "emotion": "Bored", "turns_number": 4, "dialogues": [[1483084, 0, "what was the last movie you watched ? how was it ?", []], [1416607, 3, "I have been on dead pool premier on the 14th of february , movie was great but coming alone was a bad idea .", []], [819758, 2, "Watched Cherry by Tom Holland . It was really missed up but a good movie . It is available in apple+", []], [1343991, 1, "Soul , it was good", []]], "speakers": {"Gideon": 0, "᠌᠌ ᠌᠌ ᠌᠌": 1, "CEO of Swag 😎": 2, "Blurryface": 3}}, {"id": 17877375, "category": {"id": 62, "name": "Mental Health"}, "emotion": "Down", "turns_number": 3, "dialogues": [[1154495, 0, "I do not know why , but waking up is a real struggle lately , the rest of the day is pretty good . But in the evening , my mood takes a turn , I feel like a completely different person and so down etc . No clue why , only happened recently . Anyone welcomed", []], [1139165, 2, "time will healyouryour", []], [1540761, 1, "I guess teenage stuff .it happens", ["🤔"]]], "speakers": {"IWasHere": 0, "Big Soft Panda 🐼": 1, "Tie-m X": 2}}, {"id": 17877369, "category": {"id": 20, "name": "Others"}, "emotion": "Annoyed", "turns_number": 3, "dialogues": [[0, 0, "if your a man on pretty much any social media , even if you talk from personal experience , I have learned you really are never allowed to mention women in anything other than a position have light or else you just get told your lying or just making stuff up.:/", []], [126481, 2, "I can see how that can be annoying", []], [1517475, 1, "I have read posts about women being assaulted by men and they are extremely support have . My posts about being assaulted by women , silence .", []]], "speakers": {"Anonymous": 0, "RepGod Daily": 1, "Newbie": 2}}]