[{"id": 17198394, "category": {"id": 11, "name": "Hopes"}, "emotion": "Optimistic", "turns_number": 3, "dialogues": [[1482650, 0, "i love this feeling after i found out i was betrayed and manipulated by a man i trusted the most.like somehow , this pain opens my eyes , and see how idiot i was when i said i will never love again the way i love him", ["🤪", "🥂"]], [1061617, 2, "put the caffein back in dear", []], [1426983, 1, "was tell em girl ! pretend things never happened and set your standards higher for next time .", []]], "speakers": {"DV_FireLeda⚡": 0, "Newbie": 1, "iclyn": 2}}, {"id": 17198382, "category": {"id": 47, "name": "Health"}, "emotion": "Tired", "turns_number": 3, "dialogues": [[603718, 0, "Is period pain a valid reason to miss a day of placement ? In that much pain I ca not sleep nor leave my bed", []], [989532, 2, "it should be . people do not recognize how much it can hurt , just call in sick , that is how you feel . much strength though ", ["♥"]], [1017360, 1, "of course , it is perfectly fine . o :", []]], "speakers": {"em": 0, "MaryJune": 1, "bea 🐇": 2}}, {"id": 17198375, "category": {"id": 20, "name": "Others"}, "emotion": "Meh", "turns_number": 3, "dialogues": [[1484786, 0, "be a face friend to a face friend", []], [853394, 2, "havana . good one . the leave their des left on read .", ["😄", "👍"]], [602367, 1, "Or do not be a friend at all", []]], "speakers": {"SillyGoose": 0, "happyboy": 1, "Eternal Sunshine🥀": 2}}, {"id": 17198341, "category": {"id": 47, "name": "Health"}, "emotion": "Hopeful", "turns_number": 5, "dialogues": [[1216283, 0, "you know what I wish . That some guns would just come to me , and just vent . Fuck even cry on my shoulder or talk to me as a friend . Just open up , no need to keep these demon inside . You too are awesome and cool as well . Do not let people crush down your morale or make you feel like shit . You are great too ! It is ok to cry as well . Open up . be are !", []], [1017360, 4, "me to . i LOVE being a shoulder to cry on .", ["😤", "💖"]], [1458663, 3, "and remember , crying or expressing your emotions wo not make you any less of a man", []], [1500608, 2, "Trying to open up as much as I can! ", ["☺"]], [951974, 1, "thank you for being awesome . you are amazing . I try to open up more !", ["🤗"]]], "speakers": {"radiance of reality ENFP-T": 0, "bea 🐇": 1, "snuggluffagus™": 2, "Joshie’sThoughts": 3, "EtherealDove": 4}}, {"id": 17198302, "category": {"id": 15, "name": "Family"}, "emotion": "Inspired", "turns_number": 4, "dialogues": [[1461164, 0, "brow , I hate that I have to go on a trip with people I do not even like", []], [815710, 3, "I know that feeling .", ["😥"]], [989532, 2, "damn , goodluck . make sure to keep your phone on 24/7", ["🙈"]], [717155, 1, "sorry to heard that but can you tell me why do not you like this people you speak of ?", []]], "speakers": {"devil_cookie": 0, "Sss ☪️": 1, "MaryJune": 2, "Mcdonald": 3}}, {"id": 17198297, "category": {"id": 62, "name": "Mental Health"}, "emotion": "Sad", "turns_number": 5, "dialogues": [[1356733, 0, "What would you do if you found out that you only had 60 seconds left to li have ? Do you have any regrets ?", []], [795446, 4, "I would be relieved and horrified all at the same time . No regrets though .", []], [991096, 3, "I would put some music on , laugh and dance like no one is watching laugh out loud", []], [1441033, 2, "run around covered in face blood holding a chains . see their reaction before I die", []], [1465956, 1, "I have been waiting for this day all my life", []]], "speakers": {"Belle": 0, "sleepingmylifeaway": 1, "FriendZoneMePlz23": 2, "river song bored asf": 3, "⠀": 4}}, {"id": 17198296, "category": {"id": 11, "name": "Hopes"}, "emotion": "Hopeful", "turns_number": 5, "dialogues": [[431259, 0, "What are you looking forward to when the world goes back to some sort of formality ? Mine is seeing my family , I have been away from them for so long .", []], [1455207, 4, "Family I see so having a gathering at a gig with friends and dancing it off .", []], [717155, 3, "why do not u grab the phone and call them now . i understand . you nothing with what you said let . me share my weariness . the best time in your life is not that i know but if your choosing to escape now and go forward your as gone today and dead tomorrow . hoping for something that is not guarantee ahead to be sort of normal ? the only one thing that will wait . is call . retreat .lets think about it", []], [321743, 2, "Travelling , but also simple things like enjoying the company of my friends and random deciding to go out to the bar to have a beer . Also concerts , going back to the grm , starting un again , hopefully finally finding a job and an apartment . And HUGE , damn I have missed huge", []], [347145, 1, "I am honestly looking forward to public speeches , and looking for the gems to open 24 hours again here .", []]], "speakers": {"✨ Emma ✨": 0, "sonicsoul 😇😈👽": 1, "Mcdonald": 2, "Sssnakepit": 3, "Donald A Bunce": 4}}, {"id": 17198295, "category": {"id": 20, "name": "Others"}, "emotion": "Angry", "turns_number": 3, "dialogues": [[1360792, 0, "Why OF am I fighting myself to not to text my toxic ex  Why do I miss him ? Why do I want to go back to him  ", ["🤦", "♀", "😒"]], [775601, 2, "you miss em cause the time you spend with him or her . the memories and stuff . but it ended badly is not it . so better to fight that urge to text him or her . cause it ll only going to make things worse . listen to some music it ll help . stay strong ", ["❤"]], [385240, 1, "i can relate to this", []]], "speakers": {"Nicole": 0, "Martian": 1, "sebastian.dk": 2}}, {"id": 17198291, "category": {"id": 20, "name": "Others"}, "emotion": "Tired", "turns_number": 4, "dialogues": [[1164206, 0, "Paris is the worst city in the world . It is hell on earth .", []], [1251730, 3, "I do not know can think of worse places", []], [1181596, 2, "but why ? I love Paris", []], [1356733, 1, "It is one of my favourite places", []]], "speakers": {"Freyja": 0, "Muggins": 1, "Day Dreamer": 2, "Belle": 3}}, {"id": 17198268, "category": {"id": 62, "name": "Mental Health"}, "emotion": "Tired", "turns_number": 4, "dialogues": [[1502178, 0, "Someone knows at what point in life you stop feeling empty , always looking for something or someone who can understand you . I m honestly tired of feeling like this , always looking for something else , because nothing seems to be enough , it is the same empty cycle .", []], [1495016, 3, "feel a but there is no empty least no for me i wish you luck ", []], [1298034, 2, "I unfortunately do not think there is a certain point in life that you stop feeling numb , you either feel sad or numb but it happens eventually that you start feeling least some good emotions", []], [1483084, 1, "I need someone to talk to everyday and someone to be happy with", []]], "speakers": {"Sara": 0, "Silent Tears": 1, "Theories 29": 2, "Gideon": 3}}, {"id": 17198255, "category": {"id": 58, "name": "LGBT"}, "emotion": "Confused", "turns_number": 3, "dialogues": [[0, 0, "How is it do hard for me to  figure out  weather i am i or not ? i am literally like  some boys are hot and stuff but oh my god then there is girls  what is even wider is that while i am thinking that , I do not feel anything special ? I just REALLY like the idea of getting a girlfriend y please guns what is this ? ! I need a bit of help .", ["✨", "😩", "😅"]], [989532, 2, "honestly ? do not worry too much about it , keep an open mind and forget about all the labels ! you just be you , you just feel you . if you meet a nice guy , be with him . if you lose feelings for him , and find a nice girl , be with her , or vice versa . it ll all be ok", ["😊"]], [832781, 1, "yeah are . i actually have this rule . straight people do not ever question their sexuality . if you are , then you are at least sexually fluid", []]], "speakers": {"Anonymous": 0, "MaryJune": 1, "🍒": 2}}, {"id": 17198244, "category": {"id": 63, "name": "My Story"}, "emotion": "Afraid", "turns_number": 3, "dialogues": [[1480698, 0, "I have been cheering since I was 5 . It slowly became my safe space but now i am done with cheer because I am a senior and I have no free time Bc I am continuously working in hopes to continue in college Bc without cheer i am scared I may lose myself and everyone around me just tells me you will make it quit worrying but I do not know because i am not the best and i am terrified .", []], [1174036, 2, "Cheering is not who you are . It is just something you you can feel free to drop it to pursue your dreams if you feel like it . But there is nothing wrong with trying to keep both things until you feel you * have * to drop one", []], [1312221, 1, "Life is full of challenges and surprise , we all are terrified sometimes . Not every day can be a good one , but it is how you handle you are bad days an keep on going whether it are slow or fast steps , if you keep on working it will pay off eventually :)", []]], "speakers": {"Bre": 0, "Z": 1, "Roel": 2}}, {"id": 17198240, "category": {"id": 47, "name": "Health"}, "emotion": "Optimistic", "turns_number": 4, "dialogues": [[1500362, 0, "14 days clean from weed , it is def getting easier but the craving are still there . just want it to be over with", []], [1386904, 3, "Proud of you brow ! You got this", ["💪", "🏾"]], [1410548, 2, "You can do this you i believe in you and will pray for you !", []], [1501513, 1, "I am 40 days clean from weed and the first 3 weeks were really hard ! You got this .", []]], "speakers": {"Newbie": 0, "Cletus Kasady Is Kira HaHaHaHa": 1, "User Banned": 2, "Charlie": 3}}, {"id": 17198204, "category": {"id": 20, "name": "Others"}, "emotion": "Numb", "turns_number": 4, "dialogues": [[1153023, 0, "I figured out i mean nothing to anyone", []], [1305301, 3, "it is not a bad thing", []], [1153095, 2, "if i know toi i Will do anything in my power To make you Feel Ali have", []], [1377384, 1, "People who have been through the touches time knows this feeling and cares about the ones who have too even if we do not know them . There is people who will make you mean something and will want you around .", []]], "speakers": {"Sara Dawson": 0, "a dead body 🏳️‍🌈": 1, "will": 2, "Taylor Heinitz": 3}}, {"id": 17198149, "category": {"id": 7, "name": "Relationships"}, "emotion": "Stressed", "turns_number": 3, "dialogues": [[1502166, 0, "Now i m in a bad situation . Just imagine you are 36 years old and gay and you li have in a country that the government will kill you because of that , so sad .", []], [1305301, 2, "it is like my story . i wish you do not li have in Ran", []], [1248990, 1, "You are story remind me of history of Nasi hither was gay to hide it he started to kill many as well so nobody knows . From your situation I think the government someone is gay and is trying to hide it and think is not good so made order to kill .", []]], "speakers": {"Newbie": 0, "a dead body 🏳️‍🌈": 1, "Independent Love ❤": 2}}, {"id": 17198130, "category": {"id": 48, "name": "Work"}, "emotion": "Hopeful", "turns_number": 5, "dialogues": [[1024271, 0, "anyone studying greek mythology what color were Helena is hair ? ( goddess of the moon )", []], [1477208, 4, "i do not study it but they will be silver / grey", []], [1386904, 3, "Helene is hair is black", []], [1495731, 2, "oh my god i am learning about her too so if you have something on her please send me thanks", []], [465873, 1, "as far as I remember , there is not an exact answer cause most sources just talk about her having a crescent over beautiful long hair , not mentioning the color . But a lot of people believe she was , and drew her as , either with silver hair ( probably cause of silver moonlight ) or black ( probably cause of black sky the crescent moon is in )", []]], "speakers": {"Pythonissam 🏳️‍🌈": 0, "how many people?": 1, "Cletus Kasady Is Kira HaHaHaHa": 2, "salel19": 3, "drug scartel": 4}}, {"id": 17198125, "category": {"id": 68, "name": "I Need Help"}, "emotion": "Hopeful", "turns_number": 5, "dialogues": [[1388513, 0, "What do you want to do to the person that has treated you the worst in life ?", []], [1251730, 4, "I guess cut off their legscover them in honeyplace them on an Amazonian ant Hill", []], [1490019, 3, "I would like to break their hearts like they did with mine", []], [1501513, 2, "Take away everything they love .", []], [1499079, 1, "I would not do anything . I do not have space in my life to hate someone who did not care about me . If i see them in public i would treat them like a stranger .", []]], "speakers": {"Dancing with her someday": 0, "Muggins": 1, "ShadowLady": 2, "Charlie": 3, "Tired of everything": 4}}, {"id": 17198118, "category": {"id": 72, "name": "Anxiety"}, "emotion": "Down", "turns_number": 3, "dialogues": [[556450, 0, "ran into my ex at the bar last night . I feel like he karaoked our song just to get a rise out of me .", []], [728874, 2, "pay him no mind.he is not worth you are time and energy.always know that you matter .", []], [1041664, 1, "now that is embarrassing ! Look at you go , getting you are ex to sing for you . poor guy , he had a chance , blew it , and is now singing your you to get back w/ him", ["😭"]]], "speakers": {"Royal1313": 0, "🇺🇸RobbyRockRobster🎸": 1, "here": 2}}, {"id": 17198071, "category": {"id": 62, "name": "Mental Health"}, "emotion": "Tired", "turns_number": 3, "dialogues": [[1410054, 0, "If you were not around , what would your family/ friends/ people you have spoken to miss you for and remember you for ? i am having suicidal thoughts right now", ["✨"]], [1126275, 2, "I wish I was not there", []], [997924, 1, "Well i would be worried of about you , i would be sad because you deserve the best . i would remember every talk we had and miss them", []]], "speakers": {"CaliforniaHeart": 0, "Mohamed Adriano": 1, "Max 📸": 2}}, {"id": 17198044, "category": {"id": 48, "name": "Work"}, "emotion": "Nervous", "turns_number": 3, "dialogues": [[0, 0, "Is it bad to resign a job and not have a job lined up ? i am really scared but i am so stressed in my current job and I hate it so much", []], [1041664, 2, "I do not think so . if it was that toxic it was best to get out of it sap . keep calm and do not worry ! start firing out what kind of job you would like and search your area . you ll figure it out , I believe in you . Good luck !", []], [1453910, 1, "This sounds all too familiar .", ["😭"]]], "speakers": {"Anonymous": 0, "here": 1, "Charm": 2}}, {"id": 17198037, "category": {"id": 67, "name": "Self-Care"}, "emotion": "Embarrassed", "turns_number": 3, "dialogues": [[558689, 0, "i really feel happier / papers would help my incontinence bladder and bowel , yet also help my mental health as i feel settled , safe in happier / papers .", []], [1041664, 2, "do not be embarrassed . if they truly make you feel physically and mentally safe , that is amazing ! do not care about what other people think , they are not you and they do not understand what its like to be you . You do you because you are perfect just the way you are . <33", []], [1382622, 1, "Then go for it !", []]], "speakers": {"megan": 0, "here": 1, "hug machine": 2}}, {"id": 17198023, "category": {"id": 58, "name": "LGBT"}, "emotion": "Confused", "turns_number": 4, "dialogues": [[0, 0, "How can a non binary person be a lesion?If someone who is ARAB prefers they / he profound , how can they identify as lesion ? To me it makes no sense . A lesion is a woman who is attracted to women , but if you are no and use he / him profound you are not a woman?Please enlighten me .", []], [881346, 3, "Oh my my just forget about the labels get over it laugh out loud who cares", []], [1024271, 2, "lesion does not have to be necessarily www", []], [976284, 1, "do not use brain cells in such stupid thing", []]], "speakers": {"Anonymous": 0, "Lilith": 1, "Pythonissam 🏳️‍🌈": 2, "ㅤ": 3}}, {"id": 17198022, "category": {"id": 74, "name": "Depression"}, "emotion": "Exhausted", "turns_number": 3, "dialogues": [[1289862, 0, "turning 22 this year . is it too late to abort myself ?", ["😔", "✊", "🏻"]], [1465956, 2, "I m not even 20 yet but I felt this post is it too late to abort myself :)", []], [1502034, 1, "I turned 26 on Saturday . I m officially closer to 30 than 20 and wonder how I have ever gotten this far", ["😄"]]], "speakers": {"y.": 0, "⠀": 1, "caaatsta": 2}}, {"id": 17197999, "category": {"id": 11, "name": "Hopes"}, "emotion": "Inspired", "turns_number": 5, "dialogues": [[559824, 0, "Birds are not real . Stay woke", []], [1398235, 2, "I know what you mean", []], [1369051, 1, "yes I li have by the ocean most my life , even camped in a army tent ( not in armed forces ) , In is I have seen them thoroughly through my life from eggs an idiot neighbor took from a tree , all the way to now in bird sanctuaries up north", []], [1369051, 1, "I do believe what your saying has merit as I do not believe they are all real .", []], [1369051, 1, "you spotted me , the careless one .", []]], "speakers": {"hereweareafterdark": 0, "🧊Sloopy🌶️": 1, "Aaron Hazard": 2}}, {"id": 17197997, "category": {"id": 20, "name": "Others"}, "emotion": "Depressed", "turns_number": 3, "dialogues": [[932897, 0, "I think I need help . to figure things out", []], [1502151, 2, "Me too , I honestly wish therapy was not so damn expense have .", ["😭"]], [1502162, 1, "Into , what are you trying to figure out ?", []]], "speakers": {".": 0, "Kayla": 1, "Nick": 2}}, {"id": 17197991, "category": {"id": 10, "name": "Friends"}, "emotion": "Meh", "turns_number": 3, "dialogues": [[626922, 0, "why is there absolutely nothing going on are n ? my friends are not answering me you you", []], [1501513, 2, "I mean there is a anaemic raging out there laugh out loud", []], [1488439, 1, "can we be friends ?", []]], "speakers": {"realeyes": 0, "Charlie": 1, "Hassan Jutt": 2}}, {"id": 17197989, "category": {"id": 62, "name": "Mental Health"}, "emotion": "Supportive", "turns_number": 3, "dialogues": [[1502158, 0, "Feeling very guilty right now . i am being greedy and selfish .", []], [1417988, 2, "guilty feeling ITS the worst thing . but its ok cause you ali have and ITS ok", []], [319469, 1, "need someone to talk to", []]], "speakers": {"Alex": 0, "Juju": 1, "dominik": 2}}, {"id": 17197979, "category": {"id": 62, "name": "Mental Health"}, "emotion": "Tired", "turns_number": 3, "dialogues": [[647298, 0, "I am back on twitter again and I just hope my brain cells do not delete this time", []], [859993, 2, "you can not jump in to water and expect not to get wet laugh out loud", []], [896599, 1, "Twitter just seems like a place where everybody is screaming , calling pp out and being disrespectful to eachother . shit is a cancer . i only log on for like 5 min and i am putty ah", []]], "speakers": {"kionii": 0, "Zak": 1, "God": 2}}, {"id": 17197975, "category": {"id": 74, "name": "Depression"}, "emotion": "Meh", "turns_number": 3, "dialogues": [[1289862, 0, "staying ali have should not be this hard laugh out loud", []], [1497676, 2, "in , but then again nobody said it was supposed to be easy", ["😪"]], [1465956, 1, "considering we did not even consent our own conception and birth", []]], "speakers": {"y.": 0, "Hm": 1, "⠀": 2}}, {"id": 17197964, "category": {"id": 7, "name": "Relationships"}, "emotion": "Afraid", "turns_number": 3, "dialogues": [[1501434, 0, "God people keep telling me to text him and others are telling me to not , what do I do ? I just want him in my life again", []], [1467410, 2, "just do what you want . if you want him in your life , just do it", []], [1305301, 1, "You want God to be in your life ? Right ?", []]], "speakers": {"Avacado": 0, "♌": 1, "a dead body 🏳️‍🌈": 2}}, {"id": 17197948, "category": {"id": 72, "name": "Anxiety"}, "emotion": "Afraid", "turns_number": 4, "dialogues": [[486223, 0, "is it rare ( me ) a 18 year old to have a heart attack or cardiac arrest ? i have really bad anxiety", []], [1477196, 1, "very rare . depends on diet . meditation , and other factors", []], [1501513, 2, "You probably have high blood pressure from anxiety but so do I and I do not have any heart issues .", []], [1477196, 1, "I do not mean to be cold but , if it happens , it will take about 5 seconds and then that is it laugh out loud . non ed to stress about those last 5 seconds ll", []]], "speakers": {"alissa 💛": 0, "🇺🇲Reloveution": 1, "Charlie": 2}}, {"id": 17197947, "category": {"id": 7, "name": "Relationships"}, "emotion": "Supportive", "turns_number": 3, "dialogues": [[1481617, 0, "I want to be your one and only one", []], [1493306, 2, "With time . All this words will fade away .", []], [1478728, 1, "Just in a few time All feelings will die off", []]], "speakers": {"Barbara🦋": 0, "THE_ABEIS": 1, "Invisible": 2}}, {"id": 17197945, "category": {"id": 74, "name": "Depression"}, "emotion": "Hopeful", "turns_number": 4, "dialogues": [[1501879, 0, "This is my first time being on here / on a site like this . I am struggling with some things right now and feel so overwhelmed . so i am turning to a bunch of strangers because I feel as though I do not have anyone in real life to turn to.so here goes nothing .", ["🙃"]], [1478728, 3, "Welcome dear Fill free to talk to me any time any day", []], [1068236, 2, "Got you ! do not tell me we have a bit same story life", ["😄", "😂"]], [1483084, 1, "I need someone to talk to everyday and someone to be happy with", []]], "speakers": {"Aliciaaaa": 0, "Invisible": 1, "Matcha🍵": 2, "Gideon": 3}}, {"id": 17197936, "category": {"id": 65, "name": "Eating Disorders"}, "emotion": "Insecure", "turns_number": 3, "dialogues": [[1414015, 0, "I ate more than my usual 600 calorie today cause I was feeling good about my body but now i am fucking breaking out I ate a whole 1,0 I feel so fat I need to purge but it is too late a", []], [485992, 2, "10 is not fat weight but healthy", []], [135240, 1, "Think about it as you are boasting your metabolism . I read it is not good to eat the same amount every day", []]], "speakers": {"faith": 0, "I can't handle stress stay away": 1, "ririroses": 2}}, {"id": 17197926, "category": {"id": 62, "name": "Mental Health"}, "emotion": "Down", "turns_number": 3, "dialogues": [[1501618, 0, "Overwhelming day today.feeling mentally exhausted . Anyone ever wish they could just lip a switch and shut their brain off even for a little while ?", []], [1502159, 2, "up sometimes it feels like my brain is on fire", []], [1488439, 1, "i need new friends help md", []]], "speakers": {"Ana": 0, "Sanathan R": 1, "Hassan Jutt": 2}}, {"id": 17197904, "category": {"id": 20, "name": "Others"}, "emotion": "Annoyed", "turns_number": 5, "dialogues": [[0, 0, "No matter how much I try and pop my right ear it just wo not pop", ["😒"]], [853394, 4, "it will pop when it is ready . i have it time , have a walk", []], [606000, 3, "eat some hot pepper and then blow you are nose", []], [743843, 2, "what helps for me its to pinch in my nose and blow , not to hard , but just enough to make it pop , or try to yawn . Good luck", []], [603343, 1, "take a few drops of warm water in your ear , keep it there for a few minutes and turn your head onto a towel", []]], "speakers": {"Anonymous": 0, "happyboy": 1, "Hurrikane": 2, "~ Broken Shadow ~": 3, "Mods are noob 🍌": 4}}, {"id": 17197903, "category": {"id": 20, "name": "Others"}, "emotion": "Loving", "turns_number": 3, "dialogues": [[582412, 0, "My kitty is obsessed with my shoes", []], [1477088, 2, "and I m obsessed with your kitty", ["😻"]], [571084, 1, "mine is obsessed with plastic", []]], "speakers": {"Señorita Сука": 0, "☉🇵🇸": 1, "Sentella": 2}}, {"id": 17197892, "category": {"id": 20, "name": "Others"}, "emotion": "Nothing", "turns_number": 6, "dialogues": [[1379161, 0, "Short want ida if nobody reads sick of being treated like i am supposed to be perfect or as good as most people , I mean nobody going to be all fucking rainbow and unicorn all the time . Why the fuck ca not I just be accepted for who I am ? Like?In sick of living .", []], [559824, 5, "You can not control others , but you can get back the control you gave to them to make you feel this way .", []], [1465956, 4, "I think the whole society is , unless you are the 1 % population of actual perfection", []], [1458892, 3, "i think y are amazing the way you are will always except you the way you you", []], [554919, 2, "I accept you for who you are .", []], [633163, 1, "i love you the way you are by", []]], "speakers": {"DaddyZach": 0, "hereweareafterdark": 1, "⠀": 2, "♡~LittleKittyBun~♡": 3, "★⸸𝓜𝔂𝓼𝓽𝓲𝓬𝓪𝓵 𝓑𝓵𝓾𝓮𝓳𝓪𝔂⸸★": 4, "Alexis": 5}}, {"id": 17197876, "category": {"id": 74, "name": "Depression"}, "emotion": "Sad", "turns_number": 3, "dialogues": [[1456837, 0, "I was going to ask why but someone beat me to it . So I ll just say , stay strong .", ["♥"]], [998704, 2, "I do not know why your crying bit i hope you feel better and if you ever need to vent i am here", []], [1367879, 1, "take a deep breath , go wash you are face with cold water several times", []]], "speakers": {"#ChaoticRecord": 0, "V♏": 1, "drenii": 2}}, {"id": 17197865, "category": {"id": 68, "name": "I Need Help"}, "emotion": "Optimistic", "turns_number": 4, "dialogues": [[1502150, 0, "maybe daring is not for me . maybe love is not for me . and maybe I just do not need to be here anymore", []], [1417988, 3, "You still ali have , and you still in love by God and you are self ", ["❤"]], [1502103, 2, "life always has the capability of changing , even if it does not seem like it right now", []], [1483084, 1, "I need someone to talk to everyday and someone to be happy with", []]], "speakers": {"Brook Pullam": 0, "Juju": 1, "L": 2, "Gideon": 3}}, {"id": 17197863, "category": {"id": 15, "name": "Family"}, "emotion": "Supportive", "turns_number": 5, "dialogues": [[617004, 0, "holly shit that was an ugly baby", ["🤢"]], [1251730, 4, "Are not they all ugly though", []], [1500026, 3, "so just a baby then", []], [1499838, 2, "They are all ugly here", []], [1007825, 1, "you forgot  annoying ", []]], "speakers": {"Uncle Lewdwig BendOver": 0, "Muggins": 1, "User Banned": 2, "Bully Maguire": 3, "soup time": 4}}, {"id": 17197859, "category": {"id": 65, "name": "Eating Disorders"}, "emotion": "Anxious", "turns_number": 3, "dialogues": [[30751, 0, "today feels like a tinge day :-(", []], [832479, 2, "feels like a love yourself day in my opinion", []], [1463371, 1, "* huge * it will be ok", ["🥺"]]], "speakers": {"𝖇𝖆𝖇𝖞 𝖉𝖗𝖆𝖈𝖚𝖑𝖆.": 0, "mountainman": 1, "nobody": 2}}, {"id": 17197833, "category": {"id": 20, "name": "Others"}, "emotion": "Sad", "turns_number": 3, "dialogues": [[0, 0, "People suffered so much during we2 . So so much ! this anaemic is nothing compared with it", []], [485992, 2, "And people had anaemic during we1 until we2", []], [1018504, 1, "why are u comparing these to events . ?", []]], "speakers": {"Anonymous": 0, "I can't handle stress stay away": 1, "💣 ᴄᴀᴘᴛᴀɪɴ 💣": 2}}, {"id": 17197831, "category": {"id": 5, "name": "Bullying"}, "emotion": "Annoyed", "turns_number": 3, "dialogues": [[728874, 0, "If you are insulting people on the Internet , you must be ugly on the inside. Stop saber building !", ["😠"]], [1416082, 2, "Big talkers behind a computer screen . .", ["🙄"]], [626944, 1, "This applies regardless if it is online or in person back in my day you got punched in the face and you learn", ["🤣"]]], "speakers": {"🇺🇸RobbyRockRobster🎸": 0, "*Looking*To*Talk*": 1, "Dark night of soul": 2}}, {"id": 17197821, "category": {"id": 12, "name": "Self Harm"}, "emotion": "Hopeful", "turns_number": 3, "dialogues": [[1496032, 0, "From munching walls to cutting .", []], [998704, 2, "or you could ride a bike with metal medals barefoot", []], [606000, 1, "try exercise and a munching bag instead", []]], "speakers": {"Diäz": 0, "V♏": 1, "Hurrikane": 2}}, {"id": 17197802, "category": {"id": 7, "name": "Relationships"}, "emotion": "Hopeful", "turns_number": 3, "dialogues": [[853394, 1, "have a ritual everyday to speak what you like most about one another", []], [1437592, 3, "Try to find a new hobby in common", []], [1296483, 2, "As the comment below started , fine common interests , share stories everyday , and be open .", []]], "speakers": {"happyboy": 0, "Just Nobody": 1, "Mo™": 2}}, {"id": 17197801, "category": {"id": 7, "name": "Relationships"}, "emotion": "Tired", "turns_number": 8, "dialogues": [[1083190, 0, "I am too cling when it comes to relationships , no matter how much they hurt me . i can not stop myself from running back to their arms.ah i just hope i do not get heartbroken again .", []], [1483652, 7, "be careful , do not get too attached bc then at the end it is not going to be easy , take care of yourself and love yourself ", ["❤"]], [1502025, 6, "I used to be in the same position . But remember you are worth there are so many people you have not met yet and one of them will treat you just as you deserve ", ["❤"]], [1324507, 5, "wish you the best my elector  and I hope you never get heartbroken just do not think about it", ["♥"]], [1126750, 4, "That had been reliable to me , I m around whenever you need a quick advice or to open to", []], [1296483, 3, "A cycle that never ends , I hope the wheel gets broken for you", []], [468700, 2, "you just love to be lovely with that person , nothing bad with it", []], [649267, 1, "yes . I m a idiot when in love too", ["😞"]]], "speakers": {"Ina🛸": 0, "stef33": 1, "Newbie": 2, "Youssef": 3, "Music enjoyer": 4, "Mo™": 5, "Redwings🇪🇸": 6, "'": 7}}, {"id": 17197756, "category": {"id": 61, "name": "Positive"}, "emotion": "Loving", "turns_number": 3, "dialogues": [[1495854, 0, "thank you to everyone that is here on talklife you guns really help me THANK YOU ill", []], [1378567, 2, "Glad to see another 2004 who is sharing position have vices here", []], [1410548, 1, "thank you for being ali have !", []]], "speakers": {"lonelyabel28 🐉": 0, "アルジェント Argento": 1, "User Banned": 2}}, {"id": 17197741, "category": {"id": 11, "name": "Hopes"}, "emotion": "Nothing", "turns_number": 5, "dialogues": [[0, 0, "life is so dull .", []], [1470503, 2, "Yeah but that is good . Imagine if life was not dull imagine instead of saying its dull you are saying it is scar", ["😐"]], [1483652, 1, "yeah but you can make it more fun", []], [1483652, 1, "I do not know you can travel , go out with your friends do smith you really like", []], [1483652, 1, "you are not boring do not say that", []]], "speakers": {"Anonymous": 0, "User Banned": 1, "stef33": 2}}, {"id": 17197737, "category": {"id": 10, "name": "Friends"}, "emotion": "Inspired", "turns_number": 7, "dialogues": [[355208, 0, "What is your favorite song / artist ?", []], [1318781, 6, "Imagine dragoons- The fall :]", []], [1083190, 5, "nothing but the have and arctic monkeys", []], [1126750, 4, "Steve Vi - for the love of God .", []], [1444886, 3, "Waiting For Sherman by Daughter", []], [1453585, 2, "I delete my comment to write this one and I noticed that you have for likes and 20 comments . ", ["☘"]], [1441806, 1, "High Hopes by . Pink Flood", []]], "speakers": {"Mxrtx☁️": 0, "overthinker.": 1, "Ina🛸": 2, "Music enjoyer": 3, "Lauren 🖤": 4, "SCP - 69420": 5, "🦇𝐕𝐚𝐦𝐩𝐲🦇": 6}}, {"id": 17197736, "category": {"id": 63, "name": "My Story"}, "emotion": "Overwhelmed", "turns_number": 4, "dialogues": [[0, 0, "I ca not do this anymore", []], [1305301, 3, "do you want to talk about it ?", []], [658664, 2, "how can I help ?", []], [1483652, 1, "listen do not i have up , I know it is hard , focus on yourself and your mental health bc it is more important , have time for yourself too and take care of yourself , i am here for you and you can do this !", []]], "speakers": {"Anonymous": 0, "a dead body 🏳️‍🌈": 1, "Dorthea": 2, "stef33": 3}}, {"id": 17197726, "category": {"id": 72, "name": "Anxiety"}, "emotion": "Tired", "turns_number": 3, "dialogues": [[1492291, 0, "panic attack panic attack panic attack", []], [1296483, 2, "* huge * huge * huge *", []], [1480774, 1, "I once had one while driving it was so scar", ["😭"]]], "speakers": {"SLURPSLURP": 0, "Mo™": 1, "#sadboy": 2}}, {"id": 17197705, "category": {"id": 11, "name": "Hopes"}, "emotion": "Hopeful", "turns_number": 3, "dialogues": [[1441163, 0, "If God loves us why do we find it so hard to love ourselves ? We should least try to love ourselves ", ["🤗", "😍", "❤", "💖", "💕"]], [779397, 2, "I do not know maybe our mind can process what we feel but the depression is closing it is judgement making us doubt ourselves", []], [1502120, 1, "there are many questions that we ask but rarely get a answer . this world is full of nativity and we might come up with a answer for something but we wo not know until or cross over to the next world . keep your faith is all i can say . and find people you can trust", []]], "speakers": {"Farah Hasan": 0, "smxstreet ✌️": 1, "Blue Creature Game Studio": 2}}, {"id": 17197697, "category": {"id": 74, "name": "Depression"}, "emotion": "Sad", "turns_number": 3, "dialogues": [[373314, 0, "I honestly think i would better end myself .", []], [1502120, 1, "why would you do that ?", []], [1502120, 1, "explain please . what makes you useless ? or a sack of cap ? what is got you you had", []]], "speakers": {"Tom": 0, "Blue Creature Game Studio": 1}}, {"id": 17197693, "category": {"id": 72, "name": "Anxiety"}, "emotion": "Heartbroken", "turns_number": 3, "dialogues": [[486223, 0, "is it rare ( me ) a 18 year old to have a heart attack or cardiac arrest ? i have really bad anxiety", []], [1458927, 2, "yes it is rare , you are just stretching out", []], [1496973, 1, "Feel free to message me if you want to talk . I have had anxiety and panic for several years and know how scar it can be .", []]], "speakers": {"alissa 💛": 0, "Sewer Rat": 1, "w@rrior": 2}}, {"id": 17197680, "category": {"id": 20, "name": "Others"}, "emotion": "Meh", "turns_number": 8, "dialogues": [[1502008, 0, "How old are you ? i m 23 and i already feel so old", ["🙉"]], [1351065, 7, "I m about to turn 23 in a month and some change", []], [1487354, 6, "23 I think but I forgot I stopped counting at 18", []], [709244, 5, "Hey hey hey we is not old", []], [1296483, 4, "That is how I exactly feel", []], [1367849, 3, "23 is not so old", []], [1415006, 2, "Ah , I feel like a gray", ["🙄"]], [1477208, 1, "I m 23 and i feel like kid", []]], "speakers": {"Bubblegum": 0, "Lighted Wolfie": 1, "🔥COLE🔥": 2, "Efa has left the chat.": 3, "Mo™": 4, "Kyoko Hori": 5, "Nikki": 6, "how many people?": 7}}, {"id": 17197675, "category": {"id": 7, "name": "Relationships"}, "emotion": "Supported", "turns_number": 3, "dialogues": [[1234201, 0, "She is in my college she is my batchmate i love her since 1st day of college it is been for years then to months ago i decided to tell her and i did but she rejected me i can not li have without her everyday m dying inside that she is trying on other guns in front me m hurtwhat should I do now", ["🥺", "😔"]], [1001499, 1, "Relax due . It happens . You should be keep on moving forward", []], [1001499, 1, "You should cry and let out your pain . And it is ok to tell your feelings . And it is ok to get rejected . So , never let yourself down . Healing will take time .", []]], "speakers": {"Newbie": 0, "My life is shit": 1}}, {"id": 17197606, "category": {"id": 7, "name": "Relationships"}, "emotion": "Lonely", "turns_number": 3, "dialogues": [[1425810, 0, "I feel so alone . I did not mind it at first , but now it is overwhelming . I never knew having a partner / friend was THIS important . I have blocked everyone out to protect myself but now . I just feel dead inside . UGH !", ["😫"]], [1502101, 2, "I can understand that completely I have had to lose clot of individuals in my life", []], [1280242, 1, "The best way to protect yourself from sadness is to invite happiness", []]], "speakers": {"Desiree": 0, "FeliciaAllen": 1, "Claude McNish": 2}}, {"id": 17197597, "category": {"id": 11, "name": "Hopes"}, "emotion": "Hopeful", "turns_number": 4, "dialogues": [[1495854, 0, "my life is so cold", []], [1437592, 3, "I am here if you need to talk", []], [1502120, 2, "its cold . bar . * she heavers * ill build a fire you make us some coats . then we ll make a camp together . soon we ll have a whole village supporting each other . sound good ? ?", ["🔥", "💘", "👍"]], [1483652, 1, "make it warm and hot", []]], "speakers": {"lonelyabel28 🐉": 0, "Just Nobody": 1, "Blue Creature Game Studio": 2, "stef33": 3}}, {"id": 17197584, "category": {"id": 58, "name": "LGBT"}, "emotion": "Annoyed", "turns_number": 8, "dialogues": [[1402021, 0, "Being white is not a crime . Where will leftists draw the line on their hate ?", []], [1251730, 7, "In fairness I have already drawn my own lined if they cross they die", []], [1432582, 6, "I think personally people should not be attacking someone is colour as its not something you can change .well I mean you can an or something but yeah", []], [804961, 5, "laugh out loud no one said it was a crime", []], [465873, 4, "ah yes , whites , the most oppressed group", []], [1316649, 3, "why is this in left", []], [1485283, 2, "laugh out loud we never said it was a crime . White people were / still are the oppressors .", []], [754168, 1, "1 . this is not LEFT related to . when has anyone ever been arrested for being white ?", []]], "speakers": {"kevindc18181818": 0, "Muggins": 1, "kristina🇸🇪": 2, "User Banned": 3, "drug scartel": 4, "Peen Grenis": 5, "<3": 6, "Darcassian": 7}}, {"id": 17197559, "category": {"id": 11, "name": "Hopes"}, "emotion": "Hopeful", "turns_number": 5, "dialogues": [[0, 0, "anyone feel like they are stuck in their head and can not get out ?", []], [1132753, 2, "Yes . That is who I talk to the most because people tell me to shut up . I keep myself sane and dry have myself insane . sitting quietly finding my business my brain gets mean", []], [1501575, 3, "Like a prisoner who has no way to escape", []], [1132753, 2, "its like the only escape is lying to yourself but if that is what it takes to make it to tomorrow then so be it .", ["😔"]], [1498464, 1, "Yes ! It never stops & I hate it", []]], "speakers": {"Anonymous": 0, "WeAllNeedTheHelp": 1, "whatever:)": 2, "CrystalMMiller": 3}}, {"id": 17197526, "category": {"id": 11, "name": "Hopes"}, "emotion": "Hopeful", "turns_number": 3, "dialogues": [[1495854, 0, "shit happens all the time and its ok .", []], [1437592, 2, "Yeah it ll always be ok", []], [1477208, 1, "sometimes it is not ok", []]], "speakers": {"lonelyabel28 🐉": 0, "Just Nobody": 1, "how many people?": 2}}, {"id": 17197503, "category": {"id": 20, "name": "Others"}, "emotion": "Tired", "turns_number": 4, "dialogues": [[725341, 0, "I do not want to feel worthless anymore , I do not want to feel anything", []], [1316939, 3, "you are not worthless at all . feel happy and let everything else what is bothering you go away .", ["😇"]], [770224, 2, "have you tried taking a nap", []], [830148, 1, "you are nothttps:/w.instagram.com / feel / clair6ebb9S/?igshid = had4xoyuqxxc", []]], "speakers": {"eylül": 0, "Krish K": 1, "Marco 🦆": 2, "Ege": 3}}, {"id": 17197492, "category": {"id": 10, "name": "Friends"}, "emotion": null, "turns_number": 3, "dialogues": [[0, 0, "So it is almost 3 years being friends with my online friend and wanted to send a video of myself saying thanks and cheers to more years.but I m super shy and I do not know if I ll be entertaining", []], [255362, 2, "maybe do not send a video but just video chat so you guns can talk to each other in real time", []], [1485763, 1, "this , do that , it ll be easier ( the comment below me , hello hello", []]], "speakers": {"Anonymous": 0, "🍭GuMmYbEaR🍭": 1, "Bloody Rose": 2}}, {"id": 17197466, "category": {"id": 48, "name": "Work"}, "emotion": null, "turns_number": 3, "dialogues": [[1481383, 0, "I Will Never have Sex , I will never fall in love , I will never have relations . Humans are too imperfect to me . A homosapien is a conjecture ; I am Perfection !", []], [1493175, 0, "and humans do not care", []], [1499838, 1, "Christ , sounds like a sad life", []]], "speakers": {"User Banned": 0, "Bully Maguire": 1}}, {"id": 17197457, "category": {"id": 10, "name": "Friends"}, "emotion": "Optimistic", "turns_number": 3, "dialogues": [[1036205, 0, "I ca not talk right now i am really busy shit * lays in bed for 7 hours *", []], [1493175, 2, "wat about colonies then ? !", []], [1496051, 1, "same i ca not seem to get up", []]], "speakers": {"سأموت من أجل فلسطين": 0, "User Banned": 1, "Newbie": 2}}, {"id": 17197452, "category": {"id": 48, "name": "Work"}, "emotion": null, "turns_number": 3, "dialogues": [[1481383, 0, "You can not mention Jesus ( GOD ) and not mention me . It should be a privilege to see me type .", []], [1499838, 2, "You are just a want to be", []], [126481, 1, " For those who exalt themselves will be humbled , and those who humble themselves will be exalted . Matthew 23:12 IV", []]], "speakers": {"User Banned": 0, "Bully Maguire": 1, "RepGod Daily": 2}}, {"id": 17197439, "category": {"id": 62, "name": "Mental Health"}, "emotion": "Depressed", "turns_number": 4, "dialogues": [[448213, 0, "Trying to think of a time where I did not hate myself", []], [1378646, 3, "i tried that and it hurt my head so i stopped", []], [1502034, 2, "Do not think about the past . Think about the future . At some point you will love yourself again . Where a door closes a window opens .", ["🤗"]], [1388659, 1, "Try thinking of the times you do love you and remember those times .", []]], "speakers": {"StevieTheTv": 0, "💀🗡TwistedPsycho 🗡💀": 1, "caaatsta": 2, "Empress177": 3}}, {"id": 17197417, "category": {"id": 20, "name": "Others"}, "emotion": "Positive", "turns_number": 3, "dialogues": [[1173562, 0, "some people here are just STUNNING like this guy who liked my post awhile ago . due you are gorgeous and those amazing posts ? now and this one girl I m talking to in comments , oh my goodness , you are a goddess ! that while being so sweet and cut ? ! What the fuck", []], [1463252, 3, "You are left a goddess is is", []], [1502008, 2, "are you talking about yourself ? cut i m sure that you are gorgeous", []]], "speakers": {"yoonie": 0, "Val": 1, "Bubblegum": 2}}, {"id": 17197416, "category": {"id": 47, "name": "Health"}, "emotion": "Stressed", "turns_number": 3, "dialogues": [[0, 0, "My blood pressure is at 164/102 . what should I do ?", ["😖"]], [333690, 2, "now you should see a doctor that is concerning", []], [1500697, 1, "go big or go home", ["😂"]]], "speakers": {"Anonymous": 0, "Prometheus 🇱🇧": 1, "User Banned": 2}}, {"id": 17197402, "category": {"id": 51, "name": "Helpful Tips"}, "emotion": "Supportive", "turns_number": 3, "dialogues": [[580148, 0, "if someone masses up , let them know.if they keep missing up , let them go .", []], [710981, 2, "i love that line . can I share it please", []], [1502124, 1, "Very true . They can just go , no one is stopping them", []]], "speakers": {"Icequeen": 0, "Pavi": 1, "Mohamed Zain": 2}}, {"id": 17197391, "category": {"id": 10, "name": "Friends"}, "emotion": null, "turns_number": 3, "dialogues": [[0, 0, "Someone put a nasty pick on random and I m dramatized", []], [956089, 2, "I m so sorry ! Did you flag it ? Hopefully it is been removed already !", ["😾"]], [1501861, 1, "there are many weird out there but do not i have up on finding good friends because of one bad egg", []]], "speakers": {"Anonymous": 0, "🐾 Ɱąմ 🐾": 1, "Jamie Young": 2}}, {"id": 17197390, "category": {"id": 62, "name": "Mental Health"}, "emotion": "Anxious", "turns_number": 3, "dialogues": [[1390145, 0, "So I started therapy today for my anxiety and I have anxiety about my therapist judging me . I know it is normal to feel this way but it is making me anxious anyone welcomes hello hello", ["🥴"]], [1501861, 2, "I is hard to seek help but know once you start going it gets easier I had to go for put and was terrified but after going for a few visits it got easier", []], [637598, 1, "I want to go to a therapist too , I need someone to talk to , someone to guide me , because everyone from my family , even the two men that were married to me , who make themselves look sane while they make me go local , will never understand", []]], "speakers": {"Maya 🛸": 0, "Jamie Young": 1, "Sahar🕊": 2}}, {"id": 17197375, "category": {"id": 10, "name": "Friends"}, "emotion": "Lonely", "turns_number": 3, "dialogues": [[1036205, 0, "I may seem cool on talklife , but I actually have like to friends and I sit in the house all day", []], [1485189, 2, "th that is most people at and a decent amount prior to this", []], [1235033, 1, "I can totally relate with you ( maybe aside of being cool here ) big huge", ["😅", "😊"]]], "speakers": {"سأموت من أجل فلسطين": 0, "VroomVroom": 1, "Newbie": 2}}, {"id": 17197358, "category": {"id": 61, "name": "Positive"}, "emotion": "Optimistic", "turns_number": 3, "dialogues": [[1426308, 0, "first post on here , hi", ["👋", "🏼"]], [1173562, 2, "his here hope you keep posting and I get to see more of your posts", ["🥺"]], [678661, 1, "what if we first met here on this post ?", []]], "speakers": {"✿♡ℓαυяєи яєвєɕɕα♡✿": 0, "yoonie": 1, "Δﾚɛx͓̽_i⃡ᔕ_Melancholy": 2}}, {"id": 17197356, "category": {"id": 74, "name": "Depression"}, "emotion": "Exhausted", "turns_number": 6, "dialogues": [[1495761, 0, "why do i deserve all this pain , why can not i just have a good life .", []], [1502120, 1, "there is still hope . Life is full of hills and valleys , we all go through good and bad . my advice to you would be to find something to occupy your mind . something position have something that makes you feel good . something to distract yourself from your pain and suffering . that way you can deal with your problems one at a time conquering your demon one battle at a time . when in gets to be much occupy your mind with that one or many things that brings you joy . hope this help .", ["☺"]], [1399159, 2, "i feel you you are not alone", ["😩"]], [1502120, 1, "well lets talk about it i have time lets find you a hobbies something for you to try . that is all we can do is try . i am mentally ill and off my beds . so i decided to draw for a little bit . drank some coffee that did not go well tried to read coffee did not help oh well now i am here . go with the position have flow of things . lets talk", ["☺"]], [1502120, 1, "well i have been there . F the world and hide in lata land and do what i want . trust me i know there is monsters in the closet . but i am here . i will continue to courage you to fight . i came to the conclusion that i did not want to talk to random people in person not even family . too much anxiety . i know the feel . i am here one step at is time . but you gott be willing to walk with me .", ["☺"]], [1502120, 1, "well i am willing to help you . but one questions . are you willing to help me ?", []]], "speakers": {"Randomgirl01": 0, "Blue Creature Game Studio": 1, "Pure Passion🌌": 2}}, {"id": 17197334, "category": {"id": 10, "name": "Friends"}, "emotion": "Amused", "turns_number": 4, "dialogues": [[938340, 0, "Me : I m bored I want to talk to people Also me : www people why are they talking to me", ["😂"]], [385240, 3, "i can relate to this", []], [1217848, 2, "Yeah i know I feel the same , it happens a lot cause I get bored very often so yeah hata", []], [1480774, 1, "www I would rather talk to you to try to ruin your life . I hope you like sad things because I picked this for you are", ["🥀"]]], "speakers": {"Beth🖤👻": 0, "sebastian.dk": 1, "*lexybones*": 2, "#sadboy": 3}}, {"id": 17197318, "category": {"id": 20, "name": "Others"}, "emotion": "Meh", "turns_number": 3, "dialogues": [[1396840, 0, "You better trust yourself .", []], [1161958, 2, "How are you ? !", []], [1140459, 1, "I wish I could .", ["😩"]]], "speakers": {"ded.": 0, "juliet aldo": 1, "S̶̶i̶̶r̶̶i̶̶u̶̶s̶̶A̶̶c̶̶u̶̶b̶̶e̶̶n̶̶s̶̶": 2}}, {"id": 17197315, "category": {"id": 20, "name": "Others"}, "emotion": "Furious", "turns_number": 3, "dialogues": [[725613, 0, "due literally asked for nodes . i mean yeah he is high but i could slap him", []], [1003428, 2, "Or just make his day laugh out loud", []], [416139, 1, "I m high in and i would never do that shit , he is just being gross", ["😂"]]], "speakers": {"Anonymous": 0, "RS7": 1, "DiggityDark": 2}}, {"id": 17197314, "category": {"id": 7, "name": "Relationships"}, "emotion": "Proud", "turns_number": 3, "dialogues": [[994467, 0, "Why did you like 25 week year old comment ?", []], [1378567, 2, "Is not that a male name ?", []], [1500812, 1, "I m looking for something different . Something true ", ["♥"]]], "speakers": {"⁄(⁄ ⁄•⁄-⁄•⁄ ⁄)⁄": 0, "アルジェント Argento": 1, "User Suspended": 2}}, {"id": 17197313, "category": {"id": 20, "name": "Others"}, "emotion": "Meh", "turns_number": 3, "dialogues": [[0, 0, "we are literally floating in space", []], [1430904, 2, "we literally do not matter", []], [1161958, 1, "okay go to your space do not invade mine", ["😒"]]], "speakers": {"Anonymous": 0, "dcide": 1, "juliet aldo": 2}}, {"id": 17197312, "category": {"id": 7, "name": "Relationships"}, "emotion": "Hopeful", "turns_number": 3, "dialogues": [[1036205, 0, "yeah you are cut but would you bake colonies with me at 3 am ?", []], [1493175, 2, "only if i get to eat more", []], [1497896, 1, "laugh out loud where do you find all these", []]], "speakers": {"سأموت من أجل فلسطين": 0, "User Banned": 1, "NANI?": 2}}, {"id": 17197304, "category": {"id": 20, "name": "Others"}, "emotion": "Positive", "turns_number": 3, "dialogues": [[1173562, 0, "To be worthy does not mean to be perfect . You are always worthy of everything you ever dreamt about !", ["💜"]], [1379161, 2, "Laughing my arms off maybe in fairytale land", []], [1276667, 1, "So are you love <3", []]], "speakers": {"yoonie": 0, "DaddyZach": 1, "🅳eadpool🦄": 2}}, {"id": 17197303, "category": {"id": 20, "name": "Others"}, "emotion": "Irritated", "turns_number": 4, "dialogues": [[1164206, 0, "It irritated me to hear mouth sounds during a call .", []], [994467, 3, "Sounds like lots of fun", []], [853394, 2, "It irritated me to hear breathing sounds during a call .", []], [770224, 1, "is this the plot to a weird porto ?", []]], "speakers": {"Freyja": 0, "⁄(⁄ ⁄•⁄-⁄•⁄ ⁄)⁄": 1, "happyboy": 2, "Marco 🦆": 3}}, {"id": 17197287, "category": {"id": 61, "name": "Positive"}, "emotion": "Meh", "turns_number": 3, "dialogues": [[1481617, 0, "If something loves aime then they watching it in p#n too ?", []], [476136, 2, "I do not know i do not think so", []], [849790, 1, "if by that you mean only mental then maybe like 50 %", []]], "speakers": {"Barbara🦋": 0, "✌FIND ME✌": 1, "Chízo": 2}}, {"id": 17197285, "category": {"id": 11, "name": "Hopes"}, "emotion": "Determined", "turns_number": 5, "dialogues": [[1501858, 0, "comment something you want to improve about yourself", []], [416139, 4, "being paranoid all the time", []], [1398235, 3, "Nothing , I m perfect", []], [832479, 2, "the whole being a piece of garage thing", []], [525739, 1, "my friendships and all relationships but that goes hand in hand with my mental state I m in in , mostly that struggle to talk . that should fix all that is happening now", []]], "speakers": {"grace": 0, "DiggityDark": 1, "🧊Sloopy🌶️": 2, "mountainman": 3, "Frantisek": 4}}, {"id": 17197272, "category": {"id": 7, "name": "Relationships"}, "emotion": "Sick", "turns_number": 4, "dialogues": [[1482650, 0, "revenge or not?hate to be manipulated by a man i trusted", []], [341598, 3, "What is your heart tellingyouryour", []], [637598, 2, "go for revenge , do not do the same mistake and ignore for the sake of other is happiness , like I did , because he will then put you in the corner and in the end he will make you look like you are wrong .", []], [1493455, 1, "No to revenge . It is a temporary satisfaction . Be a better person and move on . That is the best way to remove bad thoughts from your mind .", []]], "speakers": {"DV_FireLeda⚡": 0, "lonley-boy": 1, "Sahar🕊": 2, "VolkRebel": 3}}, {"id": 17197267, "category": {"id": 62, "name": "Mental Health"}, "emotion": "Anxious", "turns_number": 5, "dialogues": [[1286557, 0, "i have an appointment with a new psychiatric today", []], [1477208, 4, "what happened to previous one ?", []], [1201301, 3, "Good luck , hope they work for you", []], [1501924, 2, "Fingers crossed they can i have you what you need", ["😊"]], [1219486, 1, "take it slow you do not have to tell them everything do what you are comfortable with .", []]], "speakers": {"j.k": 0, "how many people?": 1, "Ash": 2, "Jordan": 3, "Cakylynn 💀": 4}}, {"id": 17197263, "category": {"id": 10, "name": "Friends"}, "emotion": "Hopeful", "turns_number": 4, "dialogues": [[1441887, 0, "anyone want to talk and maybe become friends", ["👉", "👈", "🥺"]], [1173562, 3, "oh I love making friends", ["🥺"]], [1500697, 2, "just send $ 537 western union", []], [1480774, 1, "sure thing , I ll try not to ruin your life with my crazyness", []]], "speakers": {"ℓινιи ∂єα∂gυяℓ": 0, "yoonie": 1, "User Banned": 2, "#sadboy": 3}}, {"id": 17197236, "category": {"id": 10, "name": "Friends"}, "emotion": "Loving", "turns_number": 3, "dialogues": [[1501763, 0, "Keep your friends close and keep your enemy closer", []], [1499387, 2, "keep everyone least 5 feet away . seriously I ll shotgun a could carrier", []], [1410548, 1, "no one is an enemy when you choose to love those that even hate you you", []]], "speakers": {"Newbie": 0, "The Vibrant Indian": 1, "User Banned": 2}}, {"id": 17197228, "category": {"id": 15, "name": "Family"}, "emotion": "Nostalgic", "turns_number": 4, "dialogues": [[1495280, 0, "so tomorrow i see my dad who molested me for the first time in years . it is also my granddad viewing so i guess wish me luck and hope you can get through the day .", []], [524390, 3, "all the best you are going to get through it ", ["❤"]], [665232, 2, "your really strong and brave", ["❤"]], [853394, 1, "You are are strong , you can do it ! best !", []]], "speakers": {"Sarah": 0, "flake": 1, "🦋🦋🦋 𝓑𝓾𝓽𝓽𝓮𝓻𝓯𝓵𝔂 🌸": 2, "happyboy": 3}}, {"id": 17197218, "category": {"id": 11, "name": "Hopes"}, "emotion": "Loving", "turns_number": 3, "dialogues": [[1283706, 0, "do you think I m pretty ?", []], [1437592, 2, "Do not care what people think do not worry i am sure you are", []], [476136, 1, "if that is you in your profile picture then yes", ["💫"]]], "speakers": {"curly andisheh": 0, "Just Nobody": 1, "✌FIND ME✌": 2}}, {"id": 17197191, "category": {"id": 7, "name": "Relationships"}, "emotion": "Nothing", "turns_number": 4, "dialogues": [[1097577, 0, "what would you do if someone confessed to you and you do not like her / him ?", []], [1378646, 3, "tell them honestly that o do not like them like that", []], [476136, 2, "just been in a situation like that , so : plainly tell him / her that .", []], [956089, 1, "Be honest , but also be kind .", []]], "speakers": {"Lelouch": 0, "💀🗡TwistedPsycho 🗡💀": 1, "✌FIND ME✌": 2, "🐾 Ɱąմ 🐾": 3}}, {"id": 17197189, "category": {"id": 7, "name": "Relationships"}, "emotion": "Nostalgic", "turns_number": 3, "dialogues": [[1291341, 0, "is it a god idea to become sex bodies with your ex ?", []], [1132753, 1, "Not if you still love them .", []], [1132753, 1, "Sex bodies do not last forever . what will happen when you find someone you want to move forward with ? You have to end ties with your ex or cheat on the new person . Even if you are still in love with them you can if you want to . but be strong enough and make sure you are in control of those meet you you", []]], "speakers": {"Newbie": 0, "WeAllNeedTheHelp": 1}}, {"id": 17197161, "category": {"id": 7, "name": "Relationships"}, "emotion": "Caring", "turns_number": 3, "dialogues": [[1036205, 0, "I do not know how to flirt , so I ll just stare at you until you fall in love with me", ["👀", "🥺"]], [1280219, 2, "tell me if it actually works", []], [1440769, 1, "Hata do not worry be she will find you", []]], "speakers": {"سأموت من أجل فلسطين": 0, "Kitsuqwq": 1, "Chipmunk": 2}}, {"id": 17197144, "category": {"id": 20, "name": "Others"}, "emotion": "Amused", "turns_number": 3, "dialogues": [[1173562, 0, "guns who were sad in their recent posts for not having a female * are being rude to me in des for praising women . did your crush said she likes me instead of you ? laughing my arms off what happened ? why you so salt ?", ["😂"]], [1392086, 2, "i like the way you cook", []], [1506004, 1, "but you are begging for girl is attention in their comments , weird", []]], "speakers": {"yoonie": 0, "deepressed plaStick in the Buttle in the sea": 1, "Michael": 2}}, {"id": 17197118, "category": {"id": 72, "name": "Anxiety"}, "emotion": "Worried", "turns_number": 3, "dialogues": [[486223, 0, "i have really bad anxiety . i have gotten dozens eggs blood work chest x - rays my last test was a echocardiogram a month ago . i have this weird pressure on the right side of my chest , sometimes in the middle and sometimes along with pain . i get chest pains when i talk and get dizzy all the time . does this all have something to do with anxiety and muscle tightness tension ? someone clear my mind i am crying", []], [506307, 1, "Do you have any nutrient deficiencies ?", []], [506307, 1, "It seems like your anxiety is very severe . It may be why but then again , I have no medical training .", []]], "speakers": {"alissa 💛": 0, "JesusisLord (WWJD) WhatwouldJesusdo?": 1}}, {"id": 17197108, "category": {"id": 20, "name": "Others"}, "emotion": "Chilled", "turns_number": 3, "dialogues": [[1502069, 0, "What is your favorite movie ever?Mine is Baby Dry have , I love Edgar Wright directing", []], [1367879, 2, "are you excited for the sequel ?", []], [506307, 1, "I have too many favorite moves . Pan is Labyrinth is good .", []]], "speakers": {"Edolito": 0, "drenii": 1, "JesusisLord (WWJD) WhatwouldJesusdo?": 2}}, {"id": 17197093, "category": {"id": 63, "name": "My Story"}, "emotion": "Annoyed", "turns_number": 4, "dialogues": [[1308984, 0, "why is self acceptance so hard ?", ["😩", "😤", "😖"]], [1502069, 3, "first step is just to think you are good yourself , the rest is easy", []], [1502034, 2, "Because we always see perfect people everyone welcomehere . TO , social media . These are illusory worlds . You are good as you are .", []], [1502008, 1, "let me know when you find out why cut i m getting desperate", ["✨"]]], "speakers": {"that guy luke🇬🇧": 0, "Edolito": 1, "caaatsta": 2, "Bubblegum": 3}}, {"id": 17197086, "category": {"id": 72, "name": "Anxiety"}, "emotion": "Heartbroken", "turns_number": 4, "dialogues": [[486223, 0, "is it rare ( me ) a 18 year old to have a heart attack or cardiac arrest ? i have really bad anxiety", []], [1497869, 3, "it depends on any already diagnosed heart conditions , it is not unheard of but it is definitely rare", []], [932897, 2, "I suffer from the same illness anxiety , I m always checking my heart rate and blood oxygen . But it is pretty rare .", []], [1410054, 1, "very rare . you should see a therapist for your health anxiety though", []]], "speakers": {"alissa 💛": 0, "LoveMeLoveMe": 1, ".": 2, "CaliforniaHeart": 3}}]