[{"id": 17186413, "category": {"id": 68, "name": "I Need Help"}, "emotion": "Supported", "turns_number": 4, "dialogues": [[1501433, 0, "Sorry if it is not understood , my English is bad . But . I feel pretty bad , my head hurts from crying so much . I do not know what to do with myself , I feel like a failure . I wish I could go to a place where I can be alone and not be a burden to anyone . I hate that everything affected me so much , I do not know what to do .", []], [1351065, 3, "You are not a failure nor a burden . I m open to talk if you had like to just message me . love and support~", ["💙", "🖤"]], [1454651, 2, "Not a single person in this world is a failure including you . Everybody has their own ways to design their li have and so do you . Now you might not have have the right thing to do but remember if you keep up the hope , you ll reach your goal in no time .", []], [1483084, 1, "I need someone to talk to everyday and someone to be happy with", []]], "speakers": {"Abril Brizuela": 0, "Lighted Wolfie": 1, "Downthelabyrinth": 2, "Gideon": 3}}, {"id": 17186399, "category": {"id": 58, "name": "LGBT"}, "emotion": "Confused", "turns_number": 4, "dialogues": [[1473648, 0, "Why do we let people with gender dysphoria mutilated their bodies while people with body dysphoria are encouraged to go to therapy and learn to love themselves ?", []], [1200600, 3, "because people would rather ignore a problem than be told to deal and address it . Its basically how i would rather eat a chocolate chip cook than go outside running even if running would most likely prevent me from attaining diabetes .", []], [1492793, 2, "They are literally born in the wrong body . It is not mutilation their body and why do you care so much . They can do whatever they want to their bodies .", []], [880111, 1, "Body dysphoria and gender dyphoria are two very different things .", []]], "speakers": {"kiwiagnes": 0, "Aman": 1, "Hannah✨": 2, "Morgane": 3}}, {"id": 17186397, "category": {"id": 7, "name": "Relationships"}, "emotion": "Sad", "turns_number": 3, "dialogues": [[1501434, 0, "Does it get better ? I felt like he was the one for me and then the anaemic hit and his job was burning him out and the is just hit the fan.it is been three weeks and I just miss my best friend .", []], [1449267, 2, "sometimes you just have to i have it time", []], [1119374, 1, "i m going through the same thing and it gets better ! Try to heal , focus on yourself , make YOURSELF happy , put yourself first ! it gets better <3", []]], "speakers": {"Avacado": 0, "Anonymous": 1, "Lena Breezy": 2}}, {"id": 17186393, "category": {"id": 53, "name": "Education"}, "emotion": "Anxious", "turns_number": 3, "dialogues": [[809410, 0, "tomorrow I have an important exam for college wish me luck", ["🤞"]], [1476153, 2, "You have got this !", []], [1482984, 1, "good luck you can do it !", []]], "speakers": {"littlereader": 0, "Livsnjutare": 1, "mj": 2}}, {"id": 17186377, "category": {"id": 11, "name": "Hopes"}, "emotion": "Sad", "turns_number": 4, "dialogues": [[1464385, 0, "Some of us are really destined to be lonely", []], [1174036, 3, "Or maybe just have not found the one yet", []], [1448962, 2, "are you talking about me", []], [1501423, 1, "well . I guess I got my answer", []]], "speakers": {"-M": 0, "Z": 1, "Millennial": 2, "Maina Bonney": 3}}, {"id": 17186368, "category": {"id": 11, "name": "Hopes"}, "emotion": "Supportive", "turns_number": 4, "dialogues": [[250083, 0, "When life i have you lemon ,", []], [1251730, 3, "You squeeze the lemon into life is eye sockets", []], [1305807, 2, "put some salt in it and rub your ass !", []], [1501409, 1, "Squeeze them in life eyes D", []]], "speakers": {"Anti-Auto Hawk": 0, "Muggins": 1, "Shino": 2, "Raven Blood": 3}}, {"id": 17186358, "category": {"id": 62, "name": "Mental Health"}, "emotion": "Hopeful", "turns_number": 3, "dialogues": [[1459643, 0, "I m in an uncomfortable stage in my life where my old self is gone but my new self is not fully born yet , if that makes sense .", []], [1309412, 3, "yes it does . transition phase", []], [1154858, 1, "confused for some reason ?", []]], "speakers": {"Cy": 0, "User Suspended": 1, "Deep": 2}}, {"id": 17186349, "category": {"id": 74, "name": "Depression"}, "emotion": "Caring", "turns_number": 3, "dialogues": [[0, 0, "trying to keep him blocked but it is so hard i just ca not move on & feel bad for having him blocked even though i know he is not for me ; ( it is been 3 days", ["😤"]], [1501276, 2, "you will get threw it , I have blocked my ex hundreds of times in the past and ended up blocking him , until I lost feelings for him . then it was easy to move on x", ["💕"]], [1501434, 1, "It is been three weeks for me , I feel you", []]], "speakers": {"Anonymous": 0, "TinY JellY ToT": 1, "Avacado": 2}}, {"id": 17186338, "category": {"id": 7, "name": "Relationships"}, "emotion": "Supportive", "turns_number": 4, "dialogues": [[1501434, 0, "Anyone else going through an awful post - breakup mending process", []], [1488703, 3, "no , but just to make you feel a little better , be happy you are out of something that was not meant to be , and do not regret you are past instead head on for the future", []], [1029989, 2, "do not think of anything just be cool and see how is this new phase is going.do not expect to feel better or worse just see how is this going", []], [1483084, 1, "I need someone to talk to everyday and someone to be happy with", []]], "speakers": {"Avacado": 0, "Angel in disguise": 1, "Sam": 2, "Gideon": 3}}, {"id": 17186323, "category": {"id": 5, "name": "Bullying"}, "emotion": "Disgust", "turns_number": 4, "dialogues": [[1017857, 0, "laughing my arms off just got told that it is my own fault for being abused .", []], [834851, 3, "Can i tell you that its not your own fault actually they all just want you to feel like that", []], [1059495, 2, "yea a lot of pp say that , but it is because they do not understand and lack compassion . Forge have them for they know not what they are doing . I do not blame you , you never deserved abuse .", []], [1349053, 1, "it is not your own fault . whoever told you that is an ignorant fucktard", []]], "speakers": {"tired bookworm🐌": 0, "YOES": 1, "TameraLee": 2, "Lain": 3}}, {"id": 17186315, "category": {"id": 61, "name": "Positive"}, "emotion": "Proud", "turns_number": 3, "dialogues": [[1393327, 0, "any one have any tattoo they want to show off ?", []], [770224, 2, "I got a swastika tattooed on my chest", []], [1495257, 1, "you have any to inspire me", []]], "speakers": {"Amanda Gibbs": 0, "Marco 🦆": 1, "Eye Devil": 2}}, {"id": 17186300, "category": {"id": 74, "name": "Depression"}, "emotion": "Numb", "turns_number": 3, "dialogues": [[1373506, 0, "We are all gods pretending to be humans .", []], [1251730, 2, "See that was the case I would have cleansed the planet long ago", []], [1170506, 1, "we are humans pretending to be God is hoping to find something greater to li have on but the reality of the situation is very horror your information the coronavirus is like mother nature giving us the finger", []]], "speakers": {"Hoji": 0, "Muggins": 1, "Teddy Flowers": 2}}, {"id": 17186282, "category": {"id": 63, "name": "My Story"}, "emotion": "Heartbroken", "turns_number": 3, "dialogues": [[951974, 0, "I hold my heart so tight so it wo not break apart .", []], [1407134, 2, "Do you need help to hold it even tighter ? Dolphin want to help", ["🐋"]], [1403450, 1, "I ll help you to hold em bear nggak amber", ["💙"]]], "speakers": {"EtherealDove": 0, "Conundrum": 1, "741": 2}}, {"id": 17186279, "category": {"id": 48, "name": "Work"}, "emotion": "Worried", "turns_number": 3, "dialogues": [[1500601, 0, "Anaemic has ruined my plans . I m about to be bless in 3 months and I will have to move back with my mon . My partner is struggling financially and he wo not be able to li have with us since he has to work in another city . I hope I can earn enough to cover food and other expenses . I wonder when this anaemic will be over .", []], [668144, 2, "where are you working currently", []], [1354919, 1, "The question is.is there really an end of this man made anaemic ?", []]], "speakers": {"Cheer Devona": 0, "MadmaX": 1, "Polycromatic_Hiatus": 2}}, {"id": 17186271, "category": {"id": 47, "name": "Health"}, "emotion": "Supportive", "turns_number": 3, "dialogues": [[1395250, 0, "what do you see when you close your eyes ? .", []], [679850, 2, "A more confident and strong me .", []], [951974, 1, "tears and me as a child", []]], "speakers": {"Saint in solitude": 0, "CBRadio": 1, "EtherealDove": 2}}, {"id": 17186256, "category": {"id": 61, "name": "Positive"}, "emotion": "Inspired", "turns_number": 4, "dialogues": [[1327303, 0, "Not much to be excited about these days , but finally I have something . Tattoo appointment booked ! What tattoo do you have ?", ["😍"]], [988686, 3, "I ll let you know when I get some .", []], [677957, 2, "I like your gauge , what are you getting patted ?", []], [1386904, 1, "agree that is lit ! And unfortunately I only have a bunch of gang related tattoo nothing too cool laugh out loud . What are you fixing to get the ?", []]], "speakers": {"west coast pixie": 0, "Villain and Proud": 1, "Prevalent": 2, "Cletus Kasady Is Kira HaHaHaHa": 3}}, {"id": 17186255, "category": {"id": 79, "name": "Ask Girls"}, "emotion": "Insecure", "turns_number": 5, "dialogues": [[1389300, 0, "i am so tired of feeling so fucking pregnant but all the test being negiti have . ?", ["😭", "😒", "😞"]], [532358, 4, "maybe your mind is playing tricks on you", []], [1251730, 3, "Fellow should I put this.you probably is not pregnant then", []], [1198373, 2, "topic pregnancy may present like that , make sure to get a US .", []], [167192, 1, "Have you been to a doctor ? My sums friend was pregnant and never knew till she had her kid . Maybe the tests just are not showing it ?", []]], "speakers": {"mad manic mommy": 0, "Ryan Daly": 1, "Muggins": 2, "K": 3, "Megan Bashford 🌈": 4}}, {"id": 17186238, "category": {"id": 20, "name": "Others"}, "emotion": "Calm", "turns_number": 3, "dialogues": [[1484786, 0, "I just want to hug a lot", []], [893897, 2, "* Sending you a long imaginary hug *", []], [1448962, 1, "but why stay the hell 2mrs away from everybodyfuking virus brow", []]], "speakers": {"SillyGoose": 0, "Mandarina": 1, "Millennial": 2}}, {"id": 17186227, "category": {"id": 10, "name": "Friends"}, "emotion": "Insecure", "turns_number": 3, "dialogues": [[1356754, 0, "Would anyone be willing to message me to talk ? i am not feeling good tonight but my boyfriend is asleep . it is currently to:39 am", []], [1488703, 1, "Sure , you need to talk about anything specific ?", []], [1488703, 1, "Also if you aunt feeling good , wo not you wake him up ?", []]], "speakers": {"Worm🪱": 0, "Angel in disguise": 1}}, {"id": 17186219, "category": {"id": 63, "name": "My Story"}, "emotion": "Bored", "turns_number": 4, "dialogues": [[1188275, 0, "I do not know why , but I feel really uncomfortable if I shower at someone else is house anyone else like this ?", ["😂"]], [1251730, 3, "I have never had this problems", []], [1301989, 2, "When you take shower , you are vulnerable . I think it is completely normal to feel uneasy .", []], [1316849, 1, "iv only showed outside of my home twice . ( not including other family )", ["😂"]]], "speakers": {"Kãy🏳️‍🌈": 0, "Muggins": 1, "Oldbie": 2, "Mad👑": 3}}, {"id": 17186217, "category": {"id": 10, "name": "Friends"}, "emotion": "Caring", "turns_number": 3, "dialogues": [[1457924, 0, "how are y all doing ?", []], [1116691, 2, "I want to say fine , but I am not . Just meeting thou life at this point .", ["😅"]], [1228349, 1, "not good . still breathing", []]], "speakers": {"Flare23 ♌😸": 0, "Newbie": 1, "MIO": 2}}, {"id": 17186207, "category": {"id": 7, "name": "Relationships"}, "emotion": "Nostalgic", "turns_number": 5, "dialogues": [[1501422, 0, "struggling with my 5 year relationship that is been over since july . I miss the memories we use to make . How do you move on ?", []], [679850, 4, "Time , time heals all wounds .", []], [1488703, 3, "Do not look at the past , and just think if it ended it over for the good , if it was good then it would never end , if you need to talk , feel free to message me", []], [1483273, 2, "for depressions with abandonment issues . its tough . I am still coming and learning the strategics . even for friendship it is hard to move on for me because i invested feelings and take everyone seriously . acknowledge your feelings . do not rush emotion . try writing down all the memories and emotion in journal . as your write them your brain process the memories and help you get over the feelings over time . do not rush feelings . be kind to yourself . sending huge", ["💝"]], [1483084, 1, "I need someone to talk to everyday and someone to be happy with", []]], "speakers": {"Starry Moon": 0, "CBRadio": 1, "Angel in disguise": 2, "moonlight": 3, "Gideon": 4}}, {"id": 17186199, "category": {"id": 62, "name": "Mental Health"}, "emotion": "Anxious", "turns_number": 3, "dialogues": [[955128, 0, "I wish I could stop time .", []], [677957, 2, "what would you do if you could ?", []], [1499838, 1, "I wish I could turn invisible", []]], "speakers": {"🌸Sofi🌸": 0, "Prevalent": 1, "Bully Maguire": 2}}, {"id": 17186197, "category": {"id": 20, "name": "Others"}, "emotion": "Confused", "turns_number": 3, "dialogues": [[1473648, 0, "What is the motivation behind transitioning?Gender does not limit you . Except for times when muscle mass and reproduced have organs are concerned . Both of those being things that can not be changed and if anything altered but not changed . Women and men are equal . We should aim for elimination of gender roles in our society .", []], [988686, 2, "Probably because it is what they feel comfortable identify your information with .", []], [1003078, 1, "are you really a communist ?", []]], "speakers": {"kiwiagnes": 0, "Villain and Proud": 1, "Miraboreas": 2}}, {"id": 17186165, "category": {"id": 7, "name": "Relationships"}, "emotion": "Annoyed", "turns_number": 3, "dialogues": [[632960, 0, "Is anyone a good listener ?", []], [1488703, 2, "yes , feel free to text me", []], [1495257, 1, "i am here but not a witch and b. ok", []]], "speakers": {"Witch bish 🏳️‍🌈": 0, "Angel in disguise": 1, "Eye Devil": 2}}, {"id": 17186116, "category": {"id": 7, "name": "Relationships"}, "emotion": "Lonely", "turns_number": 4, "dialogues": [[390592, 0, "Imagine having someone that likes you back", ["😞", "✋", "🏻"]], [1488703, 3, "why imagine , I have someone in real life", []], [1170506, 2, "I liked it everyone before I became president", []], [1495257, 1, "imagine ? open your eyes and see its your parents and friends", []]], "speakers": {"Kenzie": 0, "Angel in disguise": 1, "Teddy Flowers": 2, "Eye Devil": 3}}, {"id": 17186103, "category": {"id": 66, "name": "Addiction"}, "emotion": "Hopeful", "turns_number": 3, "dialogues": [[1456901, 0, "I am to months sober & I keep getting these bad drug craving and do not know how to stop them . If you are a recovering adduct please comment or message me some tips on how to get through it / how you get through them .", []], [677957, 2, "I personally exercised a lot , but I found that people squeezed ice to resist temptations", []], [1494607, 1, "used to snort cocaine twice a week , i moved from where i li have before then i kept my mind occupied , even with that i still think about it clot . you have to be strong .", []]], "speakers": {"Debbie": 0, "Prevalent": 1, "nope": 2}}, {"id": 17186096, "category": {"id": 7, "name": "Relationships"}, "emotion": "Nothing", "turns_number": 3, "dialogues": [[658263, 0, "least you see the true colours and saved yourself by blocking him . Guard your heart ", ["❤"]], [1488703, 2, "Do not let one bad experience close herself from from a beautiful story ahead", []], [1448962, 1, "are you trying to she was actually seeing someone else ?", []]], "speakers": {"ɐpuᴉ⅂": 0, "Angel in disguise": 1, "Millennial": 2}}, {"id": 17186088, "category": {"id": 20, "name": "Others"}, "emotion": "Irritated", "turns_number": 3, "dialogues": [[633163, 0, "brow . some guy just told me i deserve to be depressed bc i did not want to open up about my problems & also was not attracted to him . what an ashore .", []], [980731, 2, "I m sorry this imbecile told you such bullshit", []], [1448962, 1, "and why you have to take him serious", []]], "speakers": {"Alexis": 0, "Tired Tried": 1, "Millennial": 2}}, {"id": 17186085, "category": {"id": 47, "name": "Health"}, "emotion": "Afraid", "turns_number": 3, "dialogues": [[1282877, 0, "I have almost all of the symptoms of could and I m so fun scared", []], [1488703, 2, "please take precautions , and isolate herself , gas", []], [841162, 1, "do not be scared it is not a big deal , just isolate yourself and eat healthy foods", []]], "speakers": {"Carolina": 0, "Angel in disguise": 1, "Suganth Ks": 2}}, {"id": 17186078, "category": {"id": 7, "name": "Relationships"}, "emotion": "Meh", "turns_number": 3, "dialogues": [[820440, 0, "Www this is so wholesome", ["🥺"]], [628246, 2, "Goodluck with the relationship :)", []], [1301887, 1, "You better star being busy too", []]], "speakers": {"Var☃️🐕": 0, "Richard Ridzo 🇮🇱": 1, "Roy ♊️☯️": 2}}, {"id": 17186065, "category": {"id": 51, "name": "Helpful Tips"}, "emotion": "Confused", "turns_number": 3, "dialogues": [[549721, 0, "you are in a mental health pp hi ma", ["👋"]], [816234, 2, "a planet named earth , situated in the milky way galaxy . the planet is most likely charitable , at least for carbon based organisms .", []], [385435, 1, "Hi , you are on a rock , floating in space . Pretty cool , hut ?", []]], "speakers": {"ewww it's sam": 0, "Abhirup Bakshi": 1, "John “Fortnite” Kennedy": 2}}, {"id": 17186051, "category": {"id": 62, "name": "Mental Health"}, "emotion": "Overwhelmed", "turns_number": 4, "dialogues": [[1499088, 0, "These to am thoughts are killing me", ["😪"]], [1170506, 3, "I want to be president again I want I want I want to I want my blaine I want my blaine", []], [1312627, 2, "find life purpose , find your true inner self , improve mind and body , coming better with depressionthen you be at peace you like to know more ?", []], [1495257, 1, "trick your mind set the time incorrect", []]], "speakers": {"itz.bry_bry🎭": 0, "Teddy Flowers": 1, "Righteous Force": 2, "Eye Devil": 3}}, {"id": 17186049, "category": {"id": 7, "name": "Relationships"}, "emotion": "Inspired", "turns_number": 4, "dialogues": [[1357527, 0, "You know what ? i am tired of not speaking up and beating around the bush , i am tired of feeling like I need a validated reason to feel the way that I do . I deserve to be happy and I deserve to be treated like a person and not like a piece of trash !", []], [677957, 3, "yes stop abusing the bush", []], [1486748, 2, "Everyone deserves to be happy n they have to take some decisions to make themselves happy .", []], [1501416, 1, "You are the only one with the right to decide how you feel x", []]], "speakers": {"Emotional bb": 0, "Prevalent": 1, "✌️✌️ ∂εѵเℓ รเɳɠɦ": 2, "Toaster🧇": 3}}, {"id": 17186023, "category": {"id": 7, "name": "Relationships"}, "emotion": "Sad", "turns_number": 3, "dialogues": [[0, 0, "i think my boyfriend should let me have a girlfriend .", []], [1200600, 2, "why are you with this person then ? just find someone else willing to let you waste their time .", []], [1138302, 1, "because it is the mentality . You want to eat your cake and have it too", []]], "speakers": {"Anonymous": 0, "Aman": 1, "Louie": 2}}, {"id": 17186018, "category": {"id": 10, "name": "Friends"}, "emotion": "Hopeful", "turns_number": 3, "dialogues": [[1500208, 0, "I am here if you need to vent or even a friend .", ["😊", "✨"]], [1485833, 2, "sure if you like we can be friends", []], [1501121, 1, "I need to vent : Ff$&k working from home!K done . Thanks !", []]], "speakers": {"Haily": 0, "User Banned": 1, "Newbie": 2}}, {"id": 17186010, "category": {"id": 20, "name": "Others"}, "emotion": "Supported", "turns_number": 3, "dialogues": [[1500128, 0, "Having a conversation with someone and he said a serious relationship does not exists what does then?Follow me if you love my contentssend me let us see who loves me from there", ["❤"]], [671358, 2, "that is someone who has not had a serious relationship then laugh out loud", []], [1455207, 1, "No , his heart does not exist", ["😅"]]], "speakers": {"Sarah": 0, "Christian6031": 1, "sonicsoul 😇😈👽": 2}}, {"id": 17186006, "category": {"id": 7, "name": "Relationships"}, "emotion": "Afraid", "turns_number": 3, "dialogues": [[0, 0, "did you ever felt afraid for falling in love with someone", []], [1170506, 2, "I do not want to go I do not want to go I m president", []], [1500208, 1, "i was scared then it happened am !", []]], "speakers": {"Anonymous": 0, "Teddy Flowers": 1, "Haily": 2}}, {"id": 17186005, "category": {"id": 74, "name": "Depression"}, "emotion": "Exhausted", "turns_number": 3, "dialogues": [[1341223, 0, "I have not been officially diagnosed with depression or anxiety . but I m very sure I have them . I have spoken to counsellor and they agree that is what is happening with me . should I go to a doctor ?", []], [980731, 2, "Yes , if you can just go to see a doctor , please . Things get better when we have proper treatment .", []], [1501121, 1, "Yes , I think you should for a proper diagnosis . i am in the same boat but have never gone to see a doctor , so i am being a bit of a hypocrite . But in general it is always best to seek professional help in these cases .", []]], "speakers": {"PurpleRaspberries": 0, "Tired Tried": 1, "Newbie": 2}}, {"id": 17186004, "category": {"id": 66, "name": "Addiction"}, "emotion": "Nostalgic", "turns_number": 3, "dialogues": [[1456901, 0, "Fuck these drug craving man . i am over feeling like this , it is not fair .", []], [1348469, 2, "keep on rattling bud it ll be worth it !", ["💪"]], [1463480, 1, "Keep the battle up ! If you need anything i am here to listen", []]], "speakers": {"Debbie": 0, "𝐃𝐚𝐧𝐢𝐚𝐥 𝐄𝐥𝐯𝐢𝐬": 1, "Newbie": 2}}, {"id": 17185999, "category": {"id": 10, "name": "Friends"}, "emotion": "Meh", "turns_number": 3, "dialogues": [[1501121, 0, "Have her over . Or do a room . I don today is world is so fed with Could and all that i am sure you can find a good middle ground .", []], [1391608, 2, "Just celebrate in her home or something", []], [1486748, 1, "may b she likes you n want to spend quality time with u", []]], "speakers": {"Newbie": 0, "Adam": 1, "✌️✌️ ∂εѵเℓ รเɳɠɦ": 2}}, {"id": 17185998, "category": {"id": 20, "name": "Others"}, "emotion": "Bored", "turns_number": 3, "dialogues": [[1348293, 0, "We are living in world of pure imagination .", ["😮", "🙂"]], [770224, 2, "but the powers keep on rowing and definitely are not showing signs that they are slowing", []], [1251730, 1, "If that was the cases be happier then I am", []]], "speakers": {"Ian of Rivia": 0, "Marco 🦆": 1, "Muggins": 2}}, {"id": 17185996, "category": {"id": 63, "name": "My Story"}, "emotion": "Calm", "turns_number": 3, "dialogues": [[1067879, 0, "Why can not I Just forget and move on !", ["😑"]], [1346892, 2, "Try to di avert your mind into a hobby and a passion you love doing . Maybe that will help", []], [1391608, 1, "I know that feeling . it is so fucking shit . But we have to get used of getting hurt . Bc I believe that this pain will make us more stronger .", []]], "speakers": {"😌Nëvër Gïvè Üp 🙂": 0, "Passionate_Addicted Poet Author/Poet": 1, "Adam": 2}}, {"id": 17185992, "category": {"id": 7, "name": "Relationships"}, "emotion": "Heartbroken", "turns_number": 3, "dialogues": [[1365276, 0, "I just broke up with my boyfriend who I love because of my parents", []], [1391608, 2, "This shit must be diffuse you later for you", []], [1500697, 1, "sorry to hear about your loss", ["🤘", "😜"]]], "speakers": {"Hannah": 0, "Adam": 1, "User Banned": 2}}, {"id": 17185991, "category": {"id": 58, "name": "LGBT"}, "emotion": "Insecure", "turns_number": 5, "dialogues": [[452270, 0, "Can I get a compliment before bed or is that asking too much .", []], [668144, 4, "compliment for ? looks ?", []], [679850, 3, "You are a beautiful person .", []], [1381601, 2, "you are so sweet , you are a kind person , you are a soft hearted , you are cool , you are a best one , you are awesome . Sleep Well Dear  ", ["😘", "❤"]], [1270301, 1, "You are like a Wind Chime on a hot but breezy daysoothing !", []]], "speakers": {"Yeah It’s Me": 0, "MadmaX": 1, "CBRadio": 2, "User Banned": 3, "Dipankar": 4}}, {"id": 17185988, "category": {"id": 75, "name": "Life Hacks"}, "emotion": "Bored", "turns_number": 4, "dialogues": [[1471349, 0, "Game time- What is one thing you dislike about women?Me- How some of em generalized entire renders , races , religions for all being the same way , And when you go to correct em , They get offended and blockyouryour", []], [1251730, 3, "Their 3 Dimensions forms just does nothing for me", []], [1141464, 2, "You called me out for generalizing renders and did not get blocked . ended up with my snapchat instead", ["😅"]], [980731, 1, "The same thing I dislike about men or whatever the being is", []]], "speakers": {"User Banned": 0, "Muggins": 1, "Graceeeee": 2, "Tired Tried": 3}}, {"id": 17185976, "category": {"id": 74, "name": "Depression"}, "emotion": "Sad", "turns_number": 5, "dialogues": [[1501395, 0, "I have a question for everyone . How long have you had depression/ suicidal thoughts ? For me I think I was around 7 .", []], [1483865, 4, "First suicidal attempt when I was 7", []], [1463480, 3, "I have had depression for four years and I had one suicidal attempt last summer", []], [1483273, 2, "I had self harm since 12", []], [1501416, 1, "First i remember was around 6 or 7 , could of been younger ( discs . )", []]], "speakers": {"BrooklynnJolin": 0, "No One": 1, "Newbie": 2, "moonlight": 3, "Toaster🧇": 4}}, {"id": 17185969, "category": {"id": 20, "name": "Others"}, "emotion": "Supportive", "turns_number": 3, "dialogues": [[244507, 0, "oh my god so this girl on tinder shouted me then she recognised me in person and suddenly has started talking to me again she is compared our star charts or something and says we are a rare match But she shouted me , then I walk past her and now she wants me Should not of shouted me honey", []], [349954, 2, "She shouted you , so you could combine her", []], [1494981, 1, "Do not talk to her", []]], "speakers": {"Joseph ☹︎": 0, "ᴮᴵᴿᴰ": 1, "AnnoyingOrangeFan69": 2}}, {"id": 17185965, "category": {"id": 62, "name": "Mental Health"}, "emotion": "Depressed", "turns_number": 4, "dialogues": [[1501395, 0, "Why do I exist ? I do not have a purpose i am just breathing doing nothing . I enjoy helping people but how can I help someone when I need help myself . I constantly put others before myself .", []], [385240, 3, "i can relate to this", []], [1200600, 2, "then work on working on yourself , new part of your purpose in life", []], [1483084, 1, "I need someone to talk to everyday and someone to be happy with", []]], "speakers": {"BrooklynnJolin": 0, "sebastian.dk": 1, "Aman": 2, "Gideon": 3}}, {"id": 17185963, "category": {"id": 7, "name": "Relationships"}, "emotion": "Angry", "turns_number": 3, "dialogues": [[1063379, 0, "Giving this Angry post with that Beautiful smile on your face in profile picture", ["🥺"]], [1251730, 2, "Let me guessyou vexed yourself", []], [1500697, 1, "smile now CRY IN THE WIND later let us ROCK THIS WISH", ["🤘", "😂"]]], "speakers": {"The Story Teller 📑📓": 0, "Muggins": 1, "User Banned": 2}}, {"id": 17185961, "category": {"id": 10, "name": "Friends"}, "emotion": "Numb", "turns_number": 3, "dialogues": [[767422, 0, "I leaned most people only want to be your friend if it benefits them in some way , be careful who you trust .", []], [1251730, 2, "Wells not that what friendship is thought contract ?", []], [1170506, 1, "if I had a friend that was there for my safety and well - being than so be it", []]], "speakers": {"Makayla ": 0, "Muggins": 1, "Teddy Flowers": 2}}, {"id": 17185957, "category": {"id": 68, "name": "I Need Help"}, "emotion": "Hopeful", "turns_number": 3, "dialogues": [[1501391, 0, "i want to go far my place n start my new life far from india  ", []], [720427, 2, "Laugh out loud you are running from it , while I want to to experience what it is like", []], [1483084, 1, "I need someone to talk to everyday and someone to be happy with", []]], "speakers": {"scarlett": 0, "Ckay-Boyfriend": 1, "Gideon": 2}}, {"id": 17185955, "category": {"id": 75, "name": "Life Hacks"}, "emotion": "Down", "turns_number": 3, "dialogues": [[1393327, 0, "I know fanning beds are bad but I feel like laying in a bed of heat and light would do wonders for my mood", []], [668144, 2, "it is not good everyday you you", []], [809733, 1, "I know two twins where one is addicted to fanning and she looks about a decade older than her twin now . The skin damage is pretty irreversible .", []]], "speakers": {"Amanda Gibbs": 0, "MadmaX": 1, "EthereaLunaMoth": 2}}, {"id": 17185939, "category": {"id": 15, "name": "Family"}, "emotion": "Motivated", "turns_number": 4, "dialogues": [[702635, 0, "Has anyone done a DA ancestry kit ? I m seriously thinking about doing one .", []], [728874, 3, "I have always been curious about it.good luck with that .", []], [1494999, 2, "laugh out loud . I have not done that till now , but I would still check on it", []], [963726, 1, "Yes ! I have tested on ancestrydna and 23 and me . What questions do you have ? I do want to encourage you to keep an open mind , because despite family history you may find roots in other places . Overall , I have had a position have experience .", []]], "speakers": {"Sally": 0, "🇺🇸RobbyRockRobster🎸": 1, "Rodney Roberts": 2, "Nyla": 3}}, {"id": 17185907, "category": {"id": 62, "name": "Mental Health"}, "emotion": "Loving", "turns_number": 4, "dialogues": [[1475100, 0, "Tell me how your day was ?", []], [360335, 3, "Currently 3 am soyouryour", []], [1501285, 2, "good and busy until I got a minute to think then all went down hill from there", []], [1483273, 1, "I am going through recurrence , last week had to anxiety attack , hopefully this week is better .", []]], "speakers": {"You are loved ❤️": 0, "jacky ": 1, "Hannah Wilson": 2, "moonlight": 3}}, {"id": 17185906, "category": {"id": 7, "name": "Relationships"}, "emotion": "Annoyed", "turns_number": 8, "dialogues": [[1428157, 0, "why every boy i like is a complete ashore with me ?", []], [1471349, 6, "Gee maybe because you like the wrong guns ?", []], [1391608, 5, "Maybe you choose the wrong kind of boys .", []], [1458868, 1, "maybe they you as their own muddy", []], [1386904, 4, "You have got to be an ashore back then laugh out loud", ["😤"]], [1451601, 3, "do them have any idea you like them ?", []], [1029954, 2, "it is the most efficient strategy to achieve the desired goal", []], [1458868, 1, "maybe if you tell him how you feel he will be different with you rather than being an ashore .", []]], "speakers": {"lely": 0, "User Banned": 1, "Adam": 2, "Nobody": 3, "Cletus Kasady Is Kira HaHaHaHa": 4, "jojo": 5, "🕷️🕸️": 6}}, {"id": 17185905, "category": {"id": 47, "name": "Health"}, "emotion": "Nothing", "turns_number": 4, "dialogues": [[1476575, 0, "does anyone know if those lookout dances actually help lose weight ?", []], [1434604, 3, "yes they are good but you should start sitting too with working out .", []], [1405693, 2, "it depends on the one your doing", []], [1391608, 1, "Just eat healthy and all lose weight without doing anything . Like eating healthy is the main factor to loss / gain weight .", []]], "speakers": {"nancy": 0, "Shivam Ujjainwal": 1, "Demonwolfash1🖤": 2, "Adam": 3}}, {"id": 17185894, "category": {"id": 62, "name": "Mental Health"}, "emotion": "Supportive", "turns_number": 4, "dialogues": [[1501279, 0, "Do not want to li have , not suicidal , just tired of living this life .", []], [748062, 3, "There is obviously a reason you are tired", []], [1501340, 2, "me too , shame there is not a way to escape it :(", []], [1413574, 1, "I feel it ! Like I do not want to die . I just want to disappear and not have to deal with this distressful ass thing called life .", []]], "speakers": {"Sofia": 0, "bad'n'bougie🔥": 1, "AlicePalace": 2, "Newbie": 3}}, {"id": 17185884, "category": {"id": 50, "name": "Music"}, "emotion": "Inspired", "turns_number": 3, "dialogues": [[1480774, 0, "up . I might have a playlist , I can also send a sad playlist too ?", []], [988686, 2, "I m so tempted to link a non - i will song here .", []], [677957, 1, "Albert Balsam by Apex Twin", []]], "speakers": {"#sadboy": 0, "Villain and Proud": 1, "Prevalent": 2}}, {"id": 17185882, "category": {"id": 62, "name": "Mental Health"}, "emotion": "Happy", "turns_number": 5, "dialogues": [[0, 0, "It is probably stupid but I got a new hat today and it makes me happy .", []], [816234, 4, "why it is stupid ?", []], [1063379, 3, "why it is stupid people got happy with small things and you got a new hat brow", ["🥺", "✌", "😏"]], [1499450, 2, "its not stupid . i am happy for you year", []], [1390145, 1, "Definitely not stupid ! That is so cut", ["💜"]]], "speakers": {"Anonymous": 0, "Abhirup Bakshi": 1, "The Story Teller 📑📓": 2, "Nura Khadeja Abdul Malek": 3, "Maya 🛸": 4}}, {"id": 17185875, "category": {"id": 62, "name": "Mental Health"}, "emotion": "Sad", "turns_number": 3, "dialogues": [[1501397, 0, "I just wish my anxiety and depression would go away . I wake up sad / nervous , go through my whole days like that , and then come home and attempt to fall asleep . I just wish I could turn my brain off .", []], [1359591, 2, "I hope monday you will wake up without being sad or nervous", ["🌻"]], [452270, 1, "My heart goes out to you . Prayers", ["🙏", "🏽"]]], "speakers": {"Newbie": 0, "pipra": 1, "Yeah It’s Me": 2}}, {"id": 17185866, "category": {"id": 7, "name": "Relationships"}, "emotion": "Confused", "turns_number": 6, "dialogues": [[0, 0, "what kind of guns should I be careful about ?", ["🤔"]], [506000, 5, "The one is claiming they are nice .", []], [1251730, 4, "The ones in dark unseen alleyoure welcomes", []], [1450384, 3, "The ones that make a move too soon", []], [1471349, 2, "The one is who say females never do anything wrong", []], [1029954, 1, "the ones who have top hats and monocles", []]], "speakers": {"Anonymous": 0, "ⁿᵒ ᵃⁿᵍᵉˡ": 1, "Muggins": 2, "Bittersweet": 3, "User Banned": 4, "🕷️🕸️": 5}}, {"id": 17185842, "category": {"id": 10, "name": "Friends"}, "emotion": "Hopeful", "turns_number": 3, "dialogues": [[1275736, 0, "how do millennials feel about borders . do they hate the boomed politicians who have is lot of control over the economy . do they envy borders for the economy they had , and blame them for ruining it for the coming generation", []], [770224, 2, "save the future , kill all borders .", []], [1471351, 1, "Am I boomed or a Millennium ?", []]], "speakers": {"Seth Blaise": 0, "Marco 🦆": 1, "Newbie": 2}}, {"id": 17185809, "category": {"id": 10, "name": "Friends"}, "emotion": "Sad", "turns_number": 3, "dialogues": [[0, 0, "why is not easy for me to make a new friend", ["😭"]], [542249, 2, "making friends is pretty easy . I do not know why you saying its hard . but keeping friends is hard .", []], [452270, 1, "Feels like i am being awkward or something so I fail every time .", ["😂"]]], "speakers": {"Anonymous": 0, "Geezo": 1, "Yeah It’s Me": 2}}, {"id": 17185772, "category": {"id": 7, "name": "Relationships"}, "emotion": "Supportive", "turns_number": 5, "dialogues": [[1501379, 0, "I m scared of men because I had some bad experiences", []], [1195863, 4, "I am going down that same hole . it is so scar how they can break women", []], [783007, 3, "Hey . there is no need to be scared of us because of one man . :( there is millions of us out there and i am sure most of them would appreciate you instead of hurting you", []], [1481494, 2, "same but not all men are the same", []], [1180600, 1, "I m like that with women I have been done wrong by so many but I know not all of you are the same , unfortunately one sticky apple can make the whole batch seem bad . if you need someone to talk to feel free to send me a message I ll be more then happy to help and listen .", []]], "speakers": {"lyly minno": 0, "Love 25": 1, "𝕸𝖆𝖓𝖚𝖊𝖑": 2, "Maria Sol솔 👩‍💻🌎🚺": 3, "nobody important": 4}}, {"id": 17185771, "category": {"id": 20, "name": "Others"}, "emotion": "Sad", "turns_number": 3, "dialogues": [[1296958, 0, "guess i just have got to learn how to love being alone", []], [787583, 2, "I m here for you if you want to talk", []], [1463480, 1, "Sadly , me too .", []]], "speakers": {"sienna": 0, "3301": 1, "Newbie": 2}}, {"id": 17185752, "category": {"id": 74, "name": "Depression"}, "emotion": "Caring", "turns_number": 3, "dialogues": [[1413574, 0, "I hate being so accessible to people . But I do it cause I I would want them to do the same for me . They never are though .", []], [982221, 2, "I know how that feels .", []], [689011, 1, "you just did not contracted the correct pp", []]], "speakers": {"Newbie": 0, "Luke Easter": 1, "": 2}}, {"id": 17185746, "category": {"id": 47, "name": "Health"}, "emotion": "Worried", "turns_number": 5, "dialogues": [[695472, 0, "I had a heart attack 5 hours ago . I m 23.oh and I feel like shit", []], [603343, 4, "that does not sound good for your health , do not do that", []], [1493204, 3, "damn you told it was a panic attack ! oh my god", []], [1367879, 2, "what caused you to have panic that is the that is the", []], [1029954, 1, "you are in the hospital ?", []]], "speakers": {"𝕤𝕒𝕤𝕤𝕚𝕖𝕣𝕥𝕙𝕒𝕟𝕘𝕣𝕒𝕤𝕤𝕚": 0, "Mods are noob 🍌": 1, "👽": 2, "drenii": 3, "🕷️🕸️": 4}}, {"id": 17185745, "category": {"id": 72, "name": "Anxiety"}, "emotion": "Exhausted", "turns_number": 3, "dialogues": [[1458486, 0, "does anyone else- play with lighter and burn there hands- so that they can feel something ? cause like I do and it gets pretty bad sometimes it will leave my hands like a sky and smoke cause of it . It is more or less gotten to the point where I do it so much it does not hurt as bad ?", []], [1115279, 2, "it is self harm so yeah technically it is bad . I mean I burn myself with matches so I can not really tell you to stop but . I mean a it is self harm", []], [1472003, 1, "It is not bad in my opinion honestly .", ["🖤"]]], "speakers": {"Imbry": 0, "I'm Fine": 1, "🦋•🖤 Michi 🦋•🖤": 2}}, {"id": 17185744, "category": {"id": 67, "name": "Self-Care"}, "emotion": "Sad", "turns_number": 5, "dialogues": [[1390553, 1, "Brush the fish and the bat in your galleryinteresting", ["🐠", "🦇", "😁", "🥰"]], [347145, 7, "I feel you , well glad you had a great time it was good while it lasted", ["🤗"]], [1373085, 6, "hata ! good luck for the regular life", ["😂", "✨"]], [1359648, 5, "Big brow back to reality again hire secretary", ["😂"]], [816284, 2, "laugh out loud time flies when you are having fun .", ["🙂"]]], "speakers": {"𝓨𝓮𝓵𝓵𝓸𝔀⛅𝓢𝓾𝓷𝓼𝓱𝓲𝓷𝓮": 0, "Donald A Bunce": 1, "Hedwig🌺": 2, "Lickweed 🍸": 3, "🦋Zîňņý🦋- \"Í áïm tø mísßēhãvē \"": 4}}, {"id": 17185726, "category": {"id": 20, "name": "Others"}, "emotion": "Supportive", "turns_number": 3, "dialogues": [[1329110, 0, "I shit on all religions equally ! I do not like Christianity , Slam , mormons etc . It is pressing and I do not allow it in my presence .", []], [360335, 2, "Are the flying spaghetti monster is real", []], [1060990, 1, "so people are not supposed to be religious because you think it is pressing ok laugh out loud", ["😂"]]], "speakers": {"Rasputin": 0, "jacky ": 1, "shahida": 2}}, {"id": 17185717, "category": {"id": 63, "name": "My Story"}, "emotion": "Loving", "turns_number": 3, "dialogues": [[1063379, 0, "Those who love Animus I love them", ["🥺", "💖"]], [653991, 2, "i like a game .", []], [1500697, 1, "partly I m a piece of s*t .", ["😂", "🤘"]]], "speakers": {"The Story Teller 📑📓": 0, "Jadon": 1, "User Banned": 2}}, {"id": 17185708, "category": {"id": 7, "name": "Relationships"}, "emotion": "Numb", "turns_number": 6, "dialogues": [[653991, 0, "what even is sex anymore ? just a fun thing to do or something more ? something emotional ?", []], [1156277, 5, "just a satisfaction an act of being purely selfish with the help of others .", []], [360335, 4, "Well it depends on why you are having is is", []], [404466, 3, "Depends on how the individual views it . it is really not that great of a thing . Media makes it look like it is everything and amazing , but no , it can be the opposite girl", []], [1493736, 2, "it seems like a currency nowadays .", []], [1029954, 1, "to feel ok for like a couple minutes , then you need more , always more", []]], "speakers": {"Jadon": 0, "Parvana": 1, "jacky ": 2, "Hearse": 3, "Jordan cox": 4, "🕷️🕸️": 5}}, {"id": 17185701, "category": {"id": 11, "name": "Hopes"}, "emotion": "Optimistic", "turns_number": 3, "dialogues": [[1500128, 0, "Talklife ! talk about life right ?", []], [834851, 2, "mien most of the time", []], [1485501, 1, "about the dark side in life I guess", []]], "speakers": {"Sarah": 0, "YOES": 1, "naah": 2}}, {"id": 17185695, "category": {"id": 7, "name": "Relationships"}, "emotion": "Down", "turns_number": 3, "dialogues": [[1500724, 0, "I am so unhappy right now . My boyfriend says he loves me so much but does not want to talk or anything .", []], [679850, 2, "Maybe he is going through something .", []], [1486748, 1, "wat kind of love that is ?", ["🤔"]]], "speakers": {"Confused Chic": 0, "CBRadio": 1, "✌️✌️ ∂εѵเℓ รเɳɠɦ": 2}}, {"id": 17185691, "category": {"id": 61, "name": "Positive"}, "emotion": "Calm", "turns_number": 3, "dialogues": [[331115, 0, "What is something position have that you did for yourself or others today ?", []], [1170506, 2, "I took a morning poor and I did not forget to wash my hands", []], [1501121, 1, "I made dinner / celebrated my sister in laws day even though she is $ witty ti everyone . Did it cut I know how lonely she is .", []]], "speakers": {"CyberLynx98": 0, "Teddy Flowers": 1, "Newbie": 2}}, {"id": 17185689, "category": {"id": 48, "name": "Work"}, "emotion": "Calm", "turns_number": 4, "dialogues": [[1082079, 0, "Have not done my taxes man I m too turned up", []], [1500697, 3, "let me get a piece of that dough", []], [1027343, 2, "laugh out loud i m about to do mine next week but i probably wo not get anything back", []], [1099729, 1, "i hate doing it .", []]], "speakers": {"Silva": 0, "User Banned": 1, "Dandy Chiggins 👻": 2, "Annabelle 🇵🇸": 3}}, {"id": 17185674, "category": {"id": 7, "name": "Relationships"}, "emotion": "Supportive", "turns_number": 4, "dialogues": [[1501379, 0, "just broke up , he told me that I wo not find anybody again bc he was the only who can stand me .", []], [665232, 3, "laugh out loud he is lucky he ever had a girl in the first place . you are better with out him", []], [783007, 2, "Let him talk whatever he wants , i am sure tomorrow you will be breaking another guns heart", ["😉"]], [1063379, 1, "that is what every lower feel about himself / herself when they leave someone like they are best and others are shit", ["🤦", "♂", "💩"]]], "speakers": {"lyly minno": 0, "🦋🦋🦋 𝓑𝓾𝓽𝓽𝓮𝓻𝓯𝓵𝔂 🌸": 1, "𝕸𝖆𝖓𝖚𝖊𝖑": 2, "The Story Teller 📑📓": 3}}, {"id": 17185672, "category": {"id": 7, "name": "Relationships"}, "emotion": "Overwhelmed", "turns_number": 3, "dialogues": [[1222964, 0, "I m so scared and terrified of even essaying her just in case I say something wrong and she ends it ! ?", ["😳", "🤐", "😶", "🥺", "💔"]], [1500697, 2, "exactly like your FEMORIS SAY A STORY", []], [816234, 1, "I do not know why but if someone tries to start a friendship then there is not stress but suddenly if someone tries to start a romantic and sexual relationship then all of a sudden there is stress , confusion.i mean why ?", []]], "speakers": {"💔🖤": 0, "User Banned": 1, "Abhirup Bakshi": 2}}, {"id": 17185669, "category": {"id": 74, "name": "Depression"}, "emotion": "Overwhelmed", "turns_number": 4, "dialogues": [[1488490, 0, "Need someone to talk to .", []], [1471277, 3, "I am here for you", []], [1500692, 2, "I m here if you want to talk :)", []], [1180600, 1, "feel free to message me I ll be more then happy to help and listen .", []]], "speakers": {"Melia": 0, "Milenka": 1, "🖤🖤🖤": 2, "nobody important": 3}}, {"id": 17185662, "category": {"id": 72, "name": "Anxiety"}, "emotion": "Anxious", "turns_number": 5, "dialogues": [[1444082, 0, "I m so socially anxious around my family , I hate myself . What is wrong with me .", ["😭"]], [1357881, 4, "Nothing really . It happens like that sometimes", []], [1501372, 3, "I think it is normal . I can not open up to them", []], [1469588, 2, "There is nothing wrong . i am like that , too because I have anxiety , depression and ITS .", []], [1501121, 1, "Honestly i would be worried if I was not anxious in front of my family . These both f$kvas be tripping", []]], "speakers": {"💫": 0, "Gil Cole": 1, "Selina Puegner": 2, "SugarLovesHoney🥰💍": 3, "Newbie": 4}}, {"id": 17185661, "category": {"id": 10, "name": "Friends"}, "emotion": "Optimistic", "turns_number": 4, "dialogues": [[1416812, 0, "looking to make friends with aime and drama lovers hum", []], [1396692, 3, "what is your favorite aime ?", []], [1496896, 2, "Attack on Than best aime ", []], [1501121, 1, "I admitted to myself that You is my role model . I think he is the male figure I have taken the most after .", []]], "speakers": {"Godspeed": 0, "Mysterious Homie": 1, "Eli": 2, "Newbie": 3}}, {"id": 17185658, "category": {"id": 74, "name": "Depression"}, "emotion": "Hopeful", "turns_number": 3, "dialogues": [[1501374, 0, "New here I do not know where to start but i am aware that i am in need of help my life seems out of my control and i am not sure how to deal", []], [689011, 2, "start with small steps .", []], [1501121, 1, "I am new here too . I think this is a decent platform to chat exchange ideas . Taking control of your life is hard . Takes time and a lot of hard work .", []]], "speakers": {"cody": 0, "": 1, "Newbie": 2}}, {"id": 17185655, "category": {"id": 51, "name": "Helpful Tips"}, "emotion": "Nothing", "turns_number": 3, "dialogues": [[1449267, 0, "some people just do not know when to i have up", []], [554919, 2, "Some people i have up too easily .", []], [1396692, 1, "i have up for what ?", []]], "speakers": {"Anonymous": 0, "★⸸𝓜𝔂𝓼𝓽𝓲𝓬𝓪𝓵 𝓑𝓵𝓾𝓮𝓳𝓪𝔂⸸★": 1, "Mysterious Homie": 2}}, {"id": 17185647, "category": {"id": 20, "name": "Others"}, "emotion": "Tired", "turns_number": 4, "dialogues": [[1392016, 0, "why god create us ? who is the point of life ? specially if you feel miserable . I mean life is good if you are lucky enough . lucky pp are few . why god want to torture us .", []], [1063379, 3, "to make those lucky people feel lucky  ", ["🤦", "♂"]], [1375732, 2, "he does not want us to suffer , he wants us to learn and to grow and find our happiness in him", []], [294766, 1, "god did not create us and there is no point in life . that being said you can do whatever you want with your life , which takes more work for some people than others because life is also unfair that is just how nature works you can only do your best and hope for it to work out", []]], "speakers": {"Mixed Masala 😌": 0, "The Story Teller 📑📓": 1, "Newbie": 2, "𝐋𝐢𝐳✨": 3}}, {"id": 17185646, "category": {"id": 20, "name": "Others"}, "emotion": "Nothing", "turns_number": 3, "dialogues": [[1493390, 0, "it is 3 am and I can not sleep", []], [682273, 2, "its to am here and i have the same problem", []], [1063379, 1, "it is 7 am and I did not sleep  ", ["🙆", "♂"]]], "speakers": {"my name is no": 0, "Panzerkampfwagen IV Ausf. D": 1, "The Story Teller 📑📓": 2}}, {"id": 17185640, "category": {"id": 7, "name": "Relationships"}, "emotion": "Hopeful", "turns_number": 5, "dialogues": [[1501285, 0, "just wish he would talk to me", ["🥺"]], [1486748, 3, "if he means you thy much then do not wait for him to contact you , just call him or send a mug to him .", []], [677957, 2, "I wish he would talk to me too", []], [1500697, 1, "Hannah Wilson I m here foryouryour", []], [1500697, 1, "the world can hear me scream", []]], "speakers": {"Hannah Wilson": 0, "✌️✌️ ∂εѵเℓ รเɳɠɦ": 1, "Prevalent": 2, "User Banned": 3}}, {"id": 17185627, "category": {"id": 7, "name": "Relationships"}, "emotion": "Loving", "turns_number": 7, "dialogues": [[1500128, 0, "What is the feeling of being in love?a question so many can not answer", []], [1467410, 6, "falling in love with that person even more the more you get to know about their imperfections and securities", []], [1124740, 5, "what is love ? even Jim carry do not know", []], [1486748, 4, "it can not be explained , only a person in love can feel that .", []], [677957, 3, "so daytime you look at someone with such strong passion that you consider even their flaws beautiful through rose colored lens . that is love , very stupidly so", []], [1200927, 2, "You can not describe love . love can not be explained , it must be felt .", []], [1309412, 1, "it is being understood by each other . simply", []]], "speakers": {"Sarah": 0, "♌": 1, "izane raito": 2, "✌️✌️ ∂εѵเℓ รเɳɠɦ": 3, "Prevalent": 4, "💀": 5, "User Suspended": 6}}, {"id": 17185625, "category": {"id": 20, "name": "Others"}, "emotion": "Confused", "turns_number": 3, "dialogues": [[1164206, 0, "Is anyone here reception have to AS ? I have tried it several times and I feel absolutely nothing .", []], [321743, 2, "Oh yes . I have tried and definitely felt the cringe", ["😬"]], [115723, 1, "I love it I ca not sleep without it laugh out loud", []]], "speakers": {"Freyja": 0, "Sssnakepit": 1, "Isaac": 2}}, {"id": 17185618, "category": {"id": 75, "name": "Life Hacks"}, "emotion": "Furious", "turns_number": 4, "dialogues": [[639149, 0, "Pedophiles can go jump off a bridge for all I care", []], [765237, 3, "Can I push them ?", []], [1405693, 2, "I would kick them off myself !", []], [1500697, 1, "i am with you.on that one .", []]], "speakers": {"☁️🍒//Chxrry Bomb//🍒☁️": 0, "Austin": 1, "Demonwolfash1🖤": 2, "User Banned": 3}}, {"id": 17185612, "category": {"id": 74, "name": "Depression"}, "emotion": "Depressed", "turns_number": 3, "dialogues": [[1498179, 0, "Really do not want to be here anymore", []], [1063379, 2, "but the point is here where ? on this pp .", ["🧐"]], [677957, 1, "me too , let us get some bob instead", []]], "speakers": {"tilly floss": 0, "The Story Teller 📑📓": 1, "Prevalent": 2}}, {"id": 17185602, "category": {"id": 10, "name": "Friends"}, "emotion": "Lonely", "turns_number": 5, "dialogues": [[1227208, 0, "i have no friends :/", []], [1476016, 4, "you ll find a friend that will support you in the future you ll find it not now but sooner you would not know when or Maybe its already there but you could not see it", []], [1367879, 3, "i can be you are online friend if you want", []], [1493736, 2, "you can message me if you had like . I m always up for a conversation .", []], [677957, 1, "your Maybe and Death , love those bands , respect the black metal love", []]], "speakers": {"Euronymous": 0, "Billy Bella": 1, "drenii": 2, "Jordan cox": 3, "Prevalent": 4}}, {"id": 17185599, "category": {"id": 12, "name": "Self Harm"}, "emotion": "Lonely", "turns_number": 3, "dialogues": [[1463480, 0, "I do not want to be ali have anymore .", []], [1500697, 2, "well that is not an option", []], [1485753, 1, "Me neither , that is why I smoke , it is called pass have suicide .", []]], "speakers": {"Newbie": 0, "User Banned": 1, "Old Bastard 😎": 2}}, {"id": 17185596, "category": {"id": 20, "name": "Others"}, "emotion": "Calm", "turns_number": 7, "dialogues": [[963020, 0, "Politics has become other name for hate & judgement . Happy day by the way", ["🎂", "🎉"]], [530977, 6, "this has always been the case , it is just more spoken about nowadays", []], [451950, 5, "their research probably consists of Goose searches and news article that really only tell you whatever will make you click faster", []], [1387804, 4, "hey can you please have some water and try to sleep . It is already late night I guess . please share your thoughts . do not get alone dear . please be strong . I agree with you that some people will judge you always . do not i have a thought to those idiot .", []], [816234, 3, "the thing is our see you literature is as open as a jail.and in a post i would said home happens are the biggest joke ever created on earth . which applies here also because of our see you literature", []], [879751, 2, "This is why I hate politics laugh out loud . I m very leftish myself so I do not need right winged views shoved in my face when I m not asking for it", ["😂"]], [684673, 1, "I think it is your age ( er , sorry ? ) It was almost always older people ( and by that I mean also young adult who mostly are the ones to go to revolutions ) who carve more politics or find them necessary , and before it did not touch you so much because they were still . searching . I think so . I hope so . Then people in general did not become less intolerant about others views", []]], "speakers": {"Excuse⚠": 0, "YouCan'tHandleMyCuteAss": 1, "Victor's": 2, "Princess Vandana": 3, "Abhirup Bakshi": 4, "Jesse Elshof": 5, "Kama2": 6}}, {"id": 17185593, "category": {"id": 12, "name": "Self Harm"}, "emotion": "Depressed", "turns_number": 4, "dialogues": [[1501371, 0, "i am tired of having a face smile on", []], [1063379, 3, "but that is something no one understands around us", ["🥺"]], [1500697, 2, "your not even smiling in your pick", []], [677957, 1, "then do not smile , toxic positively is a thing", []]], "speakers": {"Newbie": 0, "The Story Teller 📑📓": 1, "User Banned": 2, "Prevalent": 3}}, {"id": 17185573, "category": {"id": 7, "name": "Relationships"}, "emotion": "Insecure", "turns_number": 4, "dialogues": [[1501360, 0, "How to feel like you are enough ? how to be able to diagnose either a guy is real or not ?", []], [451950, 3, "be patient . take your time", []], [1456177, 2, "mind reading abilities would help a lot", []], [1486748, 1, "Slow n steady wins the race so take you are time n you will come to know .", []]], "speakers": {"Asmae H": 0, "Victor's": 1, "Bazel": 2, "✌️✌️ ∂εѵเℓ รเɳɠɦ": 3}}, {"id": 17185563, "category": {"id": 10, "name": "Friends"}, "emotion": "Meh", "turns_number": 3, "dialogues": [[221335, 0, "I hate it even my friends are not straight up with me .", []], [1200600, 2, "maybe you are too straight who knows", []], [1501121, 1, "I think honesty is a hard trait to find in people . It tends to come easier to people who have been hurt by dishonesty vs people who the have on it", []]], "speakers": {"DexurousMatt": 0, "Aman": 1, "Newbie": 2}}, {"id": 17185546, "category": {"id": 20, "name": "Others"}, "emotion": "Embarrassed", "turns_number": 5, "dialogues": [[682273, 0, "Imagine thinking that being gay is braver than being in the military", []], [639149, 4, "You can not compare the two", []], [1466772, 3, "liberals tend to overreact to the most unimportant things", []], [988686, 2, "Being in the military is a choice and being gay is not . I think that choosing to put your life on the line is braver than just existing and being attracted to your own sex .", []], [1418624, 1, "what if being gay . and being in the military . ?", ["😐"]]], "speakers": {"Panzerkampfwagen IV Ausf. D": 0, "☁️🍒//Chxrry Bomb//🍒☁️": 1, "ensoleille": 2, "Villain and Proud": 3, "♡вroĸenѕмιle♡": 4}}, {"id": 17185512, "category": {"id": 10, "name": "Friends"}, "emotion": "Overwhelmed", "turns_number": 3, "dialogues": [[1425617, 0, "Can I talk to someone ?", []], [1367879, 2, "yes , you can talk to me", []], [1456177, 1, "what is up ? you ok ?", []]], "speakers": {"dragonberry": 0, "drenii": 1, "Bazel": 2}}, {"id": 17185470, "category": {"id": 62, "name": "Mental Health"}, "emotion": "Depressed", "turns_number": 4, "dialogues": [[1003078, 0, "I do not want to this anymore I have been lying to my therapist about being better but I m only getting worse", []], [451950, 3, "you have to open up . that is what they are there for", []], [1500286, 2, "I know it is hard to open up to them , but I promise it is worth it . opening up to someone is one of the most important things you do to get better . you do not have to say everything that you are feeling immediately , but at least be honest about how you are not getting better and take baby steps to telling them how you feel .", []], [988686, 1, "Why are you lying ?", []]], "speakers": {"Miraboreas": 0, "Victor's": 1, "🖤pastelbleach🖤": 2, "Villain and Proud": 3}}]