[{"id": 17852500, "category": {"id": 47, "name": "Health"}, "emotion": "Hopeful", "turns_number": 4, "dialogues": [[796983, 0, "I wish everything in life was as easy as getting fat .", []], [957660, 3, "then my life would be even harder .", []], [1302466, 2, "not getting fat is not easy for me of", ["💔"]], [1361727, 1, "laugh out loud this got me laughing", ["😆"]]], "speakers": {"Not-a-cookie🍪": 0, "lostinmonotoneworld": 1, "Saint Killer🦋": 2, "Just a nobody": 3}}, {"id": 17852490, "category": {"id": 15, "name": "Family"}, "emotion": "Proud", "turns_number": 3, "dialogues": [[1538140, 0, "thank God for my kiss they keep me ali have i love them", []], [1539258, 2, "You and me both . If it was not for our kiss , how would our life be ?", []], [629478, 1, "same.the only good thing i have", []]], "speakers": {"Kevin Wilson Sr": 0, "Bulou Akisi Tagivolili": 1, "Snoozer 死": 2}}, {"id": 17852473, "category": {"id": 52, "name": "Parenting"}, "emotion": "Proud", "turns_number": 3, "dialogues": [[1533139, 0, "Feeling so proud when my kid tells people he loves me", ["🤩"]], [709353, 2, "Must really make you happy .", ["😌"]], [1539258, 1, "I know that feeling . It just shows that we are doing a great job as a parent ", ["☺", "🤟", "🏻"]]], "speakers": {"Zyden": 0, "ɛniwʌn": 1, "Bulou Akisi Tagivolili": 2}}, {"id": 17852444, "category": {"id": 67, "name": "Self-Care"}, "emotion": "Overwhelmed", "turns_number": 5, "dialogues": [[1018504, 0, "shit . I m genuinely so ugly . I do not know how to explain it but I rely hate my eyes and nose . my skin is great and lips . but I fucking hate how my eyes are.weird . it is also worse that the bags under my eyes are rely dark .", []], [1099283, 4, "i more ugly than anybody here so please do not say that", ["🙈"]], [1398104, 3, "just because you think you are ugly does not mean to someone else you are beautiful in more ways than just physical attraction", []], [1425917, 2, "so what ? there is a real person inside of you who is more important than a pair of strange looking eyes and nose or Dark circles . that person deserves better than what you are giving , like invalidating statements about looks . challenge yourself when you think about this person who you truly are and when you find yourself about to say something judgement and harsh about yourself , say something uplifting about you . something that makes you proud to be who you are .", []], [1531994, 1, "At least , your eyes can see and your nose can breathe :)", []]], "speakers": {"💣 ᴄᴀᴘᴛᴀɪɴ 💣": 0, "Seeking Death": 1, "weeb trash": 2, "*Amira❤️Adore*": 3, "Nia": 4}}, {"id": 17852430, "category": {"id": 63, "name": "My Story"}, "emotion": "Inspired", "turns_number": 3, "dialogues": [[1267419, 0, "In the end you will be back alone , So do not get attached . ", ["❤", "😊"]], [1425917, 2, "I m too attached to me to get attached to somebody else .", []], [1537530, 1, "and I got truly attached.and this is what happened will see what I m going thou . I gave them love . I made them smile . I made them happy . I rubbed their own tears.all they did to me was to leave me alone in a whirlpool of my own tears where I keep drowning and I. find no hand to lift me up . Its killing me.so I find no place to pick me up.find no land to rest my feet on to.the land under me.keeps sliding", []]], "speakers": {"Blueface🤍": 0, "*Amira❤️Adore*": 1, "John": 2}}, {"id": 17852426, "category": {"id": 58, "name": "LGBT"}, "emotion": "Confused", "turns_number": 5, "dialogues": [[1141075, 0, "i am crossdresser boy and i want i have curly figure like girls", []], [927565, 4, "maybe exercises will help II do not know . I he never crossdressed but I want to", []], [1275583, 3, "I guess mormons help but yea quite risky", []], [1425917, 2, "hers and mormons help as well as body see you lacerating exercises but , in the meantime butt pads and padded bars and fishing line with tape do the trick .", []], [1536335, 1, "I am not curly either", ["😆"]]], "speakers": {"Shunya": 0, "Rick Astley": 1, "Flynn": 2, "*Amira❤️Adore*": 3, "Dennis(Denise)🇮🇪": 4}}, {"id": 17852411, "category": {"id": 72, "name": "Anxiety"}, "emotion": "Exhausted", "turns_number": 3, "dialogues": [[1539454, 0, "I do not know how stop worrying about things that are out of my control . i am so tired of being anxious all of the time .", []], [978956, 2, "Hey , do you want to talk about it ?", []], [1539284, 1, "I have HAD ( generalized anxiety disorder ) so I totally understand how you fee hello Feel free to want to me about all your worries  will understand every single one because I worry about everything all the time too laugh out loud .", []]], "speakers": {"Matt": 0, "Dahlia - Safe place here": 1, "Mere": 2}}, {"id": 17852352, "category": {"id": 66, "name": "Addiction"}, "emotion": "Depressed", "turns_number": 3, "dialogues": [[686640, 0, "I want something that is not going to make me feel anymore", []], [1412803, 2, "sleeping helps . eating something relish might help too*huge *", []], [1539488, 1, "sport you charing your time and helping the poor human", []]], "speakers": {"sirenxsins": 0, "Mew💕": 1, "Kawthar Kawthoura": 2}}, {"id": 17852348, "category": {"id": 51, "name": "Helpful Tips"}, "emotion": "Inspired", "turns_number": 4, "dialogues": [[1537912, 0, "Unhealthy habits you had like to break?I will go firstself - sabotage", []], [1412803, 3, "1 . always worrying about my weight but still being more act have and fit", []], [890534, 2, "Staying awake till late hours and commenting on random posts", []], [957660, 1, "constantly doubting anything in my life", []]], "speakers": {"Mave🦋": 0, "Mew💕": 1, "Solo Aashit": 2, "lostinmonotoneworld": 3}}, {"id": 17852344, "category": {"id": 10, "name": "Friends"}, "emotion": "Lonely", "turns_number": 3, "dialogues": [[1275167, 0, "i realized i do not have like many girl friend since could started . am i going to force myself to be social after could or be antisocial again ?  ", ["🤷", "♂"]], [687237, 2, "Honestly , I do not have any girl friend", []], [1534807, 1, "try to meet new people , but do not force yourself if you are not comfortable doing this !", ["💕"]]], "speakers": {"bleh": 0, "Nuggiz": 1, "◇ Pazzy ◆": 2}}, {"id": 17852341, "category": {"id": 10, "name": "Friends"}, "emotion": "Annoyed", "turns_number": 3, "dialogues": [[371724, 0, "I m so fucking annoyed at everyone behaving as if they are better than me and shoving it down my throat that they are better than me you you", []], [1425917, 2, "Tell em to eat a D * and then smile .", []], [1423651, 1, "Close your throat , do not let anyone do that to yourself , take stand for yourself .", []]], "speakers": {"Kai 🌸": 0, "*Amira❤️Adore*": 1, "anony": 2}}, {"id": 17852332, "category": {"id": 20, "name": "Others"}, "emotion": "Heartbroken", "turns_number": 3, "dialogues": [[1463815, 0, "I would leave you one day and wo not ever return back .", []], [1515970, 2, "you need to talk . ?", []], [857981, 1, "that will be a good lesson", []]], "speakers": {"♕͢༆___ƈɧɛཞཞყ___♡༆||♛": 0, "Romeo": 1, "Amit8": 2}}, {"id": 17852316, "category": {"id": 63, "name": "My Story"}, "emotion": "Tired", "turns_number": 3, "dialogues": [[792078, 0, "just want to end everything so that all problems go away proof and gone", []], [1423651, 2, "that is running away from problems", []], [1539473, 1, "Honestly , I m sorry for how you are feeling . I have been feeling the same way recently . Sending lots of love your way Stay strong .", ["❤"]]], "speakers": {"Erza Scarlet": 0, "anony": 1, "Vinonymous": 2}}, {"id": 17852315, "category": {"id": 62, "name": "Mental Health"}, "emotion": "Tired", "turns_number": 3, "dialogues": [[1425401, 0, "i am seeing so many cool people here that i could create a friendship with but it is hard to be social cause i do not have the energy , howe have i will try my best", []], [857981, 2, "i can be you are friend", []], [1372135, 1, "always here for you whenever you need me # friends", []]], "speakers": {"Wendy": 0, "Amit8": 1, "Phênom Instincts": 2}}, {"id": 17852309, "category": {"id": 10, "name": "Friends"}, "emotion": "Meh", "turns_number": 3, "dialogues": [[1539546, 0, "i feel the same man .", []], [1517263, 2, "Anne . stay relax my friend here I am foryouryour", []], [1539503, 1, "please , let us talk . I feel the exact same way and I have none to speak with .", []]], "speakers": {"Rizzo": 0, "🅿🅰🅸🅽 🅺🅸🅻🅻🅴🆁": 1, "wannabe": 2}}, {"id": 17852308, "category": {"id": 68, "name": "I Need Help"}, "emotion": "Depressed", "turns_number": 3, "dialogues": [[1505002, 0, "i need someone to talk to :/", []], [978956, 2, "Hey , feel free to DO if you want ^-^", []], [1538862, 1, "you can always talk to me I m also here for anyone else reading this comment !", []]], "speakers": {"dayaa": 0, "Dahlia - Safe place here": 1, "Trinity Roby": 2}}, {"id": 17852302, "category": {"id": 7, "name": "Relationships"}, "emotion": "Heartbroken", "turns_number": 3, "dialogues": [[1519094, 0, "i ca not eat anything.my body is being hurt.i ca not do my tasks body is shaking", []], [1538862, 2, "th I read this and immediately think you are talking about among us .", ["😂"]], [1539358, 1, "I m here if you want to talk", ["🥰"]]], "speakers": {"Onyon Munyi": 0, "Trinity Roby": 1, "-Black-Sheep-": 2}}, {"id": 17852301, "category": {"id": 50, "name": "Music"}, "emotion": "Confused", "turns_number": 4, "dialogues": [[1199484, 0, "Ok today I chose classical music to vice to and what the fuck why does my body feel so light now ?", []], [1095735, 3, "what the fuck ? Classic music is so racism", ["🤬"]], [1222526, 2, "in love with classical piano", []], [1492815, 1, "dinner with a classical music could be breaking good", ["👌", "🏻"]]], "speakers": {"ElfieCece": 0, "Arthur🤔": 1, "unknown": 2, "Northern Lights": 3}}, {"id": 17852300, "category": {"id": 74, "name": "Depression"}, "emotion": "Hopeful", "turns_number": 5, "dialogues": [[1539481, 0, "I m a thief ! Yes , I m a fuck thief . and that hurts me clot !", []], [1453108, 4, "what did you steal ?", []], [1538862, 3, "if you can not forget about it then try giving !", ["😄"]], [1425917, 2, "have you stolen anybody is heart yet ?", []], [1539556, 1, "it is ok if you have regretted enough . I do not know what did you steal and why did you do this but I know this is in the past . If you ll never do it again , please stop thinking about the past .", []]], "speakers": {"Dumbo": 0, "deadpool": 1, "Trinity Roby": 2, "*Amira❤️Adore*": 3, "someone": 4}}, {"id": 17852288, "category": {"id": 50, "name": "Music"}, "emotion": "Chilled", "turns_number": 4, "dialogues": [[1316671, 0, "I am sorry but I was crushing and falling in love right after kindergarten my first grade teacher was sex as hell with her tight skirt and thighighs when she read to us i was right there in front rubbing her feet and legs checking out those thighs I knew exactly what love was I did not need music screw music I never wanted to go home ill never forget the smell of her stockings miss Level", []], [1532611, 3, "and all of this improves your life how ?", []], [782262, 2, "Let us make love with this post", []], [1211166, 1, "None of this nonsense in Hard Teno .", ["😂", "🤣"]]], "speakers": {"69/24/7": 0, "corazon": 1, "Viv": 2, "🏴󠁧󠁢󠁥󠁮󠁧󠁿Dave Hepy🏴󠁧󠁢󠁥󠁮󠁧󠁿": 3}}, {"id": 17852272, "category": {"id": 11, "name": "Hopes"}, "emotion": "Nostalgic", "turns_number": 3, "dialogues": [[640217, 0, "most of us die before they put us in a grave ! are.I.P us", []], [633760, 2, "I ll never be in a grave", []], [1099283, 1, "i want to be in a grave from now !", []]], "speakers": {"Jacob 113": 0, "Dylan14C": 1, "Seeking Death": 2}}, {"id": 17852271, "category": {"id": 20, "name": "Others"}, "emotion": "Meh", "turns_number": 3, "dialogues": [[1199484, 0, "Men do not know what it is like to be a woman and that is fine . But do not act like you know .", []], [1519236, 2, "I sure do not know nor do I want to know", []], [1507139, 1, "this will go over well the the transgenders laugh out loud", []]], "speakers": {"ElfieCece": 0, "just wait and see": 1, "Newbie": 2}}, {"id": 17852267, "category": {"id": 59, "name": "Pregnancy"}, "emotion": "Lonely", "turns_number": 4, "dialogues": [[984813, 0, "I feel like the baby is coming soon , been having a lot of tramping and my nurse said I could be going into really labor . I think my water broke but i am not sure it might be discharge and honestly i am so scared i am going to be a bad mother .", []], [1012513, 3, "Your not going to be a bad mother", []], [1510106, 2, "well first of all focus on your pregnancy , stay relaxed , for your ll kid . And to me , just the fact that you ask yourself that question shows that you care .", []], [1532955, 1, "Hey , are you alright ? Hope you are OK . I m 21 , male and I m really struggling with body image anxiety issues . Are you free to talk ?", []]], "speakers": {"LexiHale": 0, "Aaron": 1, "lackadaisical": 2, "User Suspended": 3}}, {"id": 17852241, "category": {"id": 63, "name": "My Story"}, "emotion": "Tired", "turns_number": 4, "dialogues": [[847305, 0, "it is for:59AM . I m still awake", ["😐"]], [1347644, 3, "Here it is 11 pm", []], [1515923, 2, "when I saw your pp I wondered why I posted this", ["😂"]], [1538862, 1, "it is for:08 pm where I am", []]], "speakers": {"✨ No One✨": 0, "💀🖤𝔇𝔞𝔡𝔡𝔷𝔰 𝔏𝔦𝔩 𝔤𝔦𝔯𝔩🖤💀": 1, "Dumb&Lazy": 2, "Trinity Roby": 3}}, {"id": 17852221, "category": {"id": 10, "name": "Friends"}, "emotion": "Meh", "turns_number": 3, "dialogues": [[1268363, 0, "Introduce yourself with the nickname that your have person gave you ", ["❤"]], [268575, 2, "Then you would probably know my real name too", ["🤐"]], [1350191, 1, "god did not made me anyone far :)", []]], "speakers": {"Ishi": 0, "ulunaar": 1, "Asta :)♡": 2}}, {"id": 17852213, "category": {"id": 20, "name": "Others"}, "emotion": "Proud", "turns_number": 3, "dialogues": [[1511652, 0, "me and my imaginary girlfriend", ["😏"]], [1515923, 2, "me and my imaginary friend", ["😉"]], [910445, 1, "not your hand , right . ?", ["😓"]]], "speakers": {"Lov Mood": 0, "Dumb&Lazy": 1, "sharing thoughts": 2}}, {"id": 17852208, "category": {"id": 47, "name": "Health"}, "emotion": "Meh", "turns_number": 3, "dialogues": [[0, 0, "What is cheaper ? a 1 $ burgher because fish is expense have or 50,0 $ hospital bill because heart attack ?", []], [1324099, 2, "free healthcare , so its the 50,0 hospital bill .", []], [1222526, 1, " you up to leave the us", []]], "speakers": {"Anonymous": 0, "God": 1, "unknown": 2}}, {"id": 17852207, "category": {"id": 62, "name": "Mental Health"}, "emotion": "Lonely", "turns_number": 4, "dialogues": [[1231652, 0, "who else uses alcohol for depression ?", []], [1515923, 3, "I should try it !", []], [905489, 2, "Not a good outlet .", []], [1534790, 1, "unfortunately alcohol feels the cycle of depression . I hope you find other ways to cope", ["🙏", "🏽"]]], "speakers": {"mark": 0, "Dumb&Lazy": 1, "Wanderer": 2, "healing soul": 3}}, {"id": 17852185, "category": {"id": 48, "name": "Work"}, "emotion": "Calm", "turns_number": 4, "dialogues": [[1425744, 0, "What do you do to relax after work ? Do you have some feel good couture video ?", ["🤔"]], [328815, 3, "usually read a novel or talk to someone about my day", []], [268575, 2, "http:/youth.be / may4vpfffwg Plug in your best boxes or headphones , lean back and listen to throne . And do not mind the title", ["😅"]], [1536363, 1, "I watch lids on couture or tinge on OF while I draw or do He", []]], "speakers": {"Small Birdy 🕊️": 0, "scorpion 🦂♏❤️": 1, "ulunaar": 2, "P O O P Y": 3}}, {"id": 17852180, "category": {"id": 61, "name": "Positive"}, "emotion": "Optimistic", "turns_number": 3, "dialogues": [[379415, 0, "i am going to the army in 13 hope it goes well", []], [1460117, 1, "thank you for serving in the military that takes balls .", []], [1460117, 1, "oh it is ok you are still serving to protect someone .", []]], "speakers": {"amit": 0, "izzy 🌧️": 1}}, {"id": 17852166, "category": {"id": 12, "name": "Self Harm"}, "emotion": "Inspired", "turns_number": 5, "dialogues": [[1012513, 0, "Today is 10 months clean from self harm", []], [1263682, 4, "I am so proud of you Aaron !", []], [1539119, 3, "Now ! You are so strong ! I m glad about this information . * proud girl noise * you you", []], [1539304, 2, "Congratulations my due ! You got this , and you can get through whatever struggle you go through man !", []], [1181290, 1, "that is so great ! i wish you the best on your journey . you can go all the way !", []]], "speakers": {"Aaron": 0, "Clara’s": 1, "That Psychopath Bxtch": 2, "Jxsse9": 3, "Alexey Yevets Fiilm": 4}}, {"id": 17852144, "category": {"id": 65, "name": "Eating Disorders"}, "emotion": "Nostalgic", "turns_number": 3, "dialogues": [[1539467, 0, "Damn she like i just want to lose weight is that to much to ask", ["🤡"]], [1517263, 2, "There are many different ways to loose weight", []], [1403573, 1, "It is because you have got to work for it .", []]], "speakers": {"Nitae": 0, "🅿🅰🅸🅽 🅺🅸🅻🅻🅴🆁": 1, "Ink 🌻": 2}}, {"id": 17852140, "category": {"id": 7, "name": "Relationships"}, "emotion": "Frustrated", "turns_number": 3, "dialogues": [[0, 0, "Some guns on here just want pick and setting .", ["🙄"]], [1519236, 2, "I can get free pick off the internet without begging , so its not worth it . laugh out loud", []], [1350191, 1, "am i the only one who have never asked any girl for such things in my whole life ? !", []]], "speakers": {"Anonymous": 0, "just wait and see": 1, "Asta :)♡": 2}}, {"id": 17852125, "category": {"id": 62, "name": "Mental Health"}, "emotion": "Hopeful", "turns_number": 3, "dialogues": [[1025822, 0, "Interesting and intriguing topics to talk about ?", ["💭"]], [1263682, 2, "Why do not penguins have knees", []], [880447, 1, "cars , why do people dry have so fast , is it because they are trying to meet the man in the moon or are they just obnoxious idiot", []]], "speakers": {"Anomic-Lycan19": 0, "Clara’s": 1, "McMcFlurry": 2}}, {"id": 17852110, "category": {"id": 62, "name": "Mental Health"}, "emotion": "Depressed", "turns_number": 3, "dialogues": [[0, 0, "I have not been talking very much . I have been struggling with my mental health for a while now . I do not talk to very many people about my mental health . I am losing hope and slowly fading away . I am ready to i have up . it is hard going day by day doing the same things over and over and trying to deal with everything going on in your personal life as you go .", []], [1340325, 2, "problem share is problem solve.you should talk with someone who will help you and encourage you to be strong for yourself , do not i have up .", []], [1521887, 1, "just want to hug you keep you hope up ! and fear out . I know it is tough to share what you feel , what you want . but I will make my ear up without judgment so feel free", ["🤗"]]], "speakers": {"Anonymous": 0, "T square": 1, "Anony": 2}}, {"id": 17852108, "category": {"id": 7, "name": "Relationships"}, "emotion": "Lonely", "turns_number": 3, "dialogues": [[1522858, 0, "Throwing away something while crying your lungs out . Does it make you also feel a had better ?", []], [822412, 2, "have not tried though I used to channelize my emotions in training session", []], [890534, 1, "Nothing . Nothing can make me feel better at this hour . Except . Hyderabadi Bryan , of course .", []]], "speakers": {"Shanaya": 0, "Jim™": 1, "Solo Aashit": 2}}, {"id": 17852102, "category": {"id": 20, "name": "Others"}, "emotion": "Down", "turns_number": 3, "dialogues": [[1457668, 0, "WANT : I do not know why I complain about beinguglyjust cause I do not got a compliment that day but I have gotten compliments every other day also I have dated a lot of people without make yet I still feel unattractive have.i should be dreadful that I have a nice body yet somehow I do not feel like i am enough", ["😩", "✋"]], [978734, 2, "You are more than you are body gr you a snack both in and out shanty we stand u", []], [1247861, 1, "It is done if you do not wear make a lot . One should not mess with perfection anyone welcomed .", []]], "speakers": {"Swagy_caprisun": 0, "PissLord": 1, "Tearjerker": 2}}, {"id": 17852085, "category": {"id": 10, "name": "Friends"}, "emotion": "Heartbroken", "turns_number": 4, "dialogues": [[1418602, 0, "It is sad to think but I feel like I wo not ever find someone who understood me like she did and I do not think I could ever trust someone as much as I trusted her . Still hard to accept that she is gone .", []], [1534807, 3, "maybe think about this as a new start in life ! sending you my love and support", ["💕"]], [1534790, 2, "you can continue to honour your bond with her even when she is no longer present with you . that is what I was taught at bereavement counselling for when my brother died . I m not sure what happened to her but it can apply to grief in any context really", []], [1521887, 1, "i will just advice you try to tell her . mug be she was waiting for you. because I too miss him I long know what he is thinking . do he still care for me or is busy faith his new friends", ["😢", "😑"]]], "speakers": {"Lawrence": 0, "◇ Pazzy ◆": 1, "healing soul": 2, "Anony": 3}}, {"id": 17852081, "category": {"id": 20, "name": "Others"}, "emotion": "Meh", "turns_number": 3, "dialogues": [[1331785, 0, "what is your favorite zodiac sign and why", []], [579770, 2, "aquarium because yeah , it is my sign laughing my arms off", []], [851775, 1, "virus because I am one", []]], "speakers": {"Me Myself and I": 0, "🌻": 1, "el presidente": 2}}, {"id": 17852046, "category": {"id": 74, "name": "Depression"}, "emotion": "Depressed", "turns_number": 3, "dialogues": [[1538178, 0, "all I want and need is a hug from someone that really cares not even need understanding anymore- no one gets it anyone welcomeaysall I need is some love FROM ACTUAL PEOPLE", []], [822412, 2, "2nd part of you are post.that no one understands.who.true.most people fail to step into our shoes to actually understand us", []], [890534, 1, "Well , we all need that . Just that", []]], "speakers": {"Chaya": 0, "Jim™": 1, "Solo Aashit": 2}}, {"id": 17852044, "category": {"id": 72, "name": "Anxiety"}, "emotion": "Nostalgic", "turns_number": 3, "dialogues": [[1539467, 0, "Ok i have blocked some old toxic friends ( 6 years ) and oh my am i afraid to see them on the streets bc i did it out of nowhere bc of a breakdown i had", ["🤡"]], [781929, 2, "well you took the measures , while others do not even try a proud of u", []], [1501543, 1, "If they were toxic , I do not think they were your friends . You took some much unheeded weight off your shoulders , good for you ! You did something others are too afraid to even do . You should be proud !", []]], "speakers": {"Nitae": 0, "Vincent": 1, "Riddler": 2}}, {"id": 17852005, "category": {"id": 7, "name": "Relationships"}, "emotion": "Heartbroken", "turns_number": 8, "dialogues": [[1342202, 0, "he.blocked men snap chat on instagrami do not know whymaybe it was something I saiddidi do not knowbut I m going to go cry now", []], [1531594, 7, "Because something big and something new for you on the way", []], [640217, 6, "it can have several meanings - but any way i hope you get better soon", []], [1407469, 5, "yeah I understand the feeling this happened to me like around for or 5 times", []], [1409240, 4, "Well either he rates you . maybe you caused him annoyance or just found another girl", ["😂"]], [1514714, 3, "are you close to him ?", []], [828178, 2, "You are too good for hand he is childish", []], [1532611, 1, "i mean without any context hard to i have any advice", []]], "speakers": {"anonymous..girl": 0, "Eagle's Prey": 1, "Jacob 113": 2, "SLR": 3, "‎❦♡︎☽": 4, "potato": 5, "laurryzzlee": 6, "corazon": 7}}, {"id": 17851980, "category": {"id": 72, "name": "Anxiety"}, "emotion": "Sad", "turns_number": 7, "dialogues": [[1530760, 0, "why girls always interested in talking to boys ? I just want a good friend because I am tired of talking to prevents", []], [579770, 5, "i do not know either :(", []], [1460117, 4, "tell me about it .", []], [1012513, 3, "If you want to talk you can mug me . 70 % of guns here are prevents and its annoying ( from a guy perspective have )", []], [1523116, 2, "yeah its cringe when prevents testing you", []], [1523116, 2, "because of that i changed my big .", ["🌈"]], [1535567, 1, "yeah they act like we will fall for them :/", []]], "speakers": {"lunatic": 0, "🌻": 1, "izzy 🌧️": 2, "Aaron": 3, "Lisa": 4, "xoxo": 5}}, {"id": 17851974, "category": {"id": 20, "name": "Others"}, "emotion": "Down", "turns_number": 3, "dialogues": [[1502008, 0, "I have heard enough of the things that i m not .", []], [1461766, 2, "You are accountable for the Fall of the Roman Empire , and the death of Julius Ceased . How do you plead ?", []], [1418651, 1, "I know what you are the . Precious", ["🥰"]]], "speakers": {"Bubblegum": 0, "Captain Yam🌈✨": 1, "𝕷𝖊𝖝𝖝𝖎 𝕷𝖔𝖚": 2}}, {"id": 17851964, "category": {"id": 15, "name": "Family"}, "emotion": "Frustrated", "turns_number": 3, "dialogues": [[1539056, 0, "my mon does not want to see my face anymore . it is hurt . but it is ok . i understand mon . i love you to the moon and back.it had be great if i can feel you are love again .", []], [1460117, 2, "I can not imagine what your going threw but I wish you happiness and love threw all .", []], [1527435, 1, "I will.mothers always behave like we are coming from hell . And they are people of heaven . My mother hit me with shoes .", ["😂"]]], "speakers": {".": 0, "izzy 🌧️": 1, "ManiR": 2}}, {"id": 17851960, "category": {"id": 7, "name": "Relationships"}, "emotion": "Positive", "turns_number": 5, "dialogues": [[1237989, 0, "I am married to a man but have been act have looking for a women to be with physically mentally emotional and sexually . He knows I want to have sexual relations with a women but he does not know i am not in love with him . I love him i want the best but to much damage has happened . i am not interested in fixing us either .", []], [1537530, 4, "this is what I m going thou we ll see what I m going thou . I gave them love . I made them smile . I made them happy . I rubbed their own tears.all they did to me was to leave me alone in a whirlpool of my own tears where I keep drowning and I. find no hand to lift me up . Its killing me.so I find no place to pick me up.find no land to rest my feet on to.the land under me.keeps sliding", []], [1507139, 3, "Man I get that . although I m straight , I m definitely always let down by a woman . The sex us always a drag and never fulfilling .", []], [1454892, 2, "Did you had the feelings for girls before?I mean before you are marriage ?", []], [1524131, 1, "Have you tried speaking with him ? Honesty is essential in every relationship . He may surprise you . Have you been with a woman before ? In my opinion , this is an important realization , and I would explore it further . You are welcome to message me .", []]], "speakers": {"Jai": 0, "John": 1, "Newbie": 2, "Alyssa": 3, "Mia": 4}}, {"id": 17851953, "category": {"id": 20, "name": "Others"}, "emotion": "Sad", "turns_number": 7, "dialogues": [[1537999, 0, "laugh out loud i know it is kind of sad that i m 18 and i have never kissing anyone", ["🥲"]], [927565, 6, "I have not even held hands-", []], [1534807, 5, "kiss yourself in the mirror , because selflove is great !", []], [1502587, 4, "Its not that big of a deal", []], [764752, 3, "and I m 20 and I never kissed", ["🤧"]], [794232, 2, "I m 32 never ever kissed anyone", []], [1406872, 1, "Well . I m here if you want", ["😕"]]], "speakers": {"Newbie": 0, "Rick Astley": 1, "◇ Pazzy ◆": 2, "Epic Fail": 3, "A • L ° O° N • E": 4, "Vkris": 5, "💁🏻‍♂️": 6}}, {"id": 17851913, "category": {"id": 58, "name": "LGBT"}, "emotion": "Caring", "turns_number": 3, "dialogues": [[1539358, 0, "I have anxiety , I am trying to be happy", []], [1521887, 2, "huge you if you want to share i am with a ear", ["🤗"]], [1539199, 1, "If you ever want , you can vent . Perfectly fine and just know that I wo not know what to say , so I ll just say  it ll be ok  . You can vent if you what , that helps", []]], "speakers": {"-Black-Sheep-": 0, "Anony": 1, "UnicornbellaM": 2}}, {"id": 17851899, "category": {"id": 51, "name": "Helpful Tips"}, "emotion": "Supportive", "turns_number": 3, "dialogues": [[1486808, 0, "I am 23 and I am planning to have braces . is this the right thing to do ? Doctor said it will take minimum of to years . Will people laugh at me ? nobody will love me with my braces ? Should I go for it or just leave it ? Will the society accept me ? I am not a confident girl and I also do not love the way I look , so I am working on it .", []], [1136204, 2, "I saw 50yes man having braces .", []], [1251600, 1, "I am almost 23 too and i am wearing them so who cares what anyone think laugh out loud go for it", []]], "speakers": {"Newbie": 0, "👑": 1, "⸄ρ⸅⸄я⸅⸄ɪ⸅⸄и⸅⸄c⸅⸄є⸅⸄s⸅⸄s⸅ ⸄c⸅⸄σ⸅⸄я⸅⸄ɒ⸅⸄ɪ⸅⸄ℓ⸅⸄ɪ⸅⸄α⸅": 2}}, {"id": 17851898, "category": {"id": 72, "name": "Anxiety"}, "emotion": "Nostalgic", "turns_number": 3, "dialogues": [[1518150, 0, "Why people get so attached with memories ?", []], [1482045, 2, "Its the only thing that does not leave while everything else does", []], [1251600, 1, "They like how they felt at that one moment and they want to feel it again and also like Iris said", []]], "speakers": {"✨Whimsical Diaries ✨": 0, "Iris Hope": 1, "⸄ρ⸅⸄я⸅⸄ɪ⸅⸄и⸅⸄c⸅⸄є⸅⸄s⸅⸄s⸅ ⸄c⸅⸄σ⸅⸄я⸅⸄ɒ⸅⸄ɪ⸅⸄ℓ⸅⸄ɪ⸅⸄α⸅": 2}}, {"id": 17851874, "category": {"id": 53, "name": "Education"}, "emotion": "Disgust", "turns_number": 6, "dialogues": [[294766, 0, "i just found out some disgusting and deeply disturbing stuff about someone i hate and i literally want to tell every single person i know because what the fuck but my friends either also know the stuff or they are not replying i am literally going insane I JUST WANT TO WANT TO SOMEONE", []], [662288, 5, "what did you find out ?", []], [268575, 4, "Hey , i hope that present sounds offending in any way , its not meant to do so , but please do not do that , you do not know how that person feels about those things , you do not know how much it would hurt this person if you would tell anyone , please keep it to yourself", []], [851775, 3, "now I want to know , spill the secret", []], [1429927, 2, "you have developed an air of suspense here", []], [1061617, 1, "the way the nicotine goes round and round with the same ideas is funny to me", []]], "speakers": {"𝐋𝐢𝐳✨": 0, "Niklas🖤": 1, "ulunaar": 2, "el presidente": 3, "Adinx": 4, "Newbie": 5}}, {"id": 17851852, "category": {"id": 20, "name": "Others"}, "emotion": "Nothing", "turns_number": 4, "dialogues": [[1386676, 0, "feminist really did a lot for all these 12to calling themselves he & slit on social media", ["👌"]], [1410279, 3, "feminist is about human rights ?", []], [1530801, 2, "Be a strong woman ! Do not let a man boss you around . Make your own living and fuck the patriarch ! Oh , and by the way , subscribe to my onlyfans and premium snap ;)", []], [1008914, 1, "Feminist is the belief all renders are equal , NOT the belief children should be sexualized .  ", ["🙅", "♂"]]], "speakers": {"User Banned": 0, "xxxdepresíon": 1, "MyShadow": 2, "🗑️☠️sicklilguy🤢🗑️": 3}}, {"id": 17851846, "category": {"id": 47, "name": "Health"}, "emotion": "Hopeful", "turns_number": 5, "dialogues": [[717380, 0, "can m*turn*t*on be bad ?", []], [1502587, 4, "too much can fuck you up by too much I mean twice a day or more", []], [1418602, 3, "I think if it becomes an addition then it is bad but should be fine for the most part .", []], [1538090, 2, "if you do it too much like me it can be . but who cares , have fun being bad", []], [763698, 1, "No , not at all . Actually it can be very healthy", ["👍"]]], "speakers": {"Username": 0, "Epic Fail": 1, "Lawrence": 2, "f@p addict": 3, "Damus": 4}}, {"id": 17851830, "category": {"id": 7, "name": "Relationships"}, "emotion": "Supportive", "turns_number": 4, "dialogues": [[1533432, 0, "I show love and affection by not testing back because I feel like I m wasting your time and do not deserve you in my life", []], [615826, 3, "You are super wrong there", []], [1539338, 2, "i am really not sure how that works ! I do not know why some people have trouble displaying their love or affection . how will he know how you feel about him ? how is this going to help you improve the relationship ? i have someone in my life how does the same thing and i HATE IT !", []], [1510106, 1, "do not be silly :)", []]], "speakers": {"angelic𖤐arsonist": 0, "User Banned": 1, "ME ME": 2, "lackadaisical": 3}}, {"id": 17851826, "category": {"id": 7, "name": "Relationships"}, "emotion": "Hopeful", "turns_number": 4, "dialogues": [[1539452, 0, "My relationship leaves me emotional and mentally exhausted but I do not know how to leave .", []], [568664, 2, "hey would you like to talk about it", []], [1539474, 1, "this is why I am on this pp !", []], [1539474, 1, "can I ask . how long ? children ?", []]], "speakers": {"Gemma": 0, "animalpuppy83": 1, "Newbie": 2}}, {"id": 17851800, "category": {"id": 47, "name": "Health"}, "emotion": "Tired", "turns_number": 3, "dialogues": [[872704, 0, "stopped daring my health . just more smokes and alcohol now to feel better", []], [1454925, 2, "there is more drinkers than there is doctors", []], [1409240, 1, "Why would you ruin your health", []]], "speakers": {"Andy": 0, "stings": 1, "‎❦♡︎☽": 2}}, {"id": 17851797, "category": {"id": 75, "name": "Life Hacks"}, "emotion": "Exhausted", "turns_number": 3, "dialogues": [[1380755, 0, "so i got tinder , congress to me", []], [1161146, 2, "i got banner from tinder :)", []], [680791, 1, "Girl get out of tinder and come back here", ["😡"]]], "speakers": {"-admins": 0, "wot tf hawk": 1, "ᴇ ʟ ʟ ᴇ": 2}}, {"id": 17851784, "category": {"id": 20, "name": "Others"}, "emotion": "Calm", "turns_number": 3, "dialogues": [[1267419, 0, "Why is your pride too high ?", []], [684673, 2, "not too high , I do not think so", []], [1474260, 1, "it is not . I have low self esteem", []]], "speakers": {"Blueface🤍": 0, "Kama2": 1, "em": 2}}, {"id": 17851777, "category": {"id": 11, "name": "Hopes"}, "emotion": "Lonely", "turns_number": 4, "dialogues": [[685700, 0, "what are the first thoughts / impressions you get about me ?", []], [1178396, 3, "honestly I do not have one sorry", ["🥺"]], [1474260, 2, "boring just from your profile pick", []], [1091289, 1, "you are probably cooper than what people think.honestly my first impression.was that , I saw a little of me inyouryour", []]], "speakers": {"Sally 🌌": 0, "Sleepy Shawty💤": 1, "em": 2, "╘ᑘ𝘕∧cŸ": 3}}, {"id": 17851757, "category": {"id": 62, "name": "Mental Health"}, "emotion": "Loving", "turns_number": 3, "dialogues": [[0, 0, "when we are younger , we always like the heroes , but as we get older we start to understand the villains", []], [905489, 2, "Aah still team heroes .", []], [1091289, 1, "always preferred the villain.their views are closest to mines .", []]], "speakers": {"Anonymous": 0, "Wanderer": 1, "╘ᑘ𝘕∧cŸ": 2}}, {"id": 17851750, "category": {"id": 10, "name": "Friends"}, "emotion": "Chilled", "turns_number": 3, "dialogues": [[958466, 0, "Anybody up for a talk ? what are you doing in ?", []], [794232, 2, "hey , long it is close to to am in my country so trying to sleep , not sleepy", []], [1145370, 1, "Hey there ! : how was a day ?", []]], "speakers": {"Tanyyy": 0, "Vkris": 1, "chloethecutie": 2}}, {"id": 17851723, "category": {"id": 11, "name": "Hopes"}, "emotion": "Lonely", "turns_number": 4, "dialogues": [[685700, 0, "what is your favorite movie ?", []], [1365919, 3, "the last of the mexicans", []], [1527198, 2, "Strangest Dreams : Invasion of the Space Preachers", []], [1091289, 1, "Too many but . Boy in the Hood", []]], "speakers": {"Sally 🌌": 0, "Alina": 1, "erecura": 2, "╘ᑘ𝘕∧cŸ": 3}}, {"id": 17851710, "category": {"id": 62, "name": "Mental Health"}, "emotion": "Sad", "turns_number": 4, "dialogues": [[1435393, 0, "I feel like death is the only option", []], [851775, 3, "doubt that , just i have it time , there will be better option", []], [1536567, 2, "I can understand how you may be feeling , just try to remember that feelings pass . They may be constantly on your mind , but they will pass . The thing about death is that death is permanent . There is no going back , and the people you care about will take on the pain you left behind .", []], [1536390, 1, "Death is always certain and only option to life . But not that you strangle your life by your own hands . let us death do it when it requires . For now , let us talk about what it that worrying you or is this much suffering ?", ["🌻"]]], "speakers": {"Hailey": 0, "el presidente": 1, "Newbie": 2, "Hassan🕊️": 3}}, {"id": 17851668, "category": {"id": 20, "name": "Others"}, "emotion": "Meh", "turns_number": 5, "dialogues": [[0, 0, "tell me your deepest darkness secrets fr . just say it ! :)", []], [1516879, 4, "I have a finish for bloody feet .", []], [1418651, 3, "If you really want to know do me", []], [709353, 2, "Yea if you really want to know DO me . It is a dark secret for a reason .  ", ["🤷", "♂"]], [1523116, 1, "i like seeing blood I do not know why", []]], "speakers": {"Anonymous": 0, "Clairzoception": 1, "𝕷𝖊𝖝𝖝𝖎 𝕷𝖔𝖚": 2, "ɛniwʌn": 3, "Lisa": 4}}, {"id": 17851664, "category": {"id": 20, "name": "Others"}, "emotion": "Loving", "turns_number": 3, "dialogues": [[1223226, 0, "I ll tell you to shut your god damn mouth , if I hear you cutting yourself down and saying negative have things about yourself.stop that shit .", []], [1329852, 2, "easy there tiger , not everyone responds as well to the aggression have helper style", ["😆"]], [1526613, 1, "you talking to yourself ? yeah i do that too laugh out loud and the same way", ["💕", "😅"]]], "speakers": {"B": 0, "DangerMaus": 1, "DARK SKY3  🎧": 2}}, {"id": 17851651, "category": {"id": 62, "name": "Mental Health"}, "emotion": "Sad", "turns_number": 3, "dialogues": [[537300, 0, "I feel so sad and exhausted and lonely . I want to stop crying but I can not . I guess i am on na cry myself to sleep . Again . My mind is a mess and it is exhausting .", []], [1507139, 1, "I m going to take a nap too", []], [1536567, 1, "Julie , greetings You may be exhausted from crying , but the truth is that crying is nature is way of healing . So cry till you can cry no more . Cry until the tears run dry . And know that crying ultimately will help you heal from the things that are causing the tears .", []]], "speakers": {"Julie B.": 0, "Newbie": 1}}, {"id": 17851588, "category": {"id": 10, "name": "Friends"}, "emotion": "Nothing", "turns_number": 4, "dialogues": [[0, 0, "women sexually assaulted me more than men th", []], [1528948, 3, "I m sorry you had to go through that . Some of us women out there can be pretty evil too", []], [1537986, 2, "You know to be honest you do have a good point", []], [656550, 1, "i am so sorry this has happened to you", []]], "speakers": {"Anonymous": 0, "Nihilisa 🐺": 1, "💋Black Barbie💋": 2, "GalaxySky": 3}}, {"id": 17851583, "category": {"id": 62, "name": "Mental Health"}, "emotion": "Heartbroken", "turns_number": 4, "dialogues": [[1478571, 0, "ok , i did not want this to happen , but i cried cut i felt so unmoved , i felt that nobody loves me even my family", []], [1537530, 1, "and I face this.we will see what I m going thou . I gave them love . I made them smile . I made them happy . I rubbed their own tears.all they did to me was to leave me alone in a whirlpool of my own tears where I keep drowning and I. find no hand to lift me up . Its killing me", []], [1537530, 1, "is not this the same as.if we do not want to li have.is dying a solution.?.the questions are similar", []], [1537530, 1, "same as I want.pp who love me and do not stab my back.a stable home . relationships that do not break away unusually.but alas . I find none", []]], "speakers": {"ElM": 0, "John": 1}}, {"id": 17851578, "category": {"id": 68, "name": "I Need Help"}, "emotion": "Insecure", "turns_number": 3, "dialogues": [[1075385, 0, "tell your story of being shouted", []], [1152372, 2, "my ex and I had an argument.and he called me b*th . for wanting to talk to him , I said it is always me trying to talking and never you .so he never replied to me ever again .a guy made a comment about my best friend that she is too dark and he is not need it ( he asked that he wanted to see her).and I called me him out .and he blocked me .", []], [1094946, 1, "I ghost them before they can ghost me laughing my arms off", []]], "speakers": {"Mariyam": 0, "lonniebuns🦋": 1, "Waffles😋": 2}}, {"id": 17851566, "category": {"id": 7, "name": "Relationships"}, "emotion": "Hopeful", "turns_number": 3, "dialogues": [[0, 0, "Why can not girls be honest ? I mean if you do not like a guy why do not you tell him either directly or through someone else but end it , do not keep going out and face smiling , just have the courage to do the right thing . This girl avoided me and whenever I confront her with this she says she was genuinely busy and was not blowing me off but I do not believe her . once twice it happens but if she does frequently then yeah you are avoiding me .", []], [1509639, 2, "I do not talk to my crush . I avoid him.!Girls are tricky!.But you need to understand the difference between people who really care and girls who just want to have fun .", []], [265398, 1, "do not generalized all girls pus", ["🥺"]]], "speakers": {"Anonymous": 0, "beingme": 1, "🧜🏻‍♀️🧚🦄🐇🐈🐕🐖🐬🦚🦋🍫🌸": 2}}, {"id": 17851547, "category": {"id": 20, "name": "Others"}, "emotion": "Sad", "turns_number": 4, "dialogues": [[1485216, 0, "loving me is suicide .", []], [1531462, 3, "that is deep madafaka you you", ["🥺", "👉", "👈"]], [1463909, 2, "i do not think so !", []], [1523116, 1, "nice then i love you", ["🌃"]]], "speakers": {"Just me lol": 0, "User Banned": 1, "francesca <3": 2, "Lisa": 3}}, {"id": 17851525, "category": {"id": 10, "name": "Friends"}, "emotion": "Down", "turns_number": 3, "dialogues": [[1122672, 0, "Anyone else that can not sleep ?", []], [1530514, 2, "I can.but I do not want to", []], [779397, 1, "I would but since it is armada then I m allowed to stay late", ["😂"]]], "speakers": {"BrokenTomboy🖤🏳️‍🌈": 0, "Icarus": 1, "smxstreet ✌️": 2}}, {"id": 17851506, "category": {"id": 7, "name": "Relationships"}, "emotion": "Tired", "turns_number": 3, "dialogues": [[0, 0, "In India , girls will have fun with guns but when it comes to marriage she will become the most obedient daughter ever and will marry someone with money . That poor due goes into depression while she goes into a new , well furnished home . Such a fair World", ["🙂"]], [1520796, 2, "ah I agree on this", []], [1537986, 1, "You really think most of those girls got a say in who they marry ?", []]], "speakers": {"Anonymous": 0, "emkay": 1, "💋Black Barbie💋": 2}}, {"id": 17851500, "category": {"id": 20, "name": "Others"}, "emotion": "Confused", "turns_number": 3, "dialogues": [[1155338, 0, "why are some pop fan OBSESSED with organs ? like a whole damn finish for organs . that is weird and creep .", []], [263646, 2, "Because they are so pretty", []], [1221620, 1, "pop dukes should do some pushes once in while", []]], "speakers": {"Ana Sofia": 0, "𝓘𝓻𝓮𝓷𝓮🦋": 1, "deloaded": 2}}, {"id": 17851495, "category": {"id": 10, "name": "Friends"}, "emotion": "Bored", "turns_number": 3, "dialogues": [[1458389, 0, "why only girls get do ?", []], [436714, 2, "him . becausethey are girls . !", []], [709353, 1, "Because guns do that .  ", ["😐", "🤷", "♂"]]], "speakers": {"Mr.giver": 0, "Invincible 🎯": 1, "ɛniwʌn": 2}}, {"id": 17851493, "category": {"id": 7, "name": "Relationships"}, "emotion": "Hopeful", "turns_number": 6, "dialogues": [[1485377, 0, "have you ever kissed someone ? what was the occasion ?", []], [1426082, 5, "yes I kissed me in mirror", []], [710981, 4, "never heard it is a occasion when you kiss someone", []], [1537986, 3, "Yes , It was an accident", []], [1534807, 2, "I kissed the floorwell actually I might have fell unto it-", []], [1526610, 1, "laughing my arms off , took me back . my friend put on lip gloss and started kissing me on the bus , fucking idiot i was deeply embarrassed , ON MY MIDDLE SCHOOL BUS . Brush just the cheeks the no lips .", ["😂", "😭"]]], "speakers": {"Newbie": 0, "AIR-I'M POLLUTED": 1, "Pavi": 2, "💋Black Barbie💋": 3, "◇ Pazzy ◆": 4, "JaQ": 5}}, {"id": 17851490, "category": {"id": 20, "name": "Others"}, "emotion": "Chilled", "turns_number": 4, "dialogues": [[1538397, 0, "What is THE best love song in your opinion ? I need into for my play list ", ["☺"]], [1061617, 3, "the best love song of abbe is is  knowing me knowingyouryour", []], [890534, 2, "I want something just like this .", []], [930161, 1, "going to i have a sad love song . all i need by radiohead", []]], "speakers": {"HopelessRomantic": 0, "Newbie": 1, "Solo Aashit": 2, "ok.computer": 3}}, {"id": 17851448, "category": {"id": 11, "name": "Hopes"}, "emotion": "Inspired", "turns_number": 3, "dialogues": [[1372060, 0, "when it feels scar to jump , that is exactly when you jump .otherwise , you end up staying in the same place your whole life .", []], [1444954, 2, "I wish to jump of a cliff once , and parachuting as wellnot really the point here but kind but the moment you jump is hard , after jumping is happiness ( in my opinion )", []], [854206, 1, "Too low death rate to make an attempt . Domain style is the way to go .", []]], "speakers": {"siwar": 0, "obsy nunca cypres": 1, "khronos PL": 2}}, {"id": 17851423, "category": {"id": 20, "name": "Others"}, "emotion": "Exhausted", "turns_number": 4, "dialogues": [[1119770, 0, "okgirlshave you ever like had that day where you go good god my body feels like it is being stabbed and . your friend . comes but only for that day . then your fine for a few days then AM . full on horrid pain like your being stabbed from the inside and  your friendcomes full force nonstop for hours on end .", []], [1335292, 3, "madam yes it is absolute death", ["💀"]], [1536612, 2, "so . I am not the only one", []], [1530514, 1, " your friend am dying !", ["🤣"]]], "speakers": {"Alexis🏳️‍🌈": 0, "silver": 1, "white sugar": 2, "Icarus": 3}}, {"id": 17851405, "category": {"id": 20, "name": "Others"}, "emotion": "Meh", "turns_number": 3, "dialogues": [[1135196, 0, "Its frustration when i ca not see some comments", []], [1211910, 2, "I m sorry for that :(", []], [1463388, 1, "lafa . first time ?", []]], "speakers": {"🍥Mel🍥": 0, "Nyx🦋": 1, "Username": 2}}, {"id": 17851359, "category": {"id": 10, "name": "Friends"}, "emotion": "Supportive", "turns_number": 19, "dialogues": [[314799, 0, "ugh LITERALLY ! THIS ! since i was literally 13 and told my mon that , hey i do not think i want to have children , she has been telling me how selfish i am . like what ? are you bidding me ? makes me so mad ! like guns do not get so attacked about this when saying the same thing", []], [1400255, 18, "I do not get it why people think having kiss is a necessity", []], [1493252, 17, "So you should consider having kiss so that they care for you when you are old ? is is", ["🤦"]], [1075385, 16, "i can totally feel you . my sisters makes me feel bad when i tell I do not want kiss . they says having a baby is the best thing of womanhood . well maybe I do not think womanhood only depends on having babies or not . they laugh at me and when i say i might change my mind after 30s they start saying before 30 it is the best time of having babies . it literally makes me so mad . i respect her choice then why can not she respect mine ?", []], [831110, 15, "only stupid people think that having a child is a must in life and an achievement . having a child is a huge responsibility , and few people can actually raise a child without traumatizing him . bringing a child in this ugly world . what for ? so many depressed people as a consequence of a corrupt system and society . but one needs intelligence to understand the huge responsibility a child requires", []], [1537986, 14, "I hate people who try to force their opinion of having kiss on to women who do not want to have any . But look at the bright side at least she just admitted that she does not really like kiss . She have them as an insurance policy", []], [1335292, 13, "hell no , you do not need friends like that at all . li have and let li have !", []], [716653, 12, "i do not want kiss and i am happy my boyfriend agrees with that", []], [1080231, 11, "Well its not a guarantee your kid will be there for you one day . I know plenty of people who have kiss living far away or just do not care that much about them .", []], [623541, 10, "Everyone you i have love to today will be for you in trouble if they are as good as you are", ["💜"]], [328815, 9, "hey sweetheart I m always here for you", []], [1316849, 8, "not everyone wants kiss . as of now i do not think ill have kiss . all depends on the girl i get married to", ["🤔"]], [931435, 7, "I have kiss , and you know who will will look after you . An old folks home because that is where we all end up . Alone and looked after by underpaid staff .", []], [230617, 6, "I work at a retirement home and most of the residents have kiss and the ones that do not are less sad that they are there laugh out loud", []], [738601, 5, "I have never met anyone that pressure others to have kiss . That is kind of a weird thing to do .", []], [665232, 4, "that is what is wrong with mothers these days , only have kiss to use them one way or the other , not to make a better future and continue a blood line .", []], [1530770, 3, "That is wrong She choose to have kiss and you choose not to have she does not have to interfere in your decision", []], [1528733, 2, "Yes let is normalize it . it is wild that people get mad at you for wanting to li have your life how you want .", []], [1535567, 1, "your life your rules , idea if I want a kiss someday", []]], "speakers": {"ddolly": 0, "justarandomdude": 1, "It's okay": 2, "Mariyam": 3, "limecat": 4, "💋Black Barbie💋": 5, "silver": 6, "Jasmine💙": 7, "Tired": 8, "hi_beatrice": 9, "scorpion 🦂♏❤️": 10, "Mad👑": 11, "SAMCRO💀": 12, "xxidos": 13, "Lucy In The Sky With Diamonds": 14, "🦋🦋🦋 𝓑𝓾𝓽𝓽𝓮𝓻𝓯𝓵𝔂 🌸": 15, "Stevenson collins": 16, "BabyDreamer": 17, "xoxo": 18}}, {"id": 17851330, "category": {"id": 20, "name": "Others"}, "emotion": "Nothing", "turns_number": 3, "dialogues": [[1135196, 0, "Someone said that i am scar - am i", []], [1494244, 2, "I do not know but you are you are", []], [1404209, 1, "I think he is right .", []]], "speakers": {"🍥Mel🍥": 0, "Anarchist Cat Owner": 1, "Jezz": 2}}, {"id": 17851327, "category": {"id": 20, "name": "Others"}, "emotion": "Hopeful", "turns_number": 7, "dialogues": [[868157, 0, "how to initiate convoy ? esp when the other is not interested ?", []], [1035358, 6, "why even talk to someone if they is not interested in ? spend you are time wisely", []], [654502, 5, "do not . they are not worth your time", []], [1003428, 4, "It is simple , you Do not. Why would you want to initiate a convoy with someone who ain it INTERESTED ?", []], [1461766, 3, "The best approach is most probably making the appropriate first impression depending on the personality of the receive have , and then continuing the conversation by a drawn of interesting questions and insight . The trick is ; everyone loves to talk about themselves .", []], [1372722, 2, "why do you want to do that though", []], [1393856, 1, "How do you like for people to initiate conversation wyouryour", []]], "speakers": {".": 0, "Phoque": 1, "❤💙💚💛💜♥": 2, "RS7": 3, "Captain Yam🌈✨": 4, "Max": 5, "A_D": 6}}, {"id": 17851301, "category": {"id": 58, "name": "LGBT"}, "emotion": "Sick", "turns_number": 4, "dialogues": [[0, 0, "Sorry to break it to you but being a homophobic does make you a horrible person", []], [950002, 3, "And that is on WHAT ?", []], [1305616, 2, "Being homophobic makes people below anyone who is ever been arrested for anything . It does make you a bad person .", []], [706975, 1, "The homophobic folks still think they are speaking the RAW Truth ?", []]], "speakers": {"Anonymous": 0, "Me when": 1, "🍬𝕂𝕚𝕞𝕞𝕚𝕔𝕠🍬": 2, "JustARandomStranger": 3}}, {"id": 17851287, "category": {"id": 51, "name": "Helpful Tips"}, "emotion": "Loving", "turns_number": 7, "dialogues": [[0, 0, "Do you really treat people different if their poor ?", []], [1426082, 6, "I treat them better than others", []], [615781, 5, "i think some people might . i do not , mainly bc ida laugh out loud", []], [1509639, 4, "some people do not but some people do.!just be away from them . do not care what people think", []], [1335292, 3, "no . and I do not know why but I have never seen anyone do it before", []], [1537986, 2, "Each , I broke too . How could i treat the homes any differently", []], [930161, 1, "no . but i think people view them different unconsciously without realizing . it is just how we are .", []]], "speakers": {"Anonymous": 0, "AIR-I'M POLLUTED": 1, "ris": 2, "beingme": 3, "silver": 4, "💋Black Barbie💋": 5, "ok.computer": 6}}, {"id": 17851284, "category": {"id": 20, "name": "Others"}, "emotion": "Supportive", "turns_number": 3, "dialogues": [[1332555, 0, "damn I forgot I should Fucking care", []], [1368310, 2, "it is alright just love herself", []], [1485545, 1, "yes because we need you and love you . we here for each other", []]], "speakers": {"Sugar": 0, "Jeezz": 1, "Lonely Eagle": 2}}, {"id": 17851269, "category": {"id": 12, "name": "Self Harm"}, "emotion": "Anxious", "turns_number": 5, "dialogues": [[1539394, 0, "can someone i have me tips on how to stop self harm ? I m desperate laugh out loud", []], [524738, 3, "You have to decide that you really do not want to do it .", []], [1277080, 1, "I have a create have way ! wait let me copy and paste it", []], [1515999, 2, "depends what kind of person you are but for some it helps if they have a friend that punishes them . and you decide bit how hard but it has to be in controlled and healthy measures . that the self harm gets channel into self harm with consent and that he can say no too . that it becomes a habit to go to someone and not do it on your own", []], [1277080, 1, "Another person may draw them on you . These butterflies are extra special . Take good care of them . Even if you do not cut , you can always draw another butterfly to show your support and love towards yourself . Name it after someone you know is struggling or suffering too . It may help . That is it ! Hope you have a good day ! Love you beautiful angel Do not forget my DO is always open if you need somebody to talk to .", ["🦋", "💖", "😊"]]], "speakers": {"mel": 0, "Glaze": 1, "self mastery": 2, "Artist": 3}}, {"id": 17851266, "category": {"id": 61, "name": "Positive"}, "emotion": "Thankful", "turns_number": 3, "dialogues": [[1180682, 0, "Lately there is been a lot of days where I feel like I ca not get up and do it all over again but today is a good day . Today i am thankful for the small things in life , i am in a much better mood when I put everything into perspective have and realize how truly blessed I am to li have the life I have", []], [1515970, 2, "wish You More better Days a head With so much Love and happiness", []], [1160151, 1, "now.glad to hear position have things .", []]], "speakers": {"Jess": 0, "Romeo": 1, "Never Give up....Hold on👦": 2}}, {"id": 17851258, "category": {"id": 10, "name": "Friends"}, "emotion": "Embarrassed", "turns_number": 5, "dialogues": [[655426, 0, "Are you ashamed of yourself for not having m(any ) friends ?", []], [1461766, 4, "I m ashamed of losing and pushing everyone away . Does that count ?", []], [1371154, 3, "No , I rather have one real friend then a thousand of face ones", []], [1539251, 2, "No . That is how you get the best friends possible", []], [743843, 1, "no , I like it . I know that the friends I have a true and genuine friend . I rather have a couple real friends then 20 face ones .", []]], "speakers": {"Question Everything": 0, "Captain Yam🌈✨": 1, "purple patootie": 2, "Muck": 3, "~ Broken Shadow ~": 4}}, {"id": 17851244, "category": {"id": 10, "name": "Friends"}, "emotion": "Anxious", "turns_number": 3, "dialogues": [[0, 0, "I told a friend of mine that I got sexually assaulted few years ago , then my other friend messages me and tells me about the exact story which I have told my friend and that she feels bad that it happened to her . I can not believe she is telling my story to others as her story , like why would anyone do that .", []], [1530514, 2, "what if she has gone through something similar.that can not be impossible , you know ?", []], [1539400, 1, "i guess she desperately needs attention f something like that . it is sad actually", []]], "speakers": {"Anonymous": 0, "Icarus": 1, "Bia LafeVers": 2}}, {"id": 17851242, "category": {"id": 53, "name": "Education"}, "emotion": "Overwhelmed", "turns_number": 4, "dialogues": [[1504749, 0, "I have an exam tomorrow . I need to study", ["😣"]], [573812, 3, "Go study , and all the best toyouryour", []], [1520900, 2, "you need the will to study", []], [1536864, 1, "Shut off your phone and cut all distractions until you are done . Hope that helps", ["💕"]]], "speakers": {"Aela✨": 0, "I'm not alone": 1, "labradorite": 2, "Emily ☺️": 3}}, {"id": 17851237, "category": {"id": 20, "name": "Others"}, "emotion": "Tired", "turns_number": 3, "dialogues": [[1135196, 0, "I just want a stable life is it too much to ask", []], [1536864, 2, "It really be a struggle though", ["😅"]], [1170071, 1, "why ask , when you can just have it .", []]], "speakers": {"🍥Mel🍥": 0, "Emily ☺️": 1, "tagosh": 2}}, {"id": 17851236, "category": {"id": 47, "name": "Health"}, "emotion": "Hopeful", "turns_number": 3, "dialogues": [[1539406, 0, "i feel scared :( i badly want someone who can cheer me up", []], [1539384, 2, "Its time for some rainbow unicorn", ["🌈", "🦄"]], [1399774, 1, "I ll tell a jokewhy did the fat man eat his computer?he wanted some computer chips", []]], "speakers": {"M": 0, "Amber": 1, "Ice King👨‍⚕️": 2}}, {"id": 17851215, "category": {"id": 7, "name": "Relationships"}, "emotion": "Numb", "turns_number": 3, "dialogues": [[1332555, 0, "fuck everything ! I m done !", []], [1218294, 2, "never i have up , never surrender !", []], [1539419, 1, "we can talk if you want", []]], "speakers": {"Sugar": 0, "Vato J": 1, "Akarsh Agrawal": 2}}, {"id": 17851212, "category": {"id": 20, "name": "Others"}, "emotion": "Irritated", "turns_number": 4, "dialogues": [[1275167, 0, "why is my memory so shit ? i literally said i was going to do something and then forgot you you", []], [1218294, 3, "that happens to out of for of my thoughts", ["😂"]], [1428756, 2, "try to be more focus and avoid multitasking", []], [1536864, 1, "That is your brain trying to procrastinator", []]], "speakers": {"bleh": 0, "Vato J": 1, "Name": 2, "Emily ☺️": 3}}, {"id": 17851210, "category": {"id": 68, "name": "I Need Help"}, "emotion": "Motivated", "turns_number": 4, "dialogues": [[1539041, 0, "i have me idea to deal with Boys Abuse have messages.please", []], [890534, 3, "A total ignorance is the best weapon of a woman . Any kind of attention is exactly what they ( we ) seek . Best wishes .", []], [1532901, 2, "Block and report and turn off des . Only text people after talking their profile", ["😂"]], [1382591, 1, "up se ho . and you are asking such questions . ma began war do .", []]], "speakers": {"Rekha 👸": 0, "Solo Aashit": 1, "Biryani 🤨": 2, "Jack": 3}}, {"id": 17851182, "category": {"id": 20, "name": "Others"}, "emotion": "Nothing", "turns_number": 3, "dialogues": [[1197049, 0, "are my posts invisible ? can you see em ?", []], [1155058, 2, "up.why would they be invisible ?", []], [834401, 1, "your time is up brow , its john cent time", []]], "speakers": {"Gluten Free Emotions": 0, "Stardust ✨": 1, "my bad": 2}}, {"id": 17851176, "category": {"id": 48, "name": "Work"}, "emotion": "Supportive", "turns_number": 3, "dialogues": [[1513308, 0, "Those people that apply for jobs immediately after school and you get it , what exactly do you do ?", []], [1399774, 2, "work experience from fast food places before 18", []], [1536864, 1, "Either try volunteering at a local library ( so you can fill up your resume more ) or after applying to the job try calling the place/ talking to the manager in person .", []]], "speakers": {"Christian": 0, "Ice King👨‍⚕️": 1, "Emily ☺️": 2}}, {"id": 17851158, "category": {"id": 10, "name": "Friends"}, "emotion": "Caring", "turns_number": 3, "dialogues": [[1440769, 0, "do you guns shouting others or are you normal", []], [1398179, 2, "I do not & I hate who does that ! really", []], [1483134, 1, "no but I love blocking", []]], "speakers": {"Squirrel": 0, "Deja Vu 🤔": 1, "🦋JESStastic🦋": 2}}, {"id": 17851118, "category": {"id": 62, "name": "Mental Health"}, "emotion": "Overwhelmed", "turns_number": 6, "dialogues": [[0, 0, "I feel so helpless and I do not know what to do . I experienced sexual abuse as a kid and I have developed now a sexual addition and I just feel disgusting and so alone and uttereally worthless .", []], [1517918, 5, "sorry you feel this way .", []], [1022656, 4, "do if you want to", []], [1137348, 3, "whatever happened was not good . hope you can get pass that thought . more power to u. feel free to reach out ", ["☺"]], [1530514, 2, "try to get therapy , if possible . and try to share that with real life people who actually care about you and are not narrow minded and have some knowledge of sexual abuse , at least . hope it gets better", ["🤍"]], [1524718, 1, "hey there are many people here who had gone through similar kind of experience and I can see why you developed an addition it is ok any addition can be cured and you can break the chain if you want to talk I am here", []]], "speakers": {"Anonymous": 0, "Loner MI": 1, "GreedYWolF": 2, "Crime Ma$ter G0G0 🤓😜🤗": 3, "Icarus": 4, "hitman 5313": 5}}]