[{"id": 17000481, "category": {"id": 20, "name": "Others"}, "emotion": "Meh", "turns_number": 4, "dialogues": [[582412, 0, "No i updated the pp :(", []], [1445716, 3, "ha you have joined me in despair", []], [465873, 2, "delete it , download an old version ask from the net", []], [1412803, 1, "I did not even update . it happened by itself . rip us", []]], "speakers": {"Señorita Сука": 0, "counterfeit cat": 1, "drug scartel": 2, "Mew💕": 3}}, {"id": 17000477, "category": {"id": 5, "name": "Bullying"}, "emotion": "Hopeful", "turns_number": 3, "dialogues": [[1489935, 0, "I m hiding so must feelings . I can not eve cry or laugh.bc of my strict parents .", []], [744349, 2, "I feel you I m hiding feelings too my parents are very strict and it is hard to put it all on them cause not all parents would know how hard it is to be young these days", []], [1260790, 1, "do you want to talk about it ?", []]], "speakers": {"cry baby": 0, "shygirl0": 1, "JaM1209": 2}}, {"id": 17000441, "category": {"id": 62, "name": "Mental Health"}, "emotion": "Caring", "turns_number": 4, "dialogues": [[1489917, 0, "hut.just feeling so alone.need someone", []], [614251, 3, "Want to chat for a bit ?", []], [1333781, 2, "If you wish to chat , sure :)", []], [1170894, 1, "http:/youth.be / yes7OF_-KU hope this makes you smile", []]], "speakers": {"🍻": 0, "BIG MAAW": 1, "OrpheusPooh": 2, "Ritambhara": 3}}, {"id": 17000440, "category": {"id": 72, "name": "Anxiety"}, "emotion": "Stressed", "turns_number": 3, "dialogues": [[0, 0, "my parents are forcing me for my marriage , how I li have with someone I do not like . am really worried", []], [582412, 2, "Do you have any close friends or relate have you can stay with ?", []], [1181596, 1, "I m so sorry for what you are going through , but if you are old enough they can not force you , you can leave if you can do that . at least go to your grand parents house for a few days and and ask them to talk to your parents .", []]], "speakers": {"Anonymous": 0, "Señorita Сука": 1, "Day Dreamer": 2}}, {"id": 17000438, "category": {"id": 47, "name": "Health"}, "emotion": "Hopeful", "turns_number": 3, "dialogues": [[1145860, 0, "Is it wired to enjoy your own company ? For example ; Drink by yourself i will out and relax.is it ?", []], [1199762, 2, "no . this is healthy and great", []], [510986, 1, "Well I always thought I was a bit weird , and I do drink alone a lot . I also enjoy sitting in the snow watching the night sky alone .", []]], "speakers": {"Wanderer.": 0, "peach tongue peach": 1, "Cam": 2}}, {"id": 17000414, "category": {"id": 62, "name": "Mental Health"}, "emotion": "Nostalgic", "turns_number": 4, "dialogues": [[1226686, 0, "I hate having money problems", []], [1226686, 0, "A it is stressing me out", []], [736122, 2, "Sell pictures of your feet on only fan for cash in exchange for dignity", []], [1091652, 1, "only this problem can make us hardworking towards life so keep trying to earn money by your own with a good way then you can realise that only money problem made you hardworking and a tough and learnt value of money", []]], "speakers": {"Ohiogaming92girl": 0, "Bowtie": 1, "Sanchi": 2}}, {"id": 17000413, "category": {"id": 7, "name": "Relationships"}, "emotion": "Heartbroken", "turns_number": 3, "dialogues": [[1489657, 0, "You should tell the girl . she can get mad at you and maybe wo not believe you at first but letting her know that man is real face is the true thing to do .", []], [1437833, 2, "lucky escape all I is is", []], [1419294, 1, "you should tell her , that guy used you and she needs to know about this otherwise her life would be screwed as well .", []]], "speakers": {"Nisaxyz": 0, "Asking to be loved 💔": 1, "User Banned": 2}}, {"id": 17000408, "category": {"id": 12, "name": "Self Harm"}, "emotion": "Exhausted", "turns_number": 4, "dialogues": [[459476, 0, "my body feels like its dying . i am in so much pain and I have only myself to blame", []], [1451749, 3, "What did you do ?", []], [1489893, 2, "You can talk to me .", []], [1399044, 1, "Please do not hurt yourself please . I know it is so hard , but please . It is not right . Please .", []]], "speakers": {"Zac Moses": 0, "🔥FieryTemper🔥": 1, "Zawadi Kamau": 2, "Person": 3}}, {"id": 17000393, "category": {"id": 68, "name": "I Need Help"}, "emotion": "Hopeful", "turns_number": 3, "dialogues": [[1489922, 0, "i have same really problems in un diversity and i think that my family will stop loving me if i do not pass this year and this makes sad ana i start halting myself and feeling stupid i do not know if that is true or i am the only one thinking this way", []], [1477764, 2, "do you want to talk about it ?", []], [1489184, 1, "same . everything will be ok girl", []]], "speakers": {"lonely girl": 0, "Bilal Mussa": 1, "Narcissist": 2}}, {"id": 17000382, "category": {"id": 20, "name": "Others"}, "emotion": "Confused", "turns_number": 3, "dialogues": [[1468017, 0, "I do not understand how people can be entertained or even addicted to games it looks so boring", []], [564749, 2, "you would not get it", []], [1480208, 1, "th I do feel the same games make me bored too laugh out loud", []]], "speakers": {"taetae": 0, "Twentyxne_": 1, "VicariousMind™": 2}}, {"id": 17000372, "category": {"id": 15, "name": "Family"}, "emotion": "Hopeful", "turns_number": 3, "dialogues": [[1469634, 0, "One of our family member/ relate have died today . i am trying not to cry .", []], [997880, 2, "I m really sorry about that . How are you holding up ?", []], [491415, 1, "sorry for your loss hope you feel well in time", []]], "speakers": {"Newbie": 0, "Mystery": 1, "blue": 2}}, {"id": 17000361, "category": {"id": 7, "name": "Relationships"}, "emotion": "Loving", "turns_number": 4, "dialogues": [[1489917, 0, "People use you as per their convenience and when they find that you r of their no use.they ignore and just walk away.that use n throw cases you ever felt the same ?", []], [1333781, 3, "I might have previously , but now I do not i have such chances :)", []], [614251, 2, "I used to but not anymore", []], [551203, 1, "It is easy to get stuck in a pattern of thinking like that but remember that this belief in itself can be damaging to your quality of life and mental well being", []]], "speakers": {"🍻": 0, "OrpheusPooh": 1, "BIG MAAW": 2, "Björk": 3}}, {"id": 17000349, "category": {"id": 11, "name": "Hopes"}, "emotion": "Afraid", "turns_number": 3, "dialogues": [[1397182, 0, "why almost pp here want to die . why do not think about the word HOPE", []], [242766, 2, "That is one word I have not felt in awhile laugh out loud", []], [1244489, 1, "it is time of hardship it is very diffuse you later to be optimistic and find hope", []]], "speakers": {"night_fury2644": 0, "KariMay": 1, "charley": 2}}, {"id": 17000338, "category": {"id": 72, "name": "Anxiety"}, "emotion": "Anxious", "turns_number": 3, "dialogues": [[419240, 0, "why is everything so heavy ? it is so much more than I can carry .", []], [859993, 2, "I keep dragging around what is bringing me down if I just let go i would be set free", ["😟"]], [1489915, 1, "Not sure what you are carrying , but I like to believe it gets lighter with the right help", []]], "speakers": {"rick": 0, "Zak": 1, "Abby": 2}}, {"id": 17000319, "category": {"id": 62, "name": "Mental Health"}, "emotion": "Down", "turns_number": 4, "dialogues": [[1025822, 0, "It is hard to admit , but most of the time we are the architects of our own downfall . We are just find it easy to blame others or lay it all on life .", []], [1489915, 2, "In a sense I guess that is true , we can only take responsibility for our own choice and behaviour . And is probably why we close ourselves off or even start hating ourselves .", []], [1489915, 2, "True but we are also not islands , or rocks .", []], [710628, 1, "I is not a architect , I am the ultimate self fulfilling prophecy", []]], "speakers": {"Anomic-Lycan19": 0, "Abby": 1, "Sorrows of an boy": 2}}, {"id": 17000310, "category": {"id": 7, "name": "Relationships"}, "emotion": "Proud", "turns_number": 5, "dialogues": [[1349975, 0, "guns this due is a complete creep . there is proof . report and block !", []], [836063, 2, "that is a good question :o", []], [1440209, 1, "This is 100 % a scar . Guns , this due literally abused me in the chat . Do me and I ll send you the proof .", []], [1440209, 1, "Please report this due . He literally used very filthy language . I asked him to stop promoting his cap and then . You guns can do me and I ll send you the proof .", []], [1440209, 1, "He literally joined this pp 5 days ago and he started promoting his cap . Do me and I ll send you the proof .", ["😂"]]], "speakers": {"🖤~Mya~🖤": 0, "「summer」": 1, "User Banned": 2}}, {"id": 17000307, "category": {"id": 61, "name": "Positive"}, "emotion": "Calm", "turns_number": 3, "dialogues": [[579971, 0, "The sooner you expect less from people , the better . I do not mean it in a pessimistic way , I just mean that people look out for themselves , and if you expect the world from people , you ll always be disappointed . Do not hate the world because of it , we all know how tough it is , and just be grateful when positively does enter your life , temporarily and/or permanently . We only revolve around the world , it does not revolve around us .", []], [1489901, 2, "how to expect less from people you have cared all the time", []], [1402669, 1, "I find it diffuse you later when some people think whatever I do is about them . Total strangers assume this sometimes and I ca not imagine that level of self - involvement . I have actually had to say to a person once , the world revolves around the sun not you", ["😐"]]], "speakers": {"RogerLog🐒": 0, "Umer Khan": 1, "Liri": 2}}, {"id": 17000300, "category": {"id": 20, "name": "Others"}, "emotion": "Down", "turns_number": 3, "dialogues": [[0, 0, "My eyes hurt from crying", []], [1489911, 2, "then do not cry due", []], [866846, 1, "what is Making you see see", []]], "speakers": {"Anonymous": 0, "Mo Begum Akshaya": 1, "AAMHL": 2}}, {"id": 17000241, "category": {"id": 10, "name": "Friends"}, "emotion": "Loving", "turns_number": 3, "dialogues": [[1489813, 0, "in life one has to be patient , prayerful and persistence with this you will get there .", []], [498110, 1, "also you can get there with User . sorry stupid joke . Nice thought .", ["😂", "😁"]], [498110, 1, "why would I mind muddy .", ["😁", "😎"]]], "speakers": {"User Banned": 0, "cavalr3": 1}}, {"id": 17000232, "category": {"id": 62, "name": "Mental Health"}, "emotion": "Overwhelmed", "turns_number": 4, "dialogues": [[0, 0, "i hate that criminals get to go free . it took so much of me just to report it and the police decided there is nothing they can do . so now not only do I have to li have with the trauma of what they did to me but I also have to li have with the fact they are still out there and it scars me everytime i have to go outside .", []], [1382622, 3, "Do not let them make you afraid ! You deserve your freedom ! X", []], [1349053, 2, "police can be pretty useless at times .", []], [1067773, 1, "that sounds terrible . continue with your head held high", []]], "speakers": {"Anonymous": 0, "hug machine": 1, "Lain": 2, "Getyaown": 3}}, {"id": 17000215, "category": {"id": 20, "name": "Others"}, "emotion": "Anxious", "turns_number": 6, "dialogues": [[0, 0, "I am addicted to popcorn and i feel so lonely . I just want someone to step on me", []], [851088, 5, "now the fact I almost missed that code laugh out loud", []], [1321590, 4, "Hahhaa I can not stop laughing at this oneclever use of words babe", []], [1370874, 3, "i read it twice i still do not get it", []], [1351410, 2, "Hey.you should quit worn . It is the reason you are so lonely . I can i have you a few tips if you want . You will be free from it in no time .", ["😊"]], [863809, 1, "I can step on you", []]], "speakers": {"Anonymous": 0, "heartfilledwithpain": 1, "☣Pronoun=DNA/MOLECULE☢": 2, "‎": 3, "Cadoxton": 4, "angel 🦋": 5}}, {"id": 17000198, "category": {"id": 47, "name": "Health"}, "emotion": "Nostalgic", "turns_number": 3, "dialogues": [[1489913, 0, "I am so hurt that I ca not even cry , and the only thing that helps is cutting myself , it makes me thing about another tile of pain", []], [1123709, 2, "I m here for you", []], [1489922, 1, "you are making it worst nothing deserve to hurt herself", []]], "speakers": {"MelM": 0, "Joseph": 1, "lonely girl": 2}}, {"id": 17000193, "category": {"id": 10, "name": "Friends"}, "emotion": "Chilled", "turns_number": 3, "dialogues": [[1477934, 0, "I am a take my chances with this but do any of you 17 - 18 or want to be online friends . I just like being able to talk to people on here rather than in  reality  it is easier", ["😛"]], [1477934, 0, "Also i am a ask that we exchange social media so I can know who i am talking too", []], [675844, 1, "I m about to be 19 in a few days so that takes me out laugh out loud", []]], "speakers": {"Candie": 0, "Logan": 1}}, {"id": 17000182, "category": {"id": 12, "name": "Self Harm"}, "emotion": "Sick", "turns_number": 3, "dialogues": [[752508, 0, "So i winged on candy to days around now i am sickly body is not so oka got red bump all over my arms , shoulders , mummy :( and it is v itchy got lots of bump on my forearm / first on the arm with lots or S scars :( and they hurt a lot co they are like bump as :(", []], [826294, 2, "are you allergic to nuts or something", []], [849790, 1, "Get well soon son and try not to do it again", ["🤧"]]], "speakers": {"Isaac(愛子)": 0, "Keith Baker": 1, "Chízo": 2}}, {"id": 17000160, "category": {"id": 7, "name": "Relationships"}, "emotion": "Amazed", "turns_number": 3, "dialogues": [[0, 0, "why is it ok for a girl to call their boyfriend daddy but a guy can not call his girlfriend mummy ?", []], [1445716, 2, "him it is not that uncommon I do not think", []], [508050, 1, "brush if I call someone daddy . it is definitely as a joke . daddy is cringe of lafa .", []]], "speakers": {"Anonymous": 0, "counterfeit cat": 1, "hello! it's a potato": 2}}, {"id": 17000159, "category": {"id": 63, "name": "My Story"}, "emotion": "Proud", "turns_number": 6, "dialogues": [[1489911, 0, "Hey once again I am here hello everyone how are u all", []], [614251, 3, "Hey , I m fine . How aboutyouryour", []], [1440209, 2, "This is 100 % a scar . Guns , this due literally abused me in the chat . Do me and I ll send you the proof .", []], [1440209, 2, "Please report this due . He literally used very filthy language . I asked him to stop promoting his cap and then . You guns can do me and I ll send you the proof .", []], [1440209, 2, "He literally joined this pp 5 days ago and he started promoting his cap . Do me and I ll send you the proof .", ["😂"]], [1349975, 1, "guns this due is a complete creep . there is proof . report and block !", []]], "speakers": {"Mo Begum Akshaya": 0, "BIG MAAW": 1, "User Banned": 2, "🖤~Mya~🖤": 3}}, {"id": 17000149, "category": {"id": 20, "name": "Others"}, "emotion": "Nothing", "turns_number": 4, "dialogues": [[860906, 0, "the only reason why I do not post here when I m feeling down is because it just makes me feel vulnerable better to keep all shit for myself", []], [1392086, 3, "reason why i do not keep friends", []], [1152131, 2, "Agreed , the same here", []], [1296483, 1, "I feel you , Samoa We are here though if you need to vent", ["🌹"]]], "speakers": {"Existential Boredom🪧": 0, "deepressed plaStick in the Buttle in the sea": 1, "as_adrija✨": 2, "Mo™": 3}}, {"id": 17000143, "category": {"id": 10, "name": "Friends"}, "emotion": "Annoyed", "turns_number": 3, "dialogues": [[1377502, 0, "A old friend message me to ask how am I doing and I started to want about how depressed I feel and He shouted me ! If you do not want to know how am I really doing why do you ask ?", []], [675844, 2, "maybe he did not want that type of stuff in his life or he just did not care , either one", []], [1486543, 1, "let know each other very well", []]], "speakers": {"Coralie": 0, "Logan": 1, "User Banned": 2}}, {"id": 17000137, "category": {"id": 20, "name": "Others"}, "emotion": "Positive", "turns_number": 6, "dialogues": [[321743, 0, "Oh hello , did anyone miss me?no ? well ok I m back anyone welcomed", []], [1474389, 5, "Him I would have known you I would have missed you", ["😉"]], [1009381, 4, "I missed you , although we do not eachother . i am glad to hear the news ,", []], [1489940, 3, "DA MI A MOST FOR DE tinebun vent inkpot Now we can remove bad posts together", ["🥰"]], [613938, 2, "Yes where wereyouryour", ["😤"]], [927099, 1, "I missed you . And Morgan .", ["🥺"]]], "speakers": {"Sssnakepit": 0, "Abbadia": 1, ".": 2, "HentaiHaven": 3, "Purrrr 😸": 4, "youcan'thandlemyhonesty": 5}}, {"id": 17000122, "category": {"id": 62, "name": "Mental Health"}, "emotion": "Supported", "turns_number": 3, "dialogues": [[1446252, 0, "My mental health is not the best right now I constantly keep thinking of the negative have and rarely think of the position have I hate feeling like my mind is attacking me over and over again . i am just ready for my therapist to start me on Exposure therapy so that I can feel my self again .", ["😔"]], [1280500, 1, "calm down , relax , have a glass of water", []], [1280500, 1, "feel free to share your thoughts with me", []]], "speakers": {"Newbie": 0, "Aly": 1}}, {"id": 17000121, "category": {"id": 74, "name": "Depression"}, "emotion": "Exhausted", "turns_number": 3, "dialogues": [[1283748, 0, "when you wish you could cry to release some of the deep sadness you are feeling but you are actually completely numb and incapable of forming tears so you just have to sit and wait for the feeling to pass without feeling any release or comfort whatsoever", []], [1401594, 1, "Holy shit that sounds really terrible", []], [1401594, 1, "I hope you get a feeling soon . Take care", ["🍀"]]], "speakers": {"miss lavender butt": 0, "SammyC": 1}}, {"id": 17000114, "category": {"id": 47, "name": "Health"}, "emotion": "Proud", "turns_number": 3, "dialogues": [[1475000, 0, "Today was not better.my sum called me a f - ing idiot and a f - ing lazy Wish from a joke that my sister done before and my sum laughed at once but done that to me . I stopped watching my show and stares at the wall crying for the last hour.it is not getting better it is getting worse :/ i am losing hope now and I do not know what to do anymore . i am sorry .", []], [1474389, 2, "Do not apologize when it is other people who are hurting you . You do not deserve that . And you have nothing to apologize fortress in yourself even if your family is not", ["💜"]], [1487354, 1, "It ll be ok some people just do not have the brain capacity to understand how much words can hurt .", []]], "speakers": {"TrinityAnderson": 0, "Abbadia": 1, "🔥COLE🔥": 2}}, {"id": 17000085, "category": {"id": 15, "name": "Family"}, "emotion": "Supportive", "turns_number": 4, "dialogues": [[0, 0, "my white dad said the word multiple times and he says that i am a snowflakes if i do not like it when people who are not black say the word", ["🙂"]], [1292593, 3, "Well you are a Snowflakes", []], [1489019, 2, "you are dad is free to said whatever he wants , you r free to like it or not , I do not the word in general no matter who said it black or white", []], [614700, 1, "he is a little bitch then what the fuck", []]], "speakers": {"Anonymous": 0, "Seretonine": 1, "andrew kim": 2, "𝙻𝚞𝚍𝚠𝚒𝚐": 3}}, {"id": 17000076, "category": {"id": 7, "name": "Relationships"}, "emotion": "Sad", "turns_number": 4, "dialogues": [[0, 0, "I rather want a man that came out if prison then a boring shy man that is feminine and not interesting", []], [441967, 4, "hope he does not beat the s*t gutta a", []], [684931, 2, "a good recipe to be a single mother with tones of emotional baggage", []], [1465956, 1, "of ! that is missed up", []]], "speakers": {"Anonymous": 0, "♡Feeble Cursed One♡": 1, "A :(  ઇଓ": 2, "⠀": 3}}, {"id": 17000074, "category": {"id": 20, "name": "Others"}, "emotion": "Bored", "turns_number": 3, "dialogues": [[0, 0, "I ll muddle with you and let you play with the melon if you let me wear your brodie .", []], [1110671, 2, "and here i am owning no brodie", []], [1351410, 1, "And these are the posts that get all the likes . Sure Anonymous.(no offense )", []]], "speakers": {"Anonymous": 0, "3,14159265358": 1, "Cadoxton": 2}}, {"id": 17000070, "category": {"id": 61, "name": "Positive"}, "emotion": "Optimistic", "turns_number": 3, "dialogues": [[1138302, 0, "You can not let your past trauma be an excuse for not taking responsibilities . It is entirely on you , the victim to take initiate have and care for your own recovery . You might have a sleeper uphill battle than others , but reality will still hold you accountable for your own future . Some things are next to impossible for you but the alternate have is much much worse", []], [1339016, 2, "Hi , i am suicidal and i am packing ! Can you please help me out ?", ["😭"]], [878384, 1, "YES , I can understand where your behaviour is coming from but it can not become an excuse .", []]], "speakers": {"Louie": 0, "HannahAlly": 1, "Bleh": 2}}, {"id": 17000063, "category": {"id": 51, "name": "Helpful Tips"}, "emotion": "Loved", "turns_number": 3, "dialogues": [[963084, 0, "Let us Stop trying to be Perfect we are only Humans and Start trying to be more Happy instead !", ["🙃", "🤷", "♀", "🤞", "😊"]], [1477966, 2, "Its hard to be happy .", []], [1342430, 1, "tell that the media and some people who think you need to be perfect", []]], "speakers": {"Ella 🔥": 0, "Adam": 1, "Anna": 2}}, {"id": 17000045, "category": {"id": 7, "name": "Relationships"}, "emotion": "Heartbroken", "turns_number": 5, "dialogues": [[631571, 0, "My mon just told me that its normal that men slip and cheat , that I s nail have to want somebody who do not do that and that I should forge have my boyfriend and move on", []], [1409771, 4, "up is this like 100 years ago", []], [579971, 3, "What is this the 1920s laugh out loud", []], [794917, 2, "not normal ugh . women need to stop normalizing terrible men", []], [1489657, 1, "i hate this . its always seen like for men cheating is inevitable but when its a woman she is a .more . Its not fair", []]], "speakers": {"BruhGirl": 0, "Sam": 1, "RogerLog🐒": 2, "kaye loves makeup": 3, "Nisaxyz": 4}}, {"id": 17000041, "category": {"id": 7, "name": "Relationships"}, "emotion": "Sad", "turns_number": 5, "dialogues": [[1484072, 0, "Alone in my own house for the first time in over to years . Breaking down in tears listening to blackbear is reasonable right ?", []], [1370874, 4, "yep life and pain does not make sense . so why does that have to ?", []], [810705, 3, "trust me this tears will make you stronger .", []], [1009381, 2, "led me some tears i have not felt them in many years .", []], [596099, 1, "hell yeah it is reasonable", []]], "speakers": {"Kit-Kat": 0, "‎": 1, "rishuraj": 2, ".": 3, "Laurent Forte": 4}}, {"id": 17000017, "category": {"id": 7, "name": "Relationships"}, "emotion": "Meh", "turns_number": 5, "dialogues": [[0, 0, "it is hard to wait for the right guy . i just want to feel loved and love someone .", []], [579971, 4, "it ll be faster if you look for him too instead of hoping he will eventually find you", []], [810705, 3, "I am on same page , please be patient for some more time , the right person will come when the time is right . wish you all my blessing .", []], [1426450, 2, "So many people want attention and love so few are willing to i have it in return", []], [1399774, 1, "why wait when you can talk to people", []]], "speakers": {"Anonymous": 0, "RogerLog🐒": 1, "rishuraj": 2, "Brian Glatt": 3, "Ice King👨‍⚕️": 4}}, {"id": 17000009, "category": {"id": 7, "name": "Relationships"}, "emotion": "Supportive", "turns_number": 3, "dialogues": [[1487456, 0, "how made your self attract have to girls", []], [863809, 2, "Look confident , be nice , smile", []], [1426450, 1, "Apparently completely ignore your instincts and be someone you are not", []]], "speakers": {"Newbie": 0, "angel 🦋": 1, "Brian Glatt": 2}}, {"id": 17000000, "category": {"id": 10, "name": "Friends"}, "emotion": "Depressed", "turns_number": 3, "dialogues": [[1342461, 0, "i hate myself . i am always alone and i deadness have no friends it is like i pushed them away or something what is wrong with me no one wants to talk or check on me ?", []], [1489903, 2, "Do not worry . you are never alone . there is still family on one side on the other friends come and go . just wait for the right ones . Remember there is always someone who worries about you even if you do not know .", ["😘"]], [863809, 1, "Why do you hate yourself ? I m here if you want to talk !", []]], "speakers": {"sanaa": 0, "AnonymousG": 1, "angel 🦋": 2}}, {"id": 16999990, "category": {"id": 10, "name": "Friends"}, "emotion": "Supportive", "turns_number": 3, "dialogues": [[1371358, 0, "a smiling face is never ugly", ["🙂"]], [1025822, 2, "No ma man you are Cool !", []], [1458892, 1, "beauty is by the eye of the looking to every person was different taste of what beauty called like , but no one is ugly", []]], "speakers": {"broke lord": 0, "Anomic-Lycan19": 1, "♡~LittleKittyBun~♡": 2}}, {"id": 16999986, "category": {"id": 20, "name": "Others"}, "emotion": "Happy", "turns_number": 3, "dialogues": [[428958, 0, "anyone here use SLOWLY pp ?", []], [976284, 2, "I used before until it banner me .", []], [1211878, 1, "slowly what is that pp ?", []]], "speakers": {"M𝓸𝓸𝓷𝓲𝓮 ⚗︎": 0, "ㅤ": 1, "allen": 2}}, {"id": 16999983, "category": {"id": 20, "name": "Others"}, "emotion": "Down", "turns_number": 4, "dialogues": [[1468017, 0, "I was talking about hating my face how ugly it looks ( but i secretly think that it is pretty ) then my cousin tell me to get surgery instead of saying that i am not ugly , i wonder if she thinks before speaking .", ["😃"]], [1297757, 3, "She is probably missing around , be confident enough in your looks where you do not need variation from anyone . And if you are not confident , it all starts with a little self appreciation . We did not make our face , we can only maintain it , keep ourselves healthy .", []], [481351, 2, "you should not put yourself down just for the sake of getting compliments , but do not overthink it , she was probably just joking around :)", []], [849790, 1, "Ignore it am cause damn . Just keep liking your face madam", []]], "speakers": {"taetae": 0, "Cvet": 1, "saline solution": 2, "Chízo": 3}}, {"id": 16999957, "category": {"id": 7, "name": "Relationships"}, "emotion": "Caring", "turns_number": 3, "dialogues": [[1203142, 0, "hope i die tonight my God without anyone know", []], [1228800, 2, "We all are here withyouryour", []], [1010804, 1, "try to get through one day at a time", ["🙂"]]], "speakers": {"Taline Levon Boyadjian": 0, "Abominate.": 1, "OUCIMmeB4UICUR12": 2}}, {"id": 16999925, "category": {"id": 74, "name": "Depression"}, "emotion": "Down", "turns_number": 4, "dialogues": [[1489833, 0, "how am I supposed to open up to anyone when everytime I do . they leave me .", []], [675844, 2, "I m asking myself the same question", []], [1477764, 1, "you do not know me but can I make a promise to you ? can I be that person that will always be there when you have something on your mind", []], [1477764, 1, "do me daytime you need a friend", []]], "speakers": {"Lya006": 0, "Logan": 1, "Bilal Mussa": 2}}, {"id": 16999903, "category": {"id": 62, "name": "Mental Health"}, "emotion": "Afraid", "turns_number": 3, "dialogues": [[1248813, 0, "I do not know why I keep having those intrusion have thoughts about death . Not in the sense of ending it for me , but death as in looking someone of my family . I have never been faced with death before and I m terrified of the day it ll happen bc I know it ll literally crush me .", []], [840284, 2, "I have kind of been feeling like this .", []], [1489411, 1, "this is weirdyou could pray you know", []]], "speakers": {"Lx": 0, "jay": 1, "User Banned": 2}}, {"id": 16999886, "category": {"id": 20, "name": "Others"}, "emotion": "Stressed", "turns_number": 3, "dialogues": [[811783, 0, "Spend all day working on something for the person to turn around and say I do not like it :) waste of time", []], [1474077, 2, "but do you like it ?", []], [1489809, 1, "Well you learned a new life lesson", ["😊"]]], "speakers": {"Aliengirl": 0, "Asana 💙🌻": 1, "I am Stranger": 2}}, {"id": 16999883, "category": {"id": 74, "name": "Depression"}, "emotion": "Nothing", "turns_number": 3, "dialogues": [[1439104, 0, "I finally have the courage to end it all . Goodby the sick , selfish , horrible , peace of shit called society !", []], [1477764, 2, "about 30 minutes ago I would have agreed with you but I just realized if you i have up to whatever your fighting personally , they or it wins", []], [1415925, 1, "Please know that you are loved , amazing , beautiful , and an amazing person I know how you feel I have felt it before but I just kept pushing and things got a little better please know that everything will get better life does get better", []]], "speakers": {"$¢@®lɘ⸸": 0, "Bilal Mussa": 1, "Elated Talha": 2}}, {"id": 16999873, "category": {"id": 63, "name": "My Story"}, "emotion": "Nothing", "turns_number": 3, "dialogues": [[491415, 0, "oh now a flower STOMPSTOMPSTOMPSTOMP", []], [1401594, 2, "Evil ! laugh out loud seriously why", []], [1489833, 1, "and that is how to spot an introvert", []]], "speakers": {"blue": 0, "SammyC": 1, "Lya006": 2}}, {"id": 16999869, "category": {"id": 75, "name": "Life Hacks"}, "emotion": "Inspired", "turns_number": 5, "dialogues": [[1430132, 0, "A wise man once said nothing", []], [491415, 4, "did he really say anything if he said nothing", []], [891536, 3, "Thomas Alba Madison actually did", []], [1178206, 2, "that is y bad things happen", []], [1488963, 1, "A wise man loves a woman", []]], "speakers": {"Ria": 0, "blue": 1, "Deksam": 2, "kyle": 3, "Lo-Fi": 4}}, {"id": 16999867, "category": {"id": 10, "name": "Friends"}, "emotion": "Lonely", "turns_number": 4, "dialogues": [[1278855, 0, "why does everything have to be wrong with me . I feel like I just suck.in not good at life .", []], [1463480, 3, "No you are great at life ! i am here for you if you ever need to talk or want a friend", []], [1489862, 2, "Do not say bad about yourself , your unconscious listens everything . Better praise yourself , you ll see changes soon .", []], [1483282, 1, "It is fine to feel down , even for a long time and its ok to dislike or even hate everything and everyone around us , but remember , there is nothing wrong with you , you are perfectly fine and sometimes more than enough for some people , I think instead of wasting your time with people who do not understand your real value , you should look for people who can handle you , you know , like a Candor box", []]], "speakers": {"🌙🌃Queen Insomnia🌃🌙": 0, "Newbie": 1, "Dazzler": 2, "AzA": 3}}, {"id": 16999824, "category": {"id": 7, "name": "Relationships"}, "emotion": "Amused", "turns_number": 3, "dialogues": [[579971, 0, "Dealing whether to download Tinder or Humble but I know my des are going to be dry as hell", ["😂"]], [1199762, 2, "increase your chances and get both", []], [1489520, 1, "same due , that is why I installed both of them", []]], "speakers": {"RogerLog🐒": 0, "peach tongue peach": 1, "s": 2}}, {"id": 16999810, "category": {"id": 72, "name": "Anxiety"}, "emotion": "Amused", "turns_number": 4, "dialogues": [[1483790, 0, "Weird how people message me on here helping me with my anxiety ( which I appreciate so much ) , and I help them with their problems as best I can , but the second they find out I have a boyfriend , they do not want to know anymore . weird , thought this pp was about helping each other with different mental health issues not a dating pp ? !", []], [1456495, 3, "there are plenty of predator.its is is", []], [1488963, 2, "Men will be men like women will be women . People are looking for long term companionship . Out of respect for your relationship people tend to back off .", []], [1393856, 1, "I am still around to help daytime you need", []]], "speakers": {"Antonia": 0, "MORPHINE DRIP": 1, "Lo-Fi": 2, "A_D": 3}}, {"id": 16999809, "category": {"id": 62, "name": "Mental Health"}, "emotion": "Down", "turns_number": 3, "dialogues": [[866846, 0, "anyone who is bipolar and would like to talk about it ?", []], [1456495, 1, "hello . are you familiar with people who have these problems ?", []], [1456495, 1, "I believe I have had it but I have never been to a doctor to be diagnosed but it is in my family . I struggle and would just like to understand what is happening to me without being labelled by a doctor", []]], "speakers": {"AAMHL": 0, "MORPHINE DRIP": 1}}, {"id": 16999784, "category": {"id": 10, "name": "Friends"}, "emotion": "Lonely", "turns_number": 3, "dialogues": [[1123709, 0, "let me do you I ll help", []], [1123709, 0, "I m here for you", []], [1126876, 1, "need someone to talk to ?", []]], "speakers": {"Joseph": 0, ".": 1}}, {"id": 16999782, "category": {"id": 7, "name": "Relationships"}, "emotion": "Supportive", "turns_number": 4, "dialogues": [[1043976, 0, "girl : Anyone Up fo.some fellows : do me , yes , me , hello , I m are are", []], [1471349, 3, "This is why women should not use the internet , always screwing up my Red training with all them limps", []], [1489520, 2, "girls : I m handsome due : talk to me , yes , do me", []], [1288822, 1, "Fr , I be posting things like  I want to ms , I hate me so much and i am so depressed  and then some men do me like  Want to send nodes ?  LIKE What the fuck", ["😈"]]], "speakers": {"Rooh": 0, "User Banned": 1, "s": 2, "I’m tired of y’all": 3}}, {"id": 16999779, "category": {"id": 5, "name": "Bullying"}, "emotion": "Meh", "turns_number": 3, "dialogues": [[1399774, 0, "Does not mean i talk proper , do not listen to ran , fuss , and not wear basketball clothing i am white . I am Christian so how would jesus react to cursing in ran music or just the message behind it ? society does not make sense . i got to be a alone of people to be considered normal and acceptable", []], [1401359, 2, "not true.at least not with everyone", []], [1328760, 1, "Jesus always went to the darkness people and loved them too .", []]], "speakers": {"Ice King👨‍⚕️": 0, "Friendly Bubblegum": 1, "wholelottasoul": 2}}, {"id": 16999778, "category": {"id": 74, "name": "Depression"}, "emotion": "Nothing", "turns_number": 4, "dialogues": [[1186148, 0, "do you ever feel sad for no reason", []], [1489551, 3, "from last few days .yes everytime !", []], [1489520, 2, "sometimes , but there are more reason for me to be sad than not", []], [1489779, 1, "yeah it is happened clot", []]], "speakers": {"Kbangtan💜": 0, "Divita Sakhare": 1, "s": 2, "Emily": 3}}, {"id": 16999774, "category": {"id": 62, "name": "Mental Health"}, "emotion": "Exhausted", "turns_number": 3, "dialogues": [[866846, 0, "anyone who has bipolar ?", []], [1489779, 2, "I have just been diagnosed with it", []], [1489873, 1, "Mon . And apparently Any .", []]], "speakers": {"AAMHL": 0, "Emily": 1, "𝔖𝔞𝔱𝔞𝔫'𝔰 ℭ𝔥𝔦𝔩𝔡": 2}}, {"id": 16999767, "category": {"id": 7, "name": "Relationships"}, "emotion": "Nervous", "turns_number": 3, "dialogues": [[1304256, 0, "I think I m not are are", []], [1178206, 2, "oh no but the in my opinion is here", []], [1486727, 1, "They do not know about the kid they have only heard about him", []]], "speakers": {"Al' the ghost girl 🤍🌁🪐☄️🐻": 0, "kyle": 1, "youaintseenthebest": 2}}, {"id": 16999764, "category": {"id": 74, "name": "Depression"}, "emotion": "Sick", "turns_number": 5, "dialogues": [[1464296, 0, "I hate my body , why do I always have to be sick , I just want to be normal :(", []], [1463480, 4, "Due . I hate my body too , i am too fat but you are normal", []], [1416748, 3, "I hope you learn to love yourself , I know it is hard <3", []], [802740, 2, "Hope you ll learn how to deal with your illness . A the love .", []], [863809, 1, "What do you have ? :(", []]], "speakers": {"Frankie": 0, "Newbie": 1, "lonelyearth": 2, "Michaela": 3, "angel 🦋": 4}}, {"id": 16999760, "category": {"id": 20, "name": "Others"}, "emotion": "Nothing", "turns_number": 4, "dialogues": [[860906, 0, "it seems like I am the only one on earth and maybe only to more people who are in their 20s and never had a relationship or something like that  ", ["🤷", "♀"]], [1307324, 3, "you are not alone by", ["💜"]], [965312, 2, "th being single is lit", ["😔", "💖"]], [1489809, 1, "Actually  think there are millions of people like that", []]], "speakers": {"Existential Boredom🪧": 0, "hera 🦢": 1, "angevil": 2, "I am Stranger": 3}}, {"id": 16999750, "category": {"id": 7, "name": "Relationships"}, "emotion": "Confused", "turns_number": 4, "dialogues": [[0, 0, "Should i ask friend with benefits if he wants marry me after 5 years on and off", []], [1390145, 3, "Not for a relationship first ?", []], [469234, 2, ".You know what a friends with benefits is right ?", []], [1371358, 1, "you are too desperate for him ?", []]], "speakers": {"Anonymous": 0, "Maya 🛸": 1, "Richelle": 2, "broke lord": 3}}, {"id": 16999746, "category": {"id": 7, "name": "Relationships"}, "emotion": "Supportive", "turns_number": 3, "dialogues": [[475490, 0, "My type of ideal man that he loves animal more than human", ["😅"]], [1465956, 3, "my ideal man is Harry Style", []], [1322240, 1, "So maybe i ll treat you like my lovely deer", ["🦌", "😂"]]], "speakers": {"Marci": 0, "⠀": 1, "Hexx66": 2}}, {"id": 16999722, "category": {"id": 62, "name": "Mental Health"}, "emotion": "Loving", "turns_number": 4, "dialogues": [[475490, 0, "Hi , you are beautiful . I love you", []], [1399260, 3, "You are beautiful too.and I love you", ["💕"]], [1021481, 2, "no I m not actually I m just nothing at the end", ["😔"]], [675844, 1, "I do not think I am or worthy of love", []]], "speakers": {"Marci": 0, "Neha": 1, "mod zak": 2, "Logan": 3}}, {"id": 16999696, "category": {"id": 11, "name": "Hopes"}, "emotion": "Hopeful", "turns_number": 3, "dialogues": [[1370874, 0, "Alright Hate if you want . i just want Valentine is day to get over sap . Just so i can get rid of those constant stupid posts . Relationship is not everything and you can be just be fine , if not better without it .", []], [1471349, 2, "Love posts make me hurt", []], [1450073, 1, "Right!Sometimes you feel better with feeling fulfilled in yourself !", []]], "speakers": {"‎": 0, "User Banned": 1, "Agent Crystal🚬": 2}}, {"id": 16999694, "category": {"id": 12, "name": "Self Harm"}, "emotion": "Lonely", "turns_number": 3, "dialogues": [[1486848, 0, "I just want to cut so God damn bad . i am so tired of being alone . And having to pretend I m ok in front of people . I do not have anyone to ever go to , and any time I do go to someone I get hurt even more .", []], [826294, 2, "so what is stopping you", []], [1477764, 1, "do not know about him , but I m here if you want to talk", []]], "speakers": {"Mia B": 0, "Keith Baker": 1, "Bilal Mussa": 2}}, {"id": 16999661, "category": {"id": 20, "name": "Others"}, "emotion": "Exhausted", "turns_number": 3, "dialogues": [[1442199, 0, "Have any began here noticed an improvement with digestion after going began ?", []], [1258757, 2, "nap its like the burning falls .", ["😂"]], [1465956, 1, "my parents are vegetarian and it does help even though I cheat occasionally cause I m not parting away with my chicken suggest", []]], "speakers": {"Rindelo": 0, "♡Little.Miss♡": 1, "⠀": 2}}, {"id": 16999642, "category": {"id": 20, "name": "Others"}, "emotion": "Down", "turns_number": 3, "dialogues": [[1243654, 0, "I do not struggle with anxiety it comes very easy to me", []], [1409214, 2, "what is your find its way", []], [1142898, 1, "A . Sending a hug . I hope you do not mind me looking at your posts after you liked one of mine laugh out loud", []]], "speakers": {"Sid.D": 0, "berzellius": 1, "Star Girl 💛": 2}}, {"id": 16999599, "category": {"id": 10, "name": "Friends"}, "emotion": "Lonely", "turns_number": 4, "dialogues": [[1489869, 0, "man I have literally only got one friend . I feel so lonely .", []], [1367879, 3, "if you need an online friend i am here", []], [740523, 2, "i am so sorry you have to feel this way . well hey welcome to Talklife . a lot of people here are friendly and nice . if you have anything bothering on mind , hit me up . We all are here . :)", []], [1126876, 1, "need someone to talk to ?", []]], "speakers": {"CM": 0, "drenii": 1, "Maddy": 2, ".": 3}}, {"id": 16999589, "category": {"id": 67, "name": "Self-Care"}, "emotion": "Calm", "turns_number": 3, "dialogues": [[1444612, 0, "You can not attain everlasting peace of mind unless you stop seeing your mind as yourself and start seeing yourself as your mind is guardian . - Mokokoma Mokhonoana", []], [1012692, 2, "that is such a great thing I read today !", []], [1169076, 1, "These quotes really shake my mind . Thankyouryour", []]], "speakers": {"Cosmic Monk": 0, "ImHungry": 1, "DarkLight": 2}}, {"id": 16999580, "category": {"id": 65, "name": "Eating Disorders"}, "emotion": "Tired", "turns_number": 3, "dialogues": [[1487292, 0, "Anyone else get headache from exercising ? I feel super tired from my like .", []], [1254403, 2, "I think you might need more water", []], [1041807, 1, "No , I exercise and go to grm regulareally . Probably not enough oxygen is going around the body", []]], "speakers": {"Ava": 0, "brighteyesvividreams": 1, "Ashley 🥀": 2}}, {"id": 16999567, "category": {"id": 74, "name": "Depression"}, "emotion": "Depressed", "turns_number": 3, "dialogues": [[1489853, 0, "How to make understand to people that you feel bad and hopeless ?", []], [1163865, 2, "those who can understand will understand without words", []], [1489184, 1, "Did you try to just say it ?", []]], "speakers": {"Dahna": 0, "̶D̶a̶r̶k̶e̶s̶t̶ ̶S̶h̶a̶d̶e̶ ̶o̶f̶ ̶B̶l̶a̶c̶k̶ ̶ ̶": 1, "Narcissist": 2}}, {"id": 16999539, "category": {"id": 63, "name": "My Story"}, "emotion": "Meh", "turns_number": 3, "dialogues": [[1444032, 0, "i swear always i feel like i am in a test.when i become a little happy again , something suddenly happen makes me want to cry clot and i really do not know why that happened , i know life is always wo not be as a straight curve ( for example d ) but that is make me feel so bad . like i have to choose to complete my day as it should be or to sleep crying :)", []], [1489520, 2, "such is life only brings you up to throw you down from heights the next chance it got.happens to me lots of time and yet I still keep hoping like a fool that something will change for the better", []], [1271562, 1, "please do not message on whatsapp . I am probably going to disappear for a while", []]], "speakers": {"🌧️": 0, "s": 1, "▪︎": 2}}, {"id": 16999522, "category": {"id": 62, "name": "Mental Health"}, "emotion": "Supportive", "turns_number": 3, "dialogues": [[465873, 0, "having just like one person to talk to sucks cause they get busy and you are like .now what why are days so long", []], [867347, 2, "And that my friend is why you ca not focus all your attention on one person . Because your the one that ends up alone when their busy doing things or with others . Nothing that ca not be undone.start talking to more pp , spread your attention a little . Nothing wrong with having more pp to interact with , will be better for you , make you feel less alone in the world", []], [807845, 1, "That is why i go with the rule of talking to no one", ["😌"]]], "speakers": {"drug scartel": 0, "RtwoS": 1, "DnC 🦋": 2}}, {"id": 16999491, "category": {"id": 7, "name": "Relationships"}, "emotion": "Supportive", "turns_number": 3, "dialogues": [[1481369, 0, "If someone really into you , you did not have to keep begging them for call or text . if you are priority they will . Always remember that !", []], [1465956, 2, "well I thought that was obvious", []], [1487024, 1, "real shit that you talking about seed did per", ["💓", "🖖"]]], "speakers": {"Sai 🖤": 0, "⠀": 1, "slash indian": 2}}, {"id": 16999486, "category": {"id": 7, "name": "Relationships"}, "emotion": "Supportive", "turns_number": 5, "dialogues": [[1489510, 0, "Has someone experience with a depressed girlfriend / boyfriend?Cause my girlfriend can not show feelings anymore to me . And she says she does not feel anything for me anymore . I am sure it is because the depression but can the feelings come back again when she is cured?If you know my situation please write your experience .", []], [1135297, 4, "brow , I too feel that way", []], [1135297, 4, "and the worst earlier I confessed that I have feelings for him", []], [1083704, 3, "feel you . but I can not explain either cut I still do not understand . hope everything gets better for you soon", []], [1459855, 1, "depressed girlfriend is not worth it . you waste your time with someone ungrateful instead of living life .", []]], "speakers": {"Newbie": 0, "alalalalla": 1, "👽": 2, "Angel": 3}}, {"id": 16999452, "category": {"id": 20, "name": "Others"}, "emotion": "Meh", "turns_number": 3, "dialogues": [[1430867, 0, "craving for some pizzas and love .", ["🙏", "🏼", "🥺"]], [1009381, 2, "watch out love can be dangerous ,", []], [1487024, 1, "virtual penza and virtual love", ["🍕", "💑", "💓", "😁"]]], "speakers": {"M 🦋": 0, ".": 1, "slash indian": 2}}, {"id": 16999449, "category": {"id": 72, "name": "Anxiety"}, "emotion": "Heartbroken", "turns_number": 4, "dialogues": [[867622, 0, "Worst pain is getting played by a person you lowered your standards for", ["💫"]], [788448, 3, "you did not lower your standard . you were interested as well", []], [437857, 2, "I can relate but I did not exactly lower my standards . I just put up with a lot of stuff that hurt my self respect or was straight fucking dumb about her . Maybe even pretensions .", []], [1485753, 1, "Sometimes life is lessons are at the expense of our emotions , leaving us hurt and asking why .", []]], "speakers": {"RahuLxD": 0, "MarkoPoyo": 1, "Lemon Boy": 2, "Old Bastard 😎": 3}}, {"id": 16999434, "category": {"id": 68, "name": "I Need Help"}, "emotion": "Relaxed", "turns_number": 4, "dialogues": [[1205139, 0, "Hey guns ! Any fellow bookworms here that can recommend a non - romance , suspense and/or mystery fiction book ?", []], [1339016, 3, "The Morganville Campfires by Rachel Maine . Pretty scar book .", []], [788448, 2, "Gone Girl or The Six Suspects", []], [1481369, 1, "A time for Mercy - John Brigham !", []]], "speakers": {"Nat": 0, "HannahAlly": 1, "MarkoPoyo": 2, "Sai 🖤": 3}}, {"id": 16999425, "category": {"id": 74, "name": "Depression"}, "emotion": "Lonely", "turns_number": 3, "dialogues": [[1386111, 0, "it is the hours when loneliness strikes hard . just want to hug my blanket to my chest and cry .", []], [1117966, 2, "Huge You are not alone", ["🤗"]], [673529, 1, "Oh run , I am sorry for how you feel , hope you feel better . huge", []]], "speakers": {"Raven's Cry": 0, "blackrose❤︎": 1, "hope": 2}}, {"id": 16999416, "category": {"id": 68, "name": "I Need Help"}, "emotion": "Confused", "turns_number": 5, "dialogues": [[1489833, 0, "how do I know my sexuality . i have been so confused lately , I do not know if I m les or i ? or straight ?", []], [1259285, 4, "You just go with what you like , even if you like both its ok", ["💕"]], [1488948, 3, "Same . Just try to see if you think a girl is beautiful and think should you date her or is is", []], [551203, 2, "Hum , is not it just based on if you want to have sex with people of that gender ?", []], [1033969, 1, "That is really not something you should think about , just follow your hearth , the label is not important", []]], "speakers": {"Lya006": 0, "shinny": 1, "Tedito Bg": 2, "Björk": 3, "M.": 4}}, {"id": 16999396, "category": {"id": 63, "name": "My Story"}, "emotion": "Hopeful", "turns_number": 6, "dialogues": [[1489850, 0, "I wish I had a boyfriend for valentine day", []], [1191523, 5, "I wish I had a boyfriend in general or a girlfriend or something.(sigh )", ["🥺"]], [1211878, 4, "come to my country you ll have a date on Valentine s", []], [591469, 3, "rent one for a day then", []], [1000984, 2, "well with money a lot is possible havana", []], [1489184, 1, "I wish I had my own house , car and stable job for Valentine is Day :)", []]], "speakers": {"Rebecca I like you GALE": 0, "JadaT": 1, "allen": 2, "User Banned": 3, "🎸Bear🎸": 4, "Narcissist": 5}}, {"id": 16999382, "category": {"id": 61, "name": "Positive"}, "emotion": "Supported", "turns_number": 4, "dialogues": [[1489575, 0, "can anyone tell me something good ? !", []], [1029954, 3, "it ll be over soon", []], [1033969, 2, "Some penguin species mate for life , also when we first discovered them we called them  strange geese ", []], [1010132, 1, "you can not loose anything / anyone that belongs to you by divine right", []]], "speakers": {"Je Suis": 0, "🕷️🕸️": 1, "M.": 2, "Anjh€llicJøk€®": 3}}, {"id": 16999377, "category": {"id": 61, "name": "Positive"}, "emotion": "Loving", "turns_number": 3, "dialogues": [[1133999, 0, "Negative have people need drama like OXYGEN . Stay POSITION have it will take their breath away", ["😉"]], [1473497, 2, "Firstly its so easy to say secondly do you understand that lot of people have abuse have and horrible past , trauma and so on , . most people have issues and its not a choice", []], [1402669, 1, "Oh my god ! You said it missy !", ["😘", "💖"]]], "speakers": {"Happiness✨": 0, "lol": 1, "Liri": 2}}, {"id": 16999352, "category": {"id": 12, "name": "Self Harm"}, "emotion": "Hopeful", "turns_number": 3, "dialogues": [[1379100, 0, "sometimes it feels the only release to deal with my trauma and its is self harm , has anyone got any tips on other stuff other then self harm?kate", ["😁", "😊"]], [1489126, 2, "the 21 minute exercise treatment helped me stop . basically just run yourself into the ground instead . it floods your system with mormons , same as self harm . I never wanted to go so i would promise myself I could self harm if I still wanted to when I got back . never did feel like it afterwards .", []], [826294, 1, "i usually exercise like sit up or push up . or i paint with red nail polish on my skin then when it feels off it hurts but it does not leave any scars . then seeing how long i can hold an ice cure before it melts i have the cold release i usually get from self harm .", []]], "speakers": {"Kt": 0, "PewDiePie": 1, "Keith Baker": 2}}, {"id": 16999342, "category": {"id": 62, "name": "Mental Health"}, "emotion": "Numb", "turns_number": 3, "dialogues": [[0, 0, "I just popped all in my parties", ["🥺"]], [591469, 2, "awe that is so cut", ["🥺"]], [1000984, 1, "well it happens to all of us", []]], "speakers": {"Anonymous": 0, "User Banned": 1, "🎸Bear🎸": 2}}, {"id": 16999339, "category": {"id": 10, "name": "Friends"}, "emotion": null, "turns_number": 3, "dialogues": [[0, 0, "You people complain that you are lonely and have no friends . Maybe you DID have a friend who was checking up on you , essaying daily and daring for ubutyouru push them away and now lonely someone is making an effort to bond with you , they deserve to know if you want to bond with them also . STOP SHOUTING", []], [788556, 3, "they do not actually care.daring means to understand someone wholly and knowing that someone who wants you to stay will push you away .but if he really cares then he is on na stay", []], [1202088, 2, "You exactly explained what I am going through in .", []]], "speakers": {"Anonymous": 0, "Not Cute🥺": 1, "Asif": 2}}, {"id": 16999327, "category": {"id": 7, "name": "Relationships"}, "emotion": null, "turns_number": 3, "dialogues": [[1489067, 0, "because all of gloves all of youlove your curves and all your edgesall your perfect imperfectionsgi have your all to me will i have my all to youyou are my end and my beginningeven when I lose I m winningbecause I i have you all of means you i have me all of you , oh oh", []], [1202088, 2, "How many times do I have to tell youeven when you crying you beautiful too I was just listening to this , what a coincidence .", ["❤"]], [1475165, 1, "I do not know if it is a poetry or something you feel for someone but it is beautifully penned wish that person will respect this love and your feelings", ["👏"]]], "speakers": {"Lucee": 0, "Asif": 1, "Arsh": 2}}, {"id": 16999324, "category": {"id": 7, "name": "Relationships"}, "emotion": "Lonely", "turns_number": 3, "dialogues": [[941405, 0, "Am looking for love ( soulmate ) , but seems I can not find love .", []], [1346892, 2, "You can be your own soulmate for now", ["🙂"]], [1488703, 1, "you do not need to find , You will suddenly meet somehow and it will feel magical trust me", []]], "speakers": {"Highly favored 🌺": 0, "Passionate_Addicted Poet Author/Poet": 1, "Angel in disguise": 2}}, {"id": 16999311, "category": {"id": 72, "name": "Anxiety"}, "emotion": "Tired", "turns_number": 3, "dialogues": [[1489731, 0, "i can not sleep , these thought keep surging in , i am so tired", []], [1268654, 2, "I m here to help .", []], [1489858, 1, "Same . I feel so useless , and worthless like I have no value", []]], "speakers": {"Zee": 0, "𝗞𝗮𝘁𝘀𝘂": 1, "JuneEsther": 2}}, {"id": 16999274, "category": {"id": 7, "name": "Relationships"}, "emotion": "Supportive", "turns_number": 3, "dialogues": [[1458386, 0, "Me getting too emotional invested in people too quickly", []], [1324099, 2, "i think we had be quicker if you asked who did not did not", []], [1465956, 1, "my own expectations and trusting people", []]], "speakers": {"Sapphiremusic": 0, "God": 1, "⠀": 2}}, {"id": 16999255, "category": {"id": 7, "name": "Relationships"}, "emotion": "Caring", "turns_number": 3, "dialogues": [[0, 0, "i need someone to talk daily.low phase of life.is anyone willing to talk.please Snapchat users especially", ["🥺"]], [1487745, 2, "You can contact me to chat here or on snap", []], [1489838, 1, "i am here if you need to", []]], "speakers": {"Anonymous": 0, "Dani Thefrog": 1, "Eruu": 2}}, {"id": 16999231, "category": {"id": 20, "name": "Others"}, "emotion": "Sad", "turns_number": 4, "dialogues": [[1489551, 0, "how can I have my routine products have just to realize that li have exists and its interesting !", []], [1473497, 3, "stop overthinking and try doing things.find some ways to clear your mind . then apply that clarity into maybe studying or getting things done.find your muse", []], [568664, 2, "hey would you like to talk about it", []], [371541, 1, "your do has been disabledkindly check the settings to enable it", []]], "speakers": {"Divita Sakhare": 0, "lol": 1, "animalpuppy83": 2, "waqt": 3}}, {"id": 16999228, "category": {"id": 12, "name": "Self Harm"}, "emotion": "Overwhelmed", "turns_number": 3, "dialogues": [[9027, 0, "To : sexual assault Does anyone else who is been assaulted deal with the constant need for variation ? Even if it is sexually ? Me , being bipolar- cut off a relationship that had barely just started . i am too afraid to let people in . But now that the relationship is cut off I feel even more empty . Why do I feel like I need constant assurance that I have value ?", []], [1012692, 2, "yea I can relate but are you ok ? you can text me and talk about it only if you are comfortable", []], [863809, 1, "Yes , I think it is pretty common because we went through a traumatic experience where someone disregard our feelings so we have the need of being reassured and sometimes even end up and do not leave toxic relationships . It takes time but I m sure you ll find your way and be happy by yourself !", []]], "speakers": {"Kate⚡️": 0, "ImHungry": 1, "angel 🦋": 2}}, {"id": 16999218, "category": {"id": 62, "name": "Mental Health"}, "emotion": "Loving", "turns_number": 4, "dialogues": [[1486847, 0, "Love me like there is no tomorrow ~", ["❤"]], [1392581, 3, "translation :  kill me so I can not see tomorrow ", []], [1488625, 2, "treat me like it is last day of submitting the assignment", []], [1487675, 1, "bang me like door on a hurricane ?", []]], "speakers": {"Loiss 🌹": 0, "Kush": 1, "your boo": 2, "⚡𝗞𝗔𝗕𝗶𝗥ᵃ⚡": 3}}, {"id": 16999217, "category": {"id": 63, "name": "My Story"}, "emotion": "Irritated", "turns_number": 7, "dialogues": [[1012692, 0, "why are guns ( not all of em ) always wants to talk about $ e like all the time . It is annoying . like there are so many interesting things to talk about . tell me what you like tell me your far book movie or anything your opinion on different subjects . If gets annoying and turns me off ughhsgnzhz", []], [1437214, 6, "I do not understand that either and that is sad bc sometimes the convoy starts good they have to ruin it talking about is is", []], [1076483, 5, "Co nice guns you leave on read ?", []], [1489833, 4, "men will always be toxic . the 0.01 % good men out there are taken :)", []], [1487456, 3, "because they are lower then animals", []], [1488625, 2, "i really appreciate how you mentioned .not all of them", []], [1489943, 1, "so true ! once i talked with a guy for hours and we had a really nice conversation and i thought he was different than other guns . he ended up asking me for nodes", ["😐"]]], "speakers": {"ImHungry": 0, "Crybaby 🪦🕯🔮": 1, "Taurean": 2, "Lya006": 3, "Newbie": 4, "your boo": 5, "leonie": 6}}, {"id": 16999188, "category": {"id": 7, "name": "Relationships"}, "emotion": "Insecure", "turns_number": 4, "dialogues": [[767931, 0, "I ll die alone hate myself , I hate how I did not try dating until 22Now I m 24 and still a virgin which no woman wants . I have asked friends and they all tell me they had rather die than deal with a man that old who has not had semi have asked online and I have heard similarity about her past yet somehow mine is an issue hate myself", []], [1178206, 3, "tell them you are not a virgin how the hell would they know if you are lying", []], [509902, 2, "There is nothing wrong in being a virgin .", []], [1489809, 1, "Do not let their toxic thoughts make you feel bad for nothing ,  mean being virgin is not a problem , problem is other people is thinking about it", []]], "speakers": {"Internal Bandicoot": 0, "kyle": 1, "Tamta": 2, "I am Stranger": 3}}]