[{"id": 16999182, "category": {"id": 68, "name": "I Need Help"}, "emotion": "Tired", "turns_number": 3, "dialogues": [[476136, 0, "it really sounds like he put something in your drink.but even if he did not purposefully drug you , it does not matter - he saw you being in a vulnerable position and started touching your hair / thighs , and that is sexual harassment in itself.i am so , so sorry something like this happened to you . i really hope you are in a safe place right now and if you ever feel the need to talk to someone my des are always open , ok ?", []], [1277649, 2, "i think he did drug you :/ i m so so glad nothing more happened , though what did happen is awful too .", []], [1382500, 1, "Yes , something was in the water .", []]], "speakers": {"✌FIND ME✌": 0, "matilda101": 1, ".": 2}}, {"id": 16999176, "category": {"id": 5, "name": "Bullying"}, "emotion": "Lonely", "turns_number": 5, "dialogues": [[0, 0, "What is the meanest thing people said toyouryour", []], [498110, 4, "That I should look at myself before hitting on a hot thick .", ["😕", "🥺"]], [1414621, 3, "when they say am the best", []], [1465956, 2, "I m crazy ~ By an insecure ex~", []], [1474389, 1, "You look like a pregnant ladyoure welcomehen I was 14", ["😅"]]], "speakers": {"Anonymous": 0, "cavalr3": 1, "Day and night": 2, "⠀": 3, "Abbadia": 4}}, {"id": 16999156, "category": {"id": 7, "name": "Relationships"}, "emotion": "Inspired", "turns_number": 3, "dialogues": [[1486283, 0, "Have you ever been in lover liked someone but you can not confess?Right now is the chance for you to do into or never ! this is a signyou can do it ! this is your chance .", []], [662597, 2, "will you marry me ?", []], [1477196, 1, "hahahahahaha I remember my first love . has to kiss now , can not be gathered with me l laugh out london", []]], "speakers": {"Mafuyu": 0, "Definitely not Guava": 1, "🇺🇲Reloveution": 2}}, {"id": 16999155, "category": {"id": 62, "name": "Mental Health"}, "emotion": "Tired", "turns_number": 3, "dialogues": [[1444725, 0, "The only things i enjoy doing these months are listening music and smoking cigarettes", []], [507924, 2, "for me it is weed", []], [1489833, 1, "Music really is everyone is best friend", []]], "speakers": {"dreamer": 0, "✨⭐🌟Står🌟⭐✨": 1, "Lya006": 2}}, {"id": 16999153, "category": {"id": 20, "name": "Others"}, "emotion": "Exhausted", "turns_number": 3, "dialogues": [[923103, 0, "how do i raise my body hemp ? i am tired of being cold all the time brow", []], [1168950, 2, "you put on more layers of clothes", []], [1426236, 1, "I do not know if it is true but someone told me keeping your wrists warm may work ?", []]], "speakers": {"𝕡 𝕖 𝕓 𝕓 𝕝 𝕖": 0, "leave me alone": 1, "0K47": 2}}, {"id": 16999149, "category": {"id": 11, "name": "Hopes"}, "emotion": "Bored", "turns_number": 3, "dialogues": [[1489804, 0, "it often makes me wonder how it is possible to be hopeful when everything seems to be chronic , disturbed and not balanced .", []], [476136, 2, "by not going through it alone", ["🍀"]], [507924, 1, "it is about feeling grounded within yourself . think of yourself as a ship . if you allow all that water to go in you then you ll surely sink .", []]], "speakers": {"Aryan Sharma": 0, "✌FIND ME✌": 1, "✨⭐🌟Står🌟⭐✨": 2}}, {"id": 16999147, "category": {"id": 7, "name": "Relationships"}, "emotion": "Hopeful", "turns_number": 6, "dialogues": [[1156277, 0, "how about a long dry have with lots of silent conversations . ?", []], [684673, 6, "silent ? Ehnodepends on company", []], [1486748, 5, "great idea lets go .", []], [605960, 3, "I m up for it", []], [1318123, 2, "you kind of answered your previous question", []], [1454451, 1, "Hill station during Rainy season", []]], "speakers": {"Parvana": 0, "Kama2": 1, "✌️✌️ ∂εѵเℓ รเɳɠɦ": 2, "•Death•note•": 3, "The Gaming Otaku": 4, ".": 5}}, {"id": 16999141, "category": {"id": 20, "name": "Others"}, "emotion": "Optimistic", "turns_number": 3, "dialogues": [[1110671, 0, "k life are outer than you", []], [1152555, 2, "maybe sharper but not really see you see you", []], [1483282, 1, "Up , knit have are my thing", ["🗡", "🤍"]]], "speakers": {"3,14159265358": 0, "Marcus aurelius": 1, "AzA": 2}}, {"id": 16999136, "category": {"id": 61, "name": "Positive"}, "emotion": "Proud", "turns_number": 4, "dialogues": [[1206302, 0, "I m starting to learn crept", []], [684673, 3, "bitcoin and its family ?", []], [1041807, 2, "You got to start learning to mine crept.that the hard part", []], [1488625, 1, "will you teach me too ?", []]], "speakers": {"sab 🌈": 0, "Kama2": 1, "Ashley 🥀": 2, "your boo": 3}}, {"id": 16999134, "category": {"id": 10, "name": "Friends"}, "emotion": "Hopeful", "turns_number": 3, "dialogues": [[1486529, 0, "I believe better times are coming but the demon keep telling me otherwise", ["😟"]], [1041807, 2, "Are you going listen to the demon who only wants the worst of things to happen toyouryour", []], [1379100, 1, "yeah I feel like that too Xx", []]], "speakers": {"Aspect": 0, "Ashley 🥀": 1, "Kt": 2}}, {"id": 16999133, "category": {"id": 7, "name": "Relationships"}, "emotion": "Supportive", "turns_number": 4, "dialogues": [[1458475, 0, "so you guns are really single ? like single , single ? like nobody wants you single ?", []], [390326, 3, "like nobody going to want my ass for a year probably single", []], [1295700, 2, "i am single single and i am going to die fucking alone . fuck the emotions i even feel distant from my friends . so whatever , yes brow single single .", []], [865452, 1, "yea , like I could not be more single type of single", []]], "speakers": {"preschooler": 0, "Tamm ": 1, "homo erectus hunter aka dia": 2, "whatever.": 3}}, {"id": 16999132, "category": {"id": 11, "name": "Hopes"}, "emotion": "Caring", "turns_number": 4, "dialogues": [[0, 0, "I feel bad because I can not tell the difference between Asia people . I do not mean to be racism . It is just so hard for me use why and I m sorry", []], [1009324, 3, "I ca not either laugh out loud", []], [1489804, 2, "what is more harder is differentiating Europeans and Americans unless they do not speak . just an Signs view .", ["😂"]], [378234, 1, "It is not racism . Rather biology", []]], "speakers": {"Anonymous": 0, "maio ツ": 1, "Aryan Sharma": 2, "Daniel": 3}}, {"id": 16999103, "category": {"id": 15, "name": "Family"}, "emotion": "Angry", "turns_number": 3, "dialogues": [[1489740, 0, "just learn cooking some easy meals but she should not have talked to you that way , but sometime you need to not care", []], [844032, 2, "it is not cool that she reacted this way but you should consider teaching yourself how to cook some simple stuff , there is a ton of recipe online", []], [1489833, 1, "she should not have treated you that way but perhaps you could cook yourself something simple ?", []]], "speakers": {"unknown & unloved potato": 0, "maddie": 1, "Lya006": 2}}, {"id": 16999096, "category": {"id": 20, "name": "Others"}, "emotion": "Supportive", "turns_number": 4, "dialogues": [[917219, 0, "Kshxks I have got a date with a girl in a couple of weeks . I m nervous", ["😭"]], [1259285, 3, "May ! Hope it goes well and", ["😁", "👉", "👈"]], [1489833, 2, "I hope she treats you well <3", []], [732185, 1, "awe do it will go wellenjoy it :3", []]], "speakers": {"⛓️🖤 Dead Goth Bitch 🖤⛓️": 0, "shinny": 1, "Lya006": 2, "Aaron Buendia": 3}}, {"id": 16999064, "category": {"id": 61, "name": "Positive"}, "emotion": "Positive", "turns_number": 3, "dialogues": [[1138599, 0, "I have no problem admitting that i am wrong , I just never am", []], [518741, 2, "You must not be human then laugh out loud", []], [1392086, 1, "here . i like that", []]], "speakers": {"Valontino The GOD": 0, "ホット": 1, "deepressed plaStick in the Buttle in the sea": 2}}, {"id": 16999024, "category": {"id": 20, "name": "Others"}, "emotion": "Hopeful", "turns_number": 4, "dialogues": [[1280785, 0, "When you start liking this pp , there is no point you ll leave it completely . You are going to come back n use it .", []], [863809, 3, "I was once addicted to it but now I can go a week without it", []], [1370874, 2, "it is basically a virtual addition", []], [1487024, 1, "yeah this pp is so addicted have", []]], "speakers": {"Pri ya🌸": 0, "angel 🦋": 1, "‎": 2, "slash indian": 3}}, {"id": 16999016, "category": {"id": 62, "name": "Mental Health"}, "emotion": "Meh", "turns_number": 4, "dialogues": [[1278480, 0, "Even my phone no longer fulfill me :/", []], [863809, 3, "Same , looking for new reasons to be awake :)", []], [1465956, 2, "there is no fulfillment outside yourself", []], [1406872, 1, "You need a bigger phone", ["😳"]]], "speakers": {"híѕ príncєѕѕ 🎀": 0, "angel 🦋": 1, "⠀": 2, "User Banned": 3}}, {"id": 16999012, "category": {"id": 74, "name": "Depression"}, "emotion": "Depressed", "turns_number": 3, "dialogues": [[1489784, 0, "I always feel disgusted and ashamed with the way I look , i am always unhappy with myself , i am depressed . but I do not want to burden my boyfriend and my family with my problems . I suffer in silence and just constantly say i am fine . anyone else do this ?", []], [501217, 2, "Man i also feel like i am really ugly , but hey , i also found a girlfriend ( now ex ) and she said the reason se left me was because i was really insecure :/ so if you want to help i would say that you should not bother , these people love you", []], [1489833, 1, "i have been feeling this way a lot also , disgusted at myself and lack of motivation but I know complaining wo not get me anyone welcomehere so I really try my best to think position have", []]], "speakers": {"anonymous💗": 0, "pavel": 1, "Lya006": 2}}, {"id": 16998981, "category": {"id": 7, "name": "Relationships"}, "emotion": "Loving", "turns_number": 4, "dialogues": [[1487019, 0, "Is loving different than flirting", ["🤭"]], [236888, 3, "Not even in the same ballpark", []], [1489339, 2, "If you ca not tell the difference , you might be a flirt laugh out loud", []], [867347, 1, "Well one would hope if your In love your only flirting with the person your loving .", []]], "speakers": {"addictivealcohol": 0, "Liam123_": 1, "Renee": 2, "RtwoS": 3}}, {"id": 16998978, "category": {"id": 10, "name": "Friends"}, "emotion": "Supportive", "turns_number": 4, "dialogues": [[1288235, 0, "After two fucking years , I finally baked my favorite Chocolate moist cake . I really missed baking", ["💕"]], [1487098, 3, "Hope I can get a DO from you . Because I love to get a bite", []], [1147973, 2, "You are my chocolate only", ["😘"]], [1154858, 1, "why so long though ?", []]], "speakers": {"Jen ☕💕": 0, "James mckinley": 1, "CoDeMikO_Forever😎": 2, "Deep": 3}}, {"id": 16998970, "category": {"id": 7, "name": "Relationships"}, "emotion": "Afraid", "turns_number": 3, "dialogues": [[0, 0, "I ca not . I do not want to do this life alone . she is everything I could have needed . and I am scared . I want to hold her close to me but I ca not . god why .", []], [1080978, 1, "tell her how you felt", []], [1080978, 1, "a that is sweet i am sure she will come to you", []]], "speakers": {"Anonymous": 0, "♑angel eyes♑": 1}}, {"id": 16998967, "category": {"id": 7, "name": "Relationships"}, "emotion": "Hopeful", "turns_number": 3, "dialogues": [[1488216, 0, "I wish I was good enough for a girlfriend but I need a girl that is not going to hurt me and leave like everyone else .", ["💔"]], [1152555, 2, "you do not need to find that person you ll eventually get that person on time", []], [867347, 1, "Who says your not good enough ? Well I m glad you know what you want , nothing wrong with what your asking for .", []]], "speakers": {"Jessica": 0, "Marcus aurelius": 1, "RtwoS": 2}}, {"id": 16998924, "category": {"id": 7, "name": "Relationships"}, "emotion": "Annoyed", "turns_number": 4, "dialogues": [[949312, 0, "I have 99 problems and men are at least 73 of them", []], [530977, 3, "damn , that is more than 8", []], [1487019, 2, "by the way getting the key to your is tough or easy ?", ["🔒"]], [1399774, 1, "I know but it is what it is", []]], "speakers": {"Pumpkin✨": 0, "YouCan'tHandleMyCuteAss": 1, "addictivealcohol": 2, "Ice King👨‍⚕️": 3}}, {"id": 16998905, "category": {"id": 62, "name": "Mental Health"}, "emotion": "Sad", "turns_number": 3, "dialogues": [[1335370, 0, "How do I get rid of toxic shame ?", []], [1481369, 2, "You are great ! See your mirror and tell you are going to be awesome . I ll stay strong and Position have . Whatever happens I ll face it boldly . do not worry it ll be alright .", []], [1489809, 1, "What is that toxic shame ?", []]], "speakers": {"Soso🇨🇵": 0, "Sai 🖤": 1, "I am Stranger": 2}}, {"id": 16998892, "category": {"id": 74, "name": "Depression"}, "emotion": "Tired", "turns_number": 3, "dialogues": [[1487864, 0, "Everything you said stays inside my kendall the shit you said all the blood I bled", []], [1123709, 2, "please do not i have up I m always here for you", []], [1489575, 1, "you going to be alright", []]], "speakers": {"please help me": 0, "Joseph": 1, "Je Suis": 2}}, {"id": 16998883, "category": {"id": 7, "name": "Relationships"}, "emotion": "Heartbroken", "turns_number": 3, "dialogues": [[1489806, 0, "how is it that someone who once made you feel so good can make you feel so bad", []], [1372060, 2, "the ones who made you once feel the best are the only ones capable to hurt you deeply", []], [1486847, 1, "Humans just do that man", []]], "speakers": {"Newbie": 0, "siwar": 1, "Loiss 🌹": 2}}, {"id": 16998878, "category": {"id": 7, "name": "Relationships"}, "emotion": "Determined", "turns_number": 4, "dialogues": [[1178206, 0, "How do you know wen a relationship turns toxic", []], [1279827, 3, "When you have made your boundaries clear , they cross that line multiple times and you are still staying with that person", []], [710218, 2, "when you find yourself asking this question maybe I do not know", []], [1489520, 1, "when you have exhausted your option and reached the point where you realize no matter what you do , things wo not change for the better", []]], "speakers": {"kyle": 0, "Dennis💛": 1, ".": 2, "s": 3}}, {"id": 16998864, "category": {"id": 7, "name": "Relationships"}, "emotion": "Loving", "turns_number": 3, "dialogues": [[1489449, 0, "I just love him so much he is so good for me", []], [866846, 2, "that is the best feeling ever", []], [755905, 1, "You have very beautiful eyes now", []]], "speakers": {"Mashael": 0, "AAMHL": 1, "mavericka": 2}}, {"id": 16998855, "category": {"id": 10, "name": "Friends"}, "emotion": "Embarrassed", "turns_number": 3, "dialogues": [[1259285, 0, "I panic at a lot of other places besides the disco", []], [1329359, 2, "This is so funny , yet reliable", ["😂", "✨"]], [1472757, 1, "disco ? It was in the old times . Now Its called pub .", []]], "speakers": {"shinny": 0, "B̷a̴c̸t̴e̷r̸i̶a̴ ̸#̴1̴": 1, "🍁🍁 𝔖𝔥𝔞𝔣𝔦𝔮 🍁🍁": 2}}, {"id": 16998842, "category": {"id": 7, "name": "Relationships"}, "emotion": "Confused", "turns_number": 4, "dialogues": [[1127018, 0, "I asked Question and People trying to be Helpful laugh out loud Go Goose this is pp for sharing emotions Practice Your Englishreally ? And One of them Blocked me Cause  called hm Helpful laugh out loud", []], [437857, 2, "Well , the pp does have a purpose . If everyone started asking questions about any random topic , there will be pandemonium", []], [1483652, 1, "what was your question ?", []], [1483652, 1, "oh ok and what is the problem?you should go search the answer on Goose here we share feelings and our actual issues or you could ask someone who actually knows", []]], "speakers": {"🔥Global Warming İs Cold❄️🌨️": 0, "Lemon Boy": 1, "stef33": 2}}, {"id": 16998838, "category": {"id": 20, "name": "Others"}, "emotion": "Insecure", "turns_number": 4, "dialogues": [[633163, 0, "i would do anything to be skinny", []], [1152555, 3, "but the question is why", []], [1434604, 2, "just eat in calorie deficit and lookout that is it .", []], [1331231, 1, "Nothing wrong with being a bit thick  ", ["🤷", "♂", "👌", "🏻"]]], "speakers": {"Alexis": 0, "Marcus aurelius": 1, "Shivam Ujjainwal": 2, "null": 3}}, {"id": 16998836, "category": {"id": 7, "name": "Relationships"}, "emotion": "Happy", "turns_number": 5, "dialogues": [[1415825, 0, "my boyfriend says he is down to get me pregnant as soon as we move out it makes me excited for the future", []], [657075, 4, "how old areyouryour", []], [1351410, 3, "Marry him first . Old folks always say marry before sex.so.oh if you have already done it , marry before you have a kid . Just what pp tell me from experience .", ["😊"]], [1373506, 2, "How old are you both ?", []], [1461352, 1, "Oh been ! . That is what they always say ! At 16 do not rush too , have fun while it lasts . Printing is hard and expense have . Build yourself and USE PROTECTION .", []]], "speakers": {"Kylie": 0, "tacos": 1, "Cadoxton": 2, "Hoji": 3, "Sawi❤️": 4}}, {"id": 16998832, "category": {"id": 7, "name": "Relationships"}, "emotion": "Heartbroken", "turns_number": 4, "dialogues": [[736073, 0, "Just blocked the person who i wanted to share my heart with .", []], [1370043, 3, "There is millions more where that person came from .", []], [1233998, 2, "it is ok do not worry you will be fine", []], [1361331, 1, "You are in deep love with him", []]], "speakers": {"just kind girl": 0, "ArmaLite AR-18": 1, "User Banned": 2, "Hamza Malik": 3}}, {"id": 16998814, "category": {"id": 5, "name": "Bullying"}, "emotion": "Supportive", "turns_number": 3, "dialogues": [[1489800, 0, "what do I do in a situation when i am considered a groomed and everything is put against me , I admit i am a flirt but i would do that with the gillies as a joke and this girl took all I said and turned it against me , I ca not seem to move forward that word taunts me and my life sucks ass . I never made a mistake and i am just so depressed", []], [236888, 2, "If what you said is not that bad then how can it be turned against you", []], [469234, 1, "First off why would you talk with little kiss ( whatever jokes you said ) something that could get you in hot water?Why ?", []]], "speakers": {"IHateMyself": 0, "Liam123_": 1, "Richelle": 2}}, {"id": 16998810, "category": {"id": 53, "name": "Education"}, "emotion": "Supportive", "turns_number": 4, "dialogues": [[1061419, 1, "add me please  thanks", ["☺"]], [1485833, 4, "can you add me ?", []], [1269445, 3, "i think i need it", ["🏻", "👉", "👈"]], [1488828, 2, "Hi , please add me", []]], "speakers": {"Lilith 🇩🇪": 0, "User Banned": 1, "_estrxla_": 2, "Interpolate": 3}}, {"id": 16998748, "category": {"id": 10, "name": "Friends"}, "emotion": "Optimistic", "turns_number": 3, "dialogues": [[697464, 0, "Anxiety is .complete the sentence", []], [1370043, 2, "Anxiety for love of life , anxiety for pain . Anxiety , a feeling that you know you can not contain . Anxiety destroys us , but it dry have our common man . Foundation of society , anxiety . Suppress it if you can .", []], [1465956, 1, "is a fucking bitch !", []]], "speakers": {"ResilientMind🔎": 0, "ArmaLite AR-18": 1, "⠀": 2}}, {"id": 16998710, "category": {"id": 20, "name": "Others"}, "emotion": "Inspired", "turns_number": 3, "dialogues": [[1430605, 0, "I m convinced family is a tetanic organization / see you later its diffuse you later to escapeindoctrinationinappropriate loyaltythere is a parent / sitting who needs to be worshippednobody questions anythingthe person who does gets punished maybe mine is just narcissistic laugh out loud", []], [1480787, 2, "oh , so my family is a see you later too", []], [1489801, 1, "I hate it when it is like this !", []]], "speakers": {"sidra": 0, "DIABLO": 1, "NaturalNiaa": 2}}, {"id": 16998702, "category": {"id": 10, "name": "Friends"}, "emotion": "Supported", "turns_number": 3, "dialogues": [[1489728, 0, "I am going to have a big exam tomorrow , wish me luck :)", []], [1481369, 2, "Be calm and do your best let it comes whatever it is ! You going to rock the exam , All the best muddy :)", ["🍁"]], [666997, 1, "Good luck .i hope all the efforts you have made , pull through with this test", ["🍀"]]], "speakers": {"✨": 0, "Sai 🖤": 1, "Takeshi Kovacs🐉": 2}}, {"id": 16998658, "category": {"id": 7, "name": "Relationships"}, "emotion": "Surprised", "turns_number": 3, "dialogues": [[0, 0, "So last night my significant other decided to go all like Dominant on me over peacetime and that shit made my body and mind go and i am being so breaking serious when i say that .", ["🦋", "✨", "😩", "🤚", "🏾", "🥴", "🔥"]], [684673, 2, "know you know a new thing about yourself", []], [265543, 1, "so guessing from those femoris you enjoyed it right ?", []]], "speakers": {"Anonymous": 0, "Kama2": 1, "love_me_like_I_do": 2}}, {"id": 16998639, "category": {"id": 62, "name": "Mental Health"}, "emotion": "Hopeful", "turns_number": 3, "dialogues": [[1340071, 0, "feeling really sad but I do not want to talk to anyone , how can one go about this", []], [1467622, 2, "maybe write it down somewhere and get it off your mind ?", []], [1010084, 1, "just vent if you do not want talk", ["🙂"]]], "speakers": {"sunshine": 0, "pumkin_kin": 1, "Mr.Fantastic 🇮🇳": 2}}, {"id": 16998638, "category": {"id": 74, "name": "Depression"}, "emotion": "Depressed", "turns_number": 5, "dialogues": [[1489784, 0, "is it just me who feels like nobody would miss me if I disappeared ? us that is all I feel now a days .", []], [1268654, 4, "You are worthy of being missed by everyone of this world angel . You are awesome in every way", ["💕"]], [1457791, 3, "No not only you . I feel the same .", []], [978786, 2, "I think most of emotional person feels so", []], [1489184, 1, "I m missing you right now :)", []]], "speakers": {"anonymous💗": 0, "𝗞𝗮𝘁𝘀𝘂": 1, "Catastrophe": 2, "Singh": 3, "Narcissist": 4}}, {"id": 16998631, "category": {"id": 63, "name": "My Story"}, "emotion": "Anxious", "turns_number": 4, "dialogues": [[1456769, 0, "I do not speak up because I m afraid of being noticed , not because I have nothing to say .", []], [490937, 3, "this platform will help you to express yourself", []], [1459855, 2, "do not worry nobody cares about you so just speak up", []], [1419294, 1, "wear a mask while you speak.no surgical ones *", []]], "speakers": {"Knotright": 0, "Sathya - healer": 1, "Angel": 2, "User Banned": 3}}, {"id": 16998617, "category": {"id": 20, "name": "Others"}, "emotion": "Meh", "turns_number": 4, "dialogues": [[1012692, 0, "yesterday I got my period when I was i willing in a park and stained my jeans . Was a rough day", []], [1434604, 3, "chocolate for you have a great day ", ["🍫", "❤"]], [1087895, 2, "Perfectly normal , hope you are doing better !", []], [1354181, 1, "You ll be all right soon ! do not worry here . * tight huge *", []]], "speakers": {"ImHungry": 0, "Shivam Ujjainwal": 1, "LovexLel✓": 2, "Zenith": 3}}, {"id": 16998607, "category": {"id": 62, "name": "Mental Health"}, "emotion": "Nervous", "turns_number": 4, "dialogues": [[1489622, 0, "Anyone else with anxiety nausea ?", ["😬"]], [1268654, 3, "I have had that . To make it disappear take a deep breath , in and out . Drink enough water , eat enough food . Smile . and talk good to yourself . Hope it helps .", ["💕"]], [1123709, 2, "I have had it all I do is sit close my eyes and breath for 5 seconds", []], [1383016, 1, "oh my god yes it sucks cause in nothing is coming up but the feeling is so intense", []]], "speakers": {"Brigitte": 0, "𝗞𝗮𝘁𝘀𝘂": 1, "Joseph": 2, "Moth(they/xe/he)": 3}}, {"id": 16998580, "category": {"id": 20, "name": "Others"}, "emotion": "Frustrated", "turns_number": 3, "dialogues": [[1461675, 0, "A neonatal kitten I Rescued yesterday died after fighting long for his life . One of my classmates , who I did not really like , died . I feel haunted . My heads heavy . I feel dead .", []], [1293369, 2, "It is just a coincidence", []], [1168950, 1, "i mean , you win some you lose some right ?", []]], "speakers": {"Just someone": 0, "Shaz": 1, "leave me alone": 2}}, {"id": 16998575, "category": {"id": 7, "name": "Relationships"}, "emotion": "Meh", "turns_number": 3, "dialogues": [[1105392, 0, "I have blood running down my thighs and he wants to videocall", []], [1445716, 2, "Would it be us on your end not to ?", []], [1009381, 1, "I kind of feel like I m bleeding on the inside but try to tell him , i just can not seen like this right now . I m sure he will understand .", []]], "speakers": {"Indecisive Burden": 0, "counterfeit cat": 1, ".": 2}}, {"id": 16996661, "category": {"id": 74, "name": "Depression"}, "emotion": "Sad", "turns_number": 3, "dialogues": [[1482621, 0, "Ever feel like you just sabotaged your life and no one seem to understand you", []], [1426082, 2, "if you want to talk.hum", []], [1058067, 1, "Nobody can Understand Anyone . , it is just . , Nobody TRIED in UNDERSTANDING YOU . , take it easy . , Do Notice those who stayed with you through the Thick & thin Together . , They have tried to understand you . maybe , you did not try to understand them in return . , ~ I do not know ~", []]], "speakers": {"Empathetic Gemini": 0, "AIR-IM POLLUTED": 1, "Maya_In†oxicated": 2}}, {"id": 16996613, "category": {"id": 63, "name": "My Story"}, "emotion": "Exhausted", "turns_number": 3, "dialogues": [[1489664, 0, "I m having trouble renting . I know I have so much I want to get rid off my system but I just can not seem to utter the words for it .", []], [1025482, 2, "Take a deep breath , type everything fast without thinking of the odds and just let everything out . when that is done , click the anonymous button .", []], [1416082, 1, "It may sound caleche but if you ca not say it , write it . Sometimes just getting it out on paper helps", []]], "speakers": {"Loren": 0, "Potato Angel💝": 1, "*Looking*To*Talk*": 2}}, {"id": 16996572, "category": {"id": 20, "name": "Others"}, "emotion": "Nothing", "turns_number": 4, "dialogues": [[860906, 0, "I bought chocolate for my brother but now I want to eat it", []], [1392086, 3, "i do not know why i am smiling", []], [627294, 2, "he will buy you one", []], [1170506, 1, "I was going to say chocolate clair but hawk has a dirty mind", []]], "speakers": {"Existential Boredom🪧": 0, "deepressed plaStick in the Buttle in the sea": 1, "leakee": 2, "Teddy Flowers": 3}}, {"id": 16996557, "category": {"id": 7, "name": "Relationships"}, "emotion": "Heartbroken", "turns_number": 4, "dialogues": [[1487292, 1, "I understand your pain I found out I got created on recently as well . You will do better then him I promise I know you are hurting but time will let you heal .", []], [1224250, 4, "what the fuck i am so sorry . stay strong girl you deserve more", []], [1211878, 3, "that sucks he is a dick", []], [1488782, 2, "laughing my arms off i have no idea why i find this funnymoreover why do you care?4 years down the drain so whatnot benefited from this relationship as much as he didyou can now identify their intentions easily things happened must move on", []]], "speakers": {"Ava": 0, "'": 1, "allen": 2, "Subaru Araragi": 3}}, {"id": 16996543, "category": {"id": 63, "name": "My Story"}, "emotion": "Exhausted", "turns_number": 3, "dialogues": [[1483951, 0, "The world is not unfair . People are .", []], [622527, 2, "But it is so much easier if we just blame intimate world rather than accepting responsibility . Do not you know that adults acting like untrained tollers is the new pop thing ?", []], [1170506, 1, "yes that is me I m over here", []]], "speakers": {"🍄🌼𝓛𝓪𝓵𝓪🌼🍄": 0, "durka the Dreamer": 1, "Teddy Flowers": 2}}, {"id": 16996525, "category": {"id": 48, "name": "Work"}, "emotion": "Calm", "turns_number": 3, "dialogues": [[722854, 0, "Quit from my first job . Feeling great ! Freelancing fits me well than working in a company with co - workers .", []], [1154453, 2, "What do you do now ?", []], [1440466, 1, "I m happy for you that you find better way .", ["💖", "🌹"]]], "speakers": {"infj": 0, "dead inside": 1, "I don't exist": 2}}, {"id": 16996523, "category": {"id": 50, "name": "Music"}, "emotion": "Nothing", "turns_number": 3, "dialogues": [[1484521, 0, "Make Me Your Aphrodite Make Me Your One And Only But Do not Make Me Your Enemy", ["👑", "✨"]], [1488782, 2, "I see you as my kryptonitefor without you i can seem to fly walls all strong to all my needsbut when you are near start to bleed", []], [1488791, 1, "make me your hyacinthus make me your one and only but do not make me your enemy have a nice day", []]], "speakers": {"User Banned": 0, "Subaru Araragi": 1, "Abdul Akmal": 2}}, {"id": 16996504, "category": {"id": 10, "name": "Friends"}, "emotion": "Supportive", "turns_number": 6, "dialogues": [[1471878, 0, "I need someone to laugh with right now", []], [1424199, 5, "what is blue but smells like red paint ?", []], [1025482, 4, "I was once in a bus and a guy put on a dirty song and started singing the lyric and taking like a stripped on the pole . The pole was right next to my friend who was beside me . I was seriously mad at that time but now that I think about it , I laugh until I am out of breath like I am in .", ["🤣"]], [971423, 3, "ha . hata . yeah good times .", []], [1137729, 2, "well , try watching tom and merry .", ["😉"]], [1488791, 1, "when I went to bathroom , I was shocked because I saw my brother popping while not locking the doors", ["😂"]]], "speakers": {"User Banned": 0, "Froggy": 1, "Potato Angel💝": 2, "prey": 3, "meehaF": 4, "Abdul Akmal": 5}}, {"id": 16996454, "category": {"id": 63, "name": "My Story"}, "emotion": "Numb", "turns_number": 6, "dialogues": [[1317762, 0, "I miss having a face to face conversation . I miss being in the 80s .", []], [1426082, 5, "now days its type to type conversation", []], [1440466, 4, "true.that is something people forget about . and real life became only job and things to do , and conversation only about what others need you to do .", []], [1477641, 3, "80s , were you dead till 2019 ?", []], [1154858, 2, "pre could is fine too , do not need 80s", ["😂"]], [1399774, 1, "like people before 2010 did not talk in person", []]], "speakers": {"Lina Th": 0, "AIR-IM POLLUTED": 1, "I don't exist": 2, "Ray": 3, "Deep": 4, "Ice King👨‍⚕️": 5}}, {"id": 16996447, "category": {"id": 7, "name": "Relationships"}, "emotion": "Sad", "turns_number": 3, "dialogues": [[993708, 0, "I need a walk but my boyfriend cries and says do not cause will miss me but my legs hurt from no exercise I do not know what to do", []], [1098187, 2, "make him walk with you laugh out loud", []], [1459309, 1, "You do not have 30min away from him a day to do that ? Do you not work or ? If he is not physically there can you ft or room him on your phone outside while walking ?", []]], "speakers": {"Someone worthless": 0, "Mel The Rebel": 1, "That Lonely Lady": 2}}, {"id": 16996435, "category": {"id": 10, "name": "Friends"}, "emotion": "Heartbroken", "turns_number": 4, "dialogues": [[1204343, 0, "whatever I do.no matter how much I i have in efforts am just not close to anyone.people talk to me only when it is important.or its just continent for them to just act like I do not exist.am tired of this s.it", []], [1130656, 3, "yes . i understand . so better work on yourself.and do not run towards them . they will run at u", []], [1486748, 2, "do not think like dat . you can talk to me daytime", []], [1485339, 1, "am sorry for you , Invincible", []]], "speakers": {"comeback": 0, "Jupiter Fest": 1, "✌️✌️ ∂εѵเℓ รเɳɠɦ": 2, "Jo": 3}}, {"id": 16996431, "category": {"id": 7, "name": "Relationships"}, "emotion": "Caring", "turns_number": 3, "dialogues": [[1459309, 0, "Dump her . She needs psychiatric help so get her an appointment with a councilor / psychiatric first if possible but do not drag it out , you do not deserve that in your life .", []], [1167278, 2, "i am sorry brow but that seems like emotional blackmailing .", []], [1025482, 1, "now that is really toxic . I had a boyfriend in dr like that and was very mentally sick begun of his behaviour . At last I could not take it and broke it and now I feel better . I suggest you talk to her calmly about how it is affecting you and tell her you can not do this anymore and to move on .", []]], "speakers": {"That Lonely Lady": 0, "atom•": 1, "Potato Angel💝": 2}}, {"id": 16996409, "category": {"id": 7, "name": "Relationships"}, "emotion": "Meh", "turns_number": 4, "dialogues": [[0, 0, "why do one get depressed if they were not able to find a partner to spend their life with . I have seen people get very depressed because they are not married especially women .", []], [1378646, 3, "i guess everyone different and some people really want to have that and feel depressed when it has not happened by the time they thought it would but personally i do not ever want to get married I m fine on my own", []], [1470676, 2, "part variation , part society pressure , but mostly natural chemical reactions guiding us to want sex , build social groups , and be secure in our environment . which of course , is different to the individual", ["🤷", "♂"]], [1459309, 1, "Cause the idea is to have someone else in the world that cares about your well being and to feel like they wo not have to ever be alone . Friends are face and short term 99 % therefore marriage . Personally i am against the idea though I can understand it .", ["✨"]]], "speakers": {"Anonymous": 0, "💀🗡TwistedPsycho 🗡💀": 1, "Sprocket 🌕🐾🐾🐕": 2, "That Lonely Lady": 3}}, {"id": 16996406, "category": {"id": 11, "name": "Hopes"}, "emotion": "Supportive", "turns_number": 3, "dialogues": [[1488680, 0, "what is you are current song in loop ?", []], [777393, 2, "i think i hate school by Madero", []], [1483084, 1, "I need someone to talk to everyday and someone to be happy with", []]], "speakers": {"Make Yourself happy 🥰🤩": 0, "操": 1, "Gideon": 2}}, {"id": 16996396, "category": {"id": 48, "name": "Work"}, "emotion": "Worried", "turns_number": 4, "dialogues": [[726764, 0, "Tomorrow I start a new job with new people and my social anxiety is killing me . I should not be worried because I know they are good people but still I feel really nervous . any tips ?", []], [1373892, 3, "it will be ok by time i guess", []], [753726, 2, "Going into a new job is nerve cracking enough th , just go in with an open mind . Be yourself and enjoy it , good luck ! You ll do great", ["😁"]], [884783, 1, "Confidence is the key girl .", ["😉"]]], "speakers": {"Tilly Dunnage ": 0, "Kakashi Hatake": 1, "Ry-2k47": 2, "Aitan": 3}}, {"id": 16996395, "category": {"id": 7, "name": "Relationships"}, "emotion": "Sad", "turns_number": 3, "dialogues": [[1197836, 0, "My boyfriend does not do anything he always wakes me up to feed the kiss and change dinner he does not do shit in the house I do all the work then he calls me bad names and curing at me starts kicking me while I sleep to wake up I hate my life", []], [1395205, 2, "you need a change of partner", []], [461435, 1, "get rid of that leech", []]], "speakers": {"Newbie": 0, "NeedToLearnStuffs": 1, "M N": 2}}, {"id": 16996393, "category": {"id": 62, "name": "Mental Health"}, "emotion": "Exhausted", "turns_number": 6, "dialogues": [[1483951, 0, "why do people leave after taking what they want from youjust w h y", []], [1421583, 5, "because they got what they want from you", []], [902874, 4, "that is every human nature", []], [874266, 3, "because they did not want you in the first place", []], [971423, 2, "have you tried to steal something and stay around ? it is awkward", []], [461435, 1, "that is how the world is .", []]], "speakers": {"🍄🌼𝓛𝓪𝓵𝓪🌼🍄": 0, "cold.": 1, "john": 2, "Amy lee": 3, "prey": 4, "M N": 5}}, {"id": 16996392, "category": {"id": 11, "name": "Hopes"}, "emotion": "Exhausted", "turns_number": 3, "dialogues": [[1421583, 0, "the weak will perishonly the Strong will sure have", []], [1061617, 1, "cycling with his legs still", []], [1488956, 1, "If the weak are strong , then the weak will sure have .", []]], "speakers": {"cold.": 0, "Newbie": 1}}, {"id": 16996389, "category": {"id": 63, "name": "My Story"}, "emotion": "Tired", "turns_number": 4, "dialogues": [[1484786, 0, "I have zero motivation to do anything ever", []], [1468997, 3, "5 days=190 posts I like it", ["😱"]], [385240, 2, "same , except for staying in bed of course", []], [1465956, 1, "I have this parties you lateral days and I find myself on this pp", []]], "speakers": {"SillyGoose": 0, "ÒwÓ": 1, "sebastian.dk": 2, "⠀": 3}}, {"id": 16996361, "category": {"id": 7, "name": "Relationships"}, "emotion": "Meh", "turns_number": 3, "dialogues": [[0, 0, "why people are so worried about not being in a relationship.it is not like one will die if he / she does not get a partner to spend their life with .", []], [777393, 2, "Yeah but its like losing one of thing we can get in life .", []], [1489656, 1, "I think we all grave to be loved deeply by someone so that we can feel good about ourselves . we all want someone to know every part of us n still love us completely . to love even the parts of ourselves that we do not like .", []]], "speakers": {"Anonymous": 0, "操": 1, "Anisa Karissa": 2}}, {"id": 16996359, "category": {"id": 12, "name": "Self Harm"}, "emotion": "Sad", "turns_number": 3, "dialogues": [[1487864, 0, "I want to kill myself so bad", []], [994467, 2, "Watching puppy video can help", []], [1489656, 1, "so do I but right now I m just thinking about things i want to experience in my life and that is all that is keeping me from giving up .", []]], "speakers": {"please help me": 0, "⁄(⁄ ⁄•⁄-⁄•⁄ ⁄)⁄": 1, "Anisa Karissa": 2}}, {"id": 16996345, "category": {"id": 20, "name": "Others"}, "emotion": "Meh", "turns_number": 3, "dialogues": [[0, 0, "What is the average age on this site ? Because I feel like a lot of y all are so young laugh out loud", []], [440200, 2, "I think there are a lot between 17 - 24 . If I were to guess the mean ave I would take a wild guess and say 21 . Interesting question !", []], [809733, 1, "The minimum age requirement to use this pp is 16 , but it seems that a lot of users are under that , or in the high school ages . It seems like mostly kiss on here , whether high school or college kiss .", []]], "speakers": {"Anonymous": 0, "Repulsive Allure ♡": 1, "EthereaLunaMoth": 2}}, {"id": 16996340, "category": {"id": 10, "name": "Friends"}, "emotion": "Supportive", "turns_number": 5, "dialogues": [[1477145, 0, "I feel so lonely and is is", ["😭"]], [994467, 4, "congratulations on becoming a Dad", []], [1440466, 3, "hi . feel free to DO me if you want to chat.just try to relax and do something you enjoy .", ["🌹", "💖"]], [1152555, 2, "relax it is just the time it ll pass", []], [606000, 1, "i hope you have a wonderful day", []]], "speakers": {"Perla Perliya15": 0, "⁄(⁄ ⁄•⁄-⁄•⁄ ⁄)⁄": 1, "I don't exist": 2, "Marcus aurelius": 3, "Hurrikane": 4}}, {"id": 16996317, "category": {"id": 74, "name": "Depression"}, "emotion": "Hopeful", "turns_number": 4, "dialogues": [[1468536, 0, "can I please just die ? no one needs me . I am just a waste of space everyone welcomehere", []], [916815, 3, "You are worth your life . You are loved , cared for and cherished even when you may not be feeling this way right now . Please keep your head up . It will get better .", []], [1489510, 2, "You are more than you think you are right nowyou Will see some time again", []], [1462784, 1, "I hate looking at my pp wen I post like just to talk .sang I just had an epiphany", []]], "speakers": {"Arwen": 0, "Slovak": 1, "Newbie": 2, "User Suspended": 3}}, {"id": 16996233, "category": {"id": 10, "name": "Friends"}, "emotion": "Supportive", "turns_number": 5, "dialogues": [[1288235, 0, "Always leave them wanting more", ["😉", "💅"]], [1260790, 4, "Yelp ! if you i have them your all , they will take it all and leave.takes do not know the limit :/", []], [1354181, 3, "You are such a tease are not a ?", []], [1154858, 2, "so they are greedy ?", []], [459579, 1, "I want more snuffing on Shawarma", ["😏"]]], "speakers": {"Jen ☕💕": 0, "JaM1209": 1, "Zenith": 2, "Deep": 3, "Arun": 4}}, {"id": 16996226, "category": {"id": 7, "name": "Relationships"}, "emotion": "Heartbroken", "turns_number": 5, "dialogues": [[1325946, 0, "I thought you will stay forever .", []], [468700, 4, "no , its just Chuck Test", []], [1190258, 3, "I thought you will stay forever .", []], [1458868, 2, "in our hearts people would stay but otherwise they just fade away", []], [1475306, 1, "I am sorry . But i have to go", []]], "speakers": {".": 0, "Redwings🇪🇸": 1, "🍬🍬🍬🍬🍬🍬🌹🍬🍬🍬🍬🍬🎀🍓": 2, "Nobody": 3, "aman singh": 4}}, {"id": 16996183, "category": {"id": 7, "name": "Relationships"}, "emotion": "Supported", "turns_number": 5, "dialogues": [[1437959, 0, "its been 3 days since we last spoke . i miss him . should I text him ? but i feel like I m chasing someone who does not like me", []], [849513, 4, "do not beg she1 to be in you are life .", []], [1489631, 3, "if you want to talk you can message me but do not message him , do not beg", []], [857427, 2, "if you really miss him a text would not hurt . but it is uptoyouryour", []], [658263, 1, "let the man come to you otherwise it is not worth it . it is not about sending a text .the man should show his interest otherwise later he will go after someone whom he find interesting .", []]], "speakers": {"Daisy": 0, "let's get connected ❤": 1, "LONEWOLF GAMING": 2, "Nitzie (secret sharer)": 3, "ɐpuᴉ⅂": 4}}, {"id": 16996179, "category": {"id": 50, "name": "Music"}, "emotion": "Sad", "turns_number": 4, "dialogues": [[0, 0, "Can you please recommend me some sad songs when the singer did something wrong ?", []], [1487691, 3, "i promise you song from woolen", []], [1370874, 2, "this post is about to get dark", []], [1340325, 1, "oh my my , I wish I can sing for you.the chorus is this . I am very lonely very , very lonely my lonely room can not stop thinking can not stop cryingyou have story took have my story tolstoy too .", []]], "speakers": {"Anonymous": 0, "독특한기도": 1, "‎": 2, "T square": 3}}, {"id": 16996161, "category": {"id": 20, "name": "Others"}, "emotion": "Exhausted", "turns_number": 3, "dialogues": [[1489613, 0, "Someone want to runaway with me ?", ["🙃"]], [738099, 2, "Yeah , where do you want to go ? ", []], [387787, 1, "Why are you running ?", []]], "speakers": {"Newbie": 0, "StrongWave": 1, "EvangeRei": 2}}, {"id": 16996143, "category": {"id": 58, "name": "LGBT"}, "emotion": "Amused", "turns_number": 4, "dialogues": [[0, 0, "Why do straight men specifically walk SO God damn SLOW ?", []], [1016004, 3, "because we are awesome and enjoy every walk of our life to the fullest .", []], [1445952, 2, "Cut gay guns can have maximum time following them .", []], [1333465, 1, "One of the seven wonders of the un averse but why be distracted with things like that ?", []]], "speakers": {"Anonymous": 0, "Man of Steel (Straight only)": 1, ".": 2, "Someone": 3}}, {"id": 16996142, "category": {"id": 11, "name": "Hopes"}, "emotion": "Loving", "turns_number": 3, "dialogues": [[1489631, 0, "what do you think about hopes ?", []], [1390145, 2, "I think they are good to have but set yourself up so you are comfortable with failure as well .", []], [1468471, 1, "existential to keep you moving towards your goal , need to be field and backed up / grow by the actions that brings you closer to the fulfillment of it", []]], "speakers": {"LONEWOLF GAMING": 0, "Maya 🛸": 1, "Wieauch Immer": 2}}, {"id": 16996125, "category": {"id": 10, "name": "Friends"}, "emotion": "Supportive", "turns_number": 5, "dialogues": [[0, 0, "Are extroverts needy people ? always need to ask someone out , and feeling very frustrated when no one is free to meet them .", []], [461435, 1, "it is something like that .", []], [461435, 1, "I think it is not easy for a because to handle an extrovert , it is v hard to manage being with extroverts", []], [461435, 1, "maybe you should just meet him once n see .", []], [461435, 1, "make him understand your nature and make sure he respects it .", []]], "speakers": {"Anonymous": 0, "M N": 1}}, {"id": 16996121, "category": {"id": 7, "name": "Relationships"}, "emotion": "Loved", "turns_number": 4, "dialogues": [[971423, 0, "they are cynical . course love exists . and yes attraction is important in any relationship that is just nature . but love is when you genuinely care and they love you back in the same way . it i have you strength to be the person you always wanted to be , not for them , for yourself just because they support you", []], [1426049, 3, "only when lust is combined with it", []], [1489631, 2, "then what is that feeling which is eating me from inside", []], [1484651, 1, "yes it all you and you are love .", []]], "speakers": {"prey": 0, "Robert Pattinson": 1, "LONEWOLF GAMING": 2, "Quise vandal": 3}}, {"id": 16996091, "category": {"id": 7, "name": "Relationships"}, "emotion": "Frustrated", "turns_number": 5, "dialogues": [[1489627, 0, "My boyfriend leave me , for other girl", []], [1350958, 4, "that is terrible . are you ok ? do you want to talk about it ?", []], [387787, 3, "Why did he do that ? Just of looks ?", []], [1488791, 2, "everything is going to be fine", ["🙂", "😌", "☺"]], [1489550, 1, "same . but he was not my boyfriend . we just . flirted . in any way , let us cheer up ! i know you are strong . we ll get through this", []]], "speakers": {"Jennifer Castillo": 0, "ph€0nix ;": 1, "EvangeRei": 2, "Abdul Akmal": 3, "KUN": 4}}, {"id": 16996089, "category": {"id": 7, "name": "Relationships"}, "emotion": "Supportive", "turns_number": 3, "dialogues": [[1486544, 0, "I like this boy and i am kind of Nervous to tell my mon I like someone so any advice on how i should tell her or ways i could tell her", []], [1489510, 2, "Why you are nervous?I am sure your mon will understand you there is no need to be nervousjust tell her you have got to know a nice guy and you like him", []], [1478364, 1, "I mean . We do not know how your mon is or any in depth details . All I can say is take a chance and tell her , worst she can do is not agree with it . But do what ever is best for you and what makes you happy .", []]], "speakers": {"Jaquori": 0, "Newbie": 1, "Danny Miller": 2}}, {"id": 16996088, "category": {"id": 48, "name": "Work"}, "emotion": "Inspired", "turns_number": 3, "dialogues": [[0, 0, "I really need help with my English can anyone help me ? TT", []], [1307438, 2, "could learn together if you are interested that would be fun", []], [609611, 1, "what is your anti have language ?", []]], "speakers": {"Anonymous": 0, "Still Alive": 1, "Sam": 2}}, {"id": 16996068, "category": {"id": 62, "name": "Mental Health"}, "emotion": "Tired", "turns_number": 3, "dialogues": [[390796, 0, "dear god , i do not want to see tomorrow anymore", []], [1174036, 2, "but tomorrow can be better", []], [1488828, 1, "See tomorrow , you might be going through a lot , but tomorrow is a new day and with a new day comes new hope , new faith and a new perspective have , remembering can either build your destiny or destroy it", []]], "speakers": {"helena": 0, "Z": 1, "Interpolate": 2}}, {"id": 16996036, "category": {"id": 51, "name": "Helpful Tips"}, "emotion": "Energetic", "turns_number": 3, "dialogues": [[1486847, 0, "Anyone in the need for advice on something ? I might be able to i have perspective have on things . Not saying I m a psychologist , but I have seen a lot :)", []], [777393, 2, "d you have any advice to leave the past ? I have a habit in a school where those things i did is actually really toxic but its really normal there . When i moved and start realizing its wrong thing to do i tried to change but i still can not leave it completely , and without realizing saying those things and being toxic", []], [1424199, 1, "dealing with a breakup from a girl of over 5 years", []]], "speakers": {"Loiss 🌹": 0, "操": 1, "Froggy": 2}}, {"id": 16996023, "category": {"id": 10, "name": "Friends"}, "emotion": "Lonely", "turns_number": 4, "dialogues": [[1466992, 0, "I lost one best friend of 11 years after granulating high school because she turned out to be face and stole my stuff and now i am about to lose another best friend of 9 years because she is face and talks behind my back . They knew that i am a nice person and they see that and take advantage of me . it is really sad that the people who you loved and cared for many many years  deceit havesyouryour", []], [1486168, 3, "That is good for you", []], [1489617, 2, "its really sad to hear that . but do not worry . one day you will find people who are worth being your life . just do not let these people stop you from being nice .", []], [518871, 1, "Sorry about that but not everyone is good for you", []]], "speakers": {"Dreama": 0, "h": 1, "Min Yalma": 2, "Sherlocked": 3}}, {"id": 16996019, "category": {"id": 7, "name": "Relationships"}, "emotion": "Calm", "turns_number": 3, "dialogues": [[765549, 0, "You once loved someone so much that you tried to fix them while they were breakingyouryour", ["😩"]], [971423, 2, "that does not sound like what you do the . people you love do not need to be fixed", []], [1407134, 1, "All we did was just fulfilling their ego havana such a waste of time", []]], "speakers": {"Dark Boy": 0, "prey": 1, "Conundrum": 2}}, {"id": 16996012, "category": {"id": 10, "name": "Friends"}, "emotion": "Supportive", "turns_number": 5, "dialogues": [[0, 0, "Its dumb how people prejudice indians , I met a Lesion , she talked to me nicely but when I told her that I am from India , she started ignoring me.brush I am Indian And I am not a pervertand by the way I know what lesion means", []], [799326, 4, "99.9 % Indians are nerve on this pp , and they keep harassing girls all the time , you have to understand why they act like this", []], [1130656, 3, "it most indian people behave like a prevent so she do not went anymore so she stopped talking", []], [1488728, 2, "Because prejudice does not have logic .", []], [1448962, 1, "it is just not about indiapeople often like to ignore third worldspecially if the countries are poor either they india or Somalia", []]], "speakers": {"Anonymous": 0, "User Banned": 1, "Jupiter Fest": 2, "MK": 3, "Millennial": 4}}, {"id": 16995986, "category": {"id": 10, "name": "Friends"}, "emotion": "Confused", "turns_number": 3, "dialogues": [[1371358, 0, "Is it me or hug support oh my god is not showing up ?", []], [1329391, 2, "it is showing fr me . see i am giving you hug , support and oh my god", []], [1423512, 1, "they have removed that feature", []]], "speakers": {"broke lord": 0, "Vincent Van Gogh": 1, "Kirika": 2}}, {"id": 16995985, "category": {"id": 63, "name": "My Story"}, "emotion": "Loving", "turns_number": 3, "dialogues": [[1489614, 0, "how can you missed someone you have never met ?", []], [1450073, 2, "what are u saying . ? !", ["😭"]], [1198736, 1, "Easily . We long for what we want , but do not have . A sense of place , usually in the form of a person .", []]], "speakers": {"thea🥀": 0, "Agent Crystal🚬": 1, "🩸": 2}}, {"id": 16995981, "category": {"id": 74, "name": "Depression"}, "emotion": "Tired", "turns_number": 4, "dialogues": [[788863, 0, "talklife does not feel the same without the hug button anymore", []], [889621, 3, "I have the hug button .", []], [695321, 2, "I m glad they are gone th  ", ["🤷", "♂"]], [1167278, 1, "support ( 1)hug ( 1)oh my god ( 1 )", []]], "speakers": {"sеlfhаrmаgеddоn": 0, "𝐶ꪗ𝑏𝑒𝑟𝑆ꪮ𝒖ꪶ": 1, "Anonymous": 2, "atom•": 3}}, {"id": 16995977, "category": {"id": 15, "name": "Family"}, "emotion": "Hopeful", "turns_number": 3, "dialogues": [[706898, 0, "Losing a loved one hurts so much . But the pain will never go away .", []], [1366941, 2, "It does not really go away , but it gets easier if you honor them in the way you li have . I have lost my dad almost 5 years ago . When I feel lost I think what would he say to me . It helps . Do not let your grieve take over completely , but do not be in a rush to get rid of it too soon . Let it go on its own pace . I wish you all the best ! Take care !", ["💐"]], [1115603, 1, "knowing you have almost lost someone but they are not gone yet , that pain is tight", []]], "speakers": {"mom21": 0, "The Waves🌊🌊🌊": 1, "Jawad Ashraf": 2}}, {"id": 16995966, "category": {"id": 10, "name": "Friends"}, "emotion": "Nothing", "turns_number": 3, "dialogues": [[826994, 0, "does getting attention removed loneliness ?", []], [1099379, 2, "No sadly not , for me at least .", []], [1489618, 1, "No . Attention can just last a few seconds . And then the loneliness comes back . You need to find somebody you feel connected to , you trust", []]], "speakers": {"raj": 0, "nat": 1, "Missa": 2}}, {"id": 16995951, "category": {"id": 58, "name": "LGBT"}, "emotion": "Lonely", "turns_number": 5, "dialogues": [[1007900, 0, "I tried being myself ( nice respectful guy ) to get friends . but failed I tried being the flirt freak guy . failed what more do I have to do I m tired of trying . I m tired of failing I just wish I could .", []], [1197049, 4, "welcome to this world .", []], [1329533, 3, "where are u from ?", []], [1489116, 2, "You really should not change for people be yourself ad the one that like you for who you are will come to you", []], [1333465, 1, "Just do not try . Acceptance is not something that comes readily in some people . Stop worrying about impressions and who you are , just worry about the things that matter to you . Family maybe ? Studies ? Job ?", []]], "speakers": {"Monkey.D.Luffy🏳️‍🌈": 0, "Gluten Free Emotions": 1, "Kanishka Kanishka": 2, "Amina Rsn": 3, "Someone": 4}}, {"id": 16995932, "category": {"id": 47, "name": "Health"}, "emotion": "Anxious", "turns_number": 4, "dialogues": [[387787, 0, "What are the tips to calm down ? I feel every single stroke of my heart , my hands sometime shaking , and I feel like I want to pure , all have impact on my blood pressure", []], [777393, 2, "take a deep breathe , start imagine you are in a calm place doing calming things . just do not think about anything that can trigger your anxiety", []], [1461346, 1, "I have struggled for so long with this I m sorry you are going through it I usually lay down listen to meditation music on couture & try to sleep I wish you luck", []], [1461346, 1, "You do not have to sleep laugh out loud just are are", []]], "speakers": {"EvangeRei": 0, "操": 1, "Peachy uwu": 2}}, {"id": 16995918, "category": {"id": 62, "name": "Mental Health"}, "emotion": "Down", "turns_number": 6, "dialogues": [[1117966, 0, "I hate waking up feeling is is", []], [1211166, 5, "I can completely relate to this .", []], [1009381, 4, "I just hate waking up in general .", []], [1386111, 3, "shake it off babe . force yourself to feel happy !", []], [1384787, 2, "it makes you refreshing then , ,", ["🍸", "☕", "🍎", "🍕"]], [1100328, 1, "kind of ruins the day ,", []]], "speakers": {"blackrose❤︎": 0, "🏴󠁧󠁢󠁥󠁮󠁧󠁿Dave Hepy🏴󠁧󠁢󠁥󠁮󠁧󠁿": 1, ".": 2, "Raven's Cry": 3, "◇ VB": 4, "Mike": 5}}, {"id": 16995897, "category": {"id": 7, "name": "Relationships"}, "emotion": "Worried", "turns_number": 6, "dialogues": [[0, 0, "Why do men need women ?", []], [1329391, 5, "men is the head and women is neck . without women head can not remain", []], [1440466, 4, "because this is the way we are created , from male and female to COMPLETE each other .", []], [826994, 3, "emotional support , sex I do not know another reason .", ["😅"]], [654426, 2, "same reason why do women need man", []], [889621, 1, "1.Hand hurts,2.Urge of giving someone attention and daring about someone overflowed", []]], "speakers": {"Anonymous": 0, "Vincent Van Gogh": 1, "I don't exist": 2, "raj": 3, "shooting star": 4, "𝐶ꪗ𝑏𝑒𝑟𝑆ꪮ𝒖ꪶ": 5}}, {"id": 16995893, "category": {"id": 10, "name": "Friends"}, "emotion": "Supportive", "turns_number": 3, "dialogues": [[718910, 0, "so I m very sick right now and I need somebody to take care of me . but nobody came . nobody called me . not my friends not my girlfriend . no one . I wish somebody would talk to me least and ask me are you ok . I really wish so . I hope god will hold my hand at this time and i have me strength enough to fight my sickness .", []], [1484972, 2, "I love you and I hope you fill better in fact ill pray for you", []], [1223172, 1, "same for me as well .", []]], "speakers": {"foreign guy": 0, "hanan": 1, "Darklite": 2}}, {"id": 16995882, "category": {"id": 66, "name": "Addiction"}, "emotion": "Supported", "turns_number": 5, "dialogues": [[1489493, 0, "worn and online sex addition . Anyone had that kind of solution ?", []], [1440466, 4, "well many people are addicted like that because they can not find the right partner in life.the only solution is to have a strong will / desire in quoting , and filling up your free time with something useful .", []], [777393, 3, "i was being sarcastic with myself whenever i finished watched it , until now i always feel stupid whenever i start looking for those video and so i stop", []], [1475306, 2, "Yes . Get busy . Hit a grm in evening you ll sleep really", []], [1372060, 1, "to be honest I do not know , but I guess starting to have sex in real life can be helpful , if you could afford that of laugh out loud", []]], "speakers": {"Stark Tony Hoyt": 0, "I don't exist": 1, "操": 2, "aman singh": 3, "siwar": 4}}, {"id": 16995872, "category": {"id": 20, "name": "Others"}, "emotion": "Supportive", "turns_number": 3, "dialogues": [[1295655, 0, "My biggest problem , I notice everythingkeep smiling spread happiness", ["😌"]], [1373085, 2, "it is your biggest weapon", []], [1223172, 1, "take advantage of this superpower", []]], "speakers": {"Sunlight": 0, "Hedwig🌺": 1, "Darklite": 2}}, {"id": 16995866, "category": {"id": 62, "name": "Mental Health"}, "emotion": "Tired", "turns_number": 4, "dialogues": [[1480819, 0, "What are some healthy thoughts you have first thing in the morning ?", ["✨"]], [658263, 3, "every thing is working out for me", ["😊"]], [1426082, 2, "I do not think I just do", []], [1482846, 1, "I wonder how Jessica is this morning", []]], "speakers": {"Jessica": 0, "ɐpuᴉ⅂": 1, "AIR-IM POLLUTED": 2, "Talk Life Nero": 3}}]