[{"id": 17260622, "category": {"id": 10, "name": "Friends"}, "emotion": "Positive", "turns_number": 8, "dialogues": [[779397, 0, "What was the nicest thing you have ever done for another person ?", []], [837414, 7, "Pretend to stay away from that person because that person Always stay away from me", []], [1498697, 6, "loved the he took my smile away and he is not even aware about it", []], [1140889, 5, "Do not know probably saying fuck off", ["😌"]], [711722, 4, "i think good deeds can never be explained through words .", ["🥰"]], [1455276, 3, "i have them a computer to do school work", []], [1399774, 2, "help a old man have hope", []], [1480990, 1, "Writing a poem for the person y", []]], "speakers": {"smxstreet ✌️": 0, "milo": 1, "Neha": 2, "Crazy asf🤪": 3, "DJ MARYJANE™️🎧🍁": 4, "Ali ahhh": 5, "Ice King👨‍⚕️": 6, ".": 7}}, {"id": 17260614, "category": {"id": 75, "name": "Life Hacks"}, "emotion": "Heartbroken", "turns_number": 3, "dialogues": [[1457506, 0, "I used to watch moves online for free . Now that has become more diffuse you later to do . I have noticed that ever since movie theaters closed down and subscription services ( HO MAX , Dinner+ ) took its place , it is harder to find the movie on a webster streaming it for free . i am sorry , but I do not want to pay $ 11 a month to watch 1 movie on your streaming service .", []], [1498697, 2, "choose Amazon prime , annual membership is not the high", []], [1002695, 1, "is that cum In your mouth", []]], "speakers": {"Newbie": 0, "Neha": 1, "User Banned": 2}}, {"id": 17260592, "category": {"id": 11, "name": "Hopes"}, "emotion": "Sad", "turns_number": 3, "dialogues": [[839656, 0, "please pray for my granny is health everyone", ["😭"]], [275484, 2, "Sending love and prayers her way !", []], [1505767, 1, "She is will be ok do not worry i am pray for her !", []]], "speakers": {"Your Destiny 🦋": 0, "Zee ": 1, "Talia": 2}}, {"id": 17260583, "category": {"id": 72, "name": "Anxiety"}, "emotion": "Hopeful", "turns_number": 4, "dialogues": [[1505767, 0, "I m stuck in my head I have to do something for my future I have to reach my dreams but I feel like I m running out nobody is listening me they are like wall .", []], [1311716, 3, "Talma turn can you tell me more", []], [597642, 2, "why you want to reach your dreams ? what it makes you feel within ? do you think you can not have a peace of mind without that ? who created those expectations ? is it important for yourself to hold on to those expectations which is hurting you while you work for it ?", []], [1505768, 1, "i would say talk to people who care , try making new friends if your family really does not ear your feelings then there is not much you can do", []]], "speakers": {"Talia": 0, "big baby Jesus": 1, "Yato": 2, "James Açoriano": 3}}, {"id": 17260579, "category": {"id": 7, "name": "Relationships"}, "emotion": "Down", "turns_number": 3, "dialogues": [[779397, 0, "me but it is on occasion I guess", ["😂"]], [1346896, 2, "I usually sell mine for attention", []], [1421206, 1, "I was selling attention . But you were not here .", []]], "speakers": {"smxstreet ✌️": 0, "Andrew": 1, "𝐌 𝐑   𝐀 𝐋 𝐏 𝐇 𝐀   𝐓 𝐋   𝐂 𝐀 𝐏 𝐓 𝐀 𝐈 𝐍": 2}}, {"id": 17260537, "category": {"id": 10, "name": "Friends"}, "emotion": "Sad", "turns_number": 3, "dialogues": [[0, 0, "anyone up for a is is", []], [1489911, 2, "no but I can make", ["😂"]], [1435476, 1, "yes , count me in", []]], "speakers": {"Anonymous": 0, "Mo Begum Akshaya": 1, "Ly": 2}}, {"id": 17260520, "category": {"id": 63, "name": "My Story"}, "emotion": "Depressed", "turns_number": 4, "dialogues": [[1505758, 0, "Right now I am on the roof and crying with my loneliness no friends no family no relationship no one to talk to me just an alone boy and feeling like I should jump from here", ["😊", "💔", "🥀"]], [1435538, 3, "i love you , I m your friend", []], [1439521, 2, "Not . I m broken too let us be friends", []], [1505553, 1, "Do not say you should jump , things will go better . I feel as you , so if you want a friend , here you have me.", []]], "speakers": {"User Died🥀": 0, "mp": 1, "Sunshine ☀": 2, "Maria Vidal": 3}}, {"id": 17260518, "category": {"id": 74, "name": "Depression"}, "emotion": "Nostalgic", "turns_number": 3, "dialogues": [[1505766, 0, "I am totally femur with my prayers my needs my goals", []], [597642, 2, "at the end what does achievement goals makes you feel within ? can you feel that without setting goals for others ?", []], [1201366, 1, "keep going . have faith in Almighty", []]], "speakers": {"Areej Khan": 0, "Yato": 1, "hmmmmmmmm": 2}}, {"id": 17260508, "category": {"id": 74, "name": "Depression"}, "emotion": "Exhausted", "turns_number": 4, "dialogues": [[1401678, 0, "we are here . feel free to DO me .", []], [1505758, 1, "Same here check my post", ["🙂", "🥀"]], [1488937, 2, "hi m here to support.how are you", []], [1505758, 1, "I am here talk to me", ["🙂", "🥀"]]], "speakers": {"Apoorv": 0, "User Died🥀": 1, "Honey": 2}}, {"id": 17260484, "category": {"id": 7, "name": "Relationships"}, "emotion": "Proud", "turns_number": 3, "dialogues": [[1504776, 0, "To be loved by someone who you love back so much is a gift", []], [728874, 2, "make sure that always happens in a relationship.it should never be one sided", []], [1496894, 1, "which I have not ever receive have", []]], "speakers": {"Eva Valdez": 0, "🇺🇸RobbyRockRobster🎸": 1, "HouseOfCards": 2}}, {"id": 17260482, "category": {"id": 63, "name": "My Story"}, "emotion": "Down", "turns_number": 3, "dialogues": [[1154858, 0, "are you good ? let me know if you want to share", []], [597642, 2, "you are the the one who needs to talk to someone and you are the one who can listen to yourself .self acceptance is underrated", []], [1498233, 1, "feel free to feel anything . so you can feel anything you want . like you want to feel low . feel you are not low . it is confusing but it works", []]], "speakers": {"Deep": 0, "Yato": 1, "Navn": 2}}, {"id": 17260471, "category": {"id": 53, "name": "Education"}, "emotion": "Confused", "turns_number": 3, "dialogues": [[621015, 0, "I m not able to choose a career . please i have me guidance .", []], [647135, 2, "What are the option ?", []], [1505543, 1, "I do not know due , I would stay start off working in a grocer store , or a warehouse , or a fast - food place .", []]], "speakers": {"Stranger": 0, "The fruit dude 🍉": 1, "Jelly": 2}}, {"id": 17260464, "category": {"id": 53, "name": "Education"}, "emotion": "Embarrassed", "turns_number": 4, "dialogues": [[1411420, 0, "When I was 16 and in high school , I sent one of my teachers a message on Facebook . It was filled with obscure sexual innuendos . He blocked me and then told the whole class about it the next day . That was in 2007 . it is 2021 and i am turning 30 this year . To this day , he still has me blocked . That was my most embarrassing moment .", ["😂"]], [1138302, 3, "laughing my arms off . Now I really want to know what you wrote to him", []], [1330312, 2, "that is missed up if he told the whole class . ? why would an adult do that to a kid .", []], [1505543, 1, "Up why would you do that ?", []]], "speakers": {"Smitten Kitten": 0, "Louie": 1, "almost done here": 2, "Jelly": 3}}, {"id": 17260452, "category": {"id": 10, "name": "Friends"}, "emotion": "Confused", "turns_number": 3, "dialogues": [[1410054, 0, "how can people go on dating apes and meet the person after 1 day of talking ? i am too shy for that we got to know eachother longer and be close", ["😭"]], [1463252, 2, "i would meet em after 1 year bc same i am shy of hata", []], [1214337, 1, "Obviously they meet for different reasons .", []]], "speakers": {"CaliforniaHeart": 0, "Val": 1, "__nobody__": 2}}, {"id": 17260450, "category": {"id": 11, "name": "Hopes"}, "emotion": "Nostalgic", "turns_number": 3, "dialogues": [[1386241, 0, "I have not had fun since such a long time . I feel like I wasted my 20s . Not interested in advice like - Get up , do it now . Shut .", []], [600414, 2, "what advice are you looking for ?", []], [647135, 1, "Get up do it now !", []]], "speakers": {"Lend me your Will of Fire": 0, "Saga V.": 1, "The fruit dude 🍉": 2}}, {"id": 17260445, "category": {"id": 63, "name": "My Story"}, "emotion": "Chilled", "turns_number": 3, "dialogues": [[1350922, 0, "I ordered take - out for dinner today , I have failed as a husband .", []], [1059126, 1, "what , no you have not , sounds like someone failed as a wife to cook and you failed as a husband to make a big deal about it ( which like that is fine ? )", []], [1059126, 1, "you did not fall , getting take out is fine ( there , better ? )", []]], "speakers": {"Mr. Hatt": 0, "('-' )": 1}}, {"id": 17260424, "category": {"id": 63, "name": "My Story"}, "emotion": "Tired", "turns_number": 3, "dialogues": [[684673, 0, "Feel pretty dead and beat why ?", ["😒"]], [632838, 2, "less nicotine I take today ?", []], [728874, 1, "it is the weekend.time to recover .", []]], "speakers": {"Kama2": 0, "desi ladoo": 1, "🇺🇸RobbyRockRobster🎸": 2}}, {"id": 17260389, "category": {"id": 15, "name": "Family"}, "emotion": "Furious", "turns_number": 4, "dialogues": [[705946, 0, "Is it wrong that your biological mon ? The one who is always building you And accusing you of shit?!She use to lie her ass off just to see me get beat up by my dad it would make her happy or something we She would treat me less because i am the only girl She always puts me last", []], [1240189, 3, "hate her behavior , she is a victim of evil in her life", []], [1471030, 2, "said , you will be loved do", []], [390370, 1, "blood relations do not matter if they treat you like shit", []]], "speakers": {"Esela": 0, "User Banned": 1, "hahahaha...": 2, "Dannyk": 3}}, {"id": 17260364, "category": {"id": 10, "name": "Friends"}, "emotion": "Confused", "turns_number": 3, "dialogues": [[1310023, 0, "When new users like your posts posted hours back :", ["🤔", "😵", "😶", "😳", "🥴"]], [390370, 2, "I ll come back and like this in a few hours", []], [1489911, 1, "so you got the reason to think about me good", ["😋"]]], "speakers": {"Whitey ♥": 0, "Dannyk": 1, "Mo Begum Akshaya": 2}}, {"id": 17260349, "category": {"id": 67, "name": "Self-Care"}, "emotion": "Sad", "turns_number": 3, "dialogues": [[1480758, 0, "hello anyone who suffers from anxiety ? I really do not know how to handle my anxiety attacks", ["👋"]], [1291884, 2, "Hi , hit me up if you want to talk", []], [1081182, 1, "anxiety sucks . stay strong", ["❤"]]], "speakers": {"Jessica Rabbit 🐇": 0, "Owls4ever": 1, "Rahaf": 2}}, {"id": 17260321, "category": {"id": 11, "name": "Hopes"}, "emotion": "Optimistic", "turns_number": 4, "dialogues": [[1370163, 0, "You will get better .Maybe not today but .Someday by the way , Good Night and Sleep Tight Bodies", ["✨", "💛", "😪"]], [1439521, 3, "that someday is too far", []], [1418456, 2, "too . here is for you", ["☕"]], [1270301, 1, "is the last pick in your gallery a tattoo of Aunt Sung Ski ?", []]], "speakers": {"Wingardium Leviosa": 0, "Sunshine ☀": 1, "Mr.Unknown": 2, "Dipankar": 3}}, {"id": 17260317, "category": {"id": 62, "name": "Mental Health"}, "emotion": "Hopeful", "turns_number": 3, "dialogues": [[1505746, 0, "anyone else want to talk ? i am feeling hell have lonely", []], [1468997, 2, "try to do smith get", []], [1485833, 1, "why you feel lonely ?", []]], "speakers": {"Kirsten Boone Cochran": 0, "ÒwÓ": 1, "User Banned": 2}}, {"id": 17260313, "category": {"id": 51, "name": "Helpful Tips"}, "emotion": "Nervous", "turns_number": 4, "dialogues": [[1489911, 0, "if I got motivate to study I would be Einstein not a stalked", ["😋"]], [1016004, 2, "if you study now you wo not need to study later .", []], [1016004, 2, "you are a fighter you do not i have up . you fight till your last breath .", []], [717841, 1, "Turn off your phone and go studystop relying to strangers now", []]], "speakers": {"Mo Begum Akshaya": 0, "Man of Steel (Straight only)": 1, "°CyberAnon•~•": 2}}, {"id": 17260308, "category": {"id": 11, "name": "Hopes"}, "emotion": "Loving", "turns_number": 4, "dialogues": [[1370874, 0, "Some things are better left unpaid ? Agree or disagree and why ?", []], [531422, 4, "Disagree . Say it now or regret it later .", []], [1403569, 2, "Disagree you only li have once get that shit over with", []], [1469048, 1, "But sometimes , things are better to just hear . Some questions better left asked . Some words better left unpaid . Because saying them does not make you matter any less .", []]], "speakers": {"‎": 0, "Koda": 1, "Cinnamon :)": 2, "Astraea✨": 3}}, {"id": 17260275, "category": {"id": 11, "name": "Hopes"}, "emotion": "Hopeful", "turns_number": 4, "dialogues": [[1439521, 0, "Why my tears are salt yet sticky", ["😭"]], [449581, 3, "I do not think those are tears", ["😳"]], [1315419, 2, "it was sticky co it does not wants to come out of you.so do not even t see to cry", []], [1498233, 1, "Do not cry see many people around you are trying to make you feel good . # tryingtobetherewhenyouarealone", []]], "speakers": {"Sunshine ☀": 0, "𝓢𝓪𝓫𝓸𝓽𝓪𝓰𝓮": 1, "User Banned": 2, "Navn": 3}}, {"id": 17260248, "category": {"id": 63, "name": "My Story"}, "emotion": "Worried", "turns_number": 3, "dialogues": [[0, 0, "have you ever failed a test or exam ? how Did you handled it", []], [1395108, 2, "hm did fail but wanted to score higher . I was just disappointed", []], [1130656, 1, "1)try to find out what went wrong2)how others got it it i did not . i know if anyone person can do it then i can do it too3 ) i will make my basis strong4 ) i will keep telling myself . i will bounce back5 ) i wo not bother what others think . its just a fightwith myself", []]], "speakers": {"Anonymous": 0, ".": 1, "Jupiter Fest": 2}}, {"id": 17260240, "category": {"id": 63, "name": "My Story"}, "emotion": "Numb", "turns_number": 3, "dialogues": [[1161958, 0, "Anyone cells po!son here cut as y rome drank all the po!son and juliet wants to die .", []], [1354181, 2, "I have elicit though I can bring him back to life", []], [952526, 1, "you can not diethat is illegal", []]], "speakers": {"juliet aldo": 0, "Zenith": 1, "everybody": 2}}, {"id": 17260232, "category": {"id": 63, "name": "My Story"}, "emotion": "Down", "turns_number": 3, "dialogues": [[1503427, 0, "so i made a cake today yes ? i failed and of i cried . i ca not do anything right :)", []], [1347204, 2, "that just proved that you are a human :) people makes mistakes so do not be too hard on yourself . and for your information , everything that I cook always end up burn :)", []], [1496092, 1, "Life is full of failures.but it is ok we learn and do better next time.that is who makes us human . !", []]], "speakers": {"sarah 🥰": 0, "CuteStalker :/": 1, "𝕓𝕚𝕥𝕥𝕖𝕣𝕤𝕨𝕖𝕖𝕥....🙃🖤": 2}}, {"id": 17260201, "category": {"id": 7, "name": "Relationships"}, "emotion": "Sad", "turns_number": 3, "dialogues": [[0, 0, "Do you start shaking when someone insults you and literally breaks your heart ?", []], [1130656, 2, "no . its an opportunity to grow myself !", []], [1016004, 1, "i would be on the verge of crying and angry .", []]], "speakers": {"Anonymous": 0, "Jupiter Fest": 1, "Man of Steel (Straight only)": 2}}, {"id": 17260195, "category": {"id": 7, "name": "Relationships"}, "emotion": "Overwhelmed", "turns_number": 3, "dialogues": [[1481766, 0, "why is not it healthy ?", []], [1498685, 2, "Muddy , you got talk to her because this is not helping any of you two , if you can not keep you are vanity how can you keep hers , so to avoid any major crisis , walk away !", []], [1405047, 1, "sometimes we have to be selfish . even if we do not want to .", []]], "speakers": {"P O": 0, "NOSTRADAMUS💫": 1, "nomoredream": 2}}, {"id": 17260189, "category": {"id": 20, "name": "Others"}, "emotion": "Confused", "turns_number": 3, "dialogues": [[0, 0, "so basically I was complaining about my face in my last post and suddenly that guy started flirting with a girl who also commented about how beautiful she is , and they are still talking . I just do not know what to say , just do her due , did you have to do this in the comment section ?", []], [0, 0, "what the hell is he queen ?", []], [1002695, 1, "hata laugh out loud when your sad but people ignore you and starts having conversations in your posts", []]], "speakers": {"Anonymous": 0, "User Banned": 1}}, {"id": 17260187, "category": {"id": 63, "name": "My Story"}, "emotion": "Anxious", "turns_number": 3, "dialogues": [[0, 0, "my leg is shaking like crazy for some reason I do not want it to stop", []], [627294, 2, "stand up and do some walk or jump I do not know", []], [1421804, 1, "happens , just get your blood flowing", []]], "speakers": {"Anonymous": 0, "leakee": 1, "Ali Ridha": 2}}, {"id": 17260186, "category": {"id": 20, "name": "Others"}, "emotion": "Nothing", "turns_number": 9, "dialogues": [[347596, 0, "Tell me something I do not knowplease , I m so bored", []], [531422, 7, "12 % of Quebec is area is sweet water .", []], [390370, 6, "infinity exists between every number", []], [1016004, 5, "if any one needs help in path assignment you can reach out to me .", []], [605637, 4, "hips are omnivores not herbivoresand in some rarer cases have even participated in cannibalism by I believe becoming territorial and eating young baby hips", []], [1392086, 3, "I m curved down there", []], [1392086, 3, "greenland sharp is the oldest living animal", []], [1444382, 2, "snail mucus might be useful to help wounds heal", ["🌚"]], [790654, 1, "the world is deadliest animal is mosquito", []]], "speakers": {"HottestSnail(𓂺)": 0, "Koda": 1, "Dannyk": 2, "Man of Steel (Straight only)": 3, "Shadow Master ÒwÓ": 4, "deepressed plaStick in the Buttle in the sea": 5, "Croissant💌": 6, "𝔪𝔬𝔱𝔥": 7}}, {"id": 17260184, "category": {"id": 20, "name": "Others"}, "emotion": "Tired", "turns_number": 3, "dialogues": [[314799, 0, "do you think you are capable of ever taking someone is life ?", []], [449581, 2, "yes but so does everyone until the time comes", []], [632838, 1, "absolutely , and everyone is capable of it unless your physiological incapable.all is required is to provide the necessary environment .", []]], "speakers": {"ddolly": 0, "𝓢𝓪𝓫𝓸𝓽𝓪𝓰𝓮": 1, "desi ladoo": 2}}, {"id": 17260155, "category": {"id": 51, "name": "Helpful Tips"}, "emotion": "Supportive", "turns_number": 4, "dialogues": [[1347204, 0, " an apple is enough to get everyone away from you if you throw hard enough  - Me", []], [531422, 3, "You do not even need to throw it that hard", []], [554919, 2, "Lafa . Thanks for the tip .", []], [684673, 1, "mash it into apple paste , and every time they come close to you , with deadpan look dip your hand into apple sauce jar in your arms , and smear it all over their face . Works every time , believe me", ["✌"]]], "speakers": {"CuteStalker :/": 0, "Koda": 1, "★⸸𝓜𝔂𝓼𝓽𝓲𝓬𝓪𝓵 𝓑𝓵𝓾𝓮𝓳𝓪𝔂⸸★": 2, "Kama2": 3}}, {"id": 17260151, "category": {"id": 7, "name": "Relationships"}, "emotion": "Loving", "turns_number": 6, "dialogues": [[328815, 0, "You do not love someone because of their looks or their clothes or their car . You love them because they sing a song only your heart can understand .", []], [1498685, 5, "Ah man!u hit the nail on the head !", []], [840105, 4, "but you can love their money / power", []], [1453925, 3, "That is true . And kind of scar too . Its a good thing and a bad thing that love is not a practical choice", []], [1501836, 2, "because music is my life", ["😆"]], [1505932, 1, "True words . But sometimes that song can slowly turn into noisy , violent concert of voices .", ["😢"]]], "speakers": {"scorpion 🦂♏❤️": 0, "NOSTRADAMUS💫": 1, "ириc": 2, "Jane": 3, "Chocopie🍫": 4, "Antônia Barros": 5}}, {"id": 17260145, "category": {"id": 10, "name": "Friends"}, "emotion": "Hopeful", "turns_number": 4, "dialogues": [[1505285, 0, "anyone here from Us , up , france , Canada or norway ?", []], [1317229, 3, "What do you want to do with them ?", []], [1302592, 2, "Yep , from  ", []], [271608, 1, "I m from that place where all the royal li have", []]], "speakers": {"Lu Cía": 0, "COMRADE—": 1, "Nalyd": 2, "Jamie Falconer": 3}}, {"id": 17260134, "category": {"id": 63, "name": "My Story"}, "emotion": "Amused", "turns_number": 4, "dialogues": [[1392847, 0, "i am joe bien and i forgot this message", []], [645231, 3, "there sure is a lot of politics here these days", []], [1385934, 2, "only a month in and Syria has already been combed", []], [1445952, 1, "Joe Joe listen to me .", ["✨"]]], "speakers": {"C- Moore": 0, "FearNotTheEye": 1, "bleep bloop": 2, ".": 3}}, {"id": 17260112, "category": {"id": 20, "name": "Others"}, "emotion": "Inspired", "turns_number": 5, "dialogues": [[1432611, 0, "Men are the most beautiful creatures I have ever seen . No make up but women still love for them .", []], [978489, 4, "no make up less sincere and still looks gorgeous", []], [1361508, 3, "Women should do the same .just saying .", []], [1402174, 2, "some men are wearing make the", []], [1027343, 1, "i am definitely a creature", []]], "speakers": {"RICHDOTCOM": 0, "🧸breadcrumbs🧸": 1, "Lone wolf": 2, "ㅤ": 3, "Dandy Chiggins 👻": 4}}, {"id": 17260101, "category": {"id": 47, "name": "Health"}, "emotion": "Inspired", "turns_number": 3, "dialogues": [[1489575, 0, "sometimes it is ok not to be okay .", []], [1468997, 2, "sometimes it is like  its not sky to be sky ", []], [265543, 1, "yes but it is never ok to i have up and not try again", []]], "speakers": {"Je Suis": 0, "ÒwÓ": 1, "love_me_like_I_do": 2}}, {"id": 17260100, "category": {"id": 7, "name": "Relationships"}, "emotion": "Sad", "turns_number": 5, "dialogues": [[0, 0, "My boyfriend does not understand that I do not like him forcing me to do things . He says he forces me with good intention but I am still a human . Why is he so desperately trying to take my human rights .", []], [314799, 4, "what is he trying to make you do ?", []], [265543, 3, "he is trying to force you for what kind of things ?", []], [1498685, 2, "You need to move away before it gets toxic , if he ca not i have you or space and freedom , there is no use being with him !", []], [1486748, 1, "forcing someone for anything which they did not want to do is a bad practice . if its for something good then they should talk n tell n try to convince you", []]], "speakers": {"Anonymous": 0, "ddolly": 1, "love_me_like_I_do": 2, "NOSTRADAMUS💫": 3, "✌️✌️ ∂εѵเℓ รเɳɠɦ": 4}}, {"id": 17260097, "category": {"id": 20, "name": "Others"}, "emotion": "Nothing", "turns_number": 8, "dialogues": [[1379161, 0, "Just going to leave this here . Nobody i have a shit about you on this pp , anyone welcomehere online or in real life . It does not matter who you are , what you look like or how rich you are . Everyone only cares about themselves and pretends to care about each other . And it is just getting worse . So be there for yourself . No one else will .", []], [361690, 6, "MAKE IT LOUDER ! This is the reality", []], [554919, 1, "The sad reality . But I agree with you on this .", []], [483930, 5, "Ok pretending to care is a stretch I think . A lot of people try to help because they want to help but there is only so much one can do . We do not know each other personally so the care one has is much lesser due to lack of proximity . I think it is wrong to claim everyone pretends cause empty is real and a lot of us generally care about what someone is going through", []], [1012422, 4, "but sometimes the face concern makes a difference", []], [1201366, 3, "this is the bitter reality . people have so many faces . those who care . do not show off . you feel that they really care about you.but sighs . those people are so rare", []], [1458892, 2, "that is not true some people do care , i credit- of not everyone care but in i care about people here or girl and nothing will change my mind", []], [554919, 1, "Can I be honest for a second here ?", []]], "speakers": {"DaddyZach": 0, "LostWanderer": 1, "★⸸𝓜𝔂𝓼𝓽𝓲𝓬𝓪𝓵 𝓑𝓵𝓾𝓮𝓳𝓪𝔂⸸★": 2, "angelwithnowings": 3, "Her Winx": 4, "hmmmmmmmm": 5, "♡~LittleKittyBun~♡": 6}}, {"id": 17260084, "category": {"id": 20, "name": "Others"}, "emotion": "Tired", "turns_number": 5, "dialogues": [[1153023, 0, "Who wants to come with me somewhere far where no one knows us ?", []], [1350191, 4, "me i am sly up for this", ["✋"]], [1362492, 3, "You want to i do not know me", ["👀"]], [962958, 2, "I do not trust nobody", []], [1470127, 1, "yeah i can.see this is why i chose legs", ["😉"]]], "speakers": {"Sara Dawson": 0, "Asta :)♡": 1, "Antagonist 😈": 2, "King": 3, "Rony": 4}}, {"id": 17260082, "category": {"id": 20, "name": "Others"}, "emotion": "Nostalgic", "turns_number": 3, "dialogues": [[1392016, 0, "I just want to drink coffee .", ["☕"]], [728874, 2, "I ll joinyouryour", []], [1000302, 1, "Ha Ha Same here .", []]], "speakers": {"Mixed Masala 😌": 0, "🇺🇸RobbyRockRobster🎸": 1, "Flower Cup": 2}}, {"id": 17260080, "category": {"id": 7, "name": "Relationships"}, "emotion": "Supportive", "turns_number": 3, "dialogues": [[1505314, 0, "Be the change that you wish to see in the world .", []], [542249, 2, "pretty sure this is the same thought that crossed Hither is mind .", []], [1505678, 1, "look at the world.its rotten we wage wars not only on ourselves but on nature itself the we reconcile and wage wars again", []]], "speakers": {"Priya Patil": 0, "Geezo": 1, "bunny": 2}}, {"id": 17260078, "category": {"id": 11, "name": "Hopes"}, "emotion": "Hopeful", "turns_number": 3, "dialogues": [[1439521, 0, "Now I know why people do not even want to be friends with me", ["😭"]], [784616, 2, "feel free to do if you want to talk about it !", []], [1498233, 1, "we can try to be friend . firstly let us chat n see who things goes n our personality matches or not . # tryingtobetherewhenyouarealone", []]], "speakers": {"Sunshine ☀": 0, "Accountant": 1, "Navn": 2}}, {"id": 17260033, "category": {"id": 11, "name": "Hopes"}, "emotion": "Hopeful", "turns_number": 3, "dialogues": [[1439521, 0, "I just destroyed my life to be wanted to be loved by people . I carved for people to understand me but I was wrong and quite childish . It ended me to a point after wasting lot of time that I m all alone and waste me time and energy and did bad in my studies . Why I did that I hate myself now", []], [1337376, 2, "it is normal champ . do not worry everyone goes through that phase . how can you think that you are weak when everytime you have come stronger than before .", []], [930519, 1, "Do not stress yourself too much , we probably all went though that , like to daring about those things so much that we ignored many important thing . So , just avoid repeating so again and stay as much as position have as focused on your life and study .", []]], "speakers": {"Sunshine ☀": 0, "Mayur": 1, "Joseph": 2}}, {"id": 17260011, "category": {"id": 10, "name": "Friends"}, "emotion": "Supportive", "turns_number": 3, "dialogues": [[1411738, 0, "am always bad at choosing", ["🙄"]], [1395108, 2, "chose the wrong house chose the wrong man to get pregnant by chose the wrong fwo chose wrong friend yea I can relate", []], [1484940, 1, "i can help make your life easier ask me i will choose for u", []]], "speakers": {"Mr Lónly🔥": 0, ".": 1, "Aseey♡❌": 2}}, {"id": 17259998, "category": {"id": 68, "name": "I Need Help"}, "emotion": "Hopeful", "turns_number": 4, "dialogues": [[1505731, 0, "how do you deal with loss ?", []], [250083, 3, "think of it as learning a lesson", []], [1403450, 2, "Moving on . It means you have accepted your loss  but that is not the same as forgetting . You can move on with your life and keep the memory of someone or something you lost as an important part of you . In fact , as we move through life , these memories can become more and more integral to defining the people we are .", []], [1505408, 1, "you cry it out . every single time you need to .", []]], "speakers": {"zillah": 0, "Anti-Auto Hawk": 1, "741": 2, "Lily": 3}}, {"id": 17259980, "category": {"id": 53, "name": "Education"}, "emotion": "Tired", "turns_number": 4, "dialogues": [[1407368, 0, "biochemistry is killing me :)", []], [412564, 3, "When is your exam ?", []], [1472288, 2, "it be like that sometimes", []], [869402, 1, "That is a mood . You ll kill it at that exam though , I m sure :)", []]], "speakers": {"Eli🏳️‍🌈": 0, "Happygolucky": 1, "Katrina": 2, "ElpisMuse🌈": 3}}, {"id": 17259967, "category": {"id": 51, "name": "Helpful Tips"}, "emotion": "Caring", "turns_number": 4, "dialogues": [[1475488, 0, "This hits hard . Thank you :)", []], [1403569, 3, "Due your posts always show up when I really need them", ["😅"]], [1393320, 2, "madam those words sound nice . No amount of words are ever going to heal what I have been through . I can never forget the pain I have been through but all I feel is anger and depression . Nothing will ever heal me . I m just a nobody .", []], [1420796, 1, "that is fucking wholesome I love it", []]], "speakers": {"卂ᐯ卂 🌬": 0, "Cinnamon :)": 1, "Anonymous depressed disable person 🏴󠁧󠁢󠁷󠁬󠁳󠁿♿": 2, "no": 3}}, {"id": 17259929, "category": {"id": 20, "name": "Others"}, "emotion": "Inspired", "turns_number": 4, "dialogues": [[1432611, 0, "When girls are in a good mood , they go to their block list and release one or two prisoners .", ["😟"]], [1108809, 3, "Blocked is blocked . No releasing .", []], [1448962, 2, "how do you know that", []], [1465956, 1, "I do not release anyone they were blocked for a good reason", []]], "speakers": {"RICHDOTCOM": 0, "Violetta🌹🖤": 1, "Millennial": 2, "⠀": 3}}, {"id": 17259910, "category": {"id": 63, "name": "My Story"}, "emotion": "Lonely", "turns_number": 3, "dialogues": [[1080844, 0, "so what do you do to make yourself feel better", []], [645231, 2, "i cry , take a benzol and remind myself that i can kill myself daytime .", []], [1354181, 1, "Look at my past achievements written on a pad and then think it is not the time to i have up", []]], "speakers": {"Numb to the feeling": 0, "FearNotTheEye": 1, "Zenith": 2}}, {"id": 17259909, "category": {"id": 53, "name": "Education"}, "emotion": "Confused", "turns_number": 3, "dialogues": [[978489, 0, "playing mele and all i see is guns playing their pp , disguised long", ["🙃"]], [1488105, 2, "That is why i do not even use it", []], [428221, 1, "what else did you expect , it is known to be just that", []]], "speakers": {"🧸breadcrumbs🧸": 0, "Ash": 1, "𓆏": 2}}, {"id": 17259907, "category": {"id": 20, "name": "Others"}, "emotion": "Depressed", "turns_number": 6, "dialogues": [[804961, 0, "i fr just got called a a.got by a bunch of 14 your old in test laughing my arms off", []], [314799, 5, "put a curse on em", ["😤"]], [605637, 4, "sounds like something 14you would do th", []], [701898, 3, "When I was 14 I used to do the same thing . It is the rush kiss that age get from the society tabor behind words like that .", []], [993523, 2, "laugh out loud I love that word", []], [1404217, 1, "thee who falleth others bags are bags themselves-", []]], "speakers": {"User Banned": 0, "ddolly": 1, "Shadow Master ÒwÓ": 2, "Uncle Iroh 👨‍👩‍👦👮☕": 3, "come-as-you-are": 4, "HowAreYou? ²": 5}}, {"id": 17259890, "category": {"id": 74, "name": "Depression"}, "emotion": "Supportive", "turns_number": 3, "dialogues": [[1498089, 0, "I am back how everyone feeling today ?", ["😃"]], [626945, 2, "Could be better but ok . Hope you are well yourself .", ["✌"]], [1302592, 1, "Welcome back ! I m fine thank you , I hope it is the same on your side", []]], "speakers": {"Jasmine💙": 0, "Prabz": 1, "Nalyd": 2}}, {"id": 17259889, "category": {"id": 62, "name": "Mental Health"}, "emotion": "Positive", "turns_number": 5, "dialogues": [[859531, 0, "Kind of want to say I m doing great now but I m looked afraid I m going to in it laugh out loud", []], [626945, 4, "Keep up the positively and you ll be just fine . :)", []], [993523, 3, "just stay position have and try to be happy in your own empire", []], [1150427, 2, "I feel a his hata just keep on killing it .", []], [1080609, 1, "let me eat you mamma", []]], "speakers": {"TheVenusian": 0, "Prabz": 1, "come-as-you-are": 2, "MorticiaTheMacabre": 3, "Ayush🍁": 4}}, {"id": 17259866, "category": {"id": 11, "name": "Hopes"}, "emotion": "Loving", "turns_number": 4, "dialogues": [[1370874, 0, "i do not know it is Just me or many but sometimes i remember some memories along with certain aroma attached to it . it is weird .", []], [859531, 3, "Al the time and all the smells in the world . What is the most nostalgic for you ? Mine has to be Bare hair laugh out loud", []], [789471, 2, "I sometimes remember my childhood crush when someone is using her same perfume", ["🙈"]], [1057842, 1, "I had applied hanna mask on my hair like decades ago . and the same day . I witnessed a dead body drown in a ri have . all swelled up . till this day . a smell of hanna push me to that day and that scene appears so fresh .", []]], "speakers": {"‎": 0, "TheVenusian": 1, "2410🧿": 2, "uglybish": 3}}, {"id": 17259863, "category": {"id": 7, "name": "Relationships"}, "emotion": "Lonely", "turns_number": 4, "dialogues": [[788556, 0, "i just want to be alone", []], [1469590, 3, "being alone is not worth so do not trying to be", []], [1472563, 2, "it is tough than you think", []], [1427075, 1, "it is a dangerous place to be", []]], "speakers": {"Not Cute🥺": 0, "Stardust 🌟": 1, "kar34": 2, "JKC": 3}}, {"id": 17259849, "category": {"id": 10, "name": "Friends"}, "emotion": "Lonely", "turns_number": 3, "dialogues": [[0, 0, "There was a person I met here , we got close and started talking almost every day for months . One day he sent me a cystic message saying goodby and disappeared . I m worried because I do not know where he is , if he is ok or even if he is still ali have . I miss him", []], [978489, 2, "at least he said goodby , most are just disappear without saying anything", []], [270519, 1, "He is living his best life . Do not think about it .", []]], "speakers": {"Anonymous": 0, "🧸breadcrumbs🧸": 1, "Saitama 👊🏻": 2}}, {"id": 17259842, "category": {"id": 7, "name": "Relationships"}, "emotion": "Nothing", "turns_number": 3, "dialogues": [[1483734, 0, "I am just getting tired of relationships th . I have been hurt so much that I came to the conclusion that I m not good enough and never will be good enough for someone .", []], [1216752, 2, "same . talk it out with me if you want to", []], [1037459, 1, "my girlfriend left me and betrayed me after for years", []]], "speakers": {"Gibbon the wise": 0, "Newbie": 1, "Noman Malik": 2}}, {"id": 17259840, "category": {"id": 58, "name": "LGBT"}, "emotion": "Worried", "turns_number": 3, "dialogues": [[1505047, 0, "I do not know how to tell my parents because they are not support have about the LGBTQ community , but I do not want to keep living a lie and pretending to be something I m not", []], [1216752, 2, "take your time , tell them , be you", ["💕"]], [1098821, 1, "I made the mistake of telling my mon I was gay when I was 14 , it was miserable for a long time I had to leave my house when I was 21 . What am saying is that you might need to be prepared . Now my parents are more tolerant but it took a hello hello", []]], "speakers": {"Purple_Dreams": 0, "Newbie": 1, "Puma (🎖️Jaat, edict of 👑 Sher)": 2}}, {"id": 17259813, "category": {"id": 7, "name": "Relationships"}, "emotion": "Heartbroken", "turns_number": 3, "dialogues": [[788556, 0, "f i were to fly , i would go to _ .", []], [1494644, 2, "why are you heartbroken ? what happened ?", ["😔"]], [1483908, 1, "The city and show everybody my talent", []]], "speakers": {"Not Cute🥺": 0, "°•soul :)☆": 1, "Moroccantea": 2}}, {"id": 17259810, "category": {"id": 47, "name": "Health"}, "emotion": "Tired", "turns_number": 3, "dialogues": [[303765, 0, "5 days free from alcohol", ["😁"]], [1483908, 2, "Well done -See you up ", ["💕", "☺"]], [1487876, 1, "a tip .whatever you want achieve just hidden it from the whole world .the task will go longer", []]], "speakers": {"𝒬𝓊ℯℯ𝓃 𝒯𝓇𝓎𝓈𝓉𝒶𝓃𝓈 𝒯𝒶𝒸ℴ 🥃": 0, "Moroccantea": 1, "darkness sunshine": 2}}, {"id": 17259799, "category": {"id": 15, "name": "Family"}, "emotion": "Down", "turns_number": 3, "dialogues": [[0, 0, "My brother just had a very strong seizure and I feel like shit because it looked like he was about to lose his life fighting it", []], [794264, 2, "I m sorry to hear that must be hard for him and yours he on beds ?", []], [1214337, 1, "If you are feeling like that , imagine how he must be feeling .", []]], "speakers": {"Anonymous": 0, "depressive fruitcake🍍": 1, "__nobody__": 2}}, {"id": 17259796, "category": {"id": 47, "name": "Health"}, "emotion": "Nothing", "turns_number": 5, "dialogues": [[1505679, 0, "Can someone tell me how to lose at least 15 g without shipping meals or going to grm ( it is still closed )", []], [270519, 4, "I know of a way but it involves losing an arm .", []], [1407161, 3, "maintain a calorie defect of 400 cal least and drink hot water . do running and exercise", []], [1483908, 2, "Exercise at home , or running ( outside )", []], [1496763, 1, "lots of water , high protein low with good carts and healthy fats , walking . I kickstarted it with optifast though then used those to continue and maintain . I have lost 60 g so far ", ["❤"]]], "speakers": {"justalex": 0, "Saitama 👊🏻": 1, "Numa Numa Ye!!": 2, "Moroccantea": 3, "Lo": 4}}, {"id": 17259790, "category": {"id": 7, "name": "Relationships"}, "emotion": "Loving", "turns_number": 3, "dialogues": [[1472563, 0, "no offensetransfemale meansmale body with female feeling ?", []], [294766, 2, "absolutely no offense but why is this under relationships ?", []], [771677, 1, "Him I sense a chase", []]], "speakers": {"kar34": 0, "𝐋𝐢𝐳✨": 1, "peperoni": 2}}, {"id": 17259772, "category": {"id": 65, "name": "Eating Disorders"}, "emotion": "Insecure", "turns_number": 4, "dialogues": [[459476, 0, "I should honestly stop eating man . i am so fucking fat and disgusting", []], [1365919, 3, "stopping to eat will literally achieve nothing lolnourish yourself , eat varied and correctly do sport", []], [1407161, 2, "are you a hannibal ? why are u eating innocent man ?", []], [294766, 1, "why did i think you were talking about eating a person i-", []]], "speakers": {"Zac Moses": 0, "Alina": 1, "Numa Numa Ye!!": 2, "𝐋𝐢𝐳✨": 3}}, {"id": 17259771, "category": {"id": 20, "name": "Others"}, "emotion": "Afraid", "turns_number": 3, "dialogues": [[531422, 0, "So . Did Bien just airstrike Syria ? Does he want a physical war that badly ? I have got a bad feeling about this . Edit : Bien airstriked Syria , Not Ran . And It was not a duke", []], [1365919, 2, "hut ? he is coming Syria , not Ran ?", []], [622527, 1, "Duke Ran ? I sure hope not . But i haven the US government is senseless greed I would not doubt it .", []]], "speakers": {"Koda": 0, "Alina": 1, "durka the Dreamer": 2}}, {"id": 17259739, "category": {"id": 74, "name": "Depression"}, "emotion": "Nostalgic", "turns_number": 4, "dialogues": [[1505715, 0, "I lost every friends I had , years after years . I do not know why I feel so rejected . Perhaps I do not deserve to be loved by friends in this life . Same things seem to come again and again ! I feel lonely .", []], [1390950, 3, "Once you are not offend them , Do not bothering yourself , move on with your life and engaged in everything that can make you happy", []], [1505507, 2, "Hi have been feeling this way lately . it happens . and its just sad . even best friends starts to ignore you like you do not exist just cut they started dating . those my friend are what i call selfish pp", []], [247861, 1, "Hey , Follow ash20216 on Instagram and let us Be friends I swear I wo not walk away", []]], "speakers": {"Newbie": 0, "Ayankoso Ayanniyi Afeez": 1, "Saai": 2, "unknown person": 3}}, {"id": 17259735, "category": {"id": 7, "name": "Relationships"}, "emotion": "Insecure", "turns_number": 3, "dialogues": [[0, 0, "What are red flags when you are dating someone ?", []], [1152744, 2, "Red flags are different for everybody . So whatever it is to you", []], [1505679, 1, "When they want t know every single thing like what is on your phone or when they try to be everyone welcomehere that you are .", []]], "speakers": {"Anonymous": 0, "ᒐvstiʌ": 1, "justalex": 2}}, {"id": 17259731, "category": {"id": 7, "name": "Relationships"}, "emotion": "Supportive", "turns_number": 4, "dialogues": [[1377543, 0, "Has shadow work helped you ? let me know in the comments : ^ )", []], [1384787, 3, "Suspend judgement on yourselfsuspend judgement on yourself : Shadow work is a practice of healing and self - growth , which means that it requires surrender and acceptance . Instead of attacking everything that you do not want to think , feel , or address , go into this process with an attitude of compassion for yourself and your experience", []], [1160396, 2, "I like to believe it has . Its eminently made me more confident , I m more fluid in my actions . Bu ?", []], [1505679, 1, "It did help me but I m still stuck with my heart Chair and inner child", []]], "speakers": {"Lex🤓": 0, "◇ VB": 1, "I.n.d.i.g.o.": 2, "justalex": 3}}, {"id": 17259712, "category": {"id": 62, "name": "Mental Health"}, "emotion": "Down", "turns_number": 3, "dialogues": [[1472804, 0, "I do not remember the last time I had genuinely felt good enough .", []], [1472563, 2, "hello stranger can i make you good enough else add me in the creep list of boys", ["😂"]], [1504242, 1, "I think you should start doing some Meditation .", []]], "speakers": {"H.": 0, "kar34": 1, "UD": 2}}, {"id": 17259695, "category": {"id": 12, "name": "Self Harm"}, "emotion": "Exhausted", "turns_number": 4, "dialogues": [[1432062, 0, "my life is over .", []], [1152744, 3, "just see it as one door closing and another soon to be open", []], [1505317, 2, "No it is not . You can sure have , so please choose to keep going . I m here foryouryour", []], [1505715, 1, "Please stay with us . We care for you", []]], "speakers": {"2018": 0, "ᒐvstiʌ": 1, "Jayce Geer": 2, "Newbie": 3}}, {"id": 17259687, "category": {"id": 53, "name": "Education"}, "emotion": "Supportive", "turns_number": 6, "dialogues": [[1396692, 0, "I m 23 years old , is it too late to pursue masters ?", []], [1472563, 3, "I have seen pursuing in 27 28 29", []], [1502890, 4, "It is never to late , go out there and get it ", ["❣"]], [1472563, 3, "even ave age in america is 24", []], [1372294, 2, "no its never to late", []], [154152, 1, "Ah if we are talking about studies then a lot of people start when they are in their midwife", []]], "speakers": {"Mysterious Homie": 0, "kar34": 1, "Sabrina ☀️❣️": 2, "Elsa🦋": 3, "RedSmile": 4}}, {"id": 17259686, "category": {"id": 10, "name": "Friends"}, "emotion": "Supportive", "turns_number": 5, "dialogues": [[1368327, 0, "Our phone falls , we panic . Our friends fall we Laugh", []], [437857, 4, "Gothic falls , Batman panics , Joke laughs", []], [1468997, 3, "bc we lui our phone more than our find", []], [628982, 2, "because all my good friends li have on phone so i panic", []], [1505703, 1, "that is one way to put it", []]], "speakers": {"Rainbowofsomeone": 0, "Lemon Boy": 1, "ÒwÓ": 2, "Tyrion Lannister": 3, "Neenava Ahsan": 4}}, {"id": 17259685, "category": {"id": 20, "name": "Others"}, "emotion": "Supportive", "turns_number": 5, "dialogues": [[1070747, 0, "do you think you only know someone when you li have with them ?", []], [622527, 4, "No . It can close the distance between you and someone you want to get to know but getting to know someone and living with them are totally independent processes . Many people li have with someone for 20 + years before learning who they really are , and often that ends in a broken marriage .", []], [236697, 3, "it can help , but you can know someone way before that . it depends on how much of them they show you . and some people will be a completely different version of themselves depending on who they are with .", []], [1360279, 2, "Sad fact Is you never really(REALLY ) know someone . Sad .", []], [1154858, 1, "this can be true in some scenario", []]], "speakers": {"Nothingistoopersonal": 0, "durka the Dreamer": 1, "Tomothy": 2, "ForgottenWisdom": 3, "Deep": 4}}, {"id": 17259654, "category": {"id": 10, "name": "Friends"}, "emotion": "Supportive", "turns_number": 6, "dialogues": [[1288235, 0, "Trust me . You will get bored with me too . They all do .", ["🥴", "🥱"]], [1020393, 5, "Not if there is love and common interests .", []], [1293658, 4, "I do not think so . you are the mamma of my best and it is never get boring with her . and I never felt bored when we talked", ["😒"]], [999788, 3, "story of my life .", []], [1224846, 2, "missed me? most probably you did not hello mon , it is your monk son how have you been ?", ["🥺", "😷", "🐒"]], [1120942, 1, "This resonates . Such .", ["😥"]]], "speakers": {"Jen ☕💕": 0, "Cautiously Optimistic 🇵🇸🇵🇸🇵🇸": 1, "Lukas": 2, "Dragula 🤍🖤": 3, "MonkéMan🐒": 4, "𝓜𝓸𝓸𝓷": 5}}, {"id": 17259651, "category": {"id": 10, "name": "Friends"}, "emotion": "Hopeful", "turns_number": 3, "dialogues": [[1505712, 0, "Hi , i need friend to talk", []], [1485833, 2, "I need a FRIEND too talk", []], [1488709, 1, "hey I ll talk , what is going on", []]], "speakers": {"santi foi": 0, "User Banned": 1, "lydiaa47": 2}}, {"id": 17259632, "category": {"id": 20, "name": "Others"}, "emotion": "Nothing", "turns_number": 3, "dialogues": [[720355, 0, "Younger you would be proud of you and you would be proud of your younger self , through all the up and down , fears , anxieties , inherit is notes , sadness , pain , darkness , somehow you are still here and you have not i haven up so thank you your efforts have not gone unnoticed", ["🌹", "🥰"]], [1202378, 2, "my younger me is such a mistake", []], [969877, 1, "Thank you for this , thanks for being encouraging and spreading good vices ! Sorry you have to deal with dismiss have comments , I always appreciate your posts ! ", ["❤"]]], "speakers": {"Ely": 0, "Eh what?": 1, "little things": 2}}, {"id": 17259621, "category": {"id": 7, "name": "Relationships"}, "emotion": "Jealous", "turns_number": 3, "dialogues": [[1505047, 0, "I m in love with someone but they wo not let themselves love me , and I m beginning to feel like maybe I m just not enough because they seem to love everyone else but me", []], [1505548, 2, "maybe they have a reason maybe they do not deserve you", []], [1471424, 1, "I feel I feel that one I see this guy that I really like and he does not like me back he says that he is gay but he is also just looking at women it dry have me nuts", []]], "speakers": {"Purple_Dreams": 0, "×__○": 1, "tom": 2}}, {"id": 17259612, "category": {"id": 10, "name": "Friends"}, "emotion": "Nervous", "turns_number": 4, "dialogues": [[0, 0, "can someone tell me I ll be alright ?", []], [1386241, 3, "You will be alright . Gather your strength and have some faith . It will be ok and better than that one day .", []], [859993, 2, "you ll be ok , you ll be alright", []], [554919, 1, "We can tell you but you have to be alright within yourself to be ok one day .", []]], "speakers": {"Anonymous": 0, "Lend me your Will of Fire": 1, "Zak": 2, "★⸸𝓜𝔂𝓼𝓽𝓲𝓬𝓪𝓵 𝓑𝓵𝓾𝓮𝓳𝓪𝔂⸸★": 3}}, {"id": 17259611, "category": {"id": 7, "name": "Relationships"}, "emotion": "Supportive", "turns_number": 3, "dialogues": [[1338906, 0, "Going through a bad breakup and having a miscarriage is the worst feeling ever .", []], [1386241, 2, "I am sorry about this terrible turn of events . I hope and pray that you get to a better situation .", []], [1483084, 1, "I need someone to talk to everyday and someone to be happy with", []]], "speakers": {"PrettyFreeSoul": 0, "Lend me your Will of Fire": 1, "Gideon": 2}}, {"id": 17259607, "category": {"id": 20, "name": "Others"}, "emotion": "Nothing", "turns_number": 5, "dialogues": [[347596, 0, "Ten thousand posts in a year screams dangerous", []], [1216283, 2, "screams someone has no life and lots of time .", []], [790654, 3, "oh look , a post about me", []], [1216283, 2, "like 27 posts a day", []], [1223747, 1, ".yeah , something like that", ["😅"]]], "speakers": {"HottestSnail(𓂺)": 0, "radiance of reality ENFP-T": 1, "𝔪𝔬𝔱𝔥": 2, "𝔤𝔬𝔱𝔥☹𝔯𝔬𝔰𝔢": 3}}, {"id": 17259596, "category": {"id": 62, "name": "Mental Health"}, "emotion": "Depressed", "turns_number": 3, "dialogues": [[1407368, 0, "I do not understand how things can get better . they can not", []], [236697, 2, "it is always easier to think how things can get worse before thinking about how things can get better , ESPECIALLY when you are going through tough times . but there are always option that can help you reach a better place.it can be hard to see things that are right in front of you if you are in a dark room , but all it takes is that one flicked of light .", []], [1505317, 1, "They will . You got this . Here foryouryour", []]], "speakers": {"Eli🏳️‍🌈": 0, "Tomothy": 1, "Jayce Geer": 2}}, {"id": 17259587, "category": {"id": 67, "name": "Self-Care"}, "emotion": "Caring", "turns_number": 6, "dialogues": [[1498562, 0, "just a female with big disc energy", []], [622527, 5, "I m guessing that is from a meme or something because I have no idea what this means .", []], [1419505, 4, "wait a big what ?", []], [154152, 3, "So packing a small one is bad ?", []], [1418456, 2, "true it into ac energy .", []], [1472409, 1, "I prefer colossal club chair but fair enough", []]], "speakers": {"Trench Girl": 0, "durka the Dreamer": 1, "Ash🎶": 2, "RedSmile": 3, "Mr.Unknown": 4, "Janus": 5}}, {"id": 17259585, "category": {"id": 62, "name": "Mental Health"}, "emotion": "Anxious", "turns_number": 3, "dialogues": [[1149685, 0, "Hi I m relapsing pus tell me it is going to be alright bc I can not fucking breathe right now", []], [1505285, 2, "everything Will be obey do not worry", []], [1312627, 1, "for music that touches the heart , check out on couture : a little lots flower - dove fly stormhttps:/m.couture.com / watch?v = sobs33n9nouuplifting classical music : http:/w.shenyun.com / symphony / hope the music energies your calmness", []]], "speakers": {"lilac": 0, "Lu Cía": 1, "Righteous Force": 2}}, {"id": 17259558, "category": {"id": 7, "name": "Relationships"}, "emotion": "Anxious", "turns_number": 4, "dialogues": [[1402908, 0, "I never want to see or talk to my ex classmates again", []], [1453108, 3, "you do not have to", ["❤"]], [840105, 2, "just got out of school ?", []], [1471424, 1, "same here there were people from there I told I m gay . all they do is make fun of me", []]], "speakers": {"BigTallGurl": 0, "deadpool": 1, "ириc": 2, "tom": 3}}, {"id": 17259534, "category": {"id": 48, "name": "Work"}, "emotion": "Insecure", "turns_number": 3, "dialogues": [[1411420, 0, "Been to weeks since I quit my job . I wish I knew why my manager hated me so much . it is like he decided I was a bad employee just because I called in during the first to weeks he was working there . Like , i am sorry if I was going through something traumatic and needed a break .", []], [1292593, 2, "Did you talked with him about that you were experiencing something traumatic and need a break ?", []], [728874, 1, "I m so sorry that you went through that.well , if he was not sympathetic or understood what you were going through , it was not worth it to work for him . better things are out there foryouryour", []]], "speakers": {"Smitten Kitten": 0, "Seretonine": 1, "🇺🇸RobbyRockRobster🎸": 2}}, {"id": 17259480, "category": {"id": 20, "name": "Others"}, "emotion": "Sad", "turns_number": 4, "dialogues": [[1202378, 0, "Brushing poor make the place mortier", []], [1211889, 3, "Your writing is good !", []], [1401454, 2, "you passed in the exam", []], [819730, 1, "what is funnier than 24 . 26 ! ha - ha .", []]], "speakers": {"Eh what?": 0, "tripper": 1, "Alright?": 2, "iki カバネリ": 3}}, {"id": 17259470, "category": {"id": 7, "name": "Relationships"}, "emotion": "Insecure", "turns_number": 3, "dialogues": [[1459465, 0, "Is good Sex necessary for a good relationship ?", []], [236697, 3, "depends on the person . some people want sex more than others . some people just do not want sex at all . that is a thing you figure out w your partner .", []], [1457107, 2, "depends on person but yeah", []]], "speakers": {"D Jay": 0, "Tomothy": 1, "Chicha": 2}}, {"id": 17259453, "category": {"id": 7, "name": "Relationships"}, "emotion": "Bored", "turns_number": 3, "dialogues": [[1505689, 0, "have you had any paranormal experiences ? if so , what was it ?", []], [1498743, 3, "Yes . lots of time , I we tell you one nd its true . I heard screaming of a lady at to:35am . I was cheating we my boyfriend the time . and it was so long and scar . next day everyone told us the the area in haunted .", []], [1202378, 2, "Seeing ghost front of my room at for am nd being chased by it when i was 6", []]], "speakers": {"Newbie": 0, "silent": 1, "Eh what?": 2}}, {"id": 17259428, "category": {"id": 7, "name": "Relationships"}, "emotion": "Caring", "turns_number": 3, "dialogues": [[0, 0, "Leave a message in the comment section for the one , you love the most. ", ["♥"]], [906264, 2, "me to myselfidiot find someone else", []], [1505679, 1, "I am most thankful to you because you came in my life unexpected . Our story is not planned . It was not searched it was my first natural relationship . i am so happy with you I wish to settle and hold you forever ", ["❤"]]], "speakers": {"Anonymous": 0, "Arfan": 1, "justalex": 2}}, {"id": 17259424, "category": {"id": 10, "name": "Friends"}, "emotion": "Nothing", "turns_number": 5, "dialogues": [[1502002, 0, "never beg anyone to stay", []], [1301887, 4, "I did it before , I learned my lesson", []], [622527, 3, "They will stay or go regardless of what you do anyone welcomed . Sooner or later .", []], [978489, 2, "just you know that they Will leave ,", []], [895985, 1, "true . but it is also true that it is impossible living alone", []]], "speakers": {".": 0, "Roy ♊️☯️": 1, "durka the Dreamer": 2, "🧸breadcrumbs🧸": 3, "Unknown 🇮🇳": 4}}, {"id": 17259399, "category": {"id": 62, "name": "Mental Health"}, "emotion": "Supported", "turns_number": 3, "dialogues": [[1386241, 0, "Is anyone else physically exhausted because of mental exhaustion from years of struggle ? Do you get what I mean ? I feel like I am forever exhausted and I never heal no matter how much time I take . What should I do ? I feel like the same tired person who was going through all that shit even though I am currently not going through any shit .", []], [1504844, 2, "Yes . Mental influence bodynothing weird in it you do not fo through shit right now you are in an able situation to take care of your mind", ["💓"]], [1360279, 1, "Up . Mornings drag and nights go on till I drop . It is like walking up hill in molasses .", []]], "speakers": {"Lend me your Will of Fire": 0, "UglyInside 😏": 1, "ForgottenWisdom": 2}}, {"id": 17259381, "category": {"id": 7, "name": "Relationships"}, "emotion": "Anxious", "turns_number": 3, "dialogues": [[0, 0, "how to forget him ?", []], [466534, 2, "love another guy like me .", []], [1504908, 1, "Time and do things that you like", []]], "speakers": {"Anonymous": 0, "Dr. geller": 1, "Quim": 2}}, {"id": 17259349, "category": {"id": 62, "name": "Mental Health"}, "emotion": "Overwhelmed", "turns_number": 4, "dialogues": [[1457924, 0, "I have no breaking support system I m so alone .", []], [554919, 3, "Be your own support system .", []], [1497200, 2, "huge sorry you are so overwhelmed . here if you Want chat .", ["💚"]], [1501235, 1, "so sorry . you do not feel supported . take care", []]], "speakers": {"Flare23 ♌😸": 0, "★⸸𝓜𝔂𝓼𝓽𝓲𝓬𝓪𝓵 𝓑𝓵𝓾𝓮𝓳𝓪𝔂⸸★": 1, "Bemo🙈": 2, "Hermit Bug": 3}}, {"id": 17931635, "category": {"id": 20, "name": "Others"}, "emotion": "Bored", "turns_number": 5, "dialogues": [[1205623, 0, "* kid clashes car into a tree* - Oh my god , are you ok? - Oh my god , is the car ok ?", []], [349954, 4, "Me : is the tree ok ?", []], [1245735, 3, "it is what it is", []], [1506700, 2, "  - sends police to investigate , shoots the kid", []], [1517475, 1, "is life cheap there or something", []]], "speakers": {"Anushka🥤": 0, "User Banned": 1, "Parth  with the D": 2, "InquisitiveBeing": 3, "Newbie": 4}}, {"id": 17931632, "category": {"id": 62, "name": "Mental Health"}, "emotion": "Inspired", "turns_number": 3, "dialogues": [[1512524, 0, "I wo not let you bring me down .", ["🎈", "🥺"]], [1463572, 2, "you are too blessed to be stressed .", []], [1395277, 1, "I wo not let you down", ["👀"]]], "speakers": {"🎀": 0, "Mauricio": 1, "ꫝꪖᦔꫀ𝘴": 2}}, {"id": 17931625, "category": {"id": 10, "name": "Friends"}, "emotion": "Optimistic", "turns_number": 3, "dialogues": [[1543749, 0, "what will you do if you have infinity gauntlet with all the six stones in it . you can only use it 3 times .", []], [904570, 2, "Ease sadness from this world . Feed everyone and destroy the stones", []], [1400255, 1, "i would ask for something stupid or just die from the pressure", ["🤣"]]], "speakers": {"Astk Rgsr7": 0, "Knightmares": 1, "justarandomdude": 2}}]