[{"id": 17015762, "category": {"id": 20, "name": "Others"}, "emotion": "Supportive", "turns_number": 3, "dialogues": [[1468017, 0, "Watching X video can motivate you to take care of yourself", []], [1353289, 2, "nothing like being disappointed in yourself to motivate you laugh out loud", []], [622527, 1, "X Video ? Are we talking about In Diese on xxx the movie ?", []]], "speakers": {"taetae": 0, "not D.Va": 1, "durka the Dreamer": 2}}, {"id": 17015744, "category": {"id": 7, "name": "Relationships"}, "emotion": "Supported", "turns_number": 5, "dialogues": [[1483781, 0, "My ex boyfriend got back together with his ex not even two weeks after we broke up . we were together for 3 years i am completely shattered on the inside . I do not know how to feel .", []], [1443833, 1, "He was cheating you for all this 3 years .", []], [1321590, 3, "He seems to be using her as rebound if you ask me , like how can someone get over a break up that stand why he running back to the past laugh out loud ( just surprise me , pp never realise what they have until it is gone )", ["💜", "💟"]], [1486748, 2, "why after you are breakup with him matters to you . move on dear . show him that you least care about him n moved on in you are life . let him know what he has lost .", []], [1443833, 1, "It is his loss .", []]], "speakers": {"Downtownriley": 0, "ThaaR.": 1, "☣Pronoun=DNA/MOLECULE☢": 2, "✌️✌️ ∂εѵเℓ รเɳɠɦ": 3}}, {"id": 17015729, "category": {"id": 74, "name": "Depression"}, "emotion": "Caring", "turns_number": 3, "dialogues": [[1490965, 0, "I feel so alone . My boyfriend does not know if he wants to be with me . My friends are all face and never chose to be there for me . i am going through the touches time in my life and no one is here to help . I ca not take this feeling in my chest . I want to feel ok again .", []], [794917, 2, "awe i have been there before . try to take it one day at a time", []], [1490243, 1, "I know what it is like . I have no friends , my girlfriend broke up with me , I know how you feel . if you need to talk i am here", []]], "speakers": {"Newbie": 0, "kaye loves makeup": 1, "I'm just about done": 2}}, {"id": 17015723, "category": {"id": 67, "name": "Self-Care"}, "emotion": "Hopeful", "turns_number": 3, "dialogues": [[1332555, 0, "yep totally bored and tired laugh out loud need to work out but not sure if it will happen", ["😏", "😂", "🤔"]], [1324287, 2, "hata you can play pub with me hata", ["😂"]], [1490953, 1, "well i is not no gooroo am i", ["😂"]]], "speakers": {"Sugar": 0, "User Banned": 1, "🦎{Alex}🦎": 2}}, {"id": 17015695, "category": {"id": 58, "name": "LGBT"}, "emotion": "Meh", "turns_number": 3, "dialogues": [[1450048, 0, "Go and try to flirt with my girl . If she flints back , she is yours .", []], [1009381, 2, "tell her to kill me first", []], [1490953, 1, "i just asked for an orel madam", ["😂"]]], "speakers": {"tequillawaterfall": 0, ".": 1, "🦎{Alex}🦎": 2}}, {"id": 17015661, "category": {"id": 10, "name": "Friends"}, "emotion": "Supportive", "turns_number": 4, "dialogues": [[1485829, 0, "Anybody feel like talking ?", []], [1483084, 3, "I need someone to talk to everyday and someone to be happy with", []], [1490083, 2, "I am happy to talk to anyone", []], [1399774, 1, "yeah I m just drawing so i have time", []]], "speakers": {"Carebear": 0, "Gideon": 1, "Jamie": 2, "Ice King👨‍⚕️": 3}}, {"id": 17015642, "category": {"id": 7, "name": "Relationships"}, "emotion": "Sad", "turns_number": 4, "dialogues": [[1490379, 0, "feeling lonely , need someone to talk to", []], [1486748, 1, "yeah sure y not .", []], [991522, 2, "huge you tightly and holds you close hey ! ", ["❤", "☺"]], [1486748, 1, "tell me what has happened ?", []]], "speakers": {"User Banned": 0, "✌️✌️ ∂εѵเℓ รเɳɠɦ": 1, "vedant": 2}}, {"id": 17015634, "category": {"id": 7, "name": "Relationships"}, "emotion": "Supportive", "turns_number": 4, "dialogues": [[1114642, 0, "I like it when you smile its cut", ["🌞"]], [1471270, 3, "Here I think you had disagree", []], [1010804, 2, "agreed , but the eyes are where it is at", []], [1221620, 1, "I have not heard this in mad long laugh out loud . I miss being social . this is quarante is affecting me", []]], "speakers": {"Karie 💫💫": 0, "TerenceFletcher": 1, "OUCIMmeB4UICUR12": 2, "deloaded": 3}}, {"id": 17015633, "category": {"id": 7, "name": "Relationships"}, "emotion": "Optimistic", "turns_number": 3, "dialogues": [[1466007, 0, "I need someone to talk to about this boy .", []], [1290968, 2, "i am here if you need someone to talk to . i am in the same predicament . nobody here wants to hear me talk about this person", ["💀"]], [1491589, 1, "I m here if you want", []]], "speakers": {"jamie": 0, "静けさ": 1, "Fiki": 2}}, {"id": 17015612, "category": {"id": 62, "name": "Mental Health"}, "emotion": "Tired", "turns_number": 5, "dialogues": [[1219486, 0, "I want to be in control of my emotions why is this such an unattainable goal", []], [1009381, 4, "I know the feeling all to well , my emotions have taken control of my mind and i feel like tonight is the night to die .", []], [1221620, 3, "I ll i have you the attitude for $ 19.99/19.99/19.99", []], [451950, 2, "do not be hard on yourself you are only human", []], [459579, 1, "let us retire your brain with switches", ["💡"]]], "speakers": {"Cakylynn 💀": 0, ".": 1, "deloaded": 2, "Victor's": 3, "Arun": 4}}, {"id": 17015611, "category": {"id": 62, "name": "Mental Health"}, "emotion": "Sad", "turns_number": 3, "dialogues": [[1483084, 0, "I need someone to talk to everyday and someone to be happy with", []], [1324287, 2, "come between my hand and take a big hug", []], [1236788, 1, "Same , so I ll send you a virtual hug", ["💜"]]], "speakers": {"Gideon": 0, "User Banned": 1, "Emy...": 2}}, {"id": 17015598, "category": {"id": 62, "name": "Mental Health"}, "emotion": "Depressed", "turns_number": 3, "dialogues": [[1368056, 0, "i just want to d1e . i can not relate with my demon and this is kill me inside . i wanted c4 t my wrist or something please someone st4b my chest so many times , I need this", []], [1490379, 2, "do not ever say that , you he a big reason to li have", []], [1490436, 1, "Hey , never i have up you have to remember herself how strong you are love made it till today you will be ok just think of the person that you love the most how that person will be if you are dead just think about the fact that there is someone out there meant for you even if it is hard sometimes you do not have to i have up us pale still need you u may not see it in but trust me one day you willdont forget how AMAZING you ARE", ["👑", "💕"]]], "speakers": {"ade": 0, "User Banned": 1, "Celiaaa": 2}}, {"id": 17015579, "category": {"id": 7, "name": "Relationships"}, "emotion": "Nothing", "turns_number": 3, "dialogues": [[1427404, 0, "Really want to tell this man I like him but I also really do not", []], [1447316, 2, "do me ill i have you some tips if you need", []], [1458868, 1, "Do not hesitate otherwise who ll have to li have with the feeling that you had missed an opportunity to tell the one whom you loved or liked how you feel .", []]], "speakers": {"Kayla": 0, "Mindy Cheif": 1, "Nobody": 2}}, {"id": 17015560, "category": {"id": 63, "name": "My Story"}, "emotion": "Heartbroken", "turns_number": 3, "dialogues": [[988869, 0, "I m hurting so bad mentally . in hospital and hating it but I know it is where I m meant to be or at least right now", []], [451950, 2, "I have been there before . things get better with time", []], [1064175, 1, "you ll get through this", ["💜"]]], "speakers": {"chestofnothing": 0, "Victor's": 1, "SHUA": 2}}, {"id": 17015551, "category": {"id": 10, "name": "Friends"}, "emotion": null, "turns_number": 4, "dialogues": [[1321590, 0, "Would you lend 10 $ to a friend ?", []], [1196055, 3, "The most I lend to someone was 200 ", []], [1450384, 2, "it depends on the friend", []], [612199, 1, "I did , and never got it back . But that was somehow expected . never lend what you can not afford to hello hello", []]], "speakers": {"☣Pronoun=DNA/MOLECULE☢": 0, "🏰💗𝔸𝕝𝕚𝕔𝕖☄️✨": 1, "Bittersweet": 2, "Fluctus et Figura 🇩🇪👨‍💻🎶🏞": 3}}, {"id": 17015548, "category": {"id": 68, "name": "I Need Help"}, "emotion": "Depressed", "turns_number": 3, "dialogues": [[1475992, 0, "what will you do when you feel anxious ? this anxiety makes me feels like i am choking", []], [1087895, 2, "Meditation , stress balls , deep breath , position have thoughts , staying hydrate , try and distract yourself , or vent / write down how you are feeling", []], [892005, 1, "Distract myself with music , Netflix or work .", []]], "speakers": {"Nanas": 0, "LovexLel✓": 1, "X Sinclaire": 2}}, {"id": 17015527, "category": {"id": 12, "name": "Self Harm"}, "emotion": "Supportive", "turns_number": 3, "dialogues": [[1490948, 0, "I need help I just do not know how to get it .", []], [669459, 2, "can be hard to break the invisible barrier that block us from getting help , i would say the best way to go personally would be tell someone you trust a lot and tell him you want to get help but do not know how , it might be hard to do but you will have a big weigh off your shoulders when you will do , might be distressful , scar , etc , but you have got to tried", ["😊"]], [916352, 1, "hi welcome to talklife . we are here for you", ["👋"]]], "speakers": {"Killua": 0, "🌟alex🌟": 1, "GuineaPigLover": 2}}, {"id": 17015522, "category": {"id": 74, "name": "Depression"}, "emotion": "Numb", "turns_number": 3, "dialogues": [[906541, 0, "I wish i could dry have so i can have the longest dry have and stop middle of a  Field n be myself for a few hours n cry :)", []], [1012513, 2, "Same I can start driving this year . I could do it but alone could end differently", []], [1483084, 1, "I need someone to talk to everyday and someone to be happy with", []]], "speakers": {"Courtneyy21": 0, "Aaron": 1, "Gideon": 2}}, {"id": 17015510, "category": {"id": 62, "name": "Mental Health"}, "emotion": "Furious", "turns_number": 3, "dialogues": [[1348940, 0, "My adopt have parents said i am using my past as a crutch", []], [1477196, 2, "I was basically told this just recently", []], [684673, 1, "Is not having a crutch a good think ? If you are unable to walk , it helps you", []]], "speakers": {"LauraStgermain": 0, "🇺🇲Reloveution": 1, "Kama2": 2}}, {"id": 17015484, "category": {"id": 7, "name": "Relationships"}, "emotion": "Heartbroken", "turns_number": 3, "dialogues": [[667422, 0, "I finally got the courage to ask her out and she rejected me , I guess maybe i am actually meant to be alone forever", ["😎"]], [1087895, 2, "Trust me people come and go , you will find someone", ["💕"]], [1410548, 1, "Least you had the courage to ask .", []]], "speakers": {"EddyG314 ": 0, "LovexLel✓": 1, "User Banned": 2}}, {"id": 17015474, "category": {"id": 7, "name": "Relationships"}, "emotion": "Hopeful", "turns_number": 3, "dialogues": [[1490943, 0, "I never had a girlfriend :/ cut m ugly I think", []], [913145, 2, "whatever people say you will find someone", []], [1425917, 1, "I never had a girlfriend either . but I m beautiful .", []]], "speakers": {"Ayman": 0, "a ghost": 1, "*Amira❤️Adore*": 2}}, {"id": 17015459, "category": {"id": 10, "name": "Friends"}, "emotion": "Anxious", "turns_number": 3, "dialogues": [[1425917, 0, "money . I already love myself and love my family and friends , but money is necessary for survival .", []], [339485, 3, "money . do not need partner . my mon is enough", []], [725140, 1, "What do you mean by real love . The one where she understands things before i say a word , she is there for me all the time , Our hearts beat as one . We are together until we die . We have strong bond , unknown to any human . We stick through thick and thin . Then , real love . If not , money , all day .", []]], "speakers": {"*Amira❤️Adore*": 0, "☕🐶🧟🏖️❄️⚡🧜🦄👻🌈": 1, "Cruel World": 2}}, {"id": 17015458, "category": {"id": 74, "name": "Depression"}, "emotion": "Depressed", "turns_number": 3, "dialogues": [[1481870, 0, "Its getting bad againand i do not know what to door where to good who to tellbecause nobody really cares Right ?", []], [1012513, 2, "I m here for you", []], [1312627, 1, "change life style , meditate , connect original true inner self , find root cause of depression then let go of weakness by improve character to high standard , then you be at peacetime to know how ?", []]], "speakers": {"Chrissi": 0, "Aaron": 1, "Righteous Force": 2}}, {"id": 17015457, "category": {"id": 7, "name": "Relationships"}, "emotion": "Annoyed", "turns_number": 6, "dialogues": [[0, 0, "Can men and women flirt without wanting sex?I am open to flirt , joke around , and talk about sex li have as said friends . so my friend I been talking to like that , told me to ff him cause I m so desperate to be under someone . I told him I m not interested in him like that.we are not friends now .", []], [1009381, 5, "that is how i am , i do not even know how to flirt but i get accused of it all the time", []], [270519, 4, "I jokingly flirt with friends but both of us know it is a joke and we are i will .", []], [668144, 3, "s is is not everything there is more to love than sex", []], [725140, 2, "Yes . But there are also people who ca not do that , misunderstandings happen . You both have to be on same page .", []], [1425917, 1, "the short answer is yes . the longer answer is ; your friend sounds like a real ashore and he mistook your flirting with sexual desperation and thirst . please be careful Who you decide to casually flirt with , the world is full of narcissists , sexual predator and deceitful married people who look for any sort of flirtatious behavior or comments to take advantage or get aggression have with a woman .", []]], "speakers": {"Anonymous": 0, ".": 1, "Saitama 👊🏻": 2, "MadmaX": 3, "Cruel World": 4, "*Amira❤️Adore*": 5}}, {"id": 17015445, "category": {"id": 20, "name": "Others"}, "emotion": "Tired", "turns_number": 5, "dialogues": [[314799, 0, "my biggest issue is that i can not take things seriously and i m an incredibly impatient person . what aboutyouryour", []], [892005, 4, "Depends I take some things seriously and I am patient in some situations and impatient in others .", []], [622527, 3, "Sometimes I am the exact same way , and sometimes I am the exact opposite . Hard to find a balance if you ask me", []], [825234, 2, "There is something we got in common", []], [1481753, 1, "well.in incredibly sensitive have at time", []]], "speakers": {"ddolly": 0, "X Sinclaire": 1, "durka the Dreamer": 2, "...": 3, "That Lonely Boy": 4}}, {"id": 17015444, "category": {"id": 7, "name": "Relationships"}, "emotion": "Meh", "turns_number": 14, "dialogues": [[1087895, 0, "So what is your plan for Valentine is Day", []], [1478020, 13, "take rocks and hit the couples . because i am single", []], [1257431, 12, "one night stand with my ex", []], [1136983, 11, "li have my life as normal because it means nothing nothing", []], [1488847, 10, "Stay single n treat it like any other day", []], [314799, 9, "get drunk be sad cry maybe or maybe not text my ex", ["✅"]], [655753, 8, "Gather with the boys and have some drinks , enjoy the the day", []], [819730, 7, "1 , breakfast in bed to , chocolate3 , watch movie4 , dinner for two5 , regret eating two dinner 6 , cry alone .", []], [1475107, 6, "Eat , sleep , repeat and oh reading webtoon . Here", []], [1457907, 5, "fuck Valentine is day . i just want the chocolate .", []], [1486748, 4, "no girlfriend so no plans", []], [1491213, 3, "moves , june and a blanket for the cold not forgetting a bottle of wine", ["🍷"]], [736316, 2, "I plan on waiting for the day after Valentine is Day when all the chocolate are on clearance .", []], [385240, 1, "i do not have one :|", []]], "speakers": {"LovexLel✓": 0, "Muslim": 1, "🪐Zarina🪐": 2, "Someone.": 3, "goosebumps": 4, "ddolly": 5, "KitKat": 6, "iki カバネリ": 7, "siriiirii🖤김석진": 8, "moomoo": 9, "✌️✌️ ∂εѵเℓ รเɳɠɦ": 10, "Joy Awino": 11, "Cool👽Bananies": 12, "sebastian.dk": 13}}, {"id": 17015423, "category": {"id": 74, "name": "Depression"}, "emotion": "Embarrassed", "turns_number": 4, "dialogues": [[1490119, 0, "I can not believe I thought life was hard when I was a kid , I m a full blown adult now and I am not having a good time .", []], [725140, 3, "And when you get older , you wish you have used this young , healthy age well . Think ahead and avoid this before it happens again .", []], [1477196, 2, "31 and realizing this really makes it suck more . so I m just going to attack life as if I was 25 . fuck it", []], [1450970, 1, "can i please stop growing up .", []]], "speakers": {"Tay": 0, "Cruel World": 1, "🇺🇲Reloveution": 2, "Maya exists": 3}}, {"id": 17015421, "category": {"id": 15, "name": "Family"}, "emotion": "Meh", "turns_number": 3, "dialogues": [[303765, 0, "what my sum wants me to be before she passed away : a lawyerwhat my dad wants me to be : a business woman or managerwhat I become : an adult model", []], [1025482, 2, "it is ok to become who you want . Though parents have raised us since birth , we are not obliged to follow their demands and if they accepted you become an adult model , that is make them understanding parents who knows that their daughter loves to do this .", []], [736799, 1, "congratulations , you have proved that it does not matter what they want . I bet they li have how they wanted to as well . enjoy it :)", []]], "speakers": {"𝒬𝓊ℯℯ𝓃 𝒯𝓇𝓎𝓈𝓉𝒶𝓃𝓈 𝒯𝒶𝒸ℴ 🥃": 0, "Potato Angel💝": 1, "Eddy": 2}}, {"id": 17015409, "category": {"id": 74, "name": "Depression"}, "emotion": "Depressed", "turns_number": 3, "dialogues": [[800400, 0, "I no longer believe that their are any decent people left . I am treated like trash on constant basis . Nobody listens anymore and everyone thinks its ok to talk to everyone like they are better than they are . I just need a break from life .", []], [1356674, 1, "hm , I think I know what your trying to say but I ran away and numbed myself with weed", ["🤔", "🤫", "🙈"]], [1356674, 1, "one time , I literally ran gutta of my place as a child , kept running and running . my legs felt like they did not have to stop if I did not want to . the really stages of life for me were honestly amazing I wish I was more grateful instead of just taken it fir granted", ["👏"]]], "speakers": {"Adara0618": 0, "Soule": 1}}, {"id": 17015399, "category": {"id": 10, "name": "Friends"}, "emotion": "Stressed", "turns_number": 4, "dialogues": [[1390145, 0, "Introduce yourself as the main emotion you are feeling right now . Hi , my name is stressed If someone has the same emotion you have to interact with them .", ["👋"]], [1234637, 3, "Hi , my name is fear", []], [1373085, 2, "hey , m sleepy !", []], [1011046, 1, "Hi my name is anxious . :)", []]], "speakers": {"Maya 🛸": 0, "ᶜᵘʳᵈˡᵉᵈ ᶜʰᵒᶜᶜʸ ᵐⁱˡᵏ": 1, "Hedwig🌺": 2, "charmy": 3}}, {"id": 17015384, "category": {"id": 15, "name": "Family"}, "emotion": "Anxious", "turns_number": 3, "dialogues": [[1311766, 0, "PAS : Saying something insulting and framing it a joke is still insulting . :)", []], [620789, 2, "I never knew how to explain that", []], [1123709, 1, "people should not insult they should see the good in people instead of the bad", []]], "speakers": {"Luna": 0, "Graphic": 1, "Joseph": 2}}, {"id": 17015376, "category": {"id": 7, "name": "Relationships"}, "emotion": "Heartbroken", "turns_number": 4, "dialogues": [[1426505, 0, "Trust gets you killed . , Love gets you hurt and Being Real gets you hated .", ["💔"]], [1012513, 3, "Why is that so true", ["😭"]], [1486748, 2, "Right but still b herself", ["👍"]], [1123709, 1, "that is true but you can not change how others see you or how they want you to be", []]], "speakers": {"Jane": 0, "Aaron": 1, "✌️✌️ ∂εѵเℓ รเɳɠɦ": 2, "Joseph": 3}}, {"id": 17015372, "category": {"id": 7, "name": "Relationships"}, "emotion": "Numb", "turns_number": 3, "dialogues": [[1330204, 0, "I just want him back .", []], [1123709, 2, "I m here for you", []], [1410548, 1, "Go get him back then .", []]], "speakers": {"Mads": 0, "Joseph": 1, "User Banned": 2}}, {"id": 17015285, "category": {"id": 10, "name": "Friends"}, "emotion": "Annoyed", "turns_number": 16, "dialogues": [[1484747, 0, "a lot of guns on this pp are very thirsty , it is disgusting how I just told them i lost my husband and they are still trying to hit on me . just please leave me alone", []], [1009381, 14, "that is just inhumane and how can they not see that it is uncalled for .", []], [1021434, 13, "that is awkward ! So I prefer to ignore guns", ["🙄", "😏"]], [451950, 12, "that sucks for sure but public information is up for public debate", []], [1321590, 11, "Be careful of those guns who write position have posts and reaching out to converse . Those guns are also thirsty , speaking based on experience", []], [1123709, 10, "I m sorry they are doing that you deserve respect and care", []], [1331025, 9, "Just tell them if they want to be dead husband # to to keep it up or to leave you alone .", []], [1331025, 9, "You are 100 % entitled to be upset about it , the entire ordeal is just disrespectful and never warranted in any context . What you need now is time to grieve and an opportunity to reach out to trusted individuals who wo not take advantage of that emotional vulnerability . What they are doing is reaching , bottom of the barrel desperation and it is absolutely disgusting .", []], [1167278, 8, "tell me their names so i can i have them a good beating", []], [446095, 7, "Sorry about that Sera , I ll stop sending you the flirt messages and d*c pick . Also I m sorry for the loss of your husband , may he rest in peace", ["😔"]], [1237339, 6, "I know right ! And sorry for you are loss", []], [754842, 5, "I m so sorry for your loss . Your loss is our loss , I would highly encourage you to turn off new conversations or put it to following mode , this way you can avoid getting people like that . I m here if you need anything.*Sends warm huge *", []], [738601, 4, "Some people are thirty . Sorry for your loss .", []], [1490890, 3, "sorry for your lost .", []], [1486748, 2, "sorry for the loss . are are", []], [616930, 1, "thank you for not saying : all men .", []]], "speakers": {"sara***": 0, ".": 1, "Girl": 2, "Victor's": 3, "☣Pronoun=DNA/MOLECULE☢": 4, "Joseph": 5, "✘은미✘": 6, "atom•": 7, "TboneSteak": 8, "blanche": 9, "Help_247": 10, "Candle In The Wind": 11, "Hardy Wiranta": 12, "✌️✌️ ∂εѵเℓ รเɳɠɦ": 13, "User Banned": 14}}, {"id": 17015273, "category": {"id": 12, "name": "Self Harm"}, "emotion": "Sad", "turns_number": 3, "dialogues": [[1012513, 0, "I m trying my best not to i have up on life I promise", []], [451950, 2, "nothing lasts forever not even sadness", []], [1487439, 1, "Just breathe , tomorrow will be different", []]], "speakers": {"Aaron": 0, "Victor's": 1, "Paullette": 2}}, {"id": 17015268, "category": {"id": 10, "name": "Friends"}, "emotion": "Sad", "turns_number": 3, "dialogues": [[411691, 0, "the help you get on this pp totally depends on how you look in my opinion", []], [451950, 2, "most of the time a", []], [593745, 1, "I ll say sad but true .", []]], "speakers": {"Thomas Bryan": 0, "Victor's": 1, "Granny👵🏿": 2}}, {"id": 17015263, "category": {"id": 7, "name": "Relationships"}, "emotion": "Heartbroken", "turns_number": 3, "dialogues": [[1490379, 0, "so hard to let go", ["😓"]], [1449925, 2, "would you like to talk so open your into so people can send you a message and you can make friends", []], [1483084, 1, "I need someone to talk to everyday and someone to be happy with", []]], "speakers": {"User Banned": 0, "heartbeat": 1, "Gideon": 2}}, {"id": 17015262, "category": {"id": 20, "name": "Others"}, "emotion": "Meh", "turns_number": 3, "dialogues": [[1411985, 0, "Of , I feel so empty .", []], [1219486, 2, "same girl sorry you are going through this", []], [1490379, 1, "so sorry to hear that", []]], "speakers": {"K_": 0, "Cakylynn 💀": 1, "User Banned": 2}}, {"id": 17015249, "category": {"id": 20, "name": "Others"}, "emotion": "Lonely", "turns_number": 3, "dialogues": [[0, 0, "in I regret rejecting everyone who message me for setting", ["😟"]], [1403450, 2, "I think you did the right thing", []], [1489463, 1, "Hey , it is ok but look for the right partner for that", []]], "speakers": {"Anonymous": 0, "741": 1, "Stitch": 2}}, {"id": 17015247, "category": {"id": 12, "name": "Self Harm"}, "emotion": "Hopeful", "turns_number": 6, "dialogues": [[1490920, 0, "Off it is hard to talk about how you really feel I feel like I do not have anybody to talk to . I am all alone with my thoughts and everyday it just gets harder and everyday I just want to hurt myself more I just feel like the longer I li have the more I am dying inside I just do not know what to do anymore or who to talk to .", []], [1477196, 5, "oh your at where I was 7 weeks ? ago ? . this pp helps for sure", []], [1449925, 4, "if you want you can talk with me while opening your into", []], [476890, 3, "unable to reply , sorry", ["😞"]], [1312627, 2, "change life style , meditate , connect original true inner self , find root cause of depression then let go of weakness by improve character to high standard , then you be at peacetime to know how ?", []], [1280219, 1, "some people just want to vent into posts , its not necessary to open up des . Hope this way of renting helps you <3", []]], "speakers": {"Anouk": 0, "🇺🇲Reloveution": 1, "heartbeat": 2, "Thornbird": 3, "Righteous Force": 4, "Kitsuqwq": 5}}, {"id": 17015228, "category": {"id": 10, "name": "Friends"}, "emotion": "Supportive", "turns_number": 7, "dialogues": [[1488944, 0, "I need a friend who i can tell all of my problems without worrying about anything same too them i kind friend do not care how old they are just a grow minded person how nice that would be", []], [1467622, 6, "Well if you had like to talk and want a friend you can lean on whenever i am here ! Send a text whenever if you had like to talk . And if not , there is many amazing people out there you ll find a great friend !", []], [1021434, 5, "I m here to help you . :)", []], [1342821, 4, "hey there i can help :)", []], [1425617, 3, "I would like to be your friend if that is ok .", []], [1398671, 2, "i am an older guy and I m a good listener and a good friend if you want to talk just get in touch", ["😌"]], [1491233, 1, "Up , can do time permitting.new here but kind of liking the vices so far . Always happy to help", []]], "speakers": {"Hazel": 0, "pumkin_kin": 1, "Girl": 2, "Snehasish Acharya": 3, "dragonberry": 4, "Timothy Matthews": 5, "RomeoID": 6}}, {"id": 17015227, "category": {"id": 7, "name": "Relationships"}, "emotion": "Insecure", "turns_number": 3, "dialogues": [[1482824, 0, "If the guy , who is my not my boyfriend but we kind of went through a grey area phase , ask if i want to visit his dad who is in the hospital now , should I go and what should I say to his parents etc ? I like him but he once told me that he met this new girl previously and so I kind of distance myself from him since thenbut I guess we are still good friends . I do not know what are we act", []], [1226909, 2, "Just go . His dad is in the hospital . He would have not asked you if he did not needyouryour", []], [657075, 1, "actually , we are in the same page . few nights ago he said that he will introduce me to his mon soon . although we are kind of not talking so often", []]], "speakers": {"Haileyx": 0, "Mehhhh": 1, "tacos": 2}}, {"id": 17015223, "category": {"id": 7, "name": "Relationships"}, "emotion": "Exhausted", "turns_number": 3, "dialogues": [[1490899, 0, "if you have moved on already then why can not i ?", []], [940104, 2, "huge * we all deal with break up at different a phase . in time it ll not hurt as it does now . so hang in there and keep moving forward", []], [1483084, 1, "I need someone to talk to everyday and someone to be happy with", []]], "speakers": {"alex": 0, "i": 1, "Gideon": 2}}, {"id": 17015220, "category": {"id": 61, "name": "Positive"}, "emotion": "Meh", "turns_number": 4, "dialogues": [[690654, 0, "I do not like being overall depressed on here , even if that is how I feel . I m so much more than the sad stuff I want about . I do not want to be seen through a sense of my nativity and depression", []], [1488552, 3, "yeah , even if we feel that way . We should at least try to motivate ourselves to overcome those feelings .", []], [1366941, 2, "Sometimes we have face it till we make it", ["🌺"]], [1491233, 1, "Embrace it.it will lose it is power and you will be stronger and in control of it . It may take minutes or decades , but that point will come when depression is just another emotion passing through my friend .", ["🏻", "✊", "💪"]]], "speakers": {"MindCavity": 0, "Porshia Beau": 1, "The Waves🌊🌊🌊": 2, "RomeoID": 3}}, {"id": 17015212, "category": {"id": 62, "name": "Mental Health"}, "emotion": "Exhausted", "turns_number": 5, "dialogues": [[1167278, 0, "we own our emotions or our emotions own us ?", []], [1474389, 4, "We do not own our emotions , they are completely owning us", []], [1226909, 3, "I think they own us because I do not remember paying taxes for them .", []], [1490917, 2, "Depends on the person . but ideally we own them", []], [1478377, 1, "Well I ca not speak for anyone else but my emotions do not control me at all . I rarely even show any emotions .", []]], "speakers": {"atom•": 0, "Abbadia": 1, "Mehhhh": 2, "Stevie": 3, ".": 4}}, {"id": 17015207, "category": {"id": 20, "name": "Others"}, "emotion": "Confused", "turns_number": 3, "dialogues": [[1488944, 0, "I ca not sleep I just ca not no matter how much i try I just ca not sleep at night i put my phone down trying to sleep I literally ate a sleeping gumma yet i am not sleepy at all", []], [1398671, 2, "now , I actually know a couple of ways that would make you feel sleepy but I only use as a last resort", ["😴"]], [373605, 1, "take one more sleepy gumma they do not work if you are distracted", []]], "speakers": {"Hazel": 0, "Timothy Matthews": 1, "Knowbody": 2}}, {"id": 17015200, "category": {"id": 20, "name": "Others"}, "emotion": "Chilled", "turns_number": 3, "dialogues": [[1490898, 0, "In your opinion , where would you rather li have , Europe or the United States ?", []], [1056707, 2, "with country of europe exactly", []], [1428768, 1, "US it would be fun for a change", []]], "speakers": {"Charles Brauchitsch": 0, ".": 1, "Hi I’m Evil": 2}}, {"id": 17015196, "category": {"id": 68, "name": "I Need Help"}, "emotion": "Overwhelmed", "turns_number": 4, "dialogues": [[0, 0, "I overthink too much , on regular days I can handle it but when I m feeling the lowest I can not handle it . One of those days is today . I can not sleep from thinking too much and I do not know how I can stop that . I think about everything that has happened to me and everything that could happen in the future and it is so exhausting . Does anyone have some advice ?", []], [536497, 3, "hey i also overthink way too much , especially when it is time to sleep . to be honest i do not have any good advice . what i do is not really healthy since it is about not sleeping until i pass out from tiredness , but that is definitely not a good thing , i just wanted to tell you that you are not alone", []], [1490874, 2, "I would recommend meditation , there is a guy called Sam Carries who helped me with such stuff .", []], [1312627, 1, "http:/m.theepochtimes.com / cutting - through - indecision - and - overthinking_3029516.hamlin addition , if you like improve in a self help discipline , do me", []]], "speakers": {"Anonymous": 0, "C": 1, "Newbie": 2, "Righteous Force": 3}}, {"id": 17015187, "category": {"id": 72, "name": "Anxiety"}, "emotion": "Supported", "turns_number": 3, "dialogues": [[1026183, 0, "Should I go see a doctor first or go see a  therapist for anxiety ?  ", ["🤷", "♀"]], [757295, 2, "Certain hers can help anxiety . Two of the best hers to help anxiety are ashwaganda powder & cava powder .", []], [242766, 1, "I mean , you can use a doctor to refer you to a therapist ?", []]], "speakers": {"♡loveJanelle ♡": 0, "Cody": 1, "KariMay": 2}}, {"id": 17015185, "category": {"id": 20, "name": "Others"}, "emotion": "Supportive", "turns_number": 3, "dialogues": [[954139, 0, "oh i know , let me change my pp to a girl w big t*to and maybe someone will care", []], [506000, 2, "I doubt they really care .", []], [1490874, 1, "True , but depending on your post they are going to stop daring after they get to know you", []]], "speakers": {"æñgėl™": 0, "ⁿᵒ ᵃⁿᵍᵉˡ": 1, "Newbie": 2}}, {"id": 17015178, "category": {"id": 10, "name": "Friends"}, "emotion": "Angry", "turns_number": 4, "dialogues": [[1388588, 0, "you are a reach . a slim little reach . a slim little insect who was never worth my time .", []], [1059538, 3, "Reaches have a hard life", []], [1198736, 2, "Is this about my ex ?", []], [1491233, 1, "He can be Papa Reach", ["😂"]]], "speakers": {"Corra": 0, "Celeste": 1, "🩸": 2, "RomeoID": 3}}, {"id": 17015173, "category": {"id": 63, "name": "My Story"}, "emotion": "Amused", "turns_number": 3, "dialogues": [[501475, 0, "Man I miss the really 20s and whatever I remember from the 90s . Last time I had a will to li have laugh out loud", []], [893979, 2, "Tell me bout it after social media . Downhill for everyone", []], [329203, 1, "Yeah , same . sigh .", []]], "speakers": {"Amaya": 0, "Jayli": 1, "Hecktor 🇩🇪": 2}}, {"id": 17015132, "category": {"id": 11, "name": "Hopes"}, "emotion": "Anxious", "turns_number": 3, "dialogues": [[0, 0, "I take online classes in college , but i am having severe panic attacks today which makes it hard for me to read my textbook , complete my assignment , and focus . How can I let my instructor know that i am struggling with my that is the that is the", ["🥺"]], [1481494, 2, "send an email to your instructor explaining your situation", []], [1490297, 1, "i believe in you , you are a fighter !", []]], "speakers": {"Anonymous": 0, "Maria Sol솔 👩‍💻🌎🚺": 1, "Kk": 2}}, {"id": 17015123, "category": {"id": 68, "name": "I Need Help"}, "emotion": "Overwhelmed", "turns_number": 3, "dialogues": [[406488, 0, "i wish it was easier to get help on the nos . i am diagnosed neuroma havergent and i do not know if i am artistic or have add or both but i know i am neuroma havergent and i ca not get a diagnosis . i do not know how . my up wo not listen to me and i do not know what to do . i am so tired . i am suffering and i ca not get help .", []], [1483084, 2, "do you need someone to talk to everyday", []], [1491004, 1, "Have you watched the film di havergent , might help you out", []]], "speakers": {"snowy": 0, "Gideon": 1, "Anakin Skywanker (Josh)": 2}}, {"id": 17015100, "category": {"id": 47, "name": "Health"}, "emotion": "Confused", "turns_number": 4, "dialogues": [[0, 0, "What does it mean if someone says you are an Angel ?", []], [1481383, 3, "Good and not a Demon . Nice , giving and loud . Not quiet , cunning and sly . Howe have , beware as many home happens who are demon love to prey on angels . As an angel is predictable in action .", []], [1489222, 2, "you are not a devil", []], [1460528, 1, "You are a spiritual creature from heaven", []]], "speakers": {"Anonymous": 0, "User Banned": 1, "ǝlᴉɯs (~.⌒.)~": 2, "Candle": 3}}, {"id": 17015096, "category": {"id": 63, "name": "My Story"}, "emotion": "Frustrated", "turns_number": 3, "dialogues": [[1366941, 0, "Me and my stupid bluntness .", ["🙄"]], [690654, 2, "I have the same issue hata", []], [1211166, 1, "Honesty is not a bad thing , I know you certainly would not go out of your way to be nasty to anyone so maybe they are just being to sensitive have .", []]], "speakers": {"The Waves🌊🌊🌊": 0, "MindCavity": 1, "🏴󠁧󠁢󠁥󠁮󠁧󠁿Dave Hepy🏴󠁧󠁢󠁥󠁮󠁧󠁿": 2}}, {"id": 17015088, "category": {"id": 10, "name": "Friends"}, "emotion": "Optimistic", "turns_number": 4, "dialogues": [[1462109, 0, "What is your sexuality ?", []], [510983, 3, "I m either confused or I m romantic . I may be sexual , and some people have told me I could be demisexual .", []], [1459529, 2, "straight as a straight line can be", []], [1398671, 1, "I do not know just bidding . I m straight , but i am down to try anything at least once laugh out loud", ["😕", "😆", "😅"]]], "speakers": {"Kat": 0, "Number 448": 1, "Alone Wolf": 2, "Timothy Matthews": 3}}, {"id": 17015074, "category": {"id": 62, "name": "Mental Health"}, "emotion": "Numb", "turns_number": 3, "dialogues": [[1325897, 0, "I feel so out of it , it is like I ca not do anything but breathe . i am just stuck in my own head and I ca not snap out of it", []], [462029, 2, "if you need someone to talk to I do not mind at all", []], [1398671, 1, "well , it gets that way periodically , best thing I have found is to try and self motivate myself", []]], "speakers": {"Pancake": 0, "WonTonDonDon": 1, "Timothy Matthews": 2}}, {"id": 17015054, "category": {"id": 72, "name": "Anxiety"}, "emotion": "Depressed", "turns_number": 3, "dialogues": [[1490902, 0, "i m currently very depressed and i hate it ! by the way . hi guns i am a newby . anyone wants to talk ?", ["😒", "💔"]], [791726, 2, "what made you depressed ?", []], [1378898, 1, "I m free to talk", []]], "speakers": {"Newbie": 0, "TAURUS": 1, "star": 2}}, {"id": 17015047, "category": {"id": 15, "name": "Family"}, "emotion": "Insecure", "turns_number": 3, "dialogues": [[1290124, 0, "how to be open to your mon ? i want to tell her important things but i am scared to do it . i know that moss are supposed to be with you forever no matter what but eve estime i want to say something important i tend to cry", []], [1290124, 0, "please answer me . i really need help", []], [1490650, 1, "what is the worst that could happen ?", []]], "speakers": {"dianne": 0, "alistair higgins": 1}}, {"id": 17015006, "category": {"id": 12, "name": "Self Harm"}, "emotion": "Depressed", "turns_number": 4, "dialogues": [[935766, 0, "no 1 would i have a shit if I took me life , every1 would be better off without me if I was dead every1 would be having a better life .", ["😭"]], [819730, 3, "that is not true :)", []], [1490872, 2, "I would not be better off without you ! Life can be hard but it is not the end ", ["❤"]], [1490902, 1, "Hey , just know that enough people care about you , people will miss you even if you think they are not going to miss you . ado not know you , but even me will miss you you i m here for you !", ["❤"]]], "speakers": {"Mark": 0, "iki カバネリ": 1, "Samantha": 2, "Newbie": 3}}, {"id": 17014991, "category": {"id": 10, "name": "Friends"}, "emotion": "Bored", "turns_number": 3, "dialogues": [[938686, 0, "Ask something very weird !", []], [820246, 2, "what is you are favorite kind of tape ?", []], [1041807, 1, "Can you walk on water ?", []]], "speakers": {"Hur Sheikh": 0, "Isaac": 1, "Ashley 🥀": 2}}, {"id": 17014950, "category": {"id": 50, "name": "Music"}, "emotion": "Nostalgic", "turns_number": 3, "dialogues": [[1489575, 0, "what is you are far song ?", []], [1489924, 2, "A lot my p&p Nick", []], [1312627, 1, "for music that touches the heart , check out on couture : a little lots flower - dove fly stormhttps:/m.couture.com / watch?v = sobs33n9nouuplifting classical music : http:/w.shenyun.com / symphony/", []]], "speakers": {"Je Suis": 0, "whatswrongwithraphguillholt": 1, "Righteous Force": 2}}, {"id": 17014914, "category": {"id": 74, "name": "Depression"}, "emotion": "Lonely", "turns_number": 3, "dialogues": [[1490854, 0, "Does someone want to be friends i have no friends anymore and i feel lonely also my depression is getting worse day by day", []], [1490882, 2, "I would love to be your friend :)", []], [1490887, 1, "message me , we can be online bodies if you want ! :D", []]], "speakers": {"Maria": 0, "Newbie": 1, "Matt": 2}}, {"id": 17014907, "category": {"id": 20, "name": "Others"}, "emotion": "Meh", "turns_number": 3, "dialogues": [[963007, 0, "Do you really think you are a pop fan if you do not know really really or love scenario ? Not going to try with older songs bc these days kiss are all about its and by", []], [1219486, 2, "laughing my arms off gatekeeper of the powers ?", []], [1127493, 1, "you do not really need to know those song to call yourself a pop fan hello hello", []]], "speakers": {"V": 0, "Cakylynn 💀": 1, "peanut": 2}}, {"id": 17014904, "category": {"id": 12, "name": "Self Harm"}, "emotion": "Caring", "turns_number": 3, "dialogues": [[1490859, 0, "A couple of days ago my friends saw my self- harm . I got so scared because my friend who is always happy had this stiff look on her face . I do not want to promote it because obviously it is a bad thing and in the long run I ll regret it but it calms me down , it is a way for me to turn my emotional pain into physical pain", []], [1490887, 2, "i feel that . but try crying in your pillow or scream into it , its helpful", []], [1483084, 1, "you are not alone I m here for you", []]], "speakers": {"RachelAlner": 0, "Matt": 1, "Gideon": 2}}, {"id": 17014896, "category": {"id": 50, "name": "Music"}, "emotion": "Bored", "turns_number": 8, "dialogues": [[906084, 0, "do you have a song stuck in your mind in ?", []], [254185, 7, "up , multiple and it is annoy", []], [1458663, 6, "MAMMA OUOUOUOU did not mean to make you see see", []], [1312627, 5, "for music that touches the heart , check out on couture : a little lots flower - dove fly stormhttps:/m.couture.com / watch?v = sobs33n9nouuplifting classical music : http:/w.shenyun.com / symphony/", []], [1487469, 4, "go your own way- Fleetwood Mac", []], [1094064, 3, "In my feelings - drake", []], [1457907, 2, "ride wit me - nellycountry grammar - nellygold dagger - any west- cards b", []], [1441273, 1, "Black sheep from Scott pilgrim VS the world", []]], "speakers": {"kiki": 0, "dance dance": 1, "snuggluffagus™": 2, "Righteous Force": 3, "User Banned": 4, "horcrux": 5, "moomoo": 6, "Hoss": 7}}, {"id": 17014892, "category": {"id": 7, "name": "Relationships"}, "emotion": "Sad", "turns_number": 3, "dialogues": [[0, 0, "I ca not find the right guy for me", []], [1406872, 2, "I ca not find the right girl for me", []], [1491233, 1, "Maybe Look Left then .Just Bidding . do not worry you will , just be open to it", ["😅"]]], "speakers": {"Anonymous": 0, "User Banned": 1, "RomeoID": 2}}, {"id": 17014886, "category": {"id": 20, "name": "Others"}, "emotion": "Nothing", "turns_number": 3, "dialogues": [[1344618, 0, "Anybody else feel like everything just does not seem real anymore ?", []], [1481383, 2, "Then you need to go to sleep and wake up .", []], [1458740, 1, "I used to think that", []]], "speakers": {"Nava Navaro🇭🇹🍯": 0, "User Banned": 1, "Tommen": 2}}, {"id": 17014879, "category": {"id": 10, "name": "Friends"}, "emotion": "Inspired", "turns_number": 3, "dialogues": [[0, 0, "How to not fear anything at all ? Is that possible to train ?", []], [1458740, 2, "Maybe if you get really dramatized and develop psychopathy , other than that no . every normal human being fears stuff", []], [1490872, 1, "Try to do something you would never do ! I had a fear of driving because of one bad car accident , I held the fear for years until I started driving and honestly I feel so rebellious , like I can do any thing I want", []]], "speakers": {"Anonymous": 0, "Tommen": 1, "Samantha": 2}}, {"id": 17014867, "category": {"id": 20, "name": "Others"}, "emotion": "Caring", "turns_number": 3, "dialogues": [[1437927, 0, "i li have next to a senior care home and every other night this man is standing outside on the phone and looking up at his wife is window to talk to her", ["🥺"]], [1441273, 2, "Why does not he go in ?", []], [1419294, 1, "Kind of love story to cherish , during the final days of life .", []]], "speakers": {"🏴 𝑬𝒛𝒓𝒂 🇵🇸": 0, "Hoss": 1, "User Banned": 2}}, {"id": 17014855, "category": {"id": 7, "name": "Relationships"}, "emotion": "Heartbroken", "turns_number": 7, "dialogues": [[1490885, 0, "Any advice on how to get over someone ? My boyfriend broke up this weekend and I do not know what to do . I love him so much", ["😔"]], [1487324, 6, "Keep busy with friends or family . Self care . Self love . Do things that make you happy x", []], [1359748, 5, "I have yourself time you ll be fine", []], [695472, 4, "first of all stop calling him your boyfriend", []], [1488195, 3, "I think I could help . Send me a message", ["🤗", "😌"]], [1483084, 2, "I need someone to talk to everyday and someone to be happy with", []], [1491233, 1, "Are - Focus on yourself and your goals", []]], "speakers": {"Laurence": 0, "Aleisha": 1, "Jelena G": 2, "𝕤𝕒𝕤𝕤𝕚𝕖𝕣𝕥𝕙𝕒𝕟𝕘𝕣𝕒𝕤𝕤𝕚": 3, "Luciana": 4, "Gideon": 5, "RomeoID": 6}}, {"id": 17014844, "category": {"id": 58, "name": "LGBT"}, "emotion": "Loving", "turns_number": 3, "dialogues": [[1490852, 0, "Can you make me feel loved ?", []], [1324287, 2, "if you are a girl may be hata", ["😂"]], [928383, 1, "* huge * . is it working ?", []]], "speakers": {"Casper": 0, "User Banned": 1, "one day": 2}}, {"id": 17014828, "category": {"id": 11, "name": "Hopes"}, "emotion": "Supportive", "turns_number": 3, "dialogues": [[1490561, 0, "February 09th , 2021I hope today is full of blessings for anyone .", []], [1490874, 2, "Tell that to the kiss in Africa", []], [1489575, 1, "hope you do great too", []]], "speakers": {"Amelia Sabrina": 0, "Newbie": 1, "Je Suis": 2}}, {"id": 17014814, "category": {"id": 12, "name": "Self Harm"}, "emotion": "Tired", "turns_number": 3, "dialogues": [[314799, 0, "i wish i die this week", []], [1490887, 2, "You may wish for it , but think about it . i do not think that you should die . you will surely be missed by someone :(", []], [1490920, 1, "I know exactly how you feel if you want to talk I would love to listen", []]], "speakers": {"ddolly": 0, "Matt": 1, "Anouk": 2}}, {"id": 17014806, "category": {"id": 20, "name": "Others"}, "emotion": "Nothing", "turns_number": 3, "dialogues": [[1325946, 0, "Sometimes it is better to say nothing", []], [1443547, 2, "Yeah , 98 % of the time words are not needed", []], [353197, 1, "but sometimes it is better to say rather than stay quiet and keep all these things to yourself", []]], "speakers": {".": 0, "Fiasco": 1, "Itachi sensei 🇪🇬": 2}}, {"id": 17014788, "category": {"id": 53, "name": "Education"}, "emotion": "Bored", "turns_number": 3, "dialogues": [[1485567, 0, "Someone i have me motivation to do my he :/", []], [1490828, 2, "think about how relieved you are on na be when you mange to complete it !", []], [1385862, 1, "do it now do not got ta do it over the weekend", []]], "speakers": {"The Soldier": 0, "sad wannabe author": 1, "☆彡Bea☆彡": 2}}, {"id": 17014773, "category": {"id": 20, "name": "Others"}, "emotion": "Amused", "turns_number": 5, "dialogues": [[820246, 0, "would you eat 10 keeps for a million dollars ?", []], [994467, 4, "I would do it for free", []], [1410548, 3, "never , i would never eat something so foul that price is way too low for that . i would eat actual shit instead of keeps", []], [1490802, 2, "me literally being allergic : yeah of !", ["👁", "👄"]], [242766, 1, "Looked thought you meant people for a second not the snack", ["👀"]]], "speakers": {"Isaac": 0, "⁄(⁄ ⁄•⁄-⁄•⁄ ⁄)⁄": 1, "User Banned": 2, "🍄JuliaClair🍀": 3, "KariMay": 4}}, {"id": 17014741, "category": {"id": 47, "name": "Health"}, "emotion": "Supportive", "turns_number": 3, "dialogues": [[448213, 0, "Report : If anyone has Fibro / M.E & /or VS & wants to talk about it , i have me a message . It would be nice to have someone who can relate .", []], [562480, 2, "What pains are you experiencing if I may ask ?", []], [1490758, 1, "I do not have any of these but I have ms which has similar symptoms to m.e", []]], "speakers": {"StevieTheTv": 0, "𝓓𝔂𝓲𝓷𝓰𝓟𝓲𝓰": 1, "Immy": 2}}, {"id": 17014720, "category": {"id": 20, "name": "Others"}, "emotion": "Lonely", "turns_number": 3, "dialogues": [[1037740, 0, "I gave up hoping that things will get better a long time . miss being a little kid , not worrying bout a thing doing what ever I want , no stress , eating what I want .", ["😭"]], [1490874, 2, "Because they probably wo it", []], [1490297, 1, "you are a fighter ! do not forget you have gone thou those tough days . do not i have up now .", []]], "speakers": {"completely_broken1711": 0, "Newbie": 1, "Kk": 2}}, {"id": 17014709, "category": {"id": 20, "name": "Others"}, "emotion": "Confused", "turns_number": 4, "dialogues": [[428958, 0, "is As flashing on DO a thing here on talk life ? any input ?", []], [1082079, 3, "What is as flashing ?", []], [1330049, 2, "why have as when you can have kebabs", []], [1488728, 1, "I definitely think it is inappropriate to send that in des .", []]], "speakers": {"M𝓸𝓸𝓷𝓲𝓮 ⚗︎": 0, "Silva": 1, "fruitshoot": 2, "MK": 3}}, {"id": 17014703, "category": {"id": 7, "name": "Relationships"}, "emotion": "Confused", "turns_number": 3, "dialogues": [[690654, 0, "no it is not cheating , what she did before being with you officially has nothing to do with you . you having feelings for someone does not make them excuse have to you whether or not they are aware of it .", []], [1437833, 2, "Before you met is not cheating", []], [1458740, 1, "Its not considered cheating ?", []]], "speakers": {"MindCavity": 0, "Asking to be loved 💔": 1, "Tommen": 2}}, {"id": 17014678, "category": {"id": 62, "name": "Mental Health"}, "emotion": "Supportive", "turns_number": 3, "dialogues": [[1490872, 0, "The anaemic can be super depressing !", []], [1126876, 2, "huge , need someone to talk to ?", []], [1312627, 1, "http:/mb.nod.com / programming - alert - premiers - of - new - film - exploring - how - pandemics - shape - civilization - and - humanity_483232.htmlmeditate to stay calm , take good care of yourself , stay healthy , and stay in freedom", []]], "speakers": {"Samantha": 0, ".": 1, "Righteous Force": 2}}, {"id": 17014671, "category": {"id": 47, "name": "Health"}, "emotion": "Sad", "turns_number": 3, "dialogues": [[907510, 0, "it is so strange to feel the loss of someone that never passed away physically but mentally", []], [1221335, 2, "it is more common than you imagine : when people reform themselves with the years , relationships can be lost . such is life", []], [1490872, 1, "Maybe that person just was not meant for you ! I believe when people keep distance then they should not be in our li have", []]], "speakers": {"Lea": 0, "Arotu": 1, "Samantha": 2}}, {"id": 17014669, "category": {"id": 7, "name": "Relationships"}, "emotion": "Inadequate", "turns_number": 3, "dialogues": [[0, 0, "my empoworment is a lie , I m the most submission have girl ever , I would literally do whatever you want me to do , gash I hate me", []], [1446793, 2, "that works for some people , long as you have people in your life that are not manipulate have , best to distance from those", []], [1039702, 1, "Listening to your heart vs listening to your conditioning , truly a chronic situation to be in .", []]], "speakers": {"Anonymous": 0, "Doug": 1, "Pushyamitra Shunga": 2}}, {"id": 17014610, "category": {"id": 5, "name": "Bullying"}, "emotion": "Loved", "turns_number": 3, "dialogues": [[1402480, 0, "I m standing up against building I m defending people when victims are being pulled . I m not doing anything wrong .", []], [812307, 2, "Yes ! Building is bad , stand against it !", []], [1221335, 1, "I do not know are you ? remember the ends do not always justify the means", []]], "speakers": {"Christian": 0, "Shiru": 1, "Arotu": 2}}, {"id": 17014603, "category": {"id": 7, "name": "Relationships"}, "emotion": "Loved", "turns_number": 3, "dialogues": [[1490864, 0, "I wish he would feel the same way for me as I do for him . Every day I wish he would just look me in my eyes , kiss me , and tell me i am beautiful . That I mean something to him .", []], [1463572, 2, "you should be treated that way , you deserve to be .", []], [690654, 1, "I know how this feels it is really dealing . I wish you luck", []]], "speakers": {"Frankie": 0, "Mauricio": 1, "MindCavity": 2}}, {"id": 17014600, "category": {"id": 62, "name": "Mental Health"}, "emotion": "Supportive", "turns_number": 3, "dialogues": [[1490859, 0, "I was recently diagnosed with bipolar disorder , right now i am at the end of my depress have state . it is like a pattern I always feel all this pain and then suddenly nothing . I just feel completely empty . I keep crying meaningless tears because i am trying to feel something . Everything just feels black and white .", []], [1490887, 2, "You can beat it , just stay strong ! :)", []], [1312627, 1, "find life purpose , find your true inner self , improve mind and body , coming better with depressionthen you be at peace you like to know more ?", []]], "speakers": {"RachelAlner": 0, "Matt": 1, "Righteous Force": 2}}, {"id": 17014590, "category": {"id": 7, "name": "Relationships"}, "emotion": "Anxious", "turns_number": 6, "dialogues": [[1359508, 0, "I thought I was special", []], [1488853, 5, "You are I mean it", []], [770224, 4, "you were for a solid 5 minutes", []], [1490860, 3, "we all think that . but at the end you can feel it .", ["💔"]], [322547, 2, "be kind to yourself . take yourself somewhere lovely . be in life . go for a walk and just notice the sky is blue , or cloudy , the grass is green or not , notice every little detail . it really helps . wish you the best", ["🥺", "💞"]], [353197, 1, "you are special , your value is not determined by others", []]], "speakers": {"linaaaa": 0, "User Banned": 1, "Marco 🦆": 2, "..Yousef..": 3, "𝙆𝙝𝙖𝙡𝙞𝙙": 4, "Itachi sensei 🇪🇬": 5}}, {"id": 17014567, "category": {"id": 7, "name": "Relationships"}, "emotion": "Heartbroken", "turns_number": 3, "dialogues": [[1464385, 0, "Guess I was just another pit stop", []], [1415412, 2, "a . do not ever think of yourself like that .", []], [657789, 1, "Sorry if I ask but way with pit stop", []]], "speakers": {"-M": 0, "Sad Mochi": 1, "ZeMadCat": 2}}, {"id": 17014563, "category": {"id": 5, "name": "Bullying"}, "emotion": "Loved", "turns_number": 3, "dialogues": [[1402480, 0, "I get pulled for being a Christian . and I get pulled for helping people that need help . I m not doing anything wrong by helping people . I do not deserve to be pulled no one does . stand up against building .", []], [1441273, 2, "Who is building you for being Christian ?", []], [1490344, 1, "I m sorry you are dealing with being pulled about your love for our Lord . Stay strong and pray sweet girl . He heals and restored those who are broken . pray for them", []]], "speakers": {"Christian": 0, "Hoss": 1, "🦋 The Thorn in your side🥀": 2}}, {"id": 17014537, "category": {"id": 20, "name": "Others"}, "emotion": "Exhausted", "turns_number": 4, "dialogues": [[1253174, 0, "why does animals have to be 4578754325789854325 times better than humans ?", []], [657789, 3, "Because a lot of them are adorable .", []], [1489520, 2, "but human are animals according to Darwin is evolution theory model .", []], [1331562, 1, "because they can not talk", []]], "speakers": {"⛓️CYB3RGRL⛓️": 0, "ZeMadCat": 1, "s": 2, "Randy": 3}}, {"id": 17014535, "category": {"id": 5, "name": "Bullying"}, "emotion": "Hopeful", "turns_number": 3, "dialogues": [[1439288, 0, "My mon is so mean to me she calls stupid a lot of other names and even threatens me she always makes me feel horrible and is always cursing she has no self control and now I know why my dad gets tired all the time because she always screaming need some advice", ["😢"]], [1487637, 2, "take time . Do not be near your mon . If she asked a favor , do it well enough do not make her upset . Remember that your mon is who gave birth toyouryour", []], [1460114, 1, "that is very diffuse you later situation . my step mon was like that so I would always just try to avoid her . but you may want to talk to a counselor at school if it is affecting you this much", []]], "speakers": {"Wen": 0, "please smile :D": 1, "💎✋s": 2}}, {"id": 17014520, "category": {"id": 75, "name": "Life Hacks"}, "emotion": "Amused", "turns_number": 4, "dialogues": [[728874, 0, "Few women admit their age . Few men act theirs .", ["😝", "😂", "😁"]], [675844, 3, "good thing I m lucky to be acting mine hata but now my dad no laugh out loud", []], [551203, 2, "Man do not we all just love some casual exist , am I right guns ? No seriously why does casual exist get so much love here . It reinforced beliefs that are harmful to society", []], [598520, 1, "I m a man . this is true for me , but in a more position have way . I act way older than I really am .", []]], "speakers": {"🇺🇸RobbyRockRobster🎸": 0, "Logan": 1, "Björk": 2, "The Observer": 3}}, {"id": 17014518, "category": {"id": 63, "name": "My Story"}, "emotion": "Depressed", "turns_number": 4, "dialogues": [[1008663, 0, "I really need words like  it is on na be ok  . No one tells me that", []], [1489924, 3, "Everything is fine no matter take a deep breath and be safe", []], [1490056, 2, "It is going to be ok", []], [1489025, 1, "It might have hunted you till now . But with each step that you take further , strengthens your shadow . You ll face a great realization soon ! Fight back , and it ll be alright :)", []]], "speakers": {"🍓 strawberry yogurt 🍓": 0, "whatswrongwithraphguillholt": 1, "RoseAshley": 2, "im_not_fredi": 3}}, {"id": 17014509, "category": {"id": 74, "name": "Depression"}, "emotion": "Supported", "turns_number": 3, "dialogues": [[1490854, 0, "I could need someone who i can talk to . Someone who also knows about Depression and selfharm", []], [916352, 2, "hi welcome to talklife stay safe", ["👋"]], [1312627, 1, "find life purpose , find your true inner self , improve mind and body , coming better with depressionthen you be at peace stopping shod you like to know more ?", []]], "speakers": {"Maria": 0, "GuineaPigLover": 1, "Righteous Force": 2}}, {"id": 17014497, "category": {"id": 48, "name": "Work"}, "emotion": null, "turns_number": 4, "dialogues": [[1481383, 0, "In my younger and more nail have days I spoke to 100s of females and i noticed one thing . It is rare to find a female who is legs is not always open for public use and a female who does not steal money or lie . That is why i m single forever !", []], [1458663, 3, "I ll take this as a compliment", []], [997880, 2, "I guess I m rare then .", []], [314799, 1, "please do stay single forever", []]], "speakers": {"User Banned": 0, "snuggluffagus™": 1, "Mystery": 2, "ddolly": 3}}, {"id": 17014477, "category": {"id": 62, "name": "Mental Health"}, "emotion": "Sad", "turns_number": 5, "dialogues": [[1474200, 0, "i do not like affection but if someone hugged me right now i would cry for hours", []], [1457332, 4, "sending huge to heal whatever is hurting you", []], [1490887, 3, "I will hug you if we ever meet somehow : S", []], [1490889, 2, "same . i think that most of the time I avoid my feelings and emotions and any demonstration of support would be enough to make me cry . So I m sending huge for you ", ["❣"]], [1490920, 1, "I know how you feel I am here for you if you want to talk", []]], "speakers": {"bbg 🌙": 0, "Grief Is The Price We Pay For Love": 1, "Matt": 2, "Alexandre Felipe": 3, "Anouk": 4}}, {"id": 17014476, "category": {"id": 7, "name": "Relationships"}, "emotion": "Supportive", "turns_number": 4, "dialogues": [[1043976, 0, "My mon turned off the wife so I could concentrate on my online class .", []], [874398, 3, "my mother is the same way , have got to love their hello hello", ["🙄"]], [387787, 2, "Pro game move right there", []], [1061617, 1, "found strangle by a phone cable", []]], "speakers": {"Rooh": 0, "An Enby Who Hopes For Adventure": 1, "EvangeRei": 2, "Newbie": 3}}, {"id": 17014461, "category": {"id": 11, "name": "Hopes"}, "emotion": "Supportive", "turns_number": 3, "dialogues": [[1490055, 0, "I just want someone who watches aime to converse with me .", ["🤓"]], [1061617, 2, "oka - than there is trouble with the reversal machine", []], [1490859, 1, "I am obsessed with aime", []]], "speakers": {"BarbaraGrace": 0, "Newbie": 1, "RachelAlner": 2}}]