[{"id": 17925777, "category": {"id": 12, "name": "Self Harm"}, "emotion": "Sad", "turns_number": 4, "dialogues": [[1513382, 0, "you ever just close your eyes an let going of the wheel when your driving home", []], [1163945, 3, "if I had done that I would not be ali have so no", []], [1539681, 2, "please do not do that-", []], [820569, 1, "Too many twists and turns on my route . I would not sure have doing that for more than a single second", []]], "speakers": {"Ian moone": 0, "X": 1, "FreakShowWithATopHat": 2, "MartyMCP": 3}}, {"id": 17925734, "category": {"id": 74, "name": "Depression"}, "emotion": "Numb", "turns_number": 3, "dialogues": [[1527461, 0, "I m so depressed that I can not even face a smile anymore", []], [1543510, 2, "have some faith sweet ", ["♥"]], [1540855, 1, "its ok to felt tired from smiling and take brake", []]], "speakers": {"CountryGirl": 0, "Simran Shrivastava": 1, "user deleted": 2}}, {"id": 17925731, "category": {"id": 61, "name": "Positive"}, "emotion": "Inspired", "turns_number": 4, "dialogues": [[1536143, 0, "intelligent people want to be alone ! why ?", []], [492982, 3, "Too much frustration with this dumb word", []], [421767, 2, "Being alone is intelligent in of itself because that way , you do not have to rely on others for variation or get hurt by them .", []], [1543188, 1, "Others tend to not be on the same intellectual playing field so most things you say go over their heads", []]], "speakers": {"Manish": 0, "shay": 1, "palechub": 2, "DastardlyDan": 3}}, {"id": 17925703, "category": {"id": 11, "name": "Hopes"}, "emotion": "Loving", "turns_number": 3, "dialogues": [[664862, 0, "Please take a moment to breathe deeply and remind yourself that you are doing great . Drink some water and eat something you will be fine", []], [1532011, 2, "www be sure to do that for yourself too <33", []], [1526888, 1, "Thank you for posting this , I really needed to see this today :)", []]], "speakers": {"bloodybratz": 0, "MK": 1, "Miss_interrupted": 2}}, {"id": 17925690, "category": {"id": 61, "name": "Positive"}, "emotion": "Optimistic", "turns_number": 3, "dialogues": [[1542902, 0, "Feeling kind of cut today . Hoping the day stays this beautiful . Do not want to damper the good mood .", ["🤞", "😇"]], [1382883, 2, "you brightened my day up with that you are beautiful", []], [728874, 1, "I do hope you have a wonderful day .", []]], "speakers": {"Celina": 0, "behind blue eyes": 1, "🇺🇸RobbyRockRobster🎸": 2}}, {"id": 17925689, "category": {"id": 10, "name": "Friends"}, "emotion": "Supportive", "turns_number": 4, "dialogues": [[1480133, 0, "People is searching one thing called happiness so if you have the happiness , be grateful :) .", []], [873430, 3, "but i read somewhere do not search for happiness , create happiness", []], [779397, 2, "no but you know what I have*music playing in the background*I got the POWER", ["😂"]], [1542700, 1, "had it but lost it", []]], "speakers": {"💠°_teary-eyed_° 💠": 0, "🌚": 1, "smxstreet ✌️": 2, "liya": 3}}, {"id": 17925688, "category": {"id": 47, "name": "Health"}, "emotion": "Loving", "turns_number": 4, "dialogues": [[0, 0, "she helped me a lot with my health issues.should I marry her ?", []], [1506700, 3, "you might be jumping the gun a bit there bud", ["😂"]], [512173, 2, "she is not no wife she is you are therapist if you say it like that : s", []], [1461575, 1, "If you love her even if she can not offer you anything her and willing to spend your whole with her .", []]], "speakers": {"Anonymous": 0, "InquisitiveBeing": 1, "human": 2, "Newbie": 3}}, {"id": 17925686, "category": {"id": 63, "name": "My Story"}, "emotion": "Exhausted", "turns_number": 4, "dialogues": [[1049791, 0, "I m done with the strangers now they come to my life . I get attached to them.and then I get kicked out of their life.as if I meant nothing.and that hurts clot .", ["😑"]], [664862, 3, "Some people just are not meant to last my love :(", []], [1539163, 2, "I feel that too . it is painful but sometimes I wish I could go back to time where I had a good term with them", []], [1539316, 1, "sometime stranger become life partner hope it will come true for you", []]], "speakers": {"silence!🤫": 0, "bloodybratz": 1, "Skybee": 2, "monster": 3}}, {"id": 17925683, "category": {"id": 10, "name": "Friends"}, "emotion": "Lonely", "turns_number": 3, "dialogues": [[1542908, 0, "Someone from Poland or Norway here ?", []], [668144, 2, "I have a friend here from Poland", []], [725266, 1, "I m from Norway .", []]], "speakers": {"Rebel": 0, "MadmaX": 1, "Malcontent": 2}}, {"id": 17925661, "category": {"id": 10, "name": "Friends"}, "emotion": "Supported", "turns_number": 9, "dialogues": [[1541235, 0, "Just a Talk Life appreciation post .i met few good people and this entire community has been amazing !", []], [779397, 8, "the entire community guess you is not seen nothing yet missy", ["😂"]], [1523601, 7, "Wish i can find as well", []], [1543512, 6, "e she is just a promoter ahahah", []], [1542932, 5, "it sure is an interesting place", []], [891536, 4, "I met some awesome folks and grateful for them", []], [1517475, 3, "What are you even talking about ? This is not a community , it is barely a collection of people . I prefer the endless void type pp though .", []], [1453740, 2, "Why i have not met good people then ?", []], [1301452, 1, "Can you please send me tags would really appreciate it", ["🙏"]]], "speakers": {"Jessi🍾🍷": 0, "smxstreet ✌️": 1, "Jojo🌻💜": 2, "Laksh k": 3, "Alex": 4, "Deksam": 5, "Newbie": 6, "NotRequired": 7, "LooktoeyesWabbit": 8}}, {"id": 17753379, "category": {"id": 50, "name": "Music"}, "emotion": "Excited", "turns_number": 3, "dialogues": [[485992, 0, "He said , one day you ll leave this world behind li have a life you will remember", []], [1376964, 2, "My father told me when I was just a childthese are the nights that never die", []], [1533381, 1, "do you want to change the world ?", []]], "speakers": {"I can't handle stress stay away": 0, "~~": 1, "Jason Boyd": 2}}, {"id": 17753342, "category": {"id": 7, "name": "Relationships"}, "emotion": "Tired", "turns_number": 3, "dialogues": [[1401897, 0, "I am not waiting for someone anymore . Cut i know no one is needing me .", []], [1453404, 2, "do not wait for anyone , prioritise yourself over everyone else and enjoy your company", []], [1517263, 1, "you want to li have in the last chapter of your life . you have already been told . there is someone .", []]], "speakers": {"deep": 0, "damnidk": 1, "🅿🅰🅸🅽 🅺🅸🅻🅻🅴🆁": 2}}, {"id": 17753325, "category": {"id": 20, "name": "Others"}, "emotion": "Sad", "turns_number": 3, "dialogues": [[0, 0, "Should i take tourism or medicine ?", []], [1395898, 2, "Whatever that makes you feel closer to purpose of your life", []], [1253816, 1, "tourism is an amazing field but all of this depends on your personality traits and what you want in life .", []]], "speakers": {"Anonymous": 0, "Eunoia || 친선": 1, "hobocollector": 2}}, {"id": 17753316, "category": {"id": 62, "name": "Mental Health"}, "emotion": "Exhausted", "turns_number": 6, "dialogues": [[1528741, 0, "I need the strength to kill myself", []], [1460621, 5, "i am here to talk to", []], [1534004, 4, "do not do it !", []], [1532534, 3, "i know that is not what you want to do . Do not make the decision . You have a whole community here who can help you , even if it is a little . I hope you find the right people to hangout with you . to reach out for help , seek therapy maybe ? Please reconsider , you are more than enough ", ["❤"]], [1478195, 2, "More like you need the strength to continue living", []], [847799, 1, "Are you still there?It is been to days since you have last posted anything . Has anyone contracted this lovely soul here ? Just felt the need to check up that he is ok and if he needed a chat maybe , I m actually available on specific topics he feels similar to . Just a friendly human care , that is all .", []]], "speakers": {"itryeveryday": 0, "Jake Green": 1, "justarandomloser": 2, "Genevieve": 3, "🐙": 4, "Bianca": 5}}, {"id": 17753315, "category": {"id": 7, "name": "Relationships"}, "emotion": "Optimistic", "turns_number": 6, "dialogues": [[1525722, 0, "Do not fall in love with a boring person like me", ["😂", "💗"]], [728874, 4, "oh you are not boring whatsoever !", []], [1367849, 3, "thank you for the information", []], [1533626, 1, "That is what I think of myself .", []], [1486824, 2, "on a scale from 1 to 10 , how boring you r are", []], [1533626, 1, "Actually I can not have a girlfriend because I think I m boring .", []]], "speakers": {"✿*:･ﾟ𝓺𝓾𝓮𝓮𝓷𝓽𝓲𝓰𝓮𝓻ﾟ･:*✿": 0, "🇺🇸RobbyRockRobster🎸": 1, "Kyoko Hori": 2, "ABCD": 3, "Jake Peralta": 4}}, {"id": 17753307, "category": {"id": 12, "name": "Self Harm"}, "emotion": "Annoyed", "turns_number": 5, "dialogues": [[573284, 0, "I hate when people look at my scars . makes me feel so bad and self conscious", ["😓"]], [1534004, 2, "same with me i always go out with long sleeves i feel so uncomfortable otherwise", []], [1534048, 3, "Ignore the looks for it may haunt your dreams in the night", []], [1534004, 2, "sorry for my bad english", ["😅"]], [857284, 1, "Where do you have scars ?", []]], "speakers": {"i'm(not)okay": 0, "justarandomloser": 1, "Newbie": 2, "Nihilistic Crybaby": 3}}, {"id": 17753293, "category": {"id": 51, "name": "Helpful Tips"}, "emotion": "Frustrated", "turns_number": 3, "dialogues": [[433364, 0, "The way how TIKHON is destroying children youth makes me questioning myself if I want children . So much shit is happening through social platforms and it is a pure cancer .", []], [1522691, 2, "they thinking they look so cool by working", ["👹"]], [1478195, 1, "If you ever have kiss you just need to try and make sure the content they are watching is good . Or you can just ban them from tikhon hello hello", []]], "speakers": {"Rabbit  Heart  𓃹": 0, "halfblood💀🔪": 1, "🐙": 2}}, {"id": 17753277, "category": {"id": 74, "name": "Depression"}, "emotion": "Hopeful", "turns_number": 4, "dialogues": [[1533284, 0, "First time on here . trying to get through my depression just wishing to talk to people who know the struggle .", []], [920518, 3, "time heals everything.just hang on", []], [1301353, 2, "can I talk to you in do it is important", []], [1532955, 1, "Hey , I m 21 , male and I m really struggling with body anxiety issues . Are you free to talk ?", []]], "speakers": {"Carrie Henson": 0, "": 1, "Usama Mir": 2, "User Suspended": 3}}, {"id": 17753265, "category": {"id": 7, "name": "Relationships"}, "emotion": "Loving", "turns_number": 4, "dialogues": [[1527518, 0, "Love is like a part . If you have to force it , it is probably SHIT", []], [826395, 3, "i remember this was a damn old meme hello hello", []], [460904, 2, "And prenups are like papers", []], [969765, 1, "edit , so let it slip quietly", []]], "speakers": {"Lolekbolek": 0, "ded": 1, "lyfsgood": 2, "Jwan Amr": 3}}, {"id": 17753257, "category": {"id": 74, "name": "Depression"}, "emotion": "Sad", "turns_number": 5, "dialogues": [[993708, 0, "I am worthless I want to die so bad , have no friends to talk to , my boyfriend does not care , my mental health worked shouted at me , just get ignored here , have no where to go for help i am in such an awful state", ["😭"]], [1475107, 4, "hey , people say there is a light at the end of every dark tunnel , do not lose faith .even if it is hard , hang in there , you will figure out the solution and solve your problem", []], [1534004, 3, "do not i have up sweet you are not worthless nobody is you can always text me if you want to talk to s", []], [1533242, 2, "I feel so crazy right now but feeling worthless is not an option .", []], [1512079, 1, "do not say that you just have to have a little faith I know its hard but you also have got to let people help you especially in this state", []]], "speakers": {".": 0, "siriiirii🖤김석진": 1, "justarandomloser": 2, "Cruze Gyel": 3, "Mr.Meeseeks": 4}}, {"id": 17753253, "category": {"id": 7, "name": "Relationships"}, "emotion": "Caring", "turns_number": 4, "dialogues": [[1531804, 0, "Stop pretending you know what your partner needs and just ask .", []], [622527, 3, "People need to be more open about they feel with their partners and more open to how their partners feel . It would help so much . But instead they always just expect the other to be able to read minds or figure it out with quiet time stacked relentlessly and that just makes things worse .", []], [1532955, 2, "Hey , I m 21 , male and I m really struggling with body anxiety issues . Are you free to talk ?", []], [1427075, 1, "what , I do not even have one", ["🤣", "😅", "😂"]]], "speakers": {"Leyla 🌹": 0, "durka": 1, "User Suspended": 2, "JKC": 3}}, {"id": 17753251, "category": {"id": 74, "name": "Depression"}, "emotion": "Nostalgic", "turns_number": 3, "dialogues": [[1534048, 0, "Had a hard time at school today , felt like I could not fit in like I used to , kept feeling like crying . Hope everything gets better although it sounds impossible .", []], [1498577, 2, "I always have to face my true personality around everyone cause they would think I em and hate me", []], [1533687, 1, "it may get hard but not impossible.sometimes some weird changes happen to us.that is when we feel we can not fit in like we used to.do not worry you made it till now and you can make it right in future too.take care", []]], "speakers": {"Newbie": 0, "cam 😥": 1, "Nur": 2}}, {"id": 17753247, "category": {"id": 63, "name": "My Story"}, "emotion": "Numb", "turns_number": 3, "dialogues": [[1304345, 0, "You can not cry when you are already empty", []], [1533432, 2, "* cries in empty *", []], [622527, 1, "See I try to tell them that . But they still think I m acting like I think I m a adams . Maybe that is the only reason that they would say such a thing .", []]], "speakers": {"DireWolf": 0, "angelic𖤐arsonist": 1, "durka": 2}}, {"id": 17753186, "category": {"id": 20, "name": "Others"}, "emotion": "Overwhelmed", "turns_number": 3, "dialogues": [[654502, 0, "just want to ran away from this house . it feels worse when your family fails to understand you", []], [1357778, 2, "same here . for me home is like a prison", []], [1506814, 1, "I feel trap cause they always want me to do the things I do not want to . need my own space", []]], "speakers": {"❤💙💚💛💜♥": 0, "bored panda": 1, "blackqueen": 2}}, {"id": 17753182, "category": {"id": 7, "name": "Relationships"}, "emotion": "Sick", "turns_number": 3, "dialogues": [[0, 0, "I want someone treat me badly . I miss my toxic relationship UGH I m so sick", []], [1169076, 2, "Up . I think you need to see a doctor , no offence .", []], [1533303, 1, "You are addicted to drama , and you are bored , and you need turmoil in your life bc it makes you feel and keep ali have .", []]], "speakers": {"Anonymous": 0, "DarkLight": 1, "lmao": 2}}, {"id": 17753176, "category": {"id": 10, "name": "Friends"}, "emotion": "Sick", "turns_number": 3, "dialogues": [[1350191, 0, "Social media is toxic it constantly remind me that i am alone i have no funds laughing my arms off", []], [969765, 2, "social media is a big lie . do not i have attention to it", []], [1534049, 1, "same but truth the ^ social media is a lie !", []]], "speakers": {"Asta :)♡": 0, "Jwan Amr": 1, "GraceLim": 2}}, {"id": 17753175, "category": {"id": 20, "name": "Others"}, "emotion": "Nothing", "turns_number": 4, "dialogues": [[654502, 0, "i am such an annoying person . like i just hate myself", []], [1528252, 3, "oh then hate hate hate", []], [1504791, 2, "Well to bad cause we all love ah so ha and you know what else YOUR NOT ANNOYING YOU FUCKING AWESOME SO EVEN BIGGER HATA", []], [852595, 1, "no you are not , you really are one of the most amazing and kind person i know from more than one and half year", []]], "speakers": {"❤💙💚💛💜♥": 0, "Himanshu": 1, "Someone": 2, "smiley😊😊😊": 3}}, {"id": 17753169, "category": {"id": 62, "name": "Mental Health"}, "emotion": "Exhausted", "turns_number": 3, "dialogues": [[1527518, 0, "Do you know 17 muscles are activate when you are crying ? FITNESS IS MY PASSION", []], [1350191, 2, "i shed start crying than in", []], [969765, 1, "crying is necessary for some cases but it is harmful in general .", []]], "speakers": {"Lolekbolek": 0, "Asta :)♡": 1, "Jwan Amr": 2}}, {"id": 17753160, "category": {"id": 20, "name": "Others"}, "emotion": "Proud", "turns_number": 3, "dialogues": [[1334208, 0, "you know the bible actually says being gay is alright as long as you are high :)", []], [622527, 2, "You know what else the bible says?Everything I write in it .", []], [658263, 1, "where is it written in the Bible ?", []]], "speakers": {"POWER CAT": 0, "durka": 1, "ɐpuᴉ⅂": 2}}, {"id": 17753157, "category": {"id": 20, "name": "Others"}, "emotion": "Amused", "turns_number": 4, "dialogues": [[448213, 0, "Snow & sun at the same time . Never seen that before . Scottish weather at its finest .", []], [1258757, 3, "England had the same yesterday", ["😅"]], [1496238, 2, "That is odd when I was 11 , I neareally ended up in hospital and got lost in the woods in Scotland", ["😂"]], [1115400, 1, "Happened a few times where a am in Scotland but aye typical Scottish weather", ["😂"]]], "speakers": {"StevieTheTv": 0, "♡Little.Miss♡": 1, "User Suspended": 2, "R": 3}}, {"id": 17753139, "category": {"id": 7, "name": "Relationships"}, "emotion": "Disgust", "turns_number": 3, "dialogues": [[1453910, 0, "God , I m getting old and boring . Most people on here are complaining about their parents , their homework , their school , their boyfriend and girlfriend , their eyes , and I m here complaining about taxes , insurance , mortgage , bills , soil - economic reforms , and my aching back . I need a massage .", ["🙄"]], [1527604, 2, "I agree . I wish there were more people my age here .", []], [211707, 1, "I first joined at 15 . now I m am", []]], "speakers": {"Charm": 0, "Greaser79": 1, "Emarie": 2}}, {"id": 17753123, "category": {"id": 48, "name": "Work"}, "emotion": "Stressed", "turns_number": 3, "dialogues": [[446095, 0, "I would leave if I was you , I m all set working in a situation like that . Some past jobs I had , the manager tried to get me quit first so they would not have to pay unemployment . I never quit which aggravated them big time . because hey I might not like the negative have attitude you are giving me at work , but I need unemployment to pay my bills . I can not afford to be bless with zero cash coming in", []], [622527, 2, "Sounds like he is breaking out . And having a diffuse you later time accepting responsibility", []], [963726, 1, "Yes , get away from this man . i am a manager and his behavior is professional and scar .", []]], "speakers": {"TboneSteak": 0, "durka": 1, "Nyla": 2}}, {"id": 17753072, "category": {"id": 7, "name": "Relationships"}, "emotion": "Tired", "turns_number": 4, "dialogues": [[0, 0, "why did he flirt with me ? why did he make me feel special ? why did he make me think he liked me but then he found a girlfriend . I ca not stop thinking about him but now he is happy with another girl .", []], [1460621, 3, "hey i am here if you need to talk", []], [1533911, 2, "someone else engaged him first", ["💔"]], [1524430, 1, "You also have the same story but different characters . I can understand.even girls do that too.we think that they fall in our love but . it is not true .", ["👾"]]], "speakers": {"Anonymous": 0, "Jake Green": 1, "Justabeast": 2, "Big Smoke": 3}}, {"id": 17753071, "category": {"id": 7, "name": "Relationships"}, "emotion": "Sad", "turns_number": 3, "dialogues": [[1533254, 0, "why do relationships fall apart ?", []], [622527, 2, "Because people either are not compatible or do not try hard enough to work through their problems .", []], [1137348, 1, "all ok ? . you are relationship fell apart .", []]], "speakers": {"Keya": 0, "durka": 1, "Crime Ma$ter G0G0 🤓😜🤗": 2}}, {"id": 17753040, "category": {"id": 66, "name": "Addiction"}, "emotion": "Meh", "turns_number": 5, "dialogues": [[1335627, 0, "One day at a time", []], [1392069, 4, "Ok one day at a time", ["🥂"]], [1530801, 3, "hata and then your big", ["🤭"]], [1532955, 2, "Hey , I m Germain , 21 and I m really struggling with body image anxiety issues . Are you free to talk ?", []], [1531835, 1, "one day at a time ?", []]], "speakers": {"Glitzy92": 0, "Pizza & Beer 🍕🍻": 1, "MyShadow": 2, "User Suspended": 3, "montira": 4}}, {"id": 17753006, "category": {"id": 10, "name": "Friends"}, "emotion": "Proud", "turns_number": 8, "dialogues": [[0, 0, "Yes , I slept with a lot of men , and had abortion twice , I do like parting , I like smoking and drinking alcohol . but just cause I do those stuff does not make me a sit , and I m no different than women out there , guns who can not accept me as a girlfriend / wife are misogynists who can not accept a free woman .", []], [846238, 7, "you do you . pay no mind to anyone else", []], [1531763, 6, "life is Yours do whatever you want", []], [402377, 5, "You had the choice to be a free woman , which is great . Howe have you ca not blame guns that do not want you , just like you probably do not want certain guns , we are all free to do whatever we want", []], [1529929, 4, "We are in 2021 so you do whatever you want . But some men does not like it so you have to accept it  ", ["🤷", "♀"]], [1465504, 3, "li have and let fucking li have . imagine if people knew about incur rates . they had kill me keep going girl", ["🤷", "♂", "😂"]], [1441770, 2, "What you are saying is as if I was sleeping around with many women , I would be parting a lot , smoking and drinking alcohol and then say if a girl reject me instead of accepting me she is misandristi am sorry but people are not  suppose  to love your lifestyle nor to adhere to it , nor are they obliged to love you in any wythe have the right to not be interested in you", []], [1347312, 1, "Do what you want , hell with everyone else", []]], "speakers": {"Anonymous": 0, "Cookie Monster": 1, "S@m": 2, "Aiiroo": 3, "Hope is solution": 4, "@$$Hø|€": 5, "Eden": 6, "Veronica": 7}}, {"id": 17753005, "category": {"id": 11, "name": "Hopes"}, "emotion": "Caring", "turns_number": 4, "dialogues": [[1529923, 0, "just in case no one has told you this today , you are doing great and I m proud of you , keep working hard I m sure you ll get everything you want when the time are have ( just be patient and hopeful of course ) take cared not overwork yourself to meet others expectations , you are the best you and can still improve ( you still have time ) love you no matter who you are you still make a difference in earth and you matter", ["💜"]], [770224, 3, "I do not want anything", []], [1479299, 2, "Everything I wanted just lost", []], [1371691, 1, "Laugh out loud you do not even know my name .", []]], "speakers": {"miss kitty": 0, "Marco 🦆": 1, "‌": 2, "Andromache_The_Scythian": 3}}, {"id": 17753001, "category": {"id": 47, "name": "Health"}, "emotion": "Supported", "turns_number": 3, "dialogues": [[1532507, 0, "sometimes it feels there is a weight of 10 pounds on top of you when you know you need to get out if bed and you do not want to face the day !", []], [1534043, 2, "That is me literally everyday . I really feel like I need to take a leave of absence from work .", []], [1192317, 1, "it is like everyday . I need to talk to myself to motivate to face the day.it is seriously hampering my performance", []]], "speakers": {"Trevor E": 0, "Glen Kelly": 1, "Shakti..Vairagya": 2}}, {"id": 17752940, "category": {"id": 20, "name": "Others"}, "emotion": "Meh", "turns_number": 3, "dialogues": [[1152544, 0, "I should go before I make more people feel badsorry y all , I m not me , I m haunted", []], [712256, 2, "You can still change and i believe in you ", ["❤"]], [1477641, 1, "The haunted you is not doing any bad to us , it is doing bad to you . I have us the spirit back !", []]], "speakers": {"𝖘𝖕𝖎𝖗𝖎𝖙 🖤": 0, "Bella": 1, "Ray": 2}}, {"id": 17752939, "category": {"id": 10, "name": "Friends"}, "emotion": "Hopeful", "turns_number": 3, "dialogues": [[925077, 0, "Rape jokes are not , and never will be funny .", []], [770224, 2, "jokes can be funny with or without your consent", []], [846238, 1, "I do not know , poking fun at a society that normalize and excuses rape is fair game . just not jokes that casually drop in the concept of rape like it is and should be a normal thing", []]], "speakers": {"AK": 0, "Marco 🦆": 1, "Cookie Monster": 2}}, {"id": 17752913, "category": {"id": 7, "name": "Relationships"}, "emotion": "Bored", "turns_number": 3, "dialogues": [[0, 0, "someone said you can not date someone from another religion but I do not agree , I m a atheist and I love a Muslin", []], [1441770, 2, "Yes but that Muslin is not allowed to marry you or be in a relationship with you", []], [1533626, 1, "Beliefs are just a superficial side of a person . So it really does not matter what are your beliefs . I actually am atheist and I knew this muslin girl . I broke up with her recently for stupid reasons but it was not because of her religion . Just enjoy your li have :) <3", []]], "speakers": {"Anonymous": 0, "Eden": 1, "ABCD": 2}}, {"id": 17752866, "category": {"id": 61, "name": "Positive"}, "emotion": "Inspired", "turns_number": 3, "dialogues": [[1528560, 0, "Sometimes you win and sometimes you learn !", ["✨"]], [1178289, 2, "what did you learn this time ", ["☺"]], [1272284, 1, "Hey . I saw the post about the discord groups it still available ?", []]], "speakers": {"Skye": 0, "rtelo": 1, "Ishaan": 2}}, {"id": 17752819, "category": {"id": 10, "name": "Friends"}, "emotion": "Hopeful", "turns_number": 5, "dialogues": [[1531062, 0, "I need friends I need a male right now?I feel depressed", ["😢"]], [1528252, 3, "I am here for you", []], [804290, 1, "Well I am a male and I am here for you", []], [1518274, 2, "I am here for you", []], [804290, 1, "I want to be there for you", []]], "speakers": {"Cherry Anton": 0, "Himanshu": 1, "Dennis Perez": 2, ",😂": 3}}, {"id": 17752811, "category": {"id": 20, "name": "Others"}, "emotion": "Nothing", "turns_number": 3, "dialogues": [[1477641, 0, "baby as in a hobby baby ! ? hata", []], [1528252, 2, "so how can I help you", []], [1503249, 1, "how to become more depressed :", ["👁", "👄"]]], "speakers": {"Ray": 0, "Himanshu": 1, "✞︎𝕭𝖚𝖓𝖓𝖞✞︎": 2}}, {"id": 17752807, "category": {"id": 15, "name": "Family"}, "emotion": "Loving", "turns_number": 3, "dialogues": [[1248990, 0, "Have fun enjoy every moment with your family but do not get drunk while doing that . Be alert few drinks is fine but still be alert . Incise somebody need your help", ["📢", "😉", "😎", "🍸", "😳", "😇"]], [1178148, 2, "up stay blessed and be safe :)", []], [692082, 1, "Missing you so much . You enjoy anne . When you come back there will be celebrations", []]], "speakers": {"Independent Love ❤": 0, "𝕾𝖆𝖗𝖆𝖙𝖍": 1, "Selfless Soul": 2}}, {"id": 17752793, "category": {"id": 7, "name": "Relationships"}, "emotion": "Bored", "turns_number": 4, "dialogues": [[0, 0, "I love to drink wine but my girlfriend is Muslin and In order for us to get married I have to convert and when I do I wo not be able to drink or eat pork so I have to drink and eat pork as much as possible until then", ["😂"]], [644884, 3, "You had lose part of your d*k too so i would suggest making the most of it too", ["🤣"]], [913145, 2, "I wish you are marriage the best", []], [1486824, 1, "LAFA , why you have to convert laugh out loud ? y not her ?", []]], "speakers": {"Anonymous": 0, "Danny": 1, "Owen": 2, "Jake Peralta": 3}}, {"id": 17752779, "category": {"id": 74, "name": "Depression"}, "emotion": "Hopeful", "turns_number": 3, "dialogues": [[1534031, 0, "i do not even know if i want to be better anymore . i just keep fucking up and relapsing time and time again", []], [1534036, 2, "Be value of yourself no matter what . Maybe learn something that motivate you online . As you study you wo not be bored .", []], [1533687, 1, "just trying is enough and you ll be better without knowing.do not lose hope even if you are at your worst", []]], "speakers": {"who cares who i am": 0, "ShershellePierre": 1, "Nur": 2}}, {"id": 17752778, "category": {"id": 12, "name": "Self Harm"}, "emotion": "Tired", "turns_number": 4, "dialogues": [[1516731, 0, "Dear Depression are you happy now you won.you manage to kill me inside to hate myself thanks . Can you kill me now ?", []], [1529462, 3, "I m really tired !", []], [1527764, 2, "Depression : No you had to suffer more and then become stronger to kill me one day.(just like tache did to sake)=^._.^= ", []], [1517263, 1, "be strong to win the battle . it is your battle and you have to fight yourself", []]], "speakers": {"Anthi": 0, "S I L E N T°": 1, "NotANicePerson": 2, "🅿🅰🅸🅽 🅺🅸🅻🅻🅴🆁": 3}}, {"id": 17752754, "category": {"id": 62, "name": "Mental Health"}, "emotion": "Exhausted", "turns_number": 4, "dialogues": [[1533748, 0, "why is school so.draining ? i literally can not anymore like brow give me a break ?", []], [1155058, 3, "it is co we are fed with so much information but never gain is bit of knowledge", []], [1115423, 2, "Maybe you are already drained . Manage it better", []], [1322016, 1, "Yes . I m drained as well . I hate high school .", []]], "speakers": {"bunny": 0, "Stardust ✨": 1, "shadeisntreal": 2, "Newbie": 3}}, {"id": 17752745, "category": {"id": 10, "name": "Friends"}, "emotion": "Supportive", "turns_number": 5, "dialogues": [[0, 0, "Daytime I talk to a due online , I pray they do not like me because I do not feel like sending pictures like I m too ugly for that", []], [1474245, 4, "Do not say that you probably are like extremely beautiful", []], [518741, 3, "You do not need to send pick . do not let anyone pressure you", []], [1480973, 2, "humans label everything do not worry about what they think be confident in your appearance .", ["❤"]], [1527253, 1, "oh I know the feeling laugh out loud but I m older ll", []]], "speakers": {"Anonymous": 0, "Hammad": 1, "ホット": 2, "Nick": 3, "cruzito": 4}}, {"id": 17752742, "category": {"id": 62, "name": "Mental Health"}, "emotion": "Sad", "turns_number": 3, "dialogues": [[265398, 0, "sad do not know why", []], [1020393, 2, "Kind of the same here though I kind of know why , can I help in any way .", []], [1533791, 1, "That was me yesterday . Sending you strength and light .", []]], "speakers": {"🧜🏻‍♀️🧚🦄🐇🐈🐕🐖🐬🦚🦋🍫🌸": 0, "Cautiously Optimistic 🇵🇸🇵🇸🇵🇸": 1, "Kim Keenan": 2}}, {"id": 17752732, "category": {"id": 10, "name": "Friends"}, "emotion": "Nothing", "turns_number": 3, "dialogues": [[1339356, 0, "The HARDEST Pill I had to SWALLOW this YEAR.Was LEARNING that no matter how GOOD you are to someone , No matter how much you CARE for them , No matter how much you LOVE them , They can and will TURN THEIR BACK on you and there is absolutely NOTHING you can do about it . JUST TRY TO KEEP MOVING FORWARD !", []], [1533895, 2, "all we can do is to just accept that no matter how hard we try to make them stay , if they are not meant to be with us , then the end .", []], [1294585, 1, "it is sad but that is it . it is what it is . learn to let go .", ["😌", "🌻"]]], "speakers": {"𝓛𝓾𝓷𝓪 🌙": 0, "Ice": 1, "Soleil ☀️": 2}}, {"id": 17752726, "category": {"id": 20, "name": "Others"}, "emotion": "Overwhelmed", "turns_number": 3, "dialogues": [[1314592, 0, "Being a racism or a colours is so dumb", []], [518741, 2, "True there is no logic behind it laugh out loud", []], [622527, 1, "Hating anyone based on how they look . we should have been over that two hundred years ago when we were still using steam power for everything .", []]], "speakers": {"Nichi": 0, "ホット": 1, "durka": 2}}, {"id": 17752711, "category": {"id": 10, "name": "Friends"}, "emotion": "Lonely", "turns_number": 4, "dialogues": [[1532165, 0, "My friends only text me when I send them first , and if I do not send them they do not .", []], [1430970, 3, "yeah that is human nature", []], [906264, 2, "cleareally you do not have friends like me laugh out loud", []], [1529462, 1, "they are not you are friends ;", []]], "speakers": {"🦋 𝕄𝕒𝕣𝕪𝕖𝕞 🦋": 0, "human": 1, "Arfan": 2, "S I L E N T°": 3}}, {"id": 17752698, "category": {"id": 20, "name": "Others"}, "emotion": "Positive", "turns_number": 3, "dialogues": [[281894, 0, "100 squat . done . I feel the burn", ["🔥"]], [1466213, 2, "Knees would need my sympathy", ["🫂"]], [1496238, 1, "I m going to the grm soon . I love the good feeling I get after my lookout", []]], "speakers": {"lone wolf": 0, "Mafian troll": 1, "User Suspended": 2}}, {"id": 17752693, "category": {"id": 20, "name": "Others"}, "emotion": "Tired", "turns_number": 4, "dialogues": [[1506368, 2, "maybe he needed a gripped shirt hug", ["🫂"]], [1155058, 5, "and you still love him / her", []], [1402308, 4, "Oh no are you ok I hope you did get scratch", []], [1086243, 3, "oh laugh out loud sad but funny", []]], "speakers": {"pewdiepie": 0, "Stardust ✨": 1, "Suf": 2, "rui chan busy": 3}}, {"id": 17925660, "category": {"id": 7, "name": "Relationships"}, "emotion": "Embarrassed", "turns_number": 3, "dialogues": [[764351, 0, "please stop making playlist for your crushed , they send it to their crush . Stop embarrassing yourself", []], [1497815, 2, "so true just stop it", []], [1354181, 1, "so I was doing it all wrong the entire time .", []]], "speakers": {"Lorelai Gilmore": 0, "User Banned": 1, "Zenith": 2}}, {"id": 17925643, "category": {"id": 20, "name": "Others"}, "emotion": "Nothing", "turns_number": 3, "dialogues": [[1541443, 0, "do you smoke or drink ?", []], [1419541, 2, "neither , but occasionally drink", []], [615781, 1, "both but not too much on the drinking side laugh out loud", []]], "speakers": {"~Peace~": 0, "turtls🐢": 1, "ris": 2}}, {"id": 17925640, "category": {"id": 20, "name": "Others"}, "emotion": "Supportive", "turns_number": 3, "dialogues": [[1020098, 0, "Send this song to your partner to show how much you love t him or her I ll leave the did in the comment", []], [1020098, 0, "http:/m.couture.com / watch?v = at1Pjxgvg08", []], [1372283, 1, "i do not see any song", []]], "speakers": {"Harley": 0, "kim seokjin": 1}}, {"id": 17925636, "category": {"id": 20, "name": "Others"}, "emotion": "Numb", "turns_number": 3, "dialogues": [[1149685, 0, "Are you proud of yourself ?", []], [1484209, 2, "It depends if i am depressed or not", []], [843889, 1, "yes for now , i have gone through a lot and i feel proud i go towards better direction", []]], "speakers": {"lilac": 0, "Bag of poems ig": 1, "strngr": 2}}, {"id": 17925611, "category": {"id": 48, "name": "Work"}, "emotion": "Sad", "turns_number": 3, "dialogues": [[603129, 0, "Feels down . This is what happened on my monday work week:1 ) cockroaches crawled on my body at mi do not knight.2 ) a student threw a piece of fraser at me.3 ) told by management that i do not have to attend meeting . My direct supervisor asked about my whereabouts.4 ) Made a mistake when creating the information in Biology notes for students . only to realise it today .", []], [1523963, 2, "Sorry to hear about that , hope your week gets better", ["💔"]], [1421011, 1, "Coach crawl on you ? Either you need to move ? Or do not eat food on your bed or invest in bug spray and tell your landlord .", []]], "speakers": {"Iwan Zaki": 0, "Matt": 1, "Shawndre": 2}}, {"id": 17925607, "category": {"id": 7, "name": "Relationships"}, "emotion": "Optimistic", "turns_number": 4, "dialogues": [[764351, 0, "investing my time into novels instead of boys >", []], [632411, 3, "that is how it should be", ["💯"]], [1543512, 2, "investing my time on talk life instead of studying.thus life", []], [1454442, 1, "investing my time into worn instead of relationships with boys or girls", ["🙄"]]], "speakers": {"Lorelai Gilmore": 0, "t. 💤": 1, "Laksh k": 2, "lovely depression 🙄": 3}}, {"id": 17925579, "category": {"id": 62, "name": "Mental Health"}, "emotion": "Annoyed", "turns_number": 3, "dialogues": [[1525157, 0, "I have to stop forgiving people so fast .", []], [1528358, 2, "We , nail have pp , are like that (", []], [1543512, 1, "take it slow the zendaya", []]], "speakers": {"Mae 🦉": 0, "Ragnar29 🦅 🗡": 1, "Laksh k": 2}}, {"id": 17925578, "category": {"id": 15, "name": "Family"}, "emotion": "Frustrated", "turns_number": 4, "dialogues": [[1519765, 0, "Your past is not an excuse , period .", []], [1525157, 3, "Wait , I think the people at the back did not hear that . Could you repeat yourself a little bit louder ?", []], [1543510, 2, "I need to understand this like real bad", []], [560587, 1, "I want to agree but sometimes it is not and excuse  , sometimes it is a direct result , a habitualized coming mechanism , a means of self preservation , a replied of the normalized behaviour you have been exposed to for too long of people should not hurt others because they have been hurt before but it is not as simple as just deciding not to do it , it might take time and a bit of understanding", []]], "speakers": {"Metamorph": 0, "Mae 🦉": 1, "Simran Shrivastava": 2, "Toto": 3}}, {"id": 17925573, "category": {"id": 7, "name": "Relationships"}, "emotion": "Loved", "turns_number": 5, "dialogues": [[764351, 0, "all brown boys do is call every girl  babe ", ["🤷", "♀"]], [1231313, 4, "and tell them they are the only one they talk to", ["🥂"]], [655753, 3, "In my country that is actually offense have", []], [668164, 2, "in they are so predictable babe", []], [1536143, 1, "better than baby - shone", []]], "speakers": {"Lorelai Gilmore": 0, "Ares": 1, "KitKat": 2, "Idk and Idc": 3, "Manish": 4}}, {"id": 17925540, "category": {"id": 7, "name": "Relationships"}, "emotion": "Meh", "turns_number": 4, "dialogues": [[0, 0, "Which move is worse?Random add on Facebook or a super like on Tinder ?", []], [1537691, 3, "super like because it is usually an accident i know it is for me", []], [532567, 2, "A part in a spacesuit", []], [1461575, 1, "The move that is worse is being creep on social media and too desperate to get a girlfriend in a shallow way", []]], "speakers": {"Anonymous": 0, "Nachonipple": 1, "d๏pemin.": 2, "Newbie": 3}}, {"id": 17925514, "category": {"id": 7, "name": "Relationships"}, "emotion": "Meh", "turns_number": 4, "dialogues": [[0, 0, "If you had a chance to fall in love . Would you take it ?", []], [421767, 3, "Fuck it , yes . I would probably get crashed again , but I like the pain .", []], [1386189, 2, "I was already take it but it hurts", ["💔", "😵"]], [1167054, 1, "no , maybe in another chance", []]], "speakers": {"Anonymous": 0, "palechub": 1, "Bucky 💞💞💞💞💝💝💝💝": 2, "hra.eox": 3}}, {"id": 17925511, "category": {"id": 7, "name": "Relationships"}, "emotion": "Meh", "turns_number": 3, "dialogues": [[764351, 0, "men gave me more trust issues than among us", []], [1155414, 2, "in we are called provides for a reason", ["🤧", "🤣"]], [1348947, 1, "cleareally you have not played among us with me", []]], "speakers": {"Lorelai Gilmore": 0, "A Shakesquare": 1, "Gray": 2}}, {"id": 17925510, "category": {"id": 10, "name": "Friends"}, "emotion": "Excited", "turns_number": 3, "dialogues": [[1542700, 0, "HEY YOU . if you feel depressed or suicidal , listen to this song pus .http:/youth.be / henri7dvpbi", []], [1542700, 0, "make sure to turn on the subtitles", []], [1372283, 1, "if you feel happy and energetic listen to its dynamite", []]], "speakers": {"liya": 0, "kim seokjin": 1}}, {"id": 17925478, "category": {"id": 15, "name": "Family"}, "emotion": "Inspired", "turns_number": 3, "dialogues": [[1543287, 0, "Have a very serious issue.need someone to help me out", ["😭"]], [1446720, 2, "see dear i am here to help", []], [1486824, 1, "is it health related ?", []]], "speakers": {"Isabela": 0, "your soulmate": 1, "Jake Peralta": 2}}, {"id": 17925477, "category": {"id": 67, "name": "Self-Care"}, "emotion": "Optimistic", "turns_number": 3, "dialogues": [[1535767, 0, "Photophobia is the fear of emotional attachment that often leads to expectations that end in disappointment !", []], [1466213, 2, "So precisely worded !  ", ["🙆", "♀"]], [1536239, 1, "Oh l guess am philophobic then", []]], "speakers": {"lostalogic": 0, "Mafian troll": 1, "evy93": 2}}, {"id": 17925460, "category": {"id": 12, "name": "Self Harm"}, "emotion": "Anxious", "turns_number": 3, "dialogues": [[0, 0, "should I just go back to medicines to stop self harm . or consider therapy", []], [1533330, 2, "do not know neither worked for me", []], [1543510, 1, "I think consider both . therapy can help a lot", []]], "speakers": {"Anonymous": 0, "chettahdielan": 1, "Simran Shrivastava": 2}}, {"id": 17925436, "category": {"id": 10, "name": "Friends"}, "emotion": "Caring", "turns_number": 6, "dialogues": [[1539877, 0, "How many real friends do you have ?", []], [1231313, 5, "ah you killed me on the word real", []], [1109859, 4, "What even are real friends", []], [925483, 3, "And i just know a Bunch of People", []], [1533330, 2, "depends on how you look at it", []], [1536143, 1, "if you are in , then 1", []]], "speakers": {"Zoey💙": 0, "Ares": 1, "Newbie": 2, "𝙉𝚘 𝙉𝚊𝚖𝚎": 3, "chettahdielan": 4, "Manish": 5}}, {"id": 17925422, "category": {"id": 10, "name": "Friends"}, "emotion": "Caring", "turns_number": 5, "dialogues": [[1539877, 0, "What is your favorite season ?", []], [1543511, 4, "Winter so i can spoon", []], [1543514, 3, "Autumn because of all the warm colors", ["🍁", "🍂"]], [1542086, 2, "in my country there is only dry season and rainy season , so of i choose rainy", []], [1539924, 1, "season where I can sleep for long time without any discomfort", []]], "speakers": {"Zoey💙": 0, "Strangermyass": 1, "MsRaven": 2, "StarOcean": 3, "Mr. Fruits": 4}}, {"id": 17925417, "category": {"id": 10, "name": "Friends"}, "emotion": "Bored", "turns_number": 5, "dialogues": [[1541235, 0, "We are currently facing one of the worst anaemic and still I do not see any hobbies around.what a pathetic virus", ["😬"]], [1016455, 4, "Yeah . well , hobbies can come when they are done installing my toilets and sinks .", []], [1495694, 3, "There is a parasite which attacks nails . you shed check it out .", []], [1348947, 2, "cleareally you have not seen me", []], [1257373, 1, "Hobbies do not exist , sorry to burst your tube back later .", []]], "speakers": {"Jessi🍾🍷": 0, "Dystopian Poetry 🇳🇱": 1, "Anon": 2, "Gray": 3, "Wabi": 4}}, {"id": 17925416, "category": {"id": 7, "name": "Relationships"}, "emotion": "Lonely", "turns_number": 3, "dialogues": [[1543514, 0, "Why , when you invest so much of yourself in a relationship the other person starts to think you are able to pull this off all alone and gets comfortable with that idea ? I never felt so lonely in my life .", []], [1016455, 2, "Are you saying you do all the work or that they want to break up ?", []], [492982, 1, "Honestly I do not know . Just leave while you can i guess . Its a lot less stress after you get over the sadness", []]], "speakers": {"MsRaven": 0, "Dystopian Poetry 🇳🇱": 1, "shay": 2}}, {"id": 17925407, "category": {"id": 61, "name": "Positive"}, "emotion": "Caring", "turns_number": 5, "dialogues": [[1220872, 0, "What is that one experience that ultimately moulded you into the person you are ?", []], [1426916, 4, "when I saw an eyesore . but I looked like that guy , so I thought I was an eyesore to everyone . though I already know that I m only over thinking , it is too late to change now", []], [356566, 3, "When my Mon passed away .", []], [952176, 2, "experiences clot of huge stacks", []], [1538113, 1, "Looking someone close to my heart too really and being a domestic abuse survivor .", []]], "speakers": {"Ethereal_existence": 0, "300": 1, "Purple Pixie": 2, "Darkness🖤": 3, "Unapologetically healing": 4}}, {"id": 17925384, "category": {"id": 20, "name": "Others"}, "emotion": "Supportive", "turns_number": 4, "dialogues": [[548443, 0, "Just bought 100 copies of an album I have never heard just to support an artist what the fuck is wrong with me lafa", []], [476136, 3, "* 100 * copies ?", ["😱"]], [1344035, 2, "I do not know but something is definitely wrong", []], [971423, 1, "horrible idea . why would not you just invest in the band instead of coming march", []]], "speakers": {"Knives": 0, "✌FIND ME✌": 1, "Para bellum": 2, "prey": 3}}, {"id": 17925371, "category": {"id": 74, "name": "Depression"}, "emotion": "Depressed", "turns_number": 3, "dialogues": [[376514, 0, "i hate when people say that I should stop complaining and do something to make things better . I know that is the right thing to do but I do not have the mental capability to get myself to do it . I wish someone understood me", []], [1486619, 2, "I def understand ! Feel the same !", []], [1465913, 1, "I definitely understand , more than understand I feel the same way", []]], "speakers": {"Darkness4everr": 0, "The RealMe": 1, "Wanheda": 2}}, {"id": 17925370, "category": {"id": 62, "name": "Mental Health"}, "emotion": "Anxious", "turns_number": 4, "dialogues": [[1526005, 0, "Anyone been admitted to a mental health facility or similar ? If so what did you say that got you there and how was it ?", []], [656550, 3, "its pretty ok . unfortunately the nurses I had were not really nice , but the people I met are amazing and group therapy did help me a bit", []], [1467226, 2, "I felt more comfortable there then I have all my life in the real world", []], [1533330, 1, "yes , my sister told me I should go there because she knew I was struggling", []]], "speakers": {"Newbie": 0, "GalaxySky": 1, "i want to die": 2, "chettahdielan": 3}}, {"id": 17925367, "category": {"id": 68, "name": "I Need Help"}, "emotion": "Confused", "turns_number": 4, "dialogues": [[1523601, 0, "Ok so I m hungry but also lazy Should I cook for myself or wait for someone to cook", ["😩"]], [1517033, 3, "get up and out of your own way on the matter", []], [925483, 2, "Forget that You are Hungry", []], [1537662, 1, "Cook for yourself or order online", []]], "speakers": {"Jojo🌻💜": 0, "Dáithí Gibealain": 1, "𝙉𝚘 𝙉𝚊𝚖𝚎": 2, "positiveDarkness": 3}}, {"id": 17925358, "category": {"id": 10, "name": "Friends"}, "emotion": "Caring", "turns_number": 3, "dialogues": [[1514034, 0, "How is your monday mood ?", ["🙄"]], [1537662, 2, "Lot of work which i do not want to do but do it for salary", []], [693996, 1, "You have not changed your pictures that is the mood ", ["❤", "😊"]]], "speakers": {"Larissa": 0, "positiveDarkness": 1, "Stressed kitty": 2}}, {"id": 17925337, "category": {"id": 10, "name": "Friends"}, "emotion": "Loving", "turns_number": 3, "dialogues": [[1331591, 0, "I have lost everything . Except hope .", []], [1302288, 2, "that is so great to hear !", []], [678028, 1, "well . hope for the best", []]], "speakers": {"stefan": 0, "Mandana🌌🌙🌠🦋🎵💞": 1, "Midday": 2}}, {"id": 17925332, "category": {"id": 12, "name": "Self Harm"}, "emotion": "Proud", "turns_number": 3, "dialogues": [[1543151, 0, "i want to commit death - spacito", []], [655753, 2, "I know it seems hard . Trust the un averse and yourself that you can do it , I believe in you . You are beautiful and you can go through this", ["❤"]], [1527105, 1, "Same but there is nothing here that I can use to i have me a painless death but in that is a good thing old", ["🥲"]]], "speakers": {"Ada Idk": 0, "KitKat": 1, "SIMMY": 2}}, {"id": 17925325, "category": {"id": 10, "name": "Friends"}, "emotion": "Lonely", "turns_number": 4, "dialogues": [[884513, 0, "i hate being here , why ca not suicide be socially accepted , i just do not want to li have anymore , why is that wrong", []], [1426916, 3, "it is not wrong , it is just people does not want you to", []], [1467410, 2, "because many people who commit suicide do not want to die , they just want to end their pain so I guess that is why people stop them from it", []], [1540660, 1, "Do not get me wrong , but when you die , nothing wrong will change , you will just be dead , so death is not a salvation , the people you leave behind will suffer , only suicide is already very common today and is trying to be prevented . Anyone welcomed , we all die sooner or later . If you die now , what writer can you tell about your problems or face them ? Remember , life is full of surprise and there is a morning behind every night .", []]], "speakers": {"Neutron Flow": 0, "300": 1, "♌": 2, "lonely cat ✨": 3}}, {"id": 17925321, "category": {"id": 50, "name": "Music"}, "emotion": "Nothing", "turns_number": 3, "dialogues": [[1428004, 0, "Money is not Happiness But i would rather Cry in a Errare  rather than a Tooth", ["💵", "🕶", "👀"]], [655753, 2, "Up . Depends on the Tooth .", []], [1542932, 1, "I have had some of the best times of my life in cheap cars , with real people . i would rather that , than have money and face friends .", []]], "speakers": {"Numb♑": 0, "KitKat": 1, "Alex": 2}}, {"id": 17925304, "category": {"id": 20, "name": "Others"}, "emotion": "Optimistic", "turns_number": 4, "dialogues": [[1543366, 0, "Do You bell have that everyone has soulmate ?", []], [421767, 3, "Yes , maybe , but mine died , definitely .", []], [590657, 2, "no that is absolute is", []], [1543036, 1, "yeah , i found my soulmate though he Does not understand me sometimes", []]], "speakers": {"Rogero": 0, "palechub": 1, "ChoCoCooKie🐶": 2, "Newbie": 3}}, {"id": 17925287, "category": {"id": 48, "name": "Work"}, "emotion": "Hopeful", "turns_number": 3, "dialogues": [[1542868, 0, "I feel hopeful . Pray for me that I get accepted into the job I just applied for !", []], [1049791, 2, "surely you ll get into it", ["😇"]], [1543509, 1, "lets make a party for you", []]], "speakers": {"Kim": 0, "silence!🤫": 1, "dante": 2}}, {"id": 17925261, "category": {"id": 51, "name": "Helpful Tips"}, "emotion": "Excited", "turns_number": 6, "dialogues": [[1542700, 0, "can y all share any songs recommendations ?", []], [330414, 5, "Is there any specific gene of music you perhaps like ?", []], [1543511, 4, "The weekend after hour is", []], [1539681, 3, "no more is to i have by Thomas Benjamin", []], [1523382, 2, "can i share my trust ?", []], [1302359, 1, "I guess you might have heard this already .but still http:/youth.be / pecfrusbuq0", []]], "speakers": {"liya": 0, "Mimi": 1, "Strangermyass": 2, "FreakShowWithATopHat": 3, "ROCKET": 4, "~~Freebird~~": 5}}, {"id": 17925247, "category": {"id": 61, "name": "Positive"}, "emotion": "Optimistic", "turns_number": 9, "dialogues": [[1458892, 0, "roses are red violet are blue being happy is my best wish for you -i hope y all doing ok , and if not then I m sending you warm huge you can do this ! i believe in you \\(^3^)/ never forget how amazing you are that is ok to make mistakes , its human it does not makes you less worthy of happiness have a beautiful day , just like your smile", ["❤", "💙", "🥺", "💚", "💛", "🧡", "🦋"]], [1493546, 8, "Wish I could make you smile your so kind", []], [834401, 7, "i know that you can never see this comment but i would like you to know you are too cut .", []], [1540855, 6, "how do you get that love at pp ?", []], [836488, 5, "A ! This is so Beautiful . Thank you dear . * Huge *", ["❤"]], [1541662, 4, "Violet are purple . k bye", []], [1368007, 3, "thank you and warm huge for you too", ["🤗"]], [1297104, 2, "if only wishes we are horses", []], [1543341, 1, "Thanks for your kind words", []]], "speakers": {"♡~LittleKitteyBun~♡": 0, "______": 1, "Username": 2, "user deleted": 3, "Shruti ❤": 4, "PurpleQueen": 5, "❤️𝓗𝓲𝓷𝓪🤍": 6, "angela 😑": 7, "Lucy exudes confidence": 8}}, {"id": 17925238, "category": {"id": 62, "name": "Mental Health"}, "emotion": "Afraid", "turns_number": 4, "dialogues": [[1543497, 0, "I am scared to talk about suicidal thoughts and depression with my therapist . We usually talk about my paranoia or my abuse have mother .", []], [1220872, 3, "You should take it up with your therapist.it will help .", []], [1544234, 2, "My experience with therapist is rather pooreally they always do not listen when I tell them things and then ask for advice even doctors I see for physical health treating me same way except what they do to me is keep changing my beds around when they finally get a comb of beds that help me feel better with my blood pressure they swap it up it is very annoying", []], [1541035, 1, "I understand . i told my therapist I was planning on harming myself in way different from constitutional methods and she says . She can not stop me . Excuse me ! I m panic and crying out for help and that is what she said . I just found this pp and it is helping to have people to talk to .", []]], "speakers": {"lost": 0, "Ethereal_existence": 1, "SamaelWolf": 2, "Cheryl W": 3}}, {"id": 17925235, "category": {"id": 10, "name": "Friends"}, "emotion": "Loving", "turns_number": 5, "dialogues": [[1542828, 0, "What does true friend means ?", []], [416629, 4, "someone that you can be yourself round , make great memories with but that will always be there for you", []], [1542644, 3, "some one who tells you the truth when you do not want to hear it", []], [1539316, 2, "do not meat him do not talk him but for see if you think of him you know that there is one person who care who will remember wo will by Side", []], [1518235, 1, "Helps you in ways you may not understand or appreciate in the moment , still chooses to do it for your benefit : that is a real friend in my eyes .", []]], "speakers": {"Sandyy": 0, "Shaniqua": 1, "CHRISTOPHER FINN": 2, "monster": 3, "Sonnenallee": 4}}, {"id": 17925229, "category": {"id": 7, "name": "Relationships"}, "emotion": "Hopeful", "turns_number": 3, "dialogues": [[1543510, 0, "Now a days you do not find people for a deep conversation .", []], [487041, 2, "I think the current society reaches convenience and impatience in various living habits and within our environment , and hence what you are thinking . Sad truth .", ["😩"]], [328815, 1, "I m here if you want to talk", []]], "speakers": {"Simran Shrivastava": 0, "bubblefish": 1, "scorpion 🦂♏❤️": 2}}, {"id": 17925223, "category": {"id": 10, "name": "Friends"}, "emotion": "Tired", "turns_number": 11, "dialogues": [[1205623, 0, "overthinking will ruin all my friendships", []], [1529765, 10, "oo yes . it always does so", []], [1301452, 9, "Caused a lot of misunderstanding", []], [1453585, 8, "I overthink about why I overthink", []], [1450234, 7, "as if you have friends in the first place", ["😕"]], [678028, 6, "will they got you to overthink at the first place", []], [1486824, 5, "not thinking at all will do the same laugh out loud", []], [925483, 4, "Get a Life - That is What She Said", []], [1540660, 3, "My friends who have had it say the same thing , they do not want to talk about others and they warned me , but these can also hurt my problems and our friendship . Why do I care about people so much ?", []], [1493270, 2, "Yeah , I think people should i will with their attitudinal problems , when it comes to making new friends , who basically know nothing about them . first impression is real important , but if you choose to be a nuisance , please avoid me", ["🙏"]], [1543396, 1, "Least you know the problem . Try to fix it .", []]], "speakers": {"Anushka🥤": 0, "Amrit": 1, "LooktoeyesWabbit": 2, "SCP - 69420": 3, "⚡Phoenix⚡": 4, "Midday": 5, "Jake Peralta": 6, "𝙉𝚘 𝙉𝚊𝚖𝚎": 7, "lonely cat ✨": 8, "The wierd one 🤺": 9, "Vlad III Dracula": 10}}, {"id": 17925216, "category": {"id": 63, "name": "My Story"}, "emotion": "Heartbroken", "turns_number": 4, "dialogues": [[1543506, 0, "Well I was not planning to be perfect or anything but I tried my best to be the girl my parents always thought i would be but not that I have met this unfortunate fate of suffering from an accident i am bed ridden for weeks and i am in a totally clinical depression help me through this pp if you could possibly please", []], [1539316, 2, "what you need here everyone will help you", []], [1539316, 2, "what your thoughts so I could better understand", []], [1542644, 1, "push through it . get better . keeping going", []]], "speakers": {"Katherine stilwood": 0, "monster": 1, "CHRISTOPHER FINN": 2}}, {"id": 17925191, "category": {"id": 10, "name": "Friends"}, "emotion": "Meh", "turns_number": 5, "dialogues": [[1268363, 0, "The questions that make you cry ?", []], [1461766, 4, "Why are you cutting onions ?", []], [1243568, 3, "will you be with me forever ?", ["👈", "🏻"]], [1530097, 2, "Are the ones about my life . Everything else I can kick ass", []], [1543400, 1, " What is wrong ? ", ["🥺", "😭"]]], "speakers": {"Ishi": 0, "Captain BiYam🌈✨": 1, "Hakuna Matata 𓃬": 2, "Lost soul": 3, "DamagedGoods": 4}}, {"id": 17925187, "category": {"id": 20, "name": "Others"}, "emotion": "Exhausted", "turns_number": 3, "dialogues": [[689262, 0, "Sleeps 10 horses still tired", []], [1372283, 2, "its your mormons that make you feel like that", []], [684673, 1, "sometimes it takes several days in row of 10h sleep to stop being tired", []]], "speakers": {"sxdness.exe": 0, "kim seokjin": 1, "Kama2": 2}}, {"id": 17925185, "category": {"id": 63, "name": "My Story"}, "emotion": "Meh", "turns_number": 4, "dialogues": [[807845, 0, "So today has been miserable .", []], [1450234, 3, "So Life has been miserable *", []], [1243568, 2, "Am confident that better times n brighter days await you . Try to hang in there and keep fightinggood luck n lots of strength to you in everything you are dealing with . You have what it takes to get over anything . May God bless you with everything in abundance there is anything you wish to talk about or share something with , do feel free to express yourself here n we ll do everything in our power to make sure that you feel better even to the slightest", []], [763698, 1, "I hope things went well with professor , I know how stressing and problematical that can be . I hope rest of the day is much better", ["💕"]]], "speakers": {"DnC 🦋": 0, "⚡Phoenix⚡": 1, "Hakuna Matata 𓃬": 2, "Damus": 3}}, {"id": 17925184, "category": {"id": 7, "name": "Relationships"}, "emotion": "Supportive", "turns_number": 4, "dialogues": [[1298765, 0, "My boyfriend is acting weird with me does not want to spend time with me and prioritise everyone else over me and does not i have me enough time but says he loves me what should i do to turn the table ?", []], [1274874, 3, "kick him in the nuts", []], [1426082, 2, "use force to turn the table in the direction you want", []], [978786, 1, "ignore him back , for few days ,", []]], "speakers": {"Kind": 0, "devilll": 1, "AIR-I'M POLLUTED": 2, "Ami": 3}}, {"id": 17925169, "category": {"id": 7, "name": "Relationships"}, "emotion": "Overwhelmed", "turns_number": 3, "dialogues": [[1329967, 0, "White wine and extra strength , strawberry - favored melanin summits . If I could find the missing part to my wax vaporizer , I would smoke  til I could not remember what I was upset about . Why ca not sleep just happen ? I ca not remember what I said , what I wore , what I ate today . What do I need ?", []], [684673, 2, "Maybe you need some project to pour your soul into ?", []], [1523963, 1, "Does not sound like a bad night to me . Hope you get to sleep peacefully and all", ["💔"]]], "speakers": {"Juniper B": 0, "Kama2": 1, "Matt": 2}}]