[{"id": 17831255, "category": {"id": 7, "name": "Relationships"}, "emotion": "Sad", "turns_number": 4, "dialogues": [[732212, 0, "So I met this guy on a setting pp just to change ended up chatting for days nonstop and exchanged contact think I m accidentally crushing on displease talk me out of this I feel so empty", ["😭"]], [1340780, 3, "what the fuck is a setting pp .", []], [1482892, 2, "what pp the , asking for a friend", ["😉", "😂"]], [1534534, 1, "If he were setting with you then definitely he is setting with many others if you are OK with that keep it up :p", ["😂"]]], "speakers": {"Aoife": 0, "LazySnail": 1, "☆His Kitty": 2, "Yosra": 3}}, {"id": 17831254, "category": {"id": 47, "name": "Health"}, "emotion": "Confused", "turns_number": 3, "dialogues": [[1533390, 0, "My left eye is itching , fully reddish , and it feels so dry .", []], [1534534, 2, "It could be a conjunctivitis :)", []], [1537033, 1, "could be an allergic reaction or just something in it , i would keep an eye on it if you ll pardon the put", []]], "speakers": {"kamalakannan C": 0, "Yosra": 1, "Aaron Tyler": 2}}, {"id": 17831251, "category": {"id": 7, "name": "Relationships"}, "emotion": "Bored", "turns_number": 4, "dialogues": [[0, 0, "can an 18 year old date a 17 year old ?", []], [262559, 3, "Against the laws of the un averse", []], [1529923, 2, "yes as long as there is true love , age does not matter", ["😌"]], [560215, 1, "can not date no matter whatbecause i do not want to so just do no such thing / things", []]], "speakers": {"Anonymous": 0, "𝐶𝑒𝑙𝑒𝑠𝑡𝑖𝑎𝑙": 1, "miss kitty": 2, "‎": 3}}, {"id": 17831235, "category": {"id": 47, "name": "Health"}, "emotion": "Inspired", "turns_number": 3, "dialogues": [[1537075, 0, "This is amazing , really well said", []], [1534566, 2, "everybody on here needs to see this", []], [1429927, 1, "I do not know who I am .", []]], "speakers": {"middle of nowhere**": 0, "ĞĻÅ§§": 1, "Adinx": 2}}, {"id": 17831207, "category": {"id": 7, "name": "Relationships"}, "emotion": "Nervous", "turns_number": 3, "dialogues": [[1458438, 0, "I feel like my boyfriend is cheating and I do not want to talk to him about it cause he might get mad", []], [1169716, 2, "Why do you think he is cheating", []], [1538335, 1, "grab some evidence first so that when he gets mad , you have all the receipts and if he still mad , then dump him . you deserve better", ["😘"]]], "speakers": {"Emmy": 0, "🌔DiamondRock☪️": 1, "elfie roble": 2}}, {"id": 17831192, "category": {"id": 11, "name": "Hopes"}, "emotion": "Hopeful", "turns_number": 3, "dialogues": [[1535219, 0, "There is hope in the illuminati Into", []], [660129, 2, "Are you sure about that ?", []], [919810, 1, "hope is just a dream - like state and I m awake .", []]], "speakers": {"Illuminate666": 0, "Z": 1, "Moonlight": 2}}, {"id": 17831187, "category": {"id": 10, "name": "Friends"}, "emotion": "Hopeful", "turns_number": 6, "dialogues": [[1537612, 0, "Hey . ! In case anyone wants to be friends with me , want to know about me & my see you literature , want to tell about you , want to share your feelings , want to know my feelings , want a really good friend , you can knock me without any hesitation . I really want to make foreigner friends.but if you are looking for dates . Do not KNOCK ME . !", []], [1532077, 5, "hi we can be funds", []], [1323694, 4, "hey sure I would love to", []], [1535626, 3, "Yes of course we can be friend :)", []], [1537883, 2, "i do not have friends.hope we could be good friends", []], [1529197, 1, "i do not have friends too", []]], "speakers": {"Sadia": 0, "User Suspended": 1, "parth": 2, "Lukasz": 3, "Joshua Talfrin": 4, "Jety Official": 5}}, {"id": 17831186, "category": {"id": 7, "name": "Relationships"}, "emotion": "Confused", "turns_number": 3, "dialogues": [[0, 0, "Is it normal if your boyfriend / girlfriend gets mad at you because you do not eat regulareally or skinny and wants you to eat more also treats with blocking you can someone please explain to me if this normal behavior", ["🥴", "😔"]], [541914, 2, "i get him wanting you to be healthy , but the second part is manipulate have as", []], [1534534, 1, "No that is not a normal behavior . Normal behavior is to accept you as you are and try to help you whenever you need", []]], "speakers": {"Anonymous": 0, "Layla X Akechi ship": 1, "Yosra": 2}}, {"id": 17831178, "category": {"id": 10, "name": "Friends"}, "emotion": "Nervous", "turns_number": 3, "dialogues": [[1049800, 0, "i wrote a paragraph to send to each of my friends to basically end our friendship but its for their sake not mine . i just do not want to hurt them .", []], [1178396, 2, "i did that last year", ["🌸"]], [1523612, 1, "If they have been good to you do not do that", []]], "speakers": {"kaylia": 0, "Sleepy Shawty💤": 1, "Em": 2}}, {"id": 17831166, "category": {"id": 7, "name": "Relationships"}, "emotion": "Shocked", "turns_number": 5, "dialogues": [[1533229, 0, "It is mostly girls who break heart not guns", []], [721960, 4, "let us say it depends on the person , rather than blaming the entire gender", []], [541914, 3, "do we have data to back that up ?", []], [1478373, 2, "both of the gender have something toxic and good side it does not depend on which gender", []], [1104844, 1, "You do not know half of what you are talking about and its just stupid .and girls are so susceptible to hurt and stuff like that but they still try to open up.but you certainly do not understand or i have a care in the world about that . And well you deserve to be alone in that case .", []]], "speakers": {"Your Dad is proud of you ♥": 0, "Feles": 1, "Layla X Akechi ship": 2, "# 𝐌𝐫𝐍𝐨𝐭𝐒𝐨𝐏𝐞𝐫𝐟𝐞𝐜𝐭": 3, "Ann Brittany": 4}}, {"id": 17831158, "category": {"id": 7, "name": "Relationships"}, "emotion": "Sad", "turns_number": 4, "dialogues": [[0, 0, "I am on the verge of dumping my girlfriend . She says stuff like  I love you with all my heart . I truly do . You mean everything to me and I ca not wait to marry you  yet . I ca not believe her or trust her.there is something in my mind driving me to think that everyone rates me .", []], [1528255, 3, "Break up with her.dont do it harshly then.so both of you can be happy brow.she should not have a boyfriend.that doubts her love", []], [1239683, 2, "talk to YOUR girlfriend ABOUT IT", []], [684673, 1, "that is a problem you should fix , but not by breaking up .", []]], "speakers": {"Anonymous": 0, "𝑪𝒍𝒆𝒎𝒆𝒏𝒕𝒊𝒏𝒆": 1, "Gg": 2, "Kama2": 3}}, {"id": 17831154, "category": {"id": 58, "name": "LGBT"}, "emotion": "Down", "turns_number": 3, "dialogues": [[1231925, 0, "what is my sexual orientation", []], [1537813, 2, "It does matter as long as you know that they are the right person for you :)", []], [1469576, 1, "it is not necessary to identify your sexuality with a label , what is important is that you feel comfortable with yourself howe have i do understand the fact that you way want to figure out what your orientation is so , if you want to , you can message and we can try to understand that together . If you do not it is totally fine , do not stress too much over this you are valid and you will always be regardless of the label you want to identify with", []]], "speakers": {"idk": 0, "Megh": 1, "Elise": 2}}, {"id": 17831127, "category": {"id": 10, "name": "Friends"}, "emotion": "Happy", "turns_number": 4, "dialogues": [[1096853, 0, "Watching stand comedy on couture is the best way to cheer myself up", []], [1537472, 3, "bill burr man . He always cheer me up", []], [1537662, 2, "Abhishek upmanyu he is so funny", []], [1402021, 1, "dry bar comedy is clean", []]], "speakers": {"Vibhay": 0, "phil": 1, "positiveDarkness": 2, "kevindc18181818": 3}}, {"id": 17831124, "category": {"id": 74, "name": "Depression"}, "emotion": "Supported", "turns_number": 3, "dialogues": [[1530411, 0, "TO : COULD & Family member death . The past two nights I have been feeling numb . Everything is been hitting me at once and I just do not know what to do . I have a horrible relationship with my dad , so it was a blessing to get to know my father in law . Could took him almost a year ago . I wish he was still around .", []], [665054, 2, "I m sorry for your loss , may be rest in peace", []], [1538334, 1, "I am so sorry . You must feel awful . But it will get better again , I promise .", []]], "speakers": {"WoundedHealer": 0, "Iwon'tHURTchew": 1, "Leonie": 2}}, {"id": 17831119, "category": {"id": 10, "name": "Friends"}, "emotion": "Lonely", "turns_number": 6, "dialogues": [[1334040, 0, "I just want a best friend I can talk to daytime :(", []], [1251334, 5, "I can be your friend", []], [1524613, 4, "I ll also be your friend if you like ^", []], [1537234, 3, "We can be friends . ( Virtual huge )", []], [1533237, 2, "sure we can be bestfriends", []], [1409872, 1, "No I want a friend I can be completely chronic with and do not mind my toilet humor", []]], "speakers": {"Nikki": 0, "Elisa": 1, "Sleepy_Skittle": 2, "Anonymous": 3, "†rêvðr": 4, "Shay": 5}}, {"id": 17831096, "category": {"id": 51, "name": "Helpful Tips"}, "emotion": "Meh", "turns_number": 4, "dialogues": [[641758, 0, "I m not on a mental health pp to entertain bored ho*y lovers that have the social skill of a fewer rat .", []], [1438136, 3, "[ megaphone ] say it louder for the people on the back", []], [1528358, 2, "Social skill of a fewer rat well said", ["😂", "👍"]], [1507139, 1, "Splinter ? The fewer rat from TENT ?", []]], "speakers": {"Honey": 0, "moon&sun": 1, "Ragnar29 🦅 🗡": 2, "Newbie": 3}}, {"id": 17831069, "category": {"id": 63, "name": "My Story"}, "emotion": "Nothing", "turns_number": 4, "dialogues": [[1444195, 0, "you are stupidyou are stupid", []], [1528252, 3, "No m not like you", []], [1316849, 2, "in i am just bidding . do not think that way . you are not dumb .", ["😂", "🥺"]], [834401, 1, "i knew but thanks for confirming it", []]], "speakers": {"Veronika": 0, "Himanshu": 1, "Mad👑": 2, "my bad": 3}}, {"id": 17831053, "category": {"id": 7, "name": "Relationships"}, "emotion": "Heartbroken", "turns_number": 4, "dialogues": [[705106, 0, "It is been to days after my breakup . I really want to text him and get him back but he rates me and wants nun to do with me or at least he said that . What should I do ?", []], [1532976, 3, "It is been 7 days after my breakup . We agreed to be friends but she blocked one day later . I m trying to let it go trying to learn a new language and making some new friends . You can meet wonderful people in this pp", []], [1291270, 2, "you only want him because he does not want you.move on . easier said than done !", []], [1373679, 1, "move on with your life .", []]], "speakers": {"Tet": 0, "José Manuel Niño": 1, "weakened moonlight": 2, "Ghost": 3}}, {"id": 17831052, "category": {"id": 47, "name": "Health"}, "emotion": "Depressed", "turns_number": 3, "dialogues": [[1312255, 0, "hating myself for being gay and now feeling low - family does not support and over thinking is just killing me", []], [1445086, 2, "Fuck anyone who does not accept you for who you really are . try to make friends and surround yourself with people that will like you for who you are", []], [1488532, 1, "I m so sorry you have to go through so much ! but be assured that there are people who will support you and be there for you no matter what . I m from India too , and there sure are great support have people across the country . I do not know about your surroundings the . I hope you find great people ! for your family , I hope they eventually do understand that all that matters is your happiness . take care", []]], "speakers": {"Akash Sharma": 0, "ItsYaBoiDespair": 1, ":-\\": 2}}, {"id": 17831050, "category": {"id": 63, "name": "My Story"}, "emotion": "Confused", "turns_number": 5, "dialogues": [[1417179, 0, "I just pay for strolling Netflix", ["😑"]], [1532077, 3, "can i get your password so that i can watch something as you are strolling", []], [834401, 2, "oh no , another victim of choice paralysis", []], [1507139, 1, "Netflix is ok , but HO is better ( for me ) .", []], [1507139, 1, "Hey Angela . i have After Life a shot .", []]], "speakers": {"Angela Lee": 0, "User Suspended": 1, "my bad": 2, "Newbie": 3}}, {"id": 17831037, "category": {"id": 15, "name": "Family"}, "emotion": "Moody", "turns_number": 5, "dialogues": [[0, 0, "How do you deal with parent who belittles your career ?", []], [541131, 4, "let me know when you find and to this one", []], [665232, 3, "prove them wrong then leave , chances are they are not supporting you , they do not pay those bills so they can shove it", []], [1326028, 2, "Instead of you think and passed off with their telling you can not , you should do your job and at one time they will realize it and so proud of u", []], [1524188, 1, "Remember that all toil and all achievement spring from one person is envy of another . This is meaningless , a chasing after the wind .", []]], "speakers": {"Anonymous": 0, "Ice Demon⚡": 1, "🦋🦋🦋 𝓑𝓾𝓽𝓽𝓮𝓻𝓯𝓵𝔂 🌸": 2, "Domitia": 3, "𝚊𝚗𝚍𝚛𝚘 💩🧸": 4}}, {"id": 17831029, "category": {"id": 7, "name": "Relationships"}, "emotion": "Caring", "turns_number": 3, "dialogues": [[932601, 0, "I m obsessed with you", []], [1460375, 2, "am addicted toyouryour", []], [280898, 1, "I am addicted to you", []]], "speakers": {"Angie": 0, "अजीब आत्मा": 1, "BIG BULLY BEE 🐸": 2}}, {"id": 17831025, "category": {"id": 11, "name": "Hopes"}, "emotion": "Sad", "turns_number": 3, "dialogues": [[1354181, 0, "A lot of unnecessary troubles here will cease to exist if it was understood that having different sane opinions on a matter is fine as long as one is not forcing those on others", []], [770734, 2, "it would be all ok if we just do not judge people from comments . .to make an opinion about someone from a single comment is so foolish", []], [1402669, 1, "I wanted to make a post about tribalism here . As you know my first and only social media experience is talklife . So the way different people behave and form coalition and alliances that form , break , are - form is fascinating to me . I do not quite get all this passionate involvement in an online life . But it is interesting for now .", []]], "speakers": {"Zenith": 0, "Maxiii": 1, "Liri": 2}}, {"id": 17831003, "category": {"id": 10, "name": "Friends"}, "emotion": "Nothing", "turns_number": 3, "dialogues": [[438631, 0, "why do a lot of guns cap on their own friends as a joke ? is that not just mean to constantly do that ?", []], [492263, 2, "I think it is because they know it is a joke and deep down they actually admire each other , it is just that they like making fun of each other for laughs . I have noticed that if you were to do the same to a girl they usually get offended ( I know because I tend to have a similar humor to that of guns my age )", []], [1537662, 1, "Because we let them to do we always need to told them their limits in friendship when they crossed the line", []]], "speakers": {"potechi": 0, "That Art Kid": 1, "positiveDarkness": 2}}, {"id": 17830987, "category": {"id": 7, "name": "Relationships"}, "emotion": "Nostalgic", "turns_number": 3, "dialogues": [[1515736, 0, "I finally told the guy I was talking to that I ca not keep talking to him . But GOD I miss him so much & need someone to talk to so bad . I just want him to hold me & tell me everything is going to be ok", []], [993360, 2, "that is what misses done to me today !", []], [1291270, 1, "remember the reason why you had to leave and do not make excuses for why you you had", []]], "speakers": {"noname420": 0, "Aussie": 1, "weakened moonlight": 2}}, {"id": 17830963, "category": {"id": 10, "name": "Friends"}, "emotion": "Happy", "turns_number": 6, "dialogues": [[1252288, 0, "when I m 18 I ll be FREE", []], [1460375, 5, "you are free now , you fool bird.you are going to be caged , when you ll be aged .", []], [1525690, 4, "I m not free because become an adult is very not east deal the real world", []], [834401, 3, "the ones who are free , are the ones who get easily lost", []], [1359773, 2, "do you want to join our group", []], [1301452, 1, "Wish you luck because I am not getting any of that", []]], "speakers": {"Kixmbxrly": 0, "अजीब आत्मा": 1, "live well": 2, "my bad": 3, "JJ. JOKER": 4, "LooktoeyesWabbit": 5}}, {"id": 17830955, "category": {"id": 7, "name": "Relationships"}, "emotion": "Optimistic", "turns_number": 4, "dialogues": [[1370163, 0, "Life is not qualified by client English , branded clothes or a rich lifestyle . It is measured by the number of faces who smile when they hear your name .", ["✨"]], [1538174, 3, "I fear the things around me will start to fly if I say your name", []], [1533626, 2, "Can I be different and say that a better life is measured by its richness in experiences , and judging by your pictures you already have a lot of experiences .", []], [1152131, 1, "This is so pure ", ["❤"]]], "speakers": {"Wingardium Leviosa": 0, "Boy Who Survived": 1, "ABCD": 2, "as_adrija✨": 3}}, {"id": 17830954, "category": {"id": 20, "name": "Others"}, "emotion": "Tired", "turns_number": 4, "dialogues": [[1243841, 0, "Just because you love me does not mean i feel loved byyouryour", ["😐"]], [1524188, 3, "ask them what do you love about me", []], [1537639, 2, "wait who.how are things going to progress then", []], [1156017, 1, "and then there will be this same situation and you will be the subject .", []]], "speakers": {"Meuza 🍁": 0, "𝚊𝚗𝚍𝚛𝚘 💩🧸": 1, "NotUrSaviour": 2, "jin'n": 3}}, {"id": 17830953, "category": {"id": 10, "name": "Friends"}, "emotion": "Numb", "turns_number": 3, "dialogues": [[1537045, 0, "At least books are there for me . Who needs friends .", []], [1538322, 2, "I do not think I have any real friends anymore , no one to genuinely connect with", []], [1537999, 1, "hey i love to read too ! maybe we can share recommendations ^", []]], "speakers": {"CJ": 0, "Yikes": 1, "Newbie": 2}}, {"id": 17830939, "category": {"id": 7, "name": "Relationships"}, "emotion": "Hopeful", "turns_number": 5, "dialogues": [[1538320, 0, "if someone say they love and then leave you.you try to move on but heard from Mutual friends that they say that he says he do not like you ! . then what was all it before?.and what is now ! ?", []], [1533544, 4, "was than ho i kalaw such", []], [1528252, 3, "see specially in india those boys called f.boys who just use girls for there pleasure", []], [568664, 2, "hey would you like to talk about it", []], [328815, 1, "do you need to talk ?", []]], "speakers": {"Suhani Mahajan": 0, "abhi": 1, "Himanshu": 2, "animalpuppy83": 3, "scorpion 🦂♏❤️": 4}}, {"id": 17830915, "category": {"id": 20, "name": "Others"}, "emotion": "Supported", "turns_number": 4, "dialogues": [[993454, 0, "Looks does not matters is the biggest lies", []], [526472, 3, "Yeah , looks actually matter because you obviously want to be attracted to your potential partner but going only for looks in a relationship is not good . You should not like make looks everything a know and it is sad because a lot of people do that .", []], [1104844, 2, "No looks does not matter to me as long as you are not too weird looking", []], [1519236, 1, "and that is why I m still single and will die alone . I m to ugly , so ugly I m invisible to women .", []]], "speakers": {"Deep": 0, "Eccedentesiast": 1, "Ann Brittany": 2, "just wait and see": 3}}, {"id": 17830877, "category": {"id": 7, "name": "Relationships"}, "emotion": "Supportive", "turns_number": 4, "dialogues": [[1199697, 0, "just after knowing i am indian . someone stopped testing me . what is wrong here .", []], [1522691, 3, "they are seen as prevents and creep only cut of some Indians like that here", []], [1507139, 2, "White guns get it too laugh out loud", []], [1264315, 1, "so sorry to hear , but i think you guns have bad reputation . not all indians are bad , but on my experience they are prevents and creep like the first person say . i had bad experiences with some Indian guns sadly", []]], "speakers": {"Lucifer Morningstar": 0, "halfblood💀🔪": 1, "Newbie": 2, "Nam": 3}}, {"id": 17830846, "category": {"id": 62, "name": "Mental Health"}, "emotion": "Stressed", "turns_number": 3, "dialogues": [[1471683, 0, "Waiting for the doctor to be signed in .", []], [1537662, 2, "Why ? everything going to be alright", []], [1507139, 1, "Do you dress like that in public ?", []]], "speakers": {"❄ Cold flame ❄": 0, "positiveDarkness": 1, "Newbie": 2}}, {"id": 17830832, "category": {"id": 63, "name": "My Story"}, "emotion": "Nothing", "turns_number": 3, "dialogues": [[1167278, 0, "End of the day , I m just old and useless .", []], [1009381, 2, "you might be old you are still beautiful nonetheless .", []], [834401, 1, "and not dead yet .", []]], "speakers": {"Dwight K. Schrute": 0, ".": 1, "my bad": 2}}, {"id": 17830813, "category": {"id": 20, "name": "Others"}, "emotion": "Relaxed", "turns_number": 4, "dialogues": [[1257431, 0, "I remember one time this guy took me to his place and we watched toy story and played with Legs the best date I ever been on", ["😂"]], [541914, 3, "legs . he sounds hot", []], [1420082, 2, "This girl tried to show me meg books I told her I deserved better", ["😤"]], [1522922, 1, "where can one find such a person ?", []]], "speakers": {"🪐Zarina🪐": 0, "Layla X Akechi ship": 1, "puppy": 2, "Rafiki": 3}}, {"id": 17830805, "category": {"id": 15, "name": "Family"}, "emotion": "Supportive", "turns_number": 3, "dialogues": [[1484972, 0, "why is it always its assumed its the women who are the GOLD daggers", []], [541914, 2, "because it is assumed men should provide", []], [1230110, 1, "It is also assumed that men are after sex all the time .", []]], "speakers": {"hanan": 0, "Layla X Akechi ship": 1, "Krox": 2}}, {"id": 17830798, "category": {"id": 7, "name": "Relationships"}, "emotion": "Insecure", "turns_number": 3, "dialogues": [[956715, 0, "If only you could be mine", ["😳"]], [935275, 2, "well I is not & I never will be .", []], [829177, 1, "hope it is not could", ["😌"]]], "speakers": {"Mean Nerd": 0, "MONSTER": 1, "❤️ GULAB JAMUN ❤️": 2}}, {"id": 17830797, "category": {"id": 11, "name": "Hopes"}, "emotion": "Hopeful", "turns_number": 3, "dialogues": [[1520351, 0, "Is online relationship is bad or good . ? What is your opinion . ?", []], [1522691, 2, "all right not it kind of hard knowing about the person when online ? I feel like a whole lot of knowing the other person is missed in online .", []], [1104844, 1, "It depends on who you are dating it can be good", []]], "speakers": {"Manav Kashyap": 0, "halfblood💀🔪": 1, "Ann Brittany": 2}}, {"id": 17830787, "category": {"id": 11, "name": "Hopes"}, "emotion": "Inspired", "turns_number": 4, "dialogues": [[0, 0, "any one on this Pp who is rich ?", []], [262559, 4, "Yeah I have got that mental wealth", []], [972837, 3, "yea , but not me", []], [1378705, 2, "I have 20 $ in my wallet am I rich ? :D", []]], "speakers": {"Anonymous": 0, "𝐶𝑒𝑙𝑒𝑠𝑡𝑖𝑎𝑙": 1, ".": 2, "White Wing": 3}}, {"id": 17830779, "category": {"id": 10, "name": "Friends"}, "emotion": "Caring", "turns_number": 3, "dialogues": [[1347050, 0, "now . this is clark fashion smith material !", []], [1096853, 2, "I saw that i guess", ["😊", "🤗"]], [1529957, 1, "It is very beautiful ,", ["😊"]]], "speakers": {"Jack Hughes": 0, "Vibhay": 1, "Billy Yamii 😊❤️❤️": 2}}, {"id": 17830754, "category": {"id": 10, "name": "Friends"}, "emotion": "Loving", "turns_number": 3, "dialogues": [[1519943, 0, "So I was at the bar and this lady like made me try her drink it was just made not drank out of and I just was like", ["👀"]], [262559, 2, "That is a cocktail for disaster", []], [1498685, 1, "I would have finished the whole thing", ["🤣"]]], "speakers": {"Kat Love": 0, "𝐶𝑒𝑙𝑒𝑠𝑡𝑖𝑎𝑙": 1, "NOSTRADAMUS💫": 2}}, {"id": 17830748, "category": {"id": 72, "name": "Anxiety"}, "emotion": "Overwhelmed", "turns_number": 3, "dialogues": [[1419956, 0, "how do people not overthink about the worst case scenario is . I wish I was like that", []], [646850, 2, "Think it is just not giving a fuck anymore th", []], [1538000, 1, "Being a pessimist really is distressful", []]], "speakers": {"threat level midnight": 0, "welp, shiitake!": 1, "Kiki": 2}}, {"id": 17830718, "category": {"id": 7, "name": "Relationships"}, "emotion": "Inspired", "turns_number": 3, "dialogues": [[0, 0, "Guns just bitch when the girl chooses an alpha over them . They are not bad boys , they are boys with self confidence and charisma which you cleareally do not have . Just be confident with who you are and see the difference .", []], [372464, 2, "confidence is not always easy to have when all you know is rejection", []], [770734, 1, "and then these girls want how they got created by the alpha one and how they hate making that choice", []]], "speakers": {"Anonymous": 0, "BigBear11815": 1, "Maxiii": 2}}, {"id": 17830715, "category": {"id": 20, "name": "Others"}, "emotion": "Tired", "turns_number": 6, "dialogues": [[0, 0, "how to stop mstrbtg ? i am so digested with myself", []], [661347, 5, "It is ok to masturbate , just do not over it", []], [1415418, 4, "Maybe just try not doing it for one day , then two , then a bit more . Set small and realistic goals . You wo not be disappointed that way :)", []], [875827, 3, "there is nothing wrong with it . it is actually healthy as long as you are not like addicted", []], [1516270, 2, "I mstrbtg to and feels good", []], [1536959, 1, "if you find tell me too", []]], "speakers": {"Anonymous": 0, "Anne": 1, "What am I doing": 2, "Elaina Smith": 3, "Talaya Suttles": 4, "User Banned": 5}}, {"id": 17830711, "category": {"id": 58, "name": "LGBT"}, "emotion": "Caring", "turns_number": 3, "dialogues": [[1516270, 0, "I love girls am so in to girls wish I had a girlfriend", []], [262559, 2, "Sorry they all like me", []], [875827, 1, "me too laugh out loud . girls are just hot period .", []]], "speakers": {"Talaya Suttles": 0, "𝐶𝑒𝑙𝑒𝑠𝑡𝑖𝑎𝑙": 1, "Elaina Smith": 2}}, {"id": 17830710, "category": {"id": 62, "name": "Mental Health"}, "emotion": "Depressed", "turns_number": 3, "dialogues": [[1154382, 0, "We do not choose to be born , then why should we force ourselves to li have ?", []], [886279, 2, "Because people who care about us force us to keep going", []], [1508728, 1, "you choose to li have everyday ; you can choose to do otherwise too", []]], "speakers": {"Hyde r": 0, "Snow Wolf": 1, "Shenn☻☯☹": 2}}, {"id": 17830709, "category": {"id": 62, "name": "Mental Health"}, "emotion": "Depressed", "turns_number": 3, "dialogues": [[1275456, 0, "I am having a tough time . why do I even try any more", []], [1440209, 2, "You try because you never know when your going to get what you want .", ["😉"]], [1538308, 1, "You try because you are important and you deserve the best of the best", []]], "speakers": {"jakdabongripper": 0, "User Banned": 1, "I’m trying...": 2}}, {"id": 17830673, "category": {"id": 12, "name": "Self Harm"}, "emotion": "Afraid", "turns_number": 4, "dialogues": [[1031155, 0, "I am scared that everyone can see me the way I see myself . i am scared that i am hurting them and that is why they hurt me . i am scared that i am becoming the burden they already think I am . i am scared that i am on na disappear and that is why I feel invisible . i am scared that the scars an my wrist are my only proof of existence .", []], [1538259, 3, "You are not a burden . Please do not feel guilty about what people think about you and about that you bother people . You deserve love and respect , and I really hope you can receive have them . Your existence is important .", ["❤"]], [1400424, 2, "I told you to not harm herself anyone welcomes if you did it in past it is fine but not in future", []], [1424910, 1, "That is hopeful ! If you can admit your fears then you have the ability to overcome them . it is the fear people do not look at that they do not heal .", []]], "speakers": {"✨🌈DeadRainbows🌈✨": 0, "Tainá": 1, "unrealistic ❤️😘": 2, "ToHelpUFeelBetter": 3}}, {"id": 17830672, "category": {"id": 20, "name": "Others"}, "emotion": "Disgust", "turns_number": 4, "dialogues": [[0, 0, "For those who are 20 and up : do not be a creep with minor on this pp . Interact with people your age .", []], [416142, 3, "Him . I def see your POT . Still I think of a young adult / been needs help emotional anyone should be able to help . Including other kiss their age and more experienced people who can relate be a position have help", []], [1067912, 2, "i agree with you 100 %", []], [1498685, 1, "Also tell that to the minor who come looking for sugar daddy and mummy , do not ever judge based on 1 side of the story!Not all people are the same !", []]], "speakers": {"Anonymous": 0, "Fwardi 🌙": 1, "Dáin ||🇺🇸": 2, "NOSTRADAMUS💫": 3}}, {"id": 17830664, "category": {"id": 10, "name": "Friends"}, "emotion": "Supported", "turns_number": 3, "dialogues": [[1224450, 0, "i find most people to be two - faced really nice and also very mean . this makes me feel sad and I choose to li have as much as I can away from people . I still take care of my responsibilities and raise my kiss , work and volunteer but at the end of the day I m happy to be sleeping alone .", []], [372464, 2, "all that matters is that your happy living your life the way you see fit", []], [1258757, 1, "everyone is like that . everyone can be good or bad .", []]], "speakers": {"Newbie": 0, "BigBear11815": 1, "♡Little.Miss♡": 2}}, {"id": 17830659, "category": {"id": 67, "name": "Self-Care"}, "emotion": "Calm", "turns_number": 6, "dialogues": [[1194921, 0, "my evening skin care routine is falling face first into my pillow after to bottles of wine", []], [349954, 0, "When you do skin care , but your skin does not care", ["😒"]], [1463252, 4, "that is not good for wrinkles", []], [1307324, 3, "your self - care seems to be working", []], [1020770, 2, "I would have done bourbon or whiskey", []], [1404031, 1, "I love to bottles of wine", []]], "speakers": {"User Banned": 0, "Val": 1, "hera 🦢": 2, "Megan": 3, "Karolina": 4}}, {"id": 17830651, "category": {"id": 63, "name": "My Story"}, "emotion": "Amused", "turns_number": 3, "dialogues": [[777999, 0, "Laughing my arms off I was just about to go to sleep when I just sat up to fix my blanket Laughing my arms off I do not know about you but this is the first time this happened to me I go to touch my white blanket And it grows to my touchkeep in mind i am like half asleep I do not really think much of it until I blink a couple more times and again There i see it A glow - I thought I had superpowers for a minute there", ["😂"]], [262559, 2, "I guess you can call it a glow up", []], [859993, 1, "you are a wizard harry", []]], "speakers": {"✨": 0, "𝐶𝑒𝑙𝑒𝑠𝑡𝑖𝑎𝑙": 1, "Zak": 2}}, {"id": 17830643, "category": {"id": 10, "name": "Friends"}, "emotion": "Anxious", "turns_number": 4, "dialogues": [[1505403, 0, "Today has not been a good day for me mentally . But I pushed through .", []], [1336239, 2, "And it is a thumbs up from me", ["👍", "🏼", "🙂"]], [1537090, 1, "everything going to be ok , just do what you want to do", ["🥰"]], [1537090, 1, "but do not push your self hard", []]], "speakers": {"$𝔦𝔫𝔣𝔲𝔨 V𝔦𝔟𝔢𝔰 🖤": 0, "Me vs Inner Me": 1, "peypeyland.": 2}}, {"id": 17830640, "category": {"id": 47, "name": "Health"}, "emotion": "Confused", "turns_number": 3, "dialogues": [[1385885, 0, "1:30am here , and about to eat .", []], [416142, 2, "Nice . A mi do not knight snack or mi do not knight munching ?", ["🤨"]], [1519236, 1, "cool , thanks for sharing", []]], "speakers": {"Siren": 0, "Fwardi 🌙": 1, "just wait and see": 2}}, {"id": 17830633, "category": {"id": 67, "name": "Self-Care"}, "emotion": "Meh", "turns_number": 9, "dialogues": [[508050, 0, "I just need biriyani in", []], [1400424, 8, "order online or make one for herself", []], [634458, 7, "I just had this bryan thought in my mind and I opened TO and boom ! another bryan lover craving for one . send me some too", ["😆", "😋"]], [1332065, 6, "me too I need chicken", ["🥺"]], [1305340, 5, "Try Kolkata Bryan , it has potatoes in it", ["😌"]], [1392069, 4, "Avoid eating anything from outside !", []], [1538174, 3, "What is that ? I ll ask Goose in", []], [1373085, 2, "sometimes all we need is bryan", []], [770734, 1, "if there is vegetarian one then surely yes", ["😂"]]], "speakers": {"hello! it's a potato": 0, "unrealistic ❤️😘": 1, ".": 2, "hope♋": 3, "ᏕᏂᏗᏂᏒᏬᏦᏂ": 4, "Pizza & Beer 🍕🍻": 5, "Boy Who Survived": 6, "Hedwig🌺": 7, "Maxiii": 8}}, {"id": 17830630, "category": {"id": 74, "name": "Depression"}, "emotion": "Supported", "turns_number": 7, "dialogues": [[1451194, 0, "does anyone else obsessed have check their ex is social media ? it is such a bad habit because i look for things and when i inevitably find them it just makes me feel worse :(", []], [1009381, 6, "its a trap do not do it", []], [416142, 5, "Eh it is a phase everyone goes through at some point", []], [1400424, 4, "I used to she blocked me", []], [859993, 3, "I would have constantly stalked them if I had not blocked them", []], [1368884, 2, "yeah that is always a recipe for disaster", []], [1420082, 1, "You need to show yourself some respect and move on . You are looking for things to keep you in this space that even though it makes you feel worse is somewhat comforting . do not do this to yourself .", []]], "speakers": {"m": 0, ".": 1, "Fwardi 🌙": 2, "unrealistic ❤️😘": 3, "Zak": 4, "Dawson": 5, "puppy": 6}}, {"id": 17830627, "category": {"id": 53, "name": "Education"}, "emotion": "Hopeful", "turns_number": 3, "dialogues": [[768900, 0, "Any Next 2023 aspirants here?#goaltobeadoctor", []], [906745, 2, "do not know about next but a SEE aspirin is here", []], [1359773, 1, "but I am a NEXT 2022 aspirin", []]], "speakers": {"varthika♥️": 0, "🌠°`UrDreamyFriend`°🌠": 1, "JJ. JOKER": 2}}, {"id": 17830610, "category": {"id": 62, "name": "Mental Health"}, "emotion": "Nothing", "turns_number": 3, "dialogues": [[0, 0, "is not it normal to feel empty ?", []], [1453740, 2, "I am kind of feeling same and i think its not normal", []], [1508728, 1, "I know it is not but I share this feeling ; I have been numb to everything lately .", []]], "speakers": {"Anonymous": 0, "NotRequired": 1, "Shenn☻☯☹": 2}}, {"id": 17830581, "category": {"id": 7, "name": "Relationships"}, "emotion": "Amused", "turns_number": 3, "dialogues": [[1417179, 0, "it is so unfortunate that people who are not as article you literate come off as intelligent . i try to be cognizant of that bias all the time . just because people have not learned as many words does not mean their thoughts are not as valid .", []], [1528981, 2, "I find diffuse you later to express and convey what is in my mind while I talking to someone . but you ask to write it n convey the message it will be bang on !", []], [1507139, 1, "Can you be more specific about what your talking about ?", []]], "speakers": {"Angela Lee": 0, "wannabe musician": 1, "Newbie": 2}}, {"id": 17830574, "category": {"id": 12, "name": "Self Harm"}, "emotion": "Meh", "turns_number": 4, "dialogues": [[655518, 0, "i have been 1 year without self harming", []], [487822, 3, "awesome job ! one day at a time ! huge .", []], [1538259, 2, "That is amazing ! I m really proud ofyouryour", ["😊"]], [1537573, 1, "That is great , I m so proud :D", []]], "speakers": {"fredo": 0, "midnight51": 1, "Tainá": 2, "Laís!!!": 3}}, {"id": 17830573, "category": {"id": 62, "name": "Mental Health"}, "emotion": "Sick", "turns_number": 5, "dialogues": [[1498685, 0, "Panic attacks and anxiety , are they the same ?", []], [416142, 4, "I think when anxiety just ca not take it anymore it leads to a panic attack . Severe anxiety at that point right ? I think they would classify together", []], [675280, 3, "one gets panic attacks if they are suffering from anxiety", []], [1510690, 2, "Goose it . I was going crazy about it a week ago cause i was having panic attacks so i growled it . My anxiety got really bad and i ended up having a full blown panic attack in the mushroom where i was struggling to even take breathes and it felt like my head was going to explode . Still waiting on a doctor to confirm this but still", []], [487822, 1, "anxiety is like a dull roar that is consistent and lasts over a period of time . a panic attack is more like a tornado sire that comes out of nowhere .", []]], "speakers": {"DEADMAN WALKING💀": 0, "Fwardi 🌙": 1, "Arcane🦋": 2, "Sara": 3, "midnight51": 4}}, {"id": 17830563, "category": {"id": 74, "name": "Depression"}, "emotion": "Sad", "turns_number": 4, "dialogues": [[1508593, 0, "I am honestly the person that comes off as I do not care but i am actually really sensitive have and just care about everyone else over my self . I bottle up everything inside . I let people treat me bad when I have done nothing . All for nothing", []], [1537530, 3, "same as I do.well you see.i loved them . I gave them happiness.and all . I rubbed their tears and gave them smile . All what they gave mein return was to leave me alone in a whirlpool of my own tears where I keep drowning . Nd I find no hand to pick me up . I made them smile even the ones who make me see see", []], [1537639, 2, "many on this pp are just like a.cause you and em bottle up everything , get depressed over time and end up here .", []], [1538259, 1, "You deserve to be loved and respected . All these people who treated you bad have to be ashamed of themselves and they owe you an apology . I hope you can feel better soon and receive have is much love .", ["❤"]]], "speakers": {"Lola": 0, "John": 1, "NotUrSaviour": 2, "Tainá": 3}}, {"id": 17830549, "category": {"id": 20, "name": "Others"}, "emotion": "Nothing", "turns_number": 3, "dialogues": [[1331025, 0, "I really do not think I m allowed to trust anyone at this point . I m not willing to put myself in a position where I assume someone is intentions are good , only to be disappointed . Misdirected my trust outwards instead of in . I do not know why I thought I needed anyone else to see me through to a natural end . If I can do it myself for myself , that is my only option now .", []], [262559, 2, "I do not trust anybody not even myself", []], [1400480, 1, "We are all seeking that human connection . Just me : It is a painful day when you stop trying to make those bonds . I would know . Do as you must Name , i would be a hypocrite if I disagreed with the heart of your post . I am sorry .", []]], "speakers": {"✘은미✘": 0, "𝐶𝑒𝑙𝑒𝑠𝑡𝑖𝑎𝑙": 1, "Proteus": 2}}, {"id": 17830548, "category": {"id": 12, "name": "Self Harm"}, "emotion": "Depressed", "turns_number": 4, "dialogues": [[1536366, 0, "Fuck , is life even worth living anymore .", []], [498110, 3, "I mean how long have we got 70 or 80 yes of life span . Worth it or not , we are ali have so just grind it and die naturally remembering the old days .", []], [1538298, 2, "I ask myself this very question everyday and my brain tells me its not .", []], [1537573, 1, "I assure you that it is", []]], "speakers": {"Taiga": 0, "cavalr3": 1, "Sidharth": 2, "Laís!!!": 3}}, {"id": 17830535, "category": {"id": 74, "name": "Depression"}, "emotion": "Depressed", "turns_number": 4, "dialogues": [[1537864, 0, "I do not want to die , I just want to disappear", []], [1379158, 3, "do if you need to talk", []], [728874, 2, "I m so sorry that you are going through this but you have to know that you can overcome it.u deserve so much better . ALWAYS know that you matter .", []], [1393030, 1, "If you are serious about it , you can hit me up if you want to talk about it .", []]], "speakers": {"Nika": 0, "Dallas": 1, "🇺🇸RobbyRockRobster🎸": 2, "Varun": 3}}, {"id": 17830532, "category": {"id": 7, "name": "Relationships"}, "emotion": "Worried", "turns_number": 4, "dialogues": [[0, 0, "my boyfriend says ill so much that it is making me suspicious . ? he seems sad sometimes when he says it and I ll ask if he is ok and he just says it is nothing . he is also being a lot more cling recently . it does not bother me but should I be worried . ?", []], [1350083, 3, "maybe he has some other crisis going on his life and you r the only constant that is true", []], [1498719, 2, "if you guns are teenager , he is probably just overflowing with mormons !", []], [1428457, 1, "i think its normal , i mean mine barely wakes up and he says ill , oris about to fall asleep and he ll still try to say it so I do not know , maybe he just got more come and he dares to say it more ? i do not think its a bad thing the", []]], "speakers": {"Anonymous": 0, "Dreamer": 1, "Dream addict": 2, "‎": 3}}, {"id": 17830524, "category": {"id": 12, "name": "Self Harm"}, "emotion": "Lonely", "turns_number": 4, "dialogues": [[1538143, 0, "My self harm society streak so far is 98 days . Tonight , I want to i have it all up . I just do not think I can handle anymore . Nobody loves me enough to want me around anyone welcomes", []], [1538293, 3, "I am going through the same stuff , no one cares about me , not 1 person checks up on me , i am here let is talk", []], [662038, 2, "no one cares about me either but we can xarefor eachother :)", []], [1424910, 1, "I care . You are worth it . Do not i have up .", []]], "speakers": {"Diamond in the Rough": 0, "Jay": 1, "Just a random Girl": 2, "ToHelpUFeelBetter": 3}}, {"id": 17830520, "category": {"id": 62, "name": "Mental Health"}, "emotion": "Exhausted", "turns_number": 3, "dialogues": [[1407244, 0, "You know , God puts us in different situations and just watches us how we react . He is just playing with us , playing with our emotions .", []], [1457907, 2, "he might be or maybe we are god with a severe identity crisis and complete cap self esteem", []], [950490, 1, "i would love to argue religion again on here but honestly , it gets so exhausting , so ill just say , i do not know everything about path , or language , or nature , or myself for that matter , and i do not know any solid honest truths about god . saying i do not know for sure , that makes you diagnostic . its not a bad thing to admit you do not know", []]], "speakers": {"Introvert Pi...": 0, "moomoo": 1, "Wonder": 2}}, {"id": 17830519, "category": {"id": 53, "name": "Education"}, "emotion": "Sad", "turns_number": 3, "dialogues": [[1415825, 0, "I have been at school for most of the year now there is only 3 months left and I have not made any friends I always just sit alone at lunch", []], [662038, 2, "that was me 14 years at school , I wish I could join you", []], [1359773, 1, "it is so sad for you i can I your pain and loneliness I m my previous school I was for 5 years and in this 5 years I do t even have a single friends . Can we be friends", []]], "speakers": {"Kylie": 0, "Just a random Girl": 1, "JJ. JOKER": 2}}, {"id": 17830514, "category": {"id": 7, "name": "Relationships"}, "emotion": "Loved", "turns_number": 3, "dialogues": [[1531445, 0, "he said he would go to jail just to make me happy.up thoughts anyone", []], [1525901, 2, "Nd you would be happy ? !", []], [950490, 1, "wait in what context ? like . that could be sweet or toxic .", []]], "speakers": {"Lee": 0, "Spellbound": 1, "Wonder": 2}}, {"id": 17830508, "category": {"id": 7, "name": "Relationships"}, "emotion": "Sad", "turns_number": 7, "dialogues": [[213875, 0, "my boyfriend has stopped trying with me . he has not told me he loves me in months , he does not show affection and he does not call me anymore . if i do not message him first , we do not talk . if i do not ask to see him we do not see each other . he does not seem happy to see me anymore and i feel like a burden when i am with him . i feel so unmoved but we were so happy just a few months ago :(", []], [1441929, 6, "put him to test in", []], [809647, 5, "I m sorry to hear that , love . I believe you can find your happiness and you know how", []], [1009381, 4, "time to get a brick", []], [1525901, 3, "Time to break up else talk to him about this . Maybe he is going through something", []], [900910, 2, "It sounds like you need to have a heart to heart with him .", []], [1200696, 1, "now you just summed up my girlfriend .", []]], "speakers": {"mia": 0, "User Banned": 1, "Nady": 2, ".": 3, "Spellbound": 4, "Little Lost Duck": 5, "luke35": 6}}, {"id": 17830503, "category": {"id": 62, "name": "Mental Health"}, "emotion": "Numb", "turns_number": 3, "dialogues": [[0, 0, "Hey so i think i might have add and i have kept it with me for a long time but i think i should get help cause things are only going to get worse for me but whatever i do i ca not talk about it with anyone especially my family so what should i do ? i am really confused and i just feel hopeless all the time", []], [1350083, 2, "is there a reason why you can not tell you are family ?", []], [1441033, 1, "I hid my struggles for a long time and it just got worse with time since I get distracted easily and hypertonus like being on something without taking it . I m also confused .", []]], "speakers": {"Anonymous": 0, "Dreamer": 1, "river song": 2}}, {"id": 17830457, "category": {"id": 5, "name": "Bullying"}, "emotion": "Overwhelmed", "turns_number": 3, "dialogues": [[862447, 0, "I am thinking of my gullies so much I ca not even sleep even if it it is 10 years later There  building still affects me today  , They think their age is an Excuse for the whole thing  ! Bull shit ! ", []], [655518, 2, "sooner or later life is going to deeply torture them . and they will suffer .", []], [1538259, 1, "Yes , that is really hard . Building really affects us in a terrible way . It is not your fault that happened with you . I hope you these people can leave you alone and that you can not suffer again about this .", ["❤"]]], "speakers": {"Ghost": 0, "fredo": 1, "Tainá": 2}}, {"id": 17830435, "category": {"id": 10, "name": "Friends"}, "emotion": "Numb", "turns_number": 4, "dialogues": [[950490, 0, "Be mean to me , feeling something would be a welcome change .", []], [691827, 3, "I love you ugly ass bitch", []], [935275, 2, "go back to the country club , a blood headed bastard.that good enough ?", []], [1457907, 1, "it hurts me to look at you", []]], "speakers": {"Wonder": 0, "Zoya": 1, "MONSTER": 2, "moomoo": 3}}, {"id": 17830427, "category": {"id": 7, "name": "Relationships"}, "emotion": "Confused", "turns_number": 3, "dialogues": [[1243841, 0, "i think she likes you and if you also like her than you should go for it .", ["🍁"]], [1532625, 2, "well I am into study phase so would like to keep distance from relationship.is there anyone welcomed in which I can not hurt her.i had 13 proposals and everytime I break their hearts by acting as someone who I am not.and after breaking their courage to ask me out I feel fully wrong .", []], [1460337, 1, "she like you ! if you do not like her just leave her , do not i have hope . it Will really hurt . but if you like , tell her", []]], "speakers": {"Meuza 🍁": 0, "Abhishek TAILOR": 1, "V Y": 2}}, {"id": 17830420, "category": {"id": 7, "name": "Relationships"}, "emotion": "Optimistic", "turns_number": 3, "dialogues": [[1535867, 0, "how do I know if the guy I m talking to online , likes me ?", ["🙂"]], [541914, 2, "ask him if he likes you . if he says no ask again . repeat until desired results are achieved", []], [1534231, 1, "You never really know , especially online", []]], "speakers": {"hahaahaha😀": 0, "Layla X Akechi ship": 1, "Fatima Kamal": 2}}, {"id": 17830419, "category": {"id": 63, "name": "My Story"}, "emotion": "Loving", "turns_number": 3, "dialogues": [[1537530, 0, "and hear my story.well you see.i loved them . I gave them happiness.and all . I rubbed their tears and gave them smile . All what they gave mein return was to leave me alone in a whirlpool of my own tears where I keep drowning . Nd I find no hand to pick me up .", []], [950490, 2, "what is a word when not i haven meaning", []], [1065319, 1, "until you have a kid an find out what unconditional love is", ["😂", "😎"]]], "speakers": {"John": 0, "Wonder": 1, "✨Christina✨": 2}}, {"id": 17830404, "category": {"id": 15, "name": "Family"}, "emotion": "Overwhelmed", "turns_number": 3, "dialogues": [[646850, 0, "My bus dad raised his voice at me today and I almost start fucking sobbing in front of everyone . I be a tough boy till someone reminds me of trauma", ["🌽"]], [1379904, 2, "he did wrong but you have got to be tough", []], [1524498, 1, "Someone getting yelled at by an elder is hard .", []]], "speakers": {"welp, shiitake!": 0, "Laraa": 1, "Maryjane 🦋": 2}}, {"id": 17830378, "category": {"id": 20, "name": "Others"}, "emotion": "Meh", "turns_number": 3, "dialogues": [[1065874, 0, "I i have so much stress to my parents I do not like this", []], [1487808, 2, "it is their fault they had a kid so pus do not hate herself", []], [1048524, 1, "yeah , I always end up hating myself for that .", []]], "speakers": {"Anamika": 0, "Claire◇": 1, "Domo Arigato": 2}}, {"id": 17830359, "category": {"id": 10, "name": "Friends"}, "emotion": "Nothing", "turns_number": 3, "dialogues": [[1524414, 0, "anyone want to be friends with me ?", ["😈"]], [1485833, 2, "sure if you like we can be friends", []], [1492260, 1, "sure if you want too", ["😉"]]], "speakers": {"Pixie 🤏": 0, "Mr. Neevan": 1, "abuzar ahmad": 2}}, {"id": 17830347, "category": {"id": 62, "name": "Mental Health"}, "emotion": "Tired", "turns_number": 3, "dialogues": [[1193104, 0, "anyone wants to vent , i also need to talk ?", []], [1232006, 2, "I am available to talk .", []], [1156596, 1, "am all here can do me if you wish", []]], "speakers": {"amelia": 0, "the creative entrepreneur": 1, "Newbie": 2}}, {"id": 17983832, "category": {"id": 20, "name": "Others"}, "emotion": "Nervous", "turns_number": 4, "dialogues": [[1342759, 0, " QUICK  : Should I get a tattoo ? I want one but i am scared but also my mon and her friend are making fun of me for being scared about it . So should I do it anyone welcomed ?", ["⚠"]], [1403569, 3, "Do it best go get a tattoo", []], [367129, 2, "same . I want one also but I m terrified of needles . but I recently went with my friend and she got one and it did not look that bad", []], [1501781, 1, "do it , if you have high pain tolerable you might end up loving how its feels of getting one the", ["😊"]]], "speakers": {"🦊❣️ Fox ❣️🦊": 0, "Cinnamon :)": 1, "ash<3": 2, "Larkspur ✨": 3}}, {"id": 17983819, "category": {"id": 7, "name": "Relationships"}, "emotion": "Caring", "turns_number": 6, "dialogues": [[1544530, 0, "Am just tired of single life just want to feel the taste of true and real relationship", ["💓", "😍", "🌹"]], [1392069, 5, "I hope you get to taste that too", []], [1370874, 4, "it is way to hard and rare these days . good luck the", []], [446095, 3, "it is not free unfortunately", []], [1146558, 2, "Why so people wants it still could not find each other . I am also one among such people but could not find answer , please help me if you know the answer", []], [699498, 1, "I understand but , trust me it is better to be single then being with wrong one", []]], "speakers": {"User Banned": 0, "Pizza & Beer 🍕🍻": 1, "‎": 2, "TboneSteak": 3, "Newbie": 4, "🤍 Faizy 🤍": 5}}, {"id": 17983816, "category": {"id": 63, "name": "My Story"}, "emotion": "Hopeful", "turns_number": 4, "dialogues": [[1489371, 0, "Do you think I will be able to do it?Speaking in front of many people tomorrow", ["😟"]], [1546453, 3, "You got this ! = _ =", []], [1229167, 2, "Just have one thing in mind that no one is going to eat you , they are all humans like you , max what would happen.it is not the end of the world .", []], [1481369, 1, "Of course you ll be speaking front of people !", ["🖤"]]], "speakers": {"Yoyo": 0, "Leslie": 1, "Aadi🍁": 2, "Sai 🖤": 3}}, {"id": 17983812, "category": {"id": 63, "name": "My Story"}, "emotion": "Surprised", "turns_number": 3, "dialogues": [[1543915, 0, "Just got selected for an internship i never thought i would , i should be happy but can not really believe something good is actually happening for someone like me !", []], [573611, 2, "Congratulations ! This is awesome news . What will you do at this internship ?", []], [1546453, 1, "Believe It and take It in ! Because you deserve to be happy", []]], "speakers": {"lil miss weirdo": 0, "Robert": 1, "Leslie": 2}}, {"id": 17983810, "category": {"id": 12, "name": "Self Harm"}, "emotion": "Overwhelmed", "turns_number": 3, "dialogues": [[476486, 0, "I relapsed this morning and I m very sorry , it was clot to deal with this morning and the thoughts came in to strong .", ["😭"]], [1546844, 2, "You are ali have honey let is first make sure we keep it that way did you get any help", []], [770243, 1, "Awe run you have nothing to be sorry for you are ali have and relapses happen it is part of recovery", []]], "speakers": {"🌈 Fighter Dove 🕊": 0, "AlexandriaTselanyane": 1, "krista2019": 2}}, {"id": 17983792, "category": {"id": 20, "name": "Others"}, "emotion": "Nothing", "turns_number": 4, "dialogues": [[1065874, 0, "can I get my mood swing back ? I do not want to be sad for so long .", []], [1271335, 3, "i have you are sadness to me and take my happiness bc . I want to sad forever", []], [1490705, 2, "I hope you can feel better soon", ["😔"]], [1048524, 1, "i hate mood swing.and mine are pretty extreme . I am angry and sad at the same time right now.it sucks", []]], "speakers": {"Anamika": 0, "BIG BROTHER": 1, "Rei": 2, "Domo Arigato": 3}}, {"id": 17983790, "category": {"id": 63, "name": "My Story"}, "emotion": "Down", "turns_number": 5, "dialogues": [[0, 0, "I want to REST my life .", []], [1545905, 4, "most of the people want to ,", []], [1481880, 3, "I only have DELETE button .", []], [684673, 2, "but what would make rest one any different from one you have throw ?", []], [1543726, 1, "< = [ choose wisely ] = > rest a start overchosen event", ["🔵", "🔴"]]], "speakers": {"Anonymous": 0, "LikeArron": 1, "A": 2, "Kama2": 3, "𝕍𝕚𝕫 😌": 4}}, {"id": 17983773, "category": {"id": 15, "name": "Family"}, "emotion": "Caring", "turns_number": 4, "dialogues": [[1543288, 0, "My Mother has died for about two months How can i take care of my brother and dad and take care of me that am studying architecture and it is my last year", []], [1078286, 2, "my dad died my last year of college too , and it was just me , my mon and sister . we were all sad but we have to take care of ourselves . your dad should be the one responsible for your brother , and you focus on just finishing school and having family time when you are free . that is all you can do", []], [1546453, 1, "You ca not care of others unless you take care of yourself first .", []], [1546453, 1, "I am sorry for your loss", []]], "speakers": {"Ahmed Hamdy Hadad": 0, "Lord Farquaad": 1, "Leslie": 2}}, {"id": 17983761, "category": {"id": 62, "name": "Mental Health"}, "emotion": "Sad", "turns_number": 3, "dialogues": [[0, 0, "I want to cry , I want to scream . I just want someone to hug me and tell me it going to be ok", ["💔"]], [1519192, 2, "things will be ok.you will be ok .", []], [1058067, 1, "Relax , Rest for a while . ,You will be Fine . All going to be Ok . ,", []]], "speakers": {"Anonymous": 0, "leo?": 1, "Maya_In†oxicated": 2}}, {"id": 17983758, "category": {"id": 74, "name": "Depression"}, "emotion": "Sad", "turns_number": 3, "dialogues": [[1545580, 0, "if i die nothing will change . i want to end this nightmare", []], [1407134, 2, "What is wrong , Mary ?", []], [1545432, 1, "but if you li have , you will be able to change everything around you . be strong you can do it", []]], "speakers": {"Elifbisha🏳️‍🌈": 0, "Conundrum": 1, "D": 2}}, {"id": 17983738, "category": {"id": 72, "name": "Anxiety"}, "emotion": "Overwhelmed", "turns_number": 3, "dialogues": [[0, 0, "girlfriend : baby i am sick.of : its ok . everyone gets sick : . :) # untoldpainful", []], [1333442, 2, "Noah what a big painful problem !", []], [1392395, 1, "you can distance from toxicity even if only emotional as of now . This is toxic behaviour .", []]], "speakers": {"Anonymous": 0, ".": 1, "notsonewbie": 2}}, {"id": 17725490, "category": {"id": 20, "name": "Others"}, "emotion": "Anxious", "turns_number": 4, "dialogues": [[1135032, 0, "i ll install talklife in the following hour , so if you want to say goodby to me you can do it now in :/", []], [834669, 3, "good - bye , make it worth", []], [1194921, 2, "Take care . you ll be missed", []], [725140, 1, "Do what is best foryouryour", []]], "speakers": {"selena": 0, "Where Horizons Meet": 1, "Satan": 2, "Cruel World": 3}}, {"id": 17725489, "category": {"id": 63, "name": "My Story"}, "emotion": "Loved", "turns_number": 5, "dialogues": [[1375420, 0, "Thank God it is 2022 now", ["🤗"]], [407098, 4, "2021 was a piece of", ["💩"]], [1172438, 3, "brow share me some of your joints I also want to be this high ", ["🤣", "🤧", "😂", "🗡"]], [541075, 2, "damn could still around . time to head home .", []], [1094946, 1, "Laugh out loud Which world do you li have in ? Do you belong to the Earth ?", ["😂", "😑"]]], "speakers": {"⛵⚜️PuℛⒺ🐝🔥": 0, "🍕 pizza ♥️": 1, "Account is under Maintenance": 2, "晶": 3, "Waffles😋": 4}}, {"id": 17725485, "category": {"id": 7, "name": "Relationships"}, "emotion": "Exhausted", "turns_number": 4, "dialogues": [[1446544, 0, "bad energy is in the air y all", []], [691555, 3, "I can feel coming in the air tonight", []], [1211878, 2, "well the song says : love is in the all right all right", []], [376676, 1, "is it like pull out a geiser counter bad ?", []]], "speakers": {"xan": 0, "dilapidatedtoothfairy": 1, "allen": 2, "Krowdust": 3}}, {"id": 17725480, "category": {"id": 15, "name": "Family"}, "emotion": "Excited", "turns_number": 3, "dialogues": [[264843, 0, "My family thought it was stupid when i bought a silk p*low case . i am over here like none of you have super really hair you would not understand the struggle . Now i am over here laughing at them while i wake up with perfect hair everyday .", []], [1172438, 2, "hey I super talented girl waiting for the sword  picture", ["🗡"]], [1450666, 1, "I almost had the same situation a while back", ["😜"]]], "speakers": {"Shining Violet": 0, "Account is under Maintenance": 1, "Moon's Dark tales": 2}}, {"id": 17725464, "category": {"id": 7, "name": "Relationships"}, "emotion": "Lonely", "turns_number": 4, "dialogues": [[1532515, 0, "Been wanting to be in a relationship but not so confident in starting one . Had so many excuses to convince myself that I m not ready for it and it makes me sad and lonely .", []], [1193383, 3, "do what your heart says", []], [1426082, 2, "Do not go for relationship first love yourself", []], [568664, 1, "hey do you want to talk about it", []]], "speakers": {"Tasha": 0, "RaNa M Zain UllAh": 1, "AIR-I'M POLLUTED": 2, "animalpuppy83": 3}}, {"id": 17725461, "category": {"id": 67, "name": "Self-Care"}, "emotion": "Confused", "turns_number": 3, "dialogues": [[0, 0, "hello ! what can i buy aside from food and grocer to treat myself", ["🤔"]], [938727, 2, "cut accessories you saved on Instagram", []], [725140, 1, "Depends on your hobby , some like videogames or tears or make or clothes , shoes , watches . You can buy yourself some time . Just relaxing , not having to do anything , in a way is treating yourself . Going out . Doing you are far thing . Spending the time like you want to .", []]], "speakers": {"Anonymous": 0, "ℛενεnαnτ": 1, "Cruel World": 2}}, {"id": 17725456, "category": {"id": 72, "name": "Anxiety"}, "emotion": "Stressed", "turns_number": 3, "dialogues": [[1531957, 0, "what do your panic attacks feel like ?", []], [1493481, 2, "Like a fly is wrapped and pressed in a syringe", []], [1505747, 1, "It feels like that big gulp you take when something went wrong , except that feeling takes over your entire body .", []]], "speakers": {"br27": 0, "🖤": 1, "Holy Cinnamon buns": 2}}, {"id": 17725413, "category": {"id": 7, "name": "Relationships"}, "emotion": "Loving", "turns_number": 3, "dialogues": [[0, 0, "where is a good place to go to flirt with random girls ?", []], [1172438, 2, "talklife is the new tinder ultra max pro super", ["😂"]], [725140, 1, "a random bar , club , beach , just go outside .", []]], "speakers": {"Anonymous": 0, "Account is under Maintenance": 1, "Cruel World": 2}}]