[{"id": 17242099, "category": {"id": 20, "name": "Others"}, "emotion": "Supportive", "turns_number": 3, "dialogues": [[1362252, 0, "* points at you * past , come here , I feel like you need this*huge *", ["🥺", "💙"]], [1209886, 2, "badly needed that thank you", []], [690654, 1, "hug * .oh by the way I have the could but I do not think I m contagious", []]], "speakers": {"Trash Panda": 0, "crybaby 🥀": 1, "MindCavity": 2}}, {"id": 17242096, "category": {"id": 63, "name": "My Story"}, "emotion": "Meh", "turns_number": 3, "dialogues": [[1215075, 0, "I can not even think of anything to post here on talk life . how am I supposed to have full on conversations with people ?", ["😂", "😅"]], [505809, 2, "get into more uncomfortable social situations is a good way", []], [1504242, 1, "Either you can chat via comment feature or send message feature .", []]], "speakers": {"Abradolph Lincler": 0, "Garrett": 1, "UD": 2}}, {"id": 17242088, "category": {"id": 51, "name": "Helpful Tips"}, "emotion": "Proud", "turns_number": 3, "dialogues": [[690654, 0, "Charlotte is Web was written about me", []], [1366941, 2, "there are worst stories . This is a good one", []], [1411026, 1, "I must ask.who are you in this story ? ( one of mine & my daughter is absolute favorites )", []]], "speakers": {"MindCavity": 0, "The Waves🌊🌊🌊": 1, "sadie": 2}}, {"id": 17242087, "category": {"id": 10, "name": "Friends"}, "emotion": "Loving", "turns_number": 3, "dialogues": [[1489222, 1, "we can not exactly tell you why as into is limited , try ask her . Did she find someone to be with ?", []], [1357044, 3, "They probably did not want to hurt you", []], [1447737, 2, "talk to her , tell her why she left you , confront her . everything will be fine .", []]], "speakers": {"ǝlᴉɯs (~.⌒.)~": 0, "Lina": 1, "_moon_child_": 2}}, {"id": 17242078, "category": {"id": 10, "name": "Friends"}, "emotion": "Sad", "turns_number": 5, "dialogues": [[1354181, 0, "I like your name by the way", []], [591469, 4, "always will miss the old days", []], [1480973, 3, "the old days when antarctica had ice", ["😎"]], [1503260, 2, "everything passes . our experiences were lessons that taught us something and then passed away . we learn all our li have and it is beautiful !", []], [1436502, 1, "World was better to weeks before", []]], "speakers": {"Zenith": 0, "User Banned": 1, "Nick": 2, "cherie": 3, "hopeful PINGU": 4}}, {"id": 17242074, "category": {"id": 20, "name": "Others"}, "emotion": "Supportive", "turns_number": 3, "dialogues": [[1178467, 0, "Periods bring out the inner bitch of girls .", ["🐩"]], [800778, 2, "bc the most prominent harmony that spikes during a woman is cycle is . you guessed it , testosterone ! so really we are just acting more like men", []], [1248990, 1, "not all girls some who have good diet , exercise , more into self - love will be able cure themselves .", []]], "speakers": {"\"Yaar\"💐": 0, "le$bean": 1, "Independent Love ❤": 2}}, {"id": 17242064, "category": {"id": 15, "name": "Family"}, "emotion": "Loving", "turns_number": 3, "dialogues": [[1289257, 0, "my brother is currently hiding from my huge", ["😂"]], [1453108, 2, "my brother rates huge as well :(", []], [690654, 1, "smart , whenever my sister wants to hug I assume she is up to something", []]], "speakers": {"🖤isabel🖤": 0, "deadpool": 1, "MindCavity": 2}}, {"id": 17242059, "category": {"id": 5, "name": "Bullying"}, "emotion": "Down", "turns_number": 3, "dialogues": [[1135032, 0, "is slapping someone butt while they bending over to look through the window is considered sexual harrasment ?", []], [1115423, 2, "If no consent then yes", []], [827000, 1, "like , it depends . First of all are you either very good i will pals who acknowledge that doing that sort of thing is ok , or just romantic partners?basically , if the person doing it and the one getting it know that it is alright , then no it is not sexual harassment .", []]], "speakers": {"selena": 0, "shadeisntreal": 1, "Cookie": 2}}, {"id": 17242055, "category": {"id": 51, "name": "Helpful Tips"}, "emotion": "Inspired", "turns_number": 3, "dialogues": [[816284, 0, "The adventure of life is to learn . The purpose of life is to grow . The nature of life is to change .", ["🙂"]], [658263, 2, "learn , grow and change for what ?", ["😁"]], [462626, 1, "I always used to think life is easier when you finish studies , but now I have realized that it was all a trailer", ["😅", "😓"]]], "speakers": {"🦋Zîňņý🦋- \"Í áïm tø mísßēhãvē \"": 0, "ɐpuᴉ⅂": 1, "Abdul 🇵🇸": 2}}, {"id": 17242044, "category": {"id": 62, "name": "Mental Health"}, "emotion": "Nothing", "turns_number": 3, "dialogues": [[647377, 0, "Guess i am back after two years . So much changed damn", []], [1494183, 2, "Have you changed , you were the first girl , now you are a boy", ["😂"]], [1151516, 1, "Yeah , this pp is getting whither day by day . It is sad you have seen how talklife changed it to the worse", []]], "speakers": {"Koalalover💛": 0, "suraj gujjar": 1, "kind bastard": 2}}, {"id": 17242043, "category": {"id": 7, "name": "Relationships"}, "emotion": "Supportive", "turns_number": 3, "dialogues": [[658263, 0, "Have you noticed .just because kiss are not getting enough love or attention from their parents .when they become adults they join talklife pp . Make sure you will delhi have the child only if the child can get both his parents love otherwise you are responsible for creating hell on earth", ["😊"]], [1269261, 2, "Its not only their fault . I was taught to conceal my feelings . It made me not want attachments at all , and the fact that finding anyone that actually cares about you is next to impossible does not help . You just grow up to be alone and not want people around because people hurtyouryour", []], [507924, 1, "I disagree with this . My mon raised me in a very loving home , at times I felt it was overall loving but nonetheless I never felt like I was not unwanted or unmoved as a child .", []]], "speakers": {"ɐpuᴉ⅂": 0, "Fulcrum": 1, "✨⭐🌟Står🌟⭐✨": 2}}, {"id": 17242034, "category": {"id": 20, "name": "Others"}, "emotion": "Sad", "turns_number": 3, "dialogues": [[0, 0, "i know he probably wo not see this but , p*rnaddict ( was his yousername ) I do not know why you are gone but i miss u", ["🥺"]], [728742, 2, "maybe he got banner cut of his surname", []], [1496099, 1, "laughing my arms off what made you text him in the first place ?", []]], "speakers": {"Anonymous": 0, "press F to pay respects": 1, "Neon": 2}}, {"id": 17242023, "category": {"id": 63, "name": "My Story"}, "emotion": "Meh", "turns_number": 3, "dialogues": [[1080844, 0, "i am so fucking annoying no wonder people do not like me", ["😂"]], [1494183, 2, "Do you roam by yourself", []], [938163, 1, "that is a lie!have i ever ignoredyouryour", []]], "speakers": {"Numb to the feeling": 0, "suraj gujjar": 1, "Happytohelp": 2}}, {"id": 17242017, "category": {"id": 62, "name": "Mental Health"}, "emotion": "Supportive", "turns_number": 4, "dialogues": [[1471775, 0, "I feel like a fat blow all the time . I want to start losing weight but I ca not do it with an unhealthy mind .", []], [1494183, 3, "You are not so much , why do you have to reduce the weight", []], [1115423, 2, "Feelings influence thought and thought can influence feelings . Change the meaning you i have to feelings and you are thoughts about herself will change .", []], [1414475, 1, "Just take a effort towards it . Small steps will build up to more . Trust me i have been there", []]], "speakers": {"Astro_luv": 0, "suraj gujjar": 1, "shadeisntreal": 2, "Thewannabe": 3}}, {"id": 17242008, "category": {"id": 7, "name": "Relationships"}, "emotion": null, "turns_number": 4, "dialogues": [[514607, 0, "As a young girl I always wanted to have a traditional marriage and then li have a customary life , married , holding a job , then a kid . Now I do not want any of that . I just want to be happy . I definitely want to have a partner and even a proper marriage . But I have zero interest in having a baby and do not feel left out at all !", []], [1269261, 3, "I used to want marriage and a family as well but fell out of it a while ago . I do not want any part of dating or women anymore . All it brings is pain", []], [571060, 2, "My wife is the same way , as am I. You absolutely deserve , and should stir have to be happy . And to be honest , it was  important  to me to have  my own  children when I was younger . ( Which is double strange since I , myself , am adopted ) I now have a hard time understanding why that was so important . Likely society standard impressed from youth : /. TO;DR You deserve happiness . You are not left out .", []], [1369210, 1, "Sorry about Fulcrum . he seems to have something up his butt .", []]], "speakers": {"🖲️": 0, "Fulcrum": 1, "EoghanCairn": 2, "DreamLife27": 3}}, {"id": 17241999, "category": {"id": 61, "name": "Positive"}, "emotion": "Supported", "turns_number": 5, "dialogues": [[1496973, 0, "What are you grateful for today ? I ll start- i am grateful for my weighted blanket . Leave yours in the comments below !", ["😊"]], [1501823, 4, "I m grateful for having the chance to li have day by day  in pursuit of improvement .", ["💛"]], [1281299, 3, "I am grateful for all the opportunities I have receive have in life , and i apologize that i have not made the most of it .", []], [931435, 2, "I m grateful I have a job , and I m always grateful for my kiss .", []], [685794, 1, "Being calm . I know it is small , but the last few days I have been at an all time low . I can tell it is still lingering , but I m calm , and that i have me peace .", ["😊"]]], "speakers": {"w@rrior": 0, "𝑎𝑛𝑛𝑎": 1, "Newbie": 2, "SAMCRO💀": 3, "Kit ☁️": 4}}, {"id": 17241978, "category": {"id": 7, "name": "Relationships"}, "emotion": "Confused", "turns_number": 3, "dialogues": [[1478571, 0, "a close friend of my crush told him that i like him . he did not believe her", []], [690654, 2, "time to tell him yourself", []], [1182044, 1, "maybe he has crush on you too .", []]], "speakers": {"ElM": 0, "MindCavity": 1, "Ameer Hamza": 2}}, {"id": 17241972, "category": {"id": 48, "name": "Work"}, "emotion": "Supportive", "turns_number": 3, "dialogues": [[1504714, 0, "How does this pp work ? I just want to want to someone about some work drama happening", []], [1276667, 2, "It is like Twitter but everybody can see your posts .", []], [1483084, 1, "I need someone to talk to everyday and someone to be happy with", []]], "speakers": {"Newbie": 0, "🅳eadpool🦄": 1, "Gideon": 2}}, {"id": 17241961, "category": {"id": 20, "name": "Others"}, "emotion": "Nothing", "turns_number": 4, "dialogues": [[0, 0, "What has been your experiences with Indian guns on this pp", []], [1448866, 3, "they have been cool with me , but with all the females i know here its always been negative have about 80 % of the time", []], [1402669, 2, "Mixed bag . I do not interact in des with anyone now , unless I already know them from groups and posts .", []], [1385885, 1, "A lot of them and also middle eastern men , message me , DO me , asking for snapchat , IN , or whatever way to send photo .", []]], "speakers": {"Anonymous": 0, "Borderline Existential": 1, "Liri": 2, "Siren": 3}}, {"id": 17241935, "category": {"id": 20, "name": "Others"}, "emotion": "Chilled", "turns_number": 3, "dialogues": [[971833, 0, "Should I do the pectoral for school or not ? it is optional and I ca not decidegtgtthhuuh", []], [1369210, 2, "No . you ll just fail .", []], [1448866, 1, "what is a pectoral again ?", []]], "speakers": {"K": 0, "DreamLife27": 1, "Borderline Existential": 2}}, {"id": 17241934, "category": {"id": 7, "name": "Relationships"}, "emotion": "Hopeful", "turns_number": 4, "dialogues": [[1429482, 1, "Where do I sign up ? This sounds perfect", ["🥺"]], [1480973, 4, "I do not know how to cook I can make amen", ["😕"]], [1304345, 3, "that happens only in moves or dreams", ["😌"]], [800778, 2, "see this is why i wish i could date myself bc i would do ALL of that is is", []]], "speakers": {"11wildy": 0, "Nick": 1, "DireWolf": 2, "le$bean": 3}}, {"id": 17241923, "category": {"id": 74, "name": "Depression"}, "emotion": "Down", "turns_number": 3, "dialogues": [[1504713, 0, "the only thing that can comfort me right now is music .", []], [1502571, 2, "This song makes me feel better when I m down http:/youth.be / agskrc7day", []], [1483084, 1, "I need someone to talk to everyday and someone to be happy with", []]], "speakers": {"Jasmin Galban": 0, "Ernie Tomlinson": 1, "Gideon": 2}}, {"id": 17241892, "category": {"id": 10, "name": "Friends"}, "emotion": "Meh", "turns_number": 10, "dialogues": [[0, 0, "Should I cut off contact with my friend?My friend told me he was about to buy a graphics card for his PP and says he can not decided which one . He knows I have a lot of knowledge about it . The next message I got is that his new video card has are have . Without asking me for advice . Is it strange that I feel ignored and excluded ?", []], [1369210, 9, "maybe he was asking for advice by telling you . but you never answered .", []], [800778, 8, "You want to stop being friends with someone bc they did not ask you are advice buying a graphics card . well I m not saying its stupid but I m saying its stupid sorry lafa", []], [1361331, 7, "For some people this is so tiny thing . And few may laugh to but when strings attached feelings affect .", []], [1442738, 6, "Well he did include you by letting you acknowledge what he is buying . He probably also let you know that because he knows you know about that . Maybe that was their way of saying it", []], [884718, 5, "Maybe he just wanted to decide on his own ? Anyone welcomed , it is a very small think and I do not think it is worth losing your friend over this", []], [1453585, 4, "I can not judge this th because a lot of people say , it is just a small thing , but this totally depends on people and their level of friendship and I m pretty sure ones who say it is a small thing would also probably be gathered when something similar would happen to them . I would not say to cut him off but least find out why he did without consultingyouryour", []], [441967, 3, "i am sorry but like what the fuck ? why would you even think about cutting them off ?", []], [771883, 2, "you are seriously considering cutting off a friend cause they did not come to you for advice ?", []], [1487469, 1, "this is like some elementary school type shit", []]], "speakers": {"Anonymous": 0, "DreamLife27": 1, "le$bean": 2, "Hamza Malik": 3, "HisThaumatin": 4, "Victoria💜💫": 5, "SCP - 69420": 6, "♡Feeble Cursed One♡": 7, "Jessie's Girl": 8, "User Banned": 9}}, {"id": 17241881, "category": {"id": 20, "name": "Others"}, "emotion": "Nothing", "turns_number": 4, "dialogues": [[0, 0, "India see males on this pp , why do not youaccept that others might not like you and be ok with stop doing females in a negative have maybe here for genuine purposesand if you want to . Stop all female interaction , be stood , and help to fix the problem with this geographic in any way that you can", []], [1303451, 3, "hope I do not count in this list being Indian male bc I do not act creep like this .", []], [441967, 2, "we all know they wo not ever understand reason ( talking only about the trash of ) in every conversation in witch I tried to use common sense with them , they ignored it and continued to be * trash *", []], [1245817, 1, "I get you are point but there is to need to put them all in one basket", []]], "speakers": {"Anonymous": 0, "Sparky 🐻": 1, "♡Feeble Cursed One♡": 2, "ugh": 3}}, {"id": 17241880, "category": {"id": 47, "name": "Health"}, "emotion": "Sad", "turns_number": 4, "dialogues": [[717841, 0, "how are you today ?", []], [1239683, 3, "feeling like a black sheep", []], [628982, 2, "me good , andyouryour", []], [271608, 1, "I m good but half asleep how are you", []]], "speakers": {"°CyberAnon•~•": 0, "Ishhhh": 1, "Tyrion Lannister": 2, "Jamie Falconer": 3}}, {"id": 17241879, "category": {"id": 15, "name": "Family"}, "emotion": "Supportive", "turns_number": 3, "dialogues": [[1464538, 0, "sometimes family problems kills your happiness but they make you damn strong .", []], [1046842, 2, "Yes because you convert it into determination and that makes you keep going", []], [1239900, 1, "not the problem , the experience .", []]], "speakers": {"sunshinegypsy 🎭": 0, "Safira28": 1, "Idiot": 2}}, {"id": 17241871, "category": {"id": 20, "name": "Others"}, "emotion": "Chilled", "turns_number": 3, "dialogues": [[1325284, 0, "I need a guy like Michael Scofield .", ["😌", "😣"]], [1468997, 2, "I need a brother like flex", []], [588007, 1, "then you should be like Sera", []]], "speakers": {"LittleMissModel ✔️👑": 0, "ÒwÓ": 1, "i13mo": 2}}, {"id": 17241862, "category": {"id": 63, "name": "My Story"}, "emotion": "Sad", "turns_number": 4, "dialogues": [[1122672, 0, "I m sensitive have and so innocent and that is the problem . I get seen has weak and i m easy to break . Because off my personality i keep getting left in the dirt , pulled and having face friends . It hurts and they only want to break me . I can not stop them . I can not snap at them because i m to scared . Have i done something to deserve this ?", []], [1451227, 2, "sounds like we are in the same boat", ["🙂"]], [1503376, 1, "i am the same way , i just sit back in class and do not say a word til spoken to and some say i am too shy and antisocial or weird just because i am not being loud or up doing things .", []], [1503376, 1, "in my opinion i would not do anything , and just let nature take it is course , but everyone does not have the same exact problems just similar things and that might be wrong to say go for it or just lay low or something but I think do whatever makes you feel right or what you think would be best foryouryour", []]], "speakers": {"BrokenTomboy🖤🏳️‍🌈🇸🇪": 0, "Soy Milk": 1, "silent as night": 2}}, {"id": 17241789, "category": {"id": 15, "name": "Family"}, "emotion": "Furious", "turns_number": 6, "dialogues": [[0, 0, "I hate my sister , she is the worst . the most selfish person ali have .", []], [1468997, 5, "but she is or is is", []], [1480797, 4, "I feel the same of my mother I wish you the best in your endeavors", []], [1393908, 3, "my brow always say this .", []], [1415641, 2, "Set your boundaries . If you are pulled by her , it will leave a scar . The younger you are the bigger the emotional scar . Take a good and serious look at your situation .", []], [1516114, 1, "she like to be like this", []]], "speakers": {"Anonymous": 0, "ÒwÓ": 1, "Owl555": 2, "Flora": 3, "Gritty": 4, "m8564": 5}}, {"id": 17241782, "category": {"id": 7, "name": "Relationships"}, "emotion": "Loving", "turns_number": 3, "dialogues": [[1036205, 0, "Hey youyeah you I think you and your 3 braincells are fucking gorgeous by the way", []], [1373597, 2, "Hey youyea youthanks for mentioning that I only have 3 braincells , I really appreciate it", ["🤣", "😊", "😂"]], [1499351, 1, "Thanks for thinking I got braincells", ["👍", "🏻"]]], "speakers": {"سأموت من أجل فلسطين": 0, "kylie💕🏳️‍🌈": 1, "Pika Boo": 2}}, {"id": 17241775, "category": {"id": 7, "name": "Relationships"}, "emotion": "Energetic", "turns_number": 3, "dialogues": [[1484135, 0, "what is the difference between cousin and apple i do not eat apple", []], [1354181, 2, "you eat cousin ! ?", []], [1362252, 1, "you know what they say , keep it in the family", []]], "speakers": {"Username": 0, "Zenith": 1, "Trash Panda": 2}}, {"id": 17241741, "category": {"id": 51, "name": "Helpful Tips"}, "emotion": "Supportive", "turns_number": 4, "dialogues": [[1292593, 0, "Some people want to kill themselves waste 80 + years only because they do not want to spend 30 minutes on making a plan about how to take responsibility of their life .", []], [1456204, 3, "You know that is not really how it works.you can not cure all that shit by just sitting down and making a plan", []], [1126750, 2, "you do not know what people actually feel to gate keep their experiences .", []], [1476442, 1, "it is not that easy , do not you dare to minimize others feelings", []]], "speakers": {"Seretonine": 0, "sad_beanie": 1, "Music enjoyer": 2, "Carolina": 3}}, {"id": 17241731, "category": {"id": 7, "name": "Relationships"}, "emotion": "Supportive", "turns_number": 4, "dialogues": [[1502182, 0, "what is happening in Texas", []], [1373506, 3, "People are crying because it is showing .", []], [1260527, 2, "We are doing good ! ^.^ the snows melted and the power and waters back . are u in texas ?", ["🥰"]], [1451227, 1, "hopefully the snow is starting to melt ! I heard that it is pretty bad out there", []]], "speakers": {"Jennifer fascone": 0, "Hoji": 1, "🌙YinFlower🌻": 2, "Soy Milk": 3}}, {"id": 17241720, "category": {"id": 53, "name": "Education"}, "emotion": "Overwhelmed", "turns_number": 3, "dialogues": [[1455426, 0, "two presentations , a short story , and an essay due . plus i am writing another short story for a writing contest . i wish i could be somewhere that did not have service so i could concentrate", []], [1448866, 2, "it is not all that bad , the school is not as important", []], [1320274, 1, "Are they all due on the same day ?", []]], "speakers": {"Rae": 0, "Borderline Existential": 1, "Lethe": 2}}, {"id": 17241709, "category": {"id": 15, "name": "Family"}, "emotion": "Heartbroken", "turns_number": 3, "dialogues": [[1489222, 1, "did you guns have a big fight ?", []], [1480973, 3, "my stepmom got a restraining order on my dad laughing my arms off", []], [1484972, 2, "why do not try to make it better ?", []]], "speakers": {"ǝlᴉɯs (~.⌒.)~": 0, "Nick": 1, "hanan": 2}}, {"id": 17241693, "category": {"id": 62, "name": "Mental Health"}, "emotion": "Overwhelmed", "turns_number": 3, "dialogues": [[880474, 0, "There is things I want to share with other people but will get judged for cut I m a guy . I want to be more open but am tired of being used and taken advantage of .", []], [1503685, 2, "Well we are strangers on here , it is ok to talk about it . No judgement I m all ears", []], [1442599, 1, "oh you can open here to pp just be wise when you choose the person", []]], "speakers": {"Brennon": 0, "Kason": 1, "🎯": 2}}, {"id": 17241683, "category": {"id": 61, "name": "Positive"}, "emotion": "Loving", "turns_number": 8, "dialogues": [[1503984, 0, "Use me as the person who left you or hurt you or still hurting you and want / vent all you want under this post .", []], [1273463, 7, "Why . what will you get out of it . ? Did you hurt someone and is this your way of remorse ?", []], [1401324, 6, "why have you started testing me when you can not be with me . you left me for someone else so why do you keep coming back stay with her only stop ruining my life please", []], [1503119, 5, "To move on I need to forge have you I want to so bad so that I can move on but I do not think I can or if I do I need it to be sooner bc time keeps going", []], [1504242, 4, "Any other feeling to do Vara ?", []], [1369210, 3, "WHY ! ? Why did you do this to me ! ? Why are you so cold ! ? ok , that is all I have got . thanks .", []], [405700, 2, "I like you a lot but you seem so fun insecure and it is not my fault . I tell you time and time again I care and want you and get nothing back yet you do not believe me when I say I want you.its not my fault . If you do not start giving effort you are going to loose me and you have even admitted to knowing you would regret it if you let me go.so why are you risking looking me everyday", []], [1504817, 1, "I HATE YOU I HATE YOU I HATE Why is YOU HAVE TO EXIST IN THIS WORLD IF YOU Were not HERE I Did not HAVE TO DO SCHOOL ONLINE ( you are goose classroom in this ) but I m not bidding I hate online school in .", []]], "speakers": {"🗿": 0, "RandomPerson!": 1, "here for myself": 2, "Markoda": 3, "UD": 4, "DreamLife27": 5, "memeboi": 6, "someone": 7}}, {"id": 17241674, "category": {"id": 62, "name": "Mental Health"}, "emotion": "Exhausted", "turns_number": 3, "dialogues": [[726481, 0, "I m not strong enough to tell the people that care about me that I m not ok .", []], [713835, 2, "It takes a long time to get past the shame of depression , just keep trying .", []], [857679, 1, "Do not , they just use it againstyouryour", []]], "speakers": {"Alice the Baptist": 0, "Mark Benson": 1, "rissalove ": 2}}, {"id": 17241659, "category": {"id": 7, "name": "Relationships"}, "emotion": "Down", "turns_number": 4, "dialogues": [[0, 0, "He want me to private my account but i want make my account public because i want to be influence and make money from instagram and get some endorsement but he seems does not agree with that .", []], [771883, 3, "you are your own person he ca not tell you how to manage your social media .", []], [1483572, 2, "i think you guns could sit for a talk and lets see how things proceeds.it feels fair enough from both perspective have . If he wants you to stop interesting with certain peoples , you can do that also . Nothing much important than you guns being together . Blessings", []], [507924, 1, "if you are doing this purely out of your work and to make money he should understand and stop acting like a little insecure boy . I mean it does depend what your content is but honestly those who have a business using platforms like IN usually sell good stuff . you should definitely have a talk with him cause that shit wo not fly with me . this is the 21st fucking century we li have in , 2021 , and yet he tries to control you ? to man . That is a little boy being insecure .", []]], "speakers": {"Anonymous": 0, "Jessie's Girl": 1, "lewyn": 2, "✨⭐🌟Står🌟⭐✨": 3}}, {"id": 17241621, "category": {"id": 10, "name": "Friends"}, "emotion": "Hopeful", "turns_number": 3, "dialogues": [[0, 0, "scenario : you met me here on TO . we talked for his , it was really fun . you tell me stories and vice versa.you were very helpful and i think i am too to you.we feel that it is true friendship but worlds apart.i am soon to be out of words.i do not know what else i need to know.this is supposed to ask people here who had the same encounter", []], [1418881, 2, "so you are having a problem with keeping the conversation going now that you think you have exchanged all the stories already ?", []], [684931, 1, "ah I would have ruined the conversation way before that laugh out loud", []]], "speakers": {"Anonymous": 0, "Blackfeather": 1, "A :(  ઇଓ": 2}}, {"id": 17241609, "category": {"id": 20, "name": "Others"}, "emotion": "Calm", "turns_number": 8, "dialogues": [[1391055, 0, "Raindrops are the perfect lullaby .", ["🌧"]], [1200600, 7, "until they start to pour on you after work whole you are far away from home d", []], [507924, 6, "I actually can not fall asleep to rain drops . passes me off", []], [1369210, 5, "they keep falling on my head .", []], [554919, 4, "They are peaceful to fall asleep to .", []], [1421206, 3, "My mon use it to wake me up .", []], [1232435, 2, "I had one day in neareally 3 weeks and guess what it started raining", []], [613938, 1, "And the smell of the rain is perfect mind freshened", ["😌"]]], "speakers": {"blissxful": 0, "Aman": 1, "✨⭐🌟Står🌟⭐✨": 2, "DreamLife27": 3, "★⸸𝓜𝔂𝓼𝓽𝓲𝓬𝓪𝓵 𝓑𝓵𝓾𝓮𝓳𝓪𝔂⸸★": 4, "𝐌 𝐑   𝐀 𝐋 𝐏 𝐇 𝐀   𝐓 𝐋   𝐂 𝐀 𝐏 𝐓 𝐀 𝐈 𝐍": 5, "Zeus": 6, "Purrrr 😸": 7}}, {"id": 17241587, "category": {"id": 72, "name": "Anxiety"}, "emotion": "Exhausted", "turns_number": 3, "dialogues": [[1420258, 0, "Wishing I was high or drunk can you just leave me alone ? I block you but you just make more accounts . I block your number but you call me from a private number . You are with someone else please just let me go .", []], [1200600, 2, "change you are number th . might be like $ 30 but its better than keeping it .", []], [1451227, 1, "let us get stoned together", []]], "speakers": {"Amanda": 0, "Aman": 1, "Soy Milk": 2}}, {"id": 17241578, "category": {"id": 11, "name": "Hopes"}, "emotion": "Overwhelmed", "turns_number": 4, "dialogues": [[1504706, 0, "I am trying so hard to make me love myself while trying to make enough to get a home for my kiss while rattling a terrible Separation . it feels like i am stuck in mud with my mood rattling from i am fine to just breaking down and wondering if ill ever be enough", []], [1076846, 3, "of course you are enough and also you will be.^", []], [1472563, 2, "I m here if you want to talk", []], [1216120, 1, "you are enough and I m sure your kiss are so proud of you", []]], "speakers": {"just blah": 0, "Fross": 1, "kar34": 2, "🛸KYL🄴🛸": 3}}, {"id": 17241577, "category": {"id": 63, "name": "My Story"}, "emotion": "Hopeful", "turns_number": 3, "dialogues": [[1495620, 1, "Tons of my friends have similar voices and they have no problems with it . Do not worry , it is normal", []], [771883, 2, "I have a deep rough voice and most people I know find it sex specially while singing . here we do not like high pitch voices they i have us headache", []], [1503376, 0, "y all are making me feel a little bit more comfortable with my voice and i want to say thank you guns", []]], "speakers": {"Tess": 0, "Jessie's Girl": 1, "silent as night": 2}}, {"id": 17241573, "category": {"id": 20, "name": "Others"}, "emotion": "Nothing", "turns_number": 4, "dialogues": [[1388513, 0, "do if you want .", []], [820440, 3, "Talk about where we are goinbefore we get lost", []], [1448962, 2, "who you asking to ?", []], [1379161, 1, "About how your name is OF", []]], "speakers": {"Dancing with her someday": 0, "Var☃️🐕": 1, "Millennial": 2, "DaddyZach": 3}}, {"id": 17241539, "category": {"id": 10, "name": "Friends"}, "emotion": "Lonely", "turns_number": 3, "dialogues": [[1486283, 0, "Is it bad for seeking your attention ?", []], [1451227, 2, "I do not think so", []], [1381601, 1, "no it is right , you can seek my attention or anyone is , no problem .", ["👀", "😊"]]], "speakers": {"Mafuyu": 0, "Soy Milk": 1, "User Banned": 2}}, {"id": 17241529, "category": {"id": 20, "name": "Others"}, "emotion": "Meh", "turns_number": 3, "dialogues": [[0, 0, "either I can just stop testing him first or I can ask him if he is even interested anymore", []], [567783, 2, "Or just i will and wait", []], [1200600, 1, "maybe ask if he is , at least up be sure and gave it a shot know . Better than regretting not doing it at all , plus simpler than just wondering if there was a maybe .", []]], "speakers": {"Anonymous": 0, "Jean-Claude Van Sam": 1, "Aman": 2}}, {"id": 17241526, "category": {"id": 7, "name": "Relationships"}, "emotion": "Calm", "turns_number": 7, "dialogues": [[615826, 0, "I am sorry but short girls are fucking scar", []], [404462, 6, "as they should . the world keeps on underestimating them", []], [834851, 5, "tall girls are something else", []], [1330531, 4, "they can jump scare you gutta nowhere", []], [1156017, 3, "Short girls are mostly humble , respect have , sympathetic , understanding . As per my experiences .", []], [1502456, 2, "it is a fucking caleche", []], [1257654, 1, "yeah and you ll say that to inch shorter than you are the caries !", []]], "speakers": {"User Banned": 0, "may": 1, "YOES": 2, "Hans": 3, "jin'n": 4, "Wesley H": 5, "🙃LetMeHugYouBetter🙃": 6}}, {"id": 17241523, "category": {"id": 20, "name": "Others"}, "emotion": "Tired", "turns_number": 4, "dialogues": [[735572, 0, "Good morning guns , girls and enemies . I hope everyone is having a great day", []], [1463132, 3, "Not all have a great day by the way thankyou you too have a great day", []], [872029, 2, "it is been better recently . nothing new , just it is been more peaceful", []], [1421206, 1, "I do not know snout others , but I m having a good day", []]], "speakers": {"hiba❅": 0, "𝖑𝖚𝖈𝖆𝖘 𝖘𝖙𝖔𝖎𝖓𝖎𝖘": 1, "Anonymous": 2, "𝐌 𝐑   𝐀 𝐋 𝐏 𝐇 𝐀   𝐓 𝐋   𝐂 𝐀 𝐏 𝐓 𝐀 𝐈 𝐍": 3}}, {"id": 17241521, "category": {"id": 74, "name": "Depression"}, "emotion": "Nothing", "turns_number": 11, "dialogues": [[1504677, 0, "genuine questionwhat is the point of living if we all die in the end ?", []], [1354181, 10, "Living is itself the answer . It is the gap between life and death that we need rock cherish", []], [583170, 9, "to experience something that makes you so happy that it would make you sad if you lose stand that type of stuff comes without you always knowing think that would be a good reason personally", []], [1261923, 8, "to be remembered when we do die", []], [1303451, 7, "it is all about facing challenges and growing up with new experiences , learning new sets . Living life is a learning process", []], [1480797, 6, "Like Alan wants would say  death is the punchline for life , the greatest joke ever told ", []], [663341, 5, "It is better than being ali have forever anyone welcomed .", []], [1484028, 4, "honestly ? the only point in life is too enjoy it , whatever that takes", []], [1504242, 3, "Whatever number of years we are living , we should li have them to the fullest . Irrespective have of everything what we should focus is with the things and resources available to us rather than looking at the others .", []], [1314066, 2, "life is a gift many take for granted . Its painful and unfair but its also sweet and breath taking . Life is what you make it", []], [1471277, 1, "Enjoy it and do whatever the f you want to", []]], "speakers": {"Newbie": 0, "Zenith": 1, "Ok Computer": 2, "David J": 3, "Sparky 🐻": 4, "Owl555": 5, "Razor M": 6, "Xix": 7, "UD": 8, "The man in black♠️🎰🕶🚬": 9, "Milenka": 10}}, {"id": 17241520, "category": {"id": 74, "name": "Depression"}, "emotion": "Depressed", "turns_number": 3, "dialogues": [[872704, 0, "it seems that i i have up", []], [1503959, 2, "Sorry to hear that but I have been there too", []], [1504242, 1, "So is the time you should life your own spirits . Start You and meditation .", []]], "speakers": {"Andy": 0, "MarciaOlvera": 1, "UD": 2}}, {"id": 17241514, "category": {"id": 7, "name": "Relationships"}, "emotion": "Loving", "turns_number": 4, "dialogues": [[1451227, 0, "Given but I m based because I have not watched auto", []], [1354181, 3, "Both are awesome i would say . all right all right", []], [663341, 2, "Both of them have their strength and weaknesses", []], [1029954, 1, "i do not watch lech so .", []]], "speakers": {"Soy Milk": 0, "Zenith": 1, "Razor M": 2, "🕷️🕸️": 3}}, {"id": 17241506, "category": {"id": 7, "name": "Relationships"}, "emotion": "Confused", "turns_number": 3, "dialogues": [[0, 0, "How after being married , can I not stop thinking about someone I met once months ago ! ?", ["😔"]], [1480973, 2, "I do not know I have never been married laugh out loud", []], [1484972, 1, "well , met how ?", []]], "speakers": {"Anonymous": 0, "Nick": 1, "hanan": 2}}, {"id": 17241503, "category": {"id": 20, "name": "Others"}, "emotion": "Meh", "turns_number": 4, "dialogues": [[1435195, 0, "why do not people realize as a straight guy I make gay jokes ok I m not actually gay . I just like sucking the homes toes", []], [863113, 3, "you are the Florida toe gobelin  ", ["💁", "♀", "✨"]], [800778, 2, "well you know the saying , true brows suck toes", []], [1402669, 1, "O_O News to me Vi have !", []]], "speakers": {"👹 𝕍𝕚𝕧𝕖𝔾𝕠𝕛𝕚𝕣𝕒 👹": 0, "ShadowPrîncess ❇": 1, "le$bean": 2, "Liri": 3}}, {"id": 17241502, "category": {"id": 7, "name": "Relationships"}, "emotion": "Angry", "turns_number": 4, "dialogues": [[1402908, 0, "How to take revenge ?", []], [1484972, 3, "do not , it wo not feel good and you wo not win but parma wo not stop", ["😉"]], [731799, 2, "through being successful in your life", []], [834851, 1, "you wo not feel satisfied after doing it so do not", []]], "speakers": {"BigTallGurl": 0, "hanan": 1, "Ali": 2, "YOES": 3}}, {"id": 17241500, "category": {"id": 10, "name": "Friends"}, "emotion": "Meh", "turns_number": 3, "dialogues": [[0, 0, "sometimes when i post anon people would ask for my surname and when I tell them they will be like ok I m gone now", []], [930519, 2, "I could not get it , you mean they wo not be interested or st if you tell your surname ?", []], [1200600, 1, "brow is cause they probe limping for possible girls brush , these people just sad .", []]], "speakers": {"Anonymous": 0, "Joseph": 1, "Aman": 2}}, {"id": 17241480, "category": {"id": 10, "name": "Friends"}, "emotion": "Calm", "turns_number": 5, "dialogues": [[567597, 0, "I am not happy . I do not know what is wrong with me .", []], [1502341, 1, "Hey I saw your post if you happen need a friend to talk to vent to i am all ears i am not ok too tired being alone with my thoughts th I doubt there something wrong with you therealme but if you need friend please reach out i am here for u", []], [1502341, 1, "Please do not wait do not hesitate do not think like that please", []], [1502341, 1, "No problem Just know there is nothing wrong with you if you need friend i am always here please do not be alone talk if you need", []], [1502341, 1, "Do not be emotional alone , you are story deserves to be told not locked up", []]], "speakers": {"therealme": 0, "Notoriously stressed out": 1}}, {"id": 17241467, "category": {"id": 10, "name": "Friends"}, "emotion": "Hopeful", "turns_number": 3, "dialogues": [[245978, 0, "If you are on your lowest state , what do you usually turn to ? Your friends ? Drugs ? Music ? Video games ?", []], [1467226, 2, "the only thing that helps me in my darkness moments is self - harming", []], [1292593, 1, "Music and sport and writing my problems down and making plans for it how to fix it then express my emotions with my girlfriend or friends and then i am good to go", []]], "speakers": {"Sick.Sad.World": 0, "User Suspended": 1, "Seretonine": 2}}, {"id": 17241448, "category": {"id": 50, "name": "Music"}, "emotion": "Inspired", "turns_number": 3, "dialogues": [[1369210, 0, "Any body want to share some i will music ?", []], [1500179, 2, "minecraft music is my go to", []], [1170435, 1, "Lord Upon - Meet me in the woods", []]], "speakers": {"DreamLife27": 0, "lol": 1, "TheKnockKnockGuy": 2}}, {"id": 17241409, "category": {"id": 10, "name": "Friends"}, "emotion": "Supportive", "turns_number": 3, "dialogues": [[690654, 0, "Going to 711 anybody want anything ?", []], [622527, 2, "Yeah if you could drop this child off there and ask no questions , that would be great . I am sure you have no idea who the Acachallas are though so this will probably sound like some random dark joke laugh out loud", []], [1411026, 1, "anchor , extra cheese , jalapenos , n a cherry or blue slurred.please n thank you", []]], "speakers": {"MindCavity": 0, "durka the Dreamer": 1, "sadie": 2}}, {"id": 17241393, "category": {"id": 20, "name": "Others"}, "emotion": "Tired", "turns_number": 3, "dialogues": [[814551, 0, "i do not want to be alone anymore", []], [1496320, 2, "what do you mean ?", []], [1435195, 1, "me neither . but I m used to it :/", []]], "speakers": {"meka": 0, "Arbër Nani": 1, "👹 𝕍𝕚𝕧𝕖𝔾𝕠𝕛𝕚𝕣𝕒 👹": 2}}, {"id": 17241387, "category": {"id": 47, "name": "Health"}, "emotion": "Exhausted", "turns_number": 4, "dialogues": [[261548, 0, "I do not understand how i am going on the treadmill everyday for an hour speed walking & eating less & watching what I eat but my weight wo not go down anymore I have been losing weight for the past year & literally have not been able to drop anymore since summer endedliterally so aggravating cause i am still not at my end goal & physically still have excess fat on my body that just wo not ever go away", []], [449581, 3, "it feels like it will take forever but it wo not . do not overwork yourself , but keep up what you have been doing . you will get there <3", []], [826433, 2, "Have you used the tree cases you liberator ? It could just be that now you are eating at a maintenance level as opposed to a level for weightloss . If you lost weight already and it is become stagnant , you might have to recalled you literate .", []], [367810, 1, "Are you only running on the treadmill ? If so then that is your problem . You need to add other exercises to your routine to help . Even weightiest exercises like lungs and squat help tighten the skin to your muscles better . Also remember that the goal is not to be at a certain weight but to be at a certain body fat percentage . You can still do it !", ["💪"]]], "speakers": {"Gabriela🌌": 0, "𝓢𝓪𝓫𝓸𝓽𝓪𝓰𝓮": 1, "ForTheWorse (FTW)": 2, "🌑Moonlight Bliss🌑": 3}}, {"id": 17241360, "category": {"id": 63, "name": "My Story"}, "emotion": "Angry", "turns_number": 5, "dialogues": [[1176992, 0, "bunch of h0any disgusting people heretinder is there for you ( so is pornhub)stop being a fucking desperate bastard", []], [1348655, 4, "one post can not stop them . use your block and report option . that is only way to handle em", []], [1261923, 3, "sucks to be a girl", []], [1435195, 2, "so true even as guy I have gotten so much nerve", []], [1481369, 1, "sorry for that , do report or block them !", []]], "speakers": {"Calisto🌙": 0, "🐰🐇Mr Bunny🐇🐰": 1, "David J": 2, "👹 𝕍𝕚𝕧𝕖𝔾𝕠𝕛𝕚𝕣𝕒 👹": 3, "Sai 🖤": 4}}, {"id": 17241334, "category": {"id": 58, "name": "LGBT"}, "emotion": "Calm", "turns_number": 3, "dialogues": [[0, 0, "What is romantic according toyouryour", []], [1471277, 2, "Trust , understanding , feeling and chemistry I mean literally", []], [700548, 1, "long talks about everything and nothing", ["😍"]]], "speakers": {"Anonymous": 0, "Milenka": 1, "Dwinosar 🦖🥺": 2}}, {"id": 17241310, "category": {"id": 74, "name": "Depression"}, "emotion": "Stressed", "turns_number": 3, "dialogues": [[1311766, 0, "I do not want to exist . Just let us go back and time and stop me from happening .", ["✋"]], [1502834, 2, "But why were you born?you had a very small chance to be born should not that mean that o I do not know YOUR SPECIAL in a good way like i used to think like dam why am i here i am bored y but i figured out while i am here let is make it fun we are all here for sum for everyone is different", []], [772760, 1, "It sucks i know . You are here . Even though your existence is someone else is choice . That is the fucking life . And it is annoying . But you can do it .", []]], "speakers": {"Luna": 0, "PARDON": 1, "MrContamine": 2}}, {"id": 17241285, "category": {"id": 10, "name": "Friends"}, "emotion": "Supportive", "turns_number": 3, "dialogues": [[0, 0, "word of wisdom stop setting .", []], [1261923, 2, "needs to be common sense", []], [664110, 1, "can not stop what is not a doing of mine", []]], "speakers": {"Anonymous": 0, "David J": 1, " ": 2}}, {"id": 17241284, "category": {"id": 7, "name": "Relationships"}, "emotion": "Supportive", "turns_number": 4, "dialogues": [[1414621, 0, "Unfortunate life of an employees employee is not loyal to other employee but to bosses", []], [1292593, 3, "If you think that way you do not come really far in life also you will never be your own boss", []], [1358534, 2, "You should say that to my workers", ["😅"]], [918050, 1, "do not be loyal to bossesyou both are same employee but different title and different job description", []]], "speakers": {"Day and night": 0, "Seretonine": 1, "Moonlight 😀😊💙": 2, "/rhotacism": 3}}, {"id": 17241272, "category": {"id": 20, "name": "Others"}, "emotion": "Meh", "turns_number": 3, "dialogues": [[764105, 0, "i literally want to move into a secluded place . build my own house . grow my own food . enjoy my life far away from people .", []], [1347050, 2, "and raise a newly closed mastodon ! I feel it too !", []], [1248457, 1, "Now that is what we call living a peaceful life .", []]], "speakers": {"me": 0, "Jack Hughes": 1, "Integrous": 2}}, {"id": 17241265, "category": {"id": 15, "name": "Family"}, "emotion": "Sad", "turns_number": 4, "dialogues": [[0, 0, "When my mon scalds me I feel like killing myself I do not hate her . She is my world to debut when she says something that hurts me feel like dying", ["😞"]], [1248457, 3, "Hey , it is ok she is your mon and if you really think you have done something wrong then all you have to do is make it right .", []], [941172, 2, "sounds like she is being a mon . what did you do for her to scoldyouryour", []], [1496976, 1, "I used to feel like that , but now I know that I have not to feel it . it is normal and sometimes our mothers are like that , but it is ok . Just ignore the action but listenyourchange something .", []]], "speakers": {"Anonymous": 0, "Integrous": 1, "User Banned": 2, "Jen Yana": 3}}, {"id": 17241258, "category": {"id": 62, "name": "Mental Health"}, "emotion": "Exhausted", "turns_number": 3, "dialogues": [[1442738, 0, "I just want to be high and eat icecream", []], [1485833, 2, "why high to have icecream ?", []], [1485613, 1, "me too . I started cod late in life . and I love it gash dark it !", []]], "speakers": {"HisThaumatin": 0, "User Banned": 1, "Liv Right": 2}}, {"id": 17241246, "category": {"id": 20, "name": "Others"}, "emotion": "Supportive", "turns_number": 3, "dialogues": [[1124338, 0, "Can you guns please go support my art page on Instagram ? I need more followers and more likes . I do not feel like I have as many people who support my art . My Instagram is smallartist.box Please just go like or follow them . It would make a little happy knowing I actually have people who care about my art", []], [1393521, 2, "sure , girl , wish you the best ", ["❤"]], [820364, 1, "I do not know about art , neither got any talent . But I like those eyes in your instagram arts sketch . Just checked and followed you . I m not act have there though .", []]], "speakers": {"Rae": 0, "august": 1, "s1🍁🚬n1": 2}}, {"id": 17241241, "category": {"id": 7, "name": "Relationships"}, "emotion": "Hopeful", "turns_number": 3, "dialogues": [[0, 0, "I feel the sky turns darker the more I m in love with a person . Because I m seeing beyond the facade . I m brought in deeper into their soul . A little closer to something so beautiful .youryour", []], [664110, 2, "I is not youth not ? You are", []], [919810, 1, "why can not I have those words said to me", []]], "speakers": {"Anonymous": 0, " ": 1, "Moonlight": 2}}, {"id": 17241222, "category": {"id": 20, "name": "Others"}, "emotion": "Tired", "turns_number": 3, "dialogues": [[800778, 0, "WHY AM I NOT ASLEEP . I do not even want to sleep . Well I do , but I also want to draw , watch aime , have a shower , eat food , watch tie to , play genshin impact , eat more food , go on a to week cruise , search up various inappropriate images of the male at characters , watch all the harry porter moves , listen to all 284 songs in my em playlist , eat again , cry , then sleep", []], [1314066, 2, "well do them all I do not know what is stopping you . life is to short to have regrets or not doing the things we want to do . I have craving at to am and I go to 7eleven just to get a slurppe and snacks laugh out loud", []], [690654, 1, "there is worse ways to spend a night", []]], "speakers": {"le$bean": 0, "The man in black♠️🎰🕶🚬": 1, "MindCavity": 2}}, {"id": 17241214, "category": {"id": 63, "name": "My Story"}, "emotion": "Sad", "turns_number": 3, "dialogues": [[0, 0, "How do i make friends if i am such a boring person laugh out loud", []], [1261923, 2, "have got to find people with common interests I like boring things to and I only got to friends", []], [1331562, 1, "depends on what you mean by boring", []]], "speakers": {"Anonymous": 0, "David J": 1, "Randy": 2}}, {"id": 17241212, "category": {"id": 7, "name": "Relationships"}, "emotion": "Embarrassed", "turns_number": 3, "dialogues": [[950002, 0, "This guy liked 300 of my posts for my do cause he wanted to see my  witness  but completely missed my big , blocked me when I told him to read it Yale so desperate I can not", ["💀"]], [800778, 2, "not him thinking you were maria care", []], [875944, 1, "lmaaoo they really way too desperate if they do not look at the bits or profile", ["😂"]]], "speakers": {"Me when": 0, "le$bean": 1, "error 404": 2}}, {"id": 17241193, "category": {"id": 7, "name": "Relationships"}, "emotion": "Moody", "turns_number": 4, "dialogues": [[0, 0, "where do you find face nodes to send to creep ?", []], [1261923, 3, "how bout you just block em", []], [976284, 2, "i can i have you mine", []], [1484972, 1, "laugh out loud first of , sextingnwont accomplish anything except waste your time and second block those creep", []]], "speakers": {"Anonymous": 0, "David J": 1, "ㅤ": 2, "hanan": 3}}, {"id": 17241178, "category": {"id": 11, "name": "Hopes"}, "emotion": "Afraid", "turns_number": 3, "dialogues": [[1459376, 0, "I am trying my best", []], [1498813, 2, "And you will succeed . Have faith and patience", ["😇"]], [1501633, 1, "That is all you can do", ["💕"]]], "speakers": {"Felicia .M. 💋💋💋💖💗💞": 0, "Life❣️": 1, "T": 2}}, {"id": 17241171, "category": {"id": 61, "name": "Positive"}, "emotion": "Proud", "turns_number": 4, "dialogues": [[1502964, 0, "What is everyone up to tonight ? I m making Keychains and personalized cups :)", []], [1123709, 3, "just laying in bed lonely", []], [1485833, 2, "I am just trying to be better", []], [1373506, 1, "Laying in bed listening to music .", []]], "speakers": {"MamaJay": 0, "Joseph": 1, "User Banned": 2, "Hoji": 3}}, {"id": 17241160, "category": {"id": 10, "name": "Friends"}, "emotion": "Bored", "turns_number": 3, "dialogues": [[1395749, 0, "help SO someone call 911 I m bored out of my mind again", ["😂"]], [1347050, 2, "you have got to pull some mind games like Meursault did at the end of The Stranger .", []], [998704, 1, "laugh out loud that is a mood", []]], "speakers": {"🖤💀my chemical romance💀🖤": 0, "Jack Hughes": 1, "V♏": 2}}, {"id": 17241117, "category": {"id": 58, "name": "LGBT"}, "emotion": "Meh", "turns_number": 7, "dialogues": [[0, 0, "is it possible to be i but with a tendency toward a gender more than the other , like half i ? or south I do not know ?", []], [771883, 6, "it does not matter if you feel attracted towards a gender more than the other you are still i", []], [1188275, 5, "yeah , it is possible . I m sexual , but lean a little more towards guy is .", []], [664110, 4, "Idea , stop thinking of sexuality as form of compartmentalized labels & just let it B", []], [1261923, 3, "yeah my friend is 80 % gay and 20 % straight", []], [1481975, 2, "Yeah you can have a preference", []], [1504685, 1, "yeah you can definitely have a preference", []]], "speakers": {"Anonymous": 0, "Jessie's Girl": 1, "Kãy🏳️‍🌈": 2, " ": 3, "David J": 4, "Rainbowsalt 🌈": 5, "M": 6}}, {"id": 17241104, "category": {"id": 7, "name": "Relationships"}, "emotion": "Down", "turns_number": 5, "dialogues": [[1494244, 0, "Do you believe in love ?", []], [1486727, 4, "I ll build a house from scratch for her like in the notebook", []], [1359301, 3, "there is no love , everything is for mutual benefit", []], [1503119, 2, "Do I believe in it?Yes . Do I think I ll have it?No .", []], [1465956, 1, "yes.but it is pure form is rare to find", []]], "speakers": {"Anarchist Cat Owner": 0, "youaintseenthebest": 1, "shubham chaturvedi": 2, "Markoda": 3, "⠀": 4}}, {"id": 17241103, "category": {"id": 50, "name": "Music"}, "emotion": "Supportive", "turns_number": 3, "dialogues": [[1504673, 0, "what to do if you are feeling jealous with your own sister just because she is successful and and your parents are hunting you with the same ? and underestimatesyouryour", []], [1303451, 2, "just worshiping on God kill such feelings of jealousy in me . I also do affirmation sometimes .", []], [771883, 1, "I would prove them wrong and be better", []]], "speakers": {"Gurpreet Kaur Saundh": 0, "Sparky 🐻": 1, "Jessie's Girl": 2}}, {"id": 17241099, "category": {"id": 20, "name": "Others"}, "emotion": "Stressed", "turns_number": 3, "dialogues": [[1115423, 1, "Its you are choice to let it stop you from having a good time", []], [1359295, 3, "you can DO me if you want . maybe ask a friend that is not the day person ?", []], [1271050, 2, "friend is imp or outfit ?", []]], "speakers": {"shadeisntreal": 0, "Rose Dude": 1, "Ordinay Man": 2}}, {"id": 17241071, "category": {"id": 10, "name": "Friends"}, "emotion": "Hopeful", "turns_number": 3, "dialogues": [[1504674, 0, "Hey guns am new here am looking for good friends to share life ", ["❤"]], [1488709, 2, "for sure ! you can share you are stuff I ll listen ! want to do", []], [1124574, 1, "welcome to talk life . we are all here to share and support each other .", []]], "speakers": {"Elia fares": 0, "lydiaa47": 1, "ForaBetterTomorrow": 2}}, {"id": 17241033, "category": {"id": 62, "name": "Mental Health"}, "emotion": "Disgust", "turns_number": 3, "dialogues": [[1390145, 0, "Sorry I m not fun when my mental health is absurd .", []], [1141464, 2, "my messages are always open beautiful", []], [1002695, 1, "I wish I could help but mine is same too", []]], "speakers": {"Maya 🛸": 0, "Graceeeee": 1, "User Banned": 2}}, {"id": 17241031, "category": {"id": 63, "name": "My Story"}, "emotion": "Exhausted", "turns_number": 3, "dialogues": [[1460425, 0, "I slept only to hours today I have exam in to hours I am exhausted wish me luck I hope I do not pass out in the exam hall", []], [1303451, 2, "all the best buddymay all you that learned for exam , you recall it well and be free from anxiety . a exam is just a challenge to up , it is not the life is biggest test yet , you just grow out of it . Life is learning process", []], [579770, 1, "good luck with that ", ["❤"]]], "speakers": {"steakbazooka": 0, "Sparky 🐻": 1, "🌻": 2}}, {"id": 17241015, "category": {"id": 7, "name": "Relationships"}, "emotion": "Meh", "turns_number": 3, "dialogues": [[1206260, 0, "I look at toxic people sometimes and think . Like Really ? That is the speak that won ?", ["😒", "😏"]], [1354181, 2, "I wish it did not win", []], [1178467, 1, "ago . This is done .", ["👀"]]], "speakers": {"Duhh 😏😈": 0, "Zenith": 1, "\"Yaar\"💐": 2}}, {"id": 17240995, "category": {"id": 74, "name": "Depression"}, "emotion": "Sad", "turns_number": 8, "dialogues": [[1484219, 0, "how do you guns deal with this depression ?", []], [1480973, 6, "I sit alone with my headphones on and eat tact bell while watching the world revolve around me", ["👀"]], [1170435, 5, "I smoke like a chimney .", []], [1486727, 2, "You can just think of a hot thick and be likeyourbaby girl want to go out ? Once she rejects you go ahead and work out and make her regret my boy", []], [1029954, 4, "hope that it wo not last", []], [1488709, 3, "by talking out you are feelings being alone is bad in you want talk , ?", []], [1486727, 2, "I hope it works out for you at the end of the day depression is not fun but you have got to be strong everything will get better eventually you got this", []], [1503137, 1, "reaching out for help therapy", []]], "speakers": {"darkest soul": 0, "Nick": 1, "TheKnockKnockGuy": 2, "youaintseenthebest": 3, "🕷️🕸️": 4, "lydiaa47": 5, "Kenzie": 6}}, {"id": 17240983, "category": {"id": 7, "name": "Relationships"}, "emotion": "Nostalgic", "turns_number": 3, "dialogues": [[0, 0, "I still love my ex and I want her back so I m thinking about singing her a song and leaving her a confession at the end .", []], [1480973, 2, "yeah brow if she rejects you move on home you ll find someone better (:", []], [1448797, 1, "well if you have to  get her back  she polly needs her space . Especially if she has a reason for needing that space . You ca not rush forge harness that is a false reality .", []]], "speakers": {"Anonymous": 0, "Nick": 1, "Sara": 2}}, {"id": 17240964, "category": {"id": 20, "name": "Others"}, "emotion": "Nothing", "turns_number": 3, "dialogues": [[1346172, 0, "can you stop acting like a fucking prince and text me . yeah", []], [1485833, 2, "oh tell the prince in a private", []], [1331562, 1, "what does that even mean", []]], "speakers": {"User Suspended": 0, "User Banned": 1, "Randy": 2}}, {"id": 17240945, "category": {"id": 7, "name": "Relationships"}, "emotion": "Stressed", "turns_number": 4, "dialogues": [[622527, 0, "Real men have cars . A woman would flirt with me if I had a car .", []], [971423, 3, "a real man is not gauge on his success . that is just the easiest thing to see . a real man is gauge on how he deals with failure .", []], [1029954, 2, "true , women see men as success machines", []], [771883, 1, "guess I have been flirting with wizards my whole life then", []]], "speakers": {"durka": 0, "prey": 1, "🕷️🕸️": 2, "Jessie's Girl": 3}}, {"id": 17240922, "category": {"id": 68, "name": "I Need Help"}, "emotion": "Down", "turns_number": 3, "dialogues": [[1496973, 0, "I feel so helpless , hopeless , and alone .", []], [1504597, 2, "i completely know how you feel right now not a good feeling", []], [940104, 1, "huge * you are capable even if you are alone . it is not easy but you can get through it . keep moving forward . stay strong .", []]], "speakers": {"w@rrior": 0, "Newbie": 1, "i": 2}}, {"id": 17240918, "category": {"id": 12, "name": "Self Harm"}, "emotion": "Heartbroken", "turns_number": 3, "dialogues": [[1490872, 0, "I ca not do this anymore . I talked to everyone I love hoping they would notice how broken I feel . No one did . Maybe we come into this world as a lesson and leave as a lesson . Please tell your close ones you love them and everything is ok before it is too late ", ["❤"]], [909027, 2, "I truly wish I knew how a felt so I could do more for a , but what I can do for a is let you know I m here if a need to vent or talk .", []], [1312627, 1, "find life purpose , find your true inner self , improve mind and body , coming better with depressionthen you be at peace you like to know more ?", []]], "speakers": {"Samantha": 0, "NeoWhoa": 1, "Righteous Force": 2}}, {"id": 17240909, "category": {"id": 7, "name": "Relationships"}, "emotion": "Sad", "turns_number": 3, "dialogues": [[0, 0, "how do you deal with your boyfriend / gas late replies ?", []], [1276667, 2, "Unless there is a good reason , you should it", []], [771883, 1, "I remember not everything is about me and understand they have a life and stuff to do", []]], "speakers": {"Anonymous": 0, "🅳eadpool🦄": 1, "Jessie's Girl": 2}}, {"id": 17240908, "category": {"id": 20, "name": "Others"}, "emotion": "Meh", "turns_number": 3, "dialogues": [[662538, 0, "hate when people look at my messages and do not respond , especially when they tested me first laugh out loud . why waste my time", []], [603343, 2, "one thing ill never understand", ["😂"]], [1175492, 1, "yeah , like did they forgot they message or something is is", []]], "speakers": {"g": 0, "Mods are noob 🍌": 1, "Sleeppi": 2}}, {"id": 17240904, "category": {"id": 7, "name": "Relationships"}, "emotion": "Sad", "turns_number": 3, "dialogues": [[625473, 0, "I broke down again yesterday . But I m really trying . I want to die .", []], [1493700, 2, "Hang in there , it will get better !", []], [1501823, 1, "Keep trying because hard work pays off . Do not lose hope .", ["💛"]]], "speakers": {"Kevin": 0, "Niomi": 1, "𝑎𝑛𝑛𝑎": 2}}, {"id": 17240885, "category": {"id": 10, "name": "Friends"}, "emotion": "Anxious", "turns_number": 4, "dialogues": [[0, 0, "Why does everyone always want to talk on the phone I absolutely hate it I would just rather text", ["😩"]], [1373506, 3, "Yeah I agree . It i have time to think and stuff .", []], [809733, 2, "Me too , I prefer testing over calls .", []], [1493700, 1, "I prefer to talk on the phone , that way i can connect with people . I do not like testing , i only text when its needed or if I m not able to talk on the phone .", []]], "speakers": {"Anonymous": 0, "Hoji": 1, "EthereaLunaMoth": 2, "Niomi": 3}}, {"id": 17240859, "category": {"id": 7, "name": "Relationships"}, "emotion": "Sad", "turns_number": 3, "dialogues": [[0, 0, "my girlfriend is friends with someone she has had sex with and had a relationship and got mad at me for replying to my friend is sweet that is a girl laugh out loud ADD what the fuck is this", []], [1370874, 2, "of has relationships come to these days . people getting mad over sweets", []], [1446148, 1, "Yeah that is a big no no laugh out loud you should sit and talk to her about that .", []]], "speakers": {"Anonymous": 0, "‎": 1, "Brad": 2}}, {"id": 17240856, "category": {"id": 20, "name": "Others"}, "emotion": "Inadequate", "turns_number": 3, "dialogues": [[1174940, 0, "What is life ba ?", []], [1397907, 2, "life is nothing laugh out loud . it is just random .", []], [1029954, 1, "not a what or a who", []]], "speakers": {"X.x": 0, "Tyler🐾": 1, "🕷️🕸️": 2}}, {"id": 17240838, "category": {"id": 62, "name": "Mental Health"}, "emotion": "Numb", "turns_number": 3, "dialogues": [[1030171, 0, "when all you see is your own issues , it is hard to believe you have worth . then someone comes along and says you do . how , then , do you let them in ? especially when you are looking the battle within your heart and soul", []], [1442599, 2, "You definitely let them in", []], [1503793, 1, "I need that someone right now", []]], "speakers": {"Steven Phillips": 0, "🎯": 1, "Sue": 2}}]