[{"id": 17307912, "category": {"id": 7, "name": "Relationships"}, "emotion": "Exhausted", "turns_number": 3, "dialogues": [[615781, 0, "when are you going to be mine ?", []], [1468997, 2, "bc there is nobody other than you", []], [602367, 1, "Talklife community she is not talking about you", []]], "speakers": {"ris": 0, "ÒwÓ": 1, "Eternal Sunshine🥀": 2}}, {"id": 17307901, "category": {"id": 62, "name": "Mental Health"}, "emotion": "Sad", "turns_number": 3, "dialogues": [[1508661, 0, "i miss the old me . the one who never argued with her family , the one who spent time at home , the one with a life before boys , the one who cared .", []], [1502414, 2, "maybe you still do care , but just do not fit into societies parading , maybe you long for something deeper that you are not encouraged to experience and are oddly afraid", []], [1334445, 1, "her the old me gone .", []]], "speakers": {"malina": 0, "BB": 1, "LűćA": 2}}, {"id": 17307889, "category": {"id": 20, "name": "Others"}, "emotion": "Nothing", "turns_number": 3, "dialogues": [[0, 0, "I just want to be close to youshow me the way you want me to I just want to be . ,", []], [1058067, 2, "Tell them in person . , God bless you", ["🙌", "🏻"]], [532358, 1, "tell them how your really feel and how you want to be with them .", []]], "speakers": {"Anonymous": 0, "Maya_In†oxicated": 1, "Ryan Daly": 2}}, {"id": 17307888, "category": {"id": 63, "name": "My Story"}, "emotion": "Insecure", "turns_number": 3, "dialogues": [[674447, 0, "how to stop this strong craving feeling to talk to anyone want to stop but i feel i am not comfortable with it retard brain", []], [1502414, 2, "I know what you mean I think . I do not want to feel needy or be needy , but I like bounding ideas off pp", []], [1484869, 1, "its normal wanting to talk to pp", []]], "speakers": {"sedlyf": 0, "BB": 1, "Hollow": 2}}, {"id": 17307881, "category": {"id": 7, "name": "Relationships"}, "emotion": "Heartbroken", "turns_number": 5, "dialogues": [[452270, 0, "How do you walk away after 9 years together . ?", []], [1169490, 4, "If it is building up inside me for a long time , it is time to take a bitter sip and quit", []], [1507953, 3, "Growth ? People evolve . Rarely will they evolve together . Look at it in a position have way and then it is not so negative have .", []], [532358, 2, "just try and walk out with your head held high and try not to let your emotions show I know its hard but in the end you need to move forward and try and fix your broken heart", []], [1494402, 1, "how do you walk away after 38 years", []]], "speakers": {"Yeah It’s Me": 0, "ASH": 1, "D.I.L.L.I.G.A.F.": 2, "Ryan Daly": 3, "Newbie": 4}}, {"id": 17307873, "category": {"id": 20, "name": "Others"}, "emotion": "Supportive", "turns_number": 3, "dialogues": [[1070747, 0, "mexican is not a race its an ethnicityfrom what i know right ?", []], [1419294, 2, "Mexican is nationality . Hispanic is ethnicity .", []], [1494402, 1, "mexican is not a race its a nationality your race would b hispaniac", []]], "speakers": {"Nothingistoopersonal": 0, "User Banned": 1, "Newbie": 2}}, {"id": 17307856, "category": {"id": 7, "name": "Relationships"}, "emotion": "Heartbroken", "turns_number": 5, "dialogues": [[0, 0, "ladies would you go back to someone you created on ? I want nothing more than for my girlfriend who created to come back . I miss her so much", []], [884718, 4, "If it happened once i would i have him one more chance , but that is it", []], [1364505, 3, "usually once a theater always a theater . trusting is hard . trust is the main base of any relationship . if she can cheat someone else to come back to you . she can do the same with you . she should have admitted what she feels to other person cleareally , Rather than cheat", []], [1507953, 2, "billions of woman on this planet and you still want the one that wants others ? life bigger then your tube back later . go check it out !", []], [1421804, 1, "you are just traumatism you do not miss her cause she is so deserving of love :/", []]], "speakers": {"Anonymous": 0, "Victoria💜💫": 1, "Venessa": 2, "D.I.L.L.I.G.A.F.": 3, "Ali Ridha": 4}}, {"id": 17307850, "category": {"id": 10, "name": "Friends"}, "emotion": "Positive", "turns_number": 3, "dialogues": [[796740, 0, "well I need friends , we can gist , talk about anything , have fun and be happy.please a good friend , someone that is fun ", ["🙏", "❤"]], [991700, 2, "you seem nice what are your interests ?", []], [1507953, 1, "well I ll be your friend as long as you pay half and there is a dollar menu .", []]], "speakers": {"kimdee": 0, "Siren": 1, "D.I.L.L.I.G.A.F.": 2}}, {"id": 17307836, "category": {"id": 20, "name": "Others"}, "emotion": "Depressed", "turns_number": 3, "dialogues": [[0, 0, "in this post will be removed but I want to vent and I can not vent anyone welcomehere else . I have a weird cuckolding finish . I feel sexually aroused by the idea of my girlfriend willingly having sex with hot men in front of me .", []], [769186, 2, "send your girl my way", []], [506000, 1, "I mean , you could talk to her about it .", []]], "speakers": {"Anonymous": 0, "User Banned": 1, "ⁿᵒ ᵃⁿᵍᵉˡ": 2}}, {"id": 17307828, "category": {"id": 62, "name": "Mental Health"}, "emotion": "Depressed", "turns_number": 6, "dialogues": [[1277501, 0, "Can you leave me a position have message ? Fuck I m trying so hard to cope and it is all so overwhelming .", []], [711722, 5, "Stay strong .value yourself . eventually it will all get better .ever dark night has a beautiful shiny morning .just go out .have some fresh air .spend time with yourself . .eat some snacks .or just sit at a quite place . and think how amazing you are and that you do not deserve it . so you should not be feeling this way . there is a hope that is waiting for you in the dark you should know you are beautiful just the way you are . ", ["✨", "☺", "❤"]], [1508433, 4, "You can do this . Focus on the small things and the steps you take . I have your self praise for doing these steps", []], [1312627, 3, "we need Youthfulness Compassion and Forbearance", []], [1251600, 2, " It ll pass .  Or  it is all temporary .  This helps me sometimes", []], [1284117, 1, "In the words of DIX.when it rain , withstand the pain .", []]], "speakers": {"Courtney Tolliver": 0, "DJ MARYJANE™️🎧🍁": 1, "Abbey Best": 2, "Righteous Force": 3, "⸄ρ⸅⸄я⸅⸄ɪ⸅⸄и⸅⸄c⸅⸄є⸅⸄s⸅⸄s⸅ ⸄c⸅⸄σ⸅⸄я⸅⸄ɒ⸅⸄ɪ⸅⸄ℓ⸅⸄ɪ⸅⸄α⸅": 4, "Sweet Like Chocolate": 5}}, {"id": 17307823, "category": {"id": 20, "name": "Others"}, "emotion": "Nothing", "turns_number": 3, "dialogues": [[1392665, 0, "I hate you but not as much I hate we", []], [1251600, 2, "Tell me that you hate me", []], [1247727, 1, "love me love me . no one i have of", []]], "speakers": {"Teo": 0, "⸄ρ⸅⸄я⸅⸄ɪ⸅⸄и⸅⸄c⸅⸄є⸅⸄s⸅⸄s⸅ ⸄c⸅⸄σ⸅⸄я⸅⸄ɒ⸅⸄ɪ⸅⸄ℓ⸅⸄ɪ⸅⸄α⸅": 1, "Sky diver🌟": 2}}, {"id": 17307819, "category": {"id": 7, "name": "Relationships"}, "emotion": "Heartbroken", "turns_number": 3, "dialogues": [[1492520, 0, "hurts to breathe because every breath I take proves I ca not li have without you", []], [348096, 2, "hug talk to me if you need to", []], [1507953, 1, "That was a contradiction . How does breathing prove you can not li have ? Everything will be ok . people come and go in life . there is no bank beds in our coffin . So stop worries about living for someone else and just Li have for yourself by living your best life .", []]], "speakers": {"gagan": 0, "raquel": 1, "D.I.L.L.I.G.A.F.": 2}}, {"id": 17307808, "category": {"id": 48, "name": "Work"}, "emotion": "Loved", "turns_number": 3, "dialogues": [[1496433, 0, "so this older lady I work with literally just handed me the keys to her car and told me it is God is will .", []], [532358, 2, "what are you going to do with it ?", []], [971423, 1, "obviously it is still in her name", []]], "speakers": {"Anthony Clark": 0, "Ryan Daly": 1, "prey": 2}}, {"id": 17307795, "category": {"id": 62, "name": "Mental Health"}, "emotion": "Annoyed", "turns_number": 3, "dialogues": [[1197049, 0, "why of am I feeling so many feelings at the same time .", []], [1487675, 2, "maybe co a not playing CALL OF DUTY with me . come sap", ["😼"]], [1472931, 1, "Are you anxious?Have you watched the Dinner movie Inside Out ? I recommend it . It is cheap to rent on couture . It is all about feelings .", []]], "speakers": {"Gluten Free Emotions": 0, "⚡𝗞𝗔𝗕𝗶𝗥ᵃ⚡": 1, "Nadine 🦨": 2}}, {"id": 17307793, "category": {"id": 20, "name": "Others"}, "emotion": "Annoyed", "turns_number": 4, "dialogues": [[940963, 0, "i do not want to go to driving school feels like i would waste my free time and also i am scared", []], [674447, 3, "learn driving , it is one of the important life skill", []], [1487675, 2, "DARK KE AGE FEET HAD . GO FOR IT and cease the day my friend", []], [971423, 1, "these vehicles are worth months of pay , and that is not considering the potential danger to someone is health in a wreck", []]], "speakers": {"𝙼𝚒𝚗🖇": 0, "sedlyf": 1, "⚡𝗞𝗔𝗕𝗶𝗥ᵃ⚡": 2, "prey": 3}}, {"id": 17307790, "category": {"id": 63, "name": "My Story"}, "emotion": "Hopeful", "turns_number": 4, "dialogues": [[0, 0, "horror / thrilled english moves to recommend ?", []], [1382784, 3, "The conquering 1&2 . Insidious 1,2,3,4 . The bye bye man . The Descent . The Saw moves , Nightmare on elm Street . Annabelle moves . The collector and The Collection . The Wretched . The exorcise of Emily rose", []], [1504111, 2, "I really enjoyed  The Topsy of Jane Doe  and  Fractured  !", []], [1466665, 1, "best horror moves are Spanish or French and you would need sobs", []]], "speakers": {"Anonymous": 0, "Jason17vx": 1, "Hyun-Ji": 2, "Emi": 3}}, {"id": 17307781, "category": {"id": 62, "name": "Mental Health"}, "emotion": "Insecure", "turns_number": 3, "dialogues": [[1149922, 0, "I would like to believe in myself but I am afraid I will get disappointed", []], [591469, 2, "scared of failure hut ? I still did not found cure for it", ["😔"]], [674447, 1, "but you have got to believe in yourself", []]], "speakers": {"Kazumi": 0, "User Banned": 1, "sedlyf": 2}}, {"id": 17307775, "category": {"id": 74, "name": "Depression"}, "emotion": "Optimistic", "turns_number": 3, "dialogues": [[1154453, 0, "Morning everyone hope you have a good day", ["💗"]], [591469, 2, "good morning :) have a good day ~", []], [1382784, 1, "Hope you have a good day too", []]], "speakers": {"dead inside": 0, "User Banned": 1, "Jason17vx": 2}}, {"id": 17307769, "category": {"id": 72, "name": "Anxiety"}, "emotion": "Tired", "turns_number": 4, "dialogues": [[1294421, 0, "somebody pus give me motivation for Un diversity . I am kind of no motivation to start my study at .", []], [1362252, 3, "any i feel a . just think of how much of a relief it ll be going into the test prepared rather than if you did not study . I know it sucks but its worth it . un diversity will be over in a flash and if you work hard now , you wo not have to later", []], [711722, 2, "it is beneficial foryouryour and nobody else . study can make you . other things can only break you .", []], [1496433, 1, "think about where you ll be 5 years down the road 10 years down the road . stir have to always be better", []]], "speakers": {".": 0, "Trash Panda": 1, "DJ MARYJANE™️🎧🍁": 2, "Anthony Clark": 3}}, {"id": 17307760, "category": {"id": 20, "name": "Others"}, "emotion": "Caring", "turns_number": 4, "dialogues": [[1495143, 0, "I get attached easily . I hate it .", []], [591469, 3, "it get better with time . i think .", []], [711722, 2, "I know how it feels", ["🥺"]], [1495010, 1, "ah will you be my friend ? :)", []]], "speakers": {"Lucy": 0, "User Banned": 1, "DJ MARYJANE™️🎧🍁": 2, "boom💥": 3}}, {"id": 17307744, "category": {"id": 72, "name": "Anxiety"}, "emotion": "Supported", "turns_number": 3, "dialogues": [[1026183, 0, "I am scared I have really bad anxiety i am thinking that i am going to have a heart attack . My chest hurts and my heart is beating fast . My throat  feels like is going close . I ca not breathe . My back hurts .", []], [794232, 2, "calm down , take deep breathes , try to meditate , drink some water , everything is going to be ok , pus take care . calm down . relax .", []], [711722, 1, "Relax . breathe in and out and just think is it even worth it . take care of yourself .value yourself .", []]], "speakers": {"♡loveJanelle ♡": 0, "Vkris": 1, "DJ MARYJANE™️🎧🍁": 2}}, {"id": 17307742, "category": {"id": 10, "name": "Friends"}, "emotion": "Supportive", "turns_number": 3, "dialogues": [[1150828, 0, "Any fitness coach or trainer here ? any advice for thigh fat reduction ?", []], [555901, 2, "I lost almost 200 pounds from simply speed walking . It definitely helped to tone my legs up .", []], [1504749, 1, "not a trainer but a fitness enthusiast . hip thrusts 30 . for sets . squat 40 . for sets . regulareally . results in to weeks .", []]], "speakers": {"P€rv in ur thoughts": 0, "Lori": 1, "Aela✨": 2}}, {"id": 17307725, "category": {"id": 7, "name": "Relationships"}, "emotion": "Supportive", "turns_number": 3, "dialogues": [[613938, 0, "Morning how you doing ?", ["😊"]], [1497798, 2, "morning have a great day !", ["🌻", "😃"]], [1446118, 1, "a very good morning to you and have a good day ", ["😁", "☺"]]], "speakers": {"Purrrr 😸": 0, "l u m e n ✨": 1, "Hulk": 2}}, {"id": 17307713, "category": {"id": 20, "name": "Others"}, "emotion": "Nothing", "turns_number": 3, "dialogues": [[0, 0, "My anaconda do not anaconda do not anaconda do not want noneunless you got guns , honor my gash .", []], [1504839, 2, "laughing my arms off I m dead . this funny", ["🤣"]], [1009820, 1, "Reminded me of a scene from Friends", []]], "speakers": {"Anonymous": 0, "Faith_Over _Fear": 1, "hidden": 2}}, {"id": 17307696, "category": {"id": 12, "name": "Self Harm"}, "emotion": "Depressed", "turns_number": 3, "dialogues": [[900867, 0, "I have no one . No one really cares and I m on the verge of relapse", []], [591469, 2, "we are here for you", []], [1504218, 1, "fear is an illusion . All there in the world is love.we are here for you", []]], "speakers": {"trying93": 0, "User Banned": 1, "Pradeep Kumar": 2}}, {"id": 17307695, "category": {"id": 7, "name": "Relationships"}, "emotion": "Inspired", "turns_number": 3, "dialogues": [[1487675, 1, "our waise hi much angle billion both passed had", ["🙆", "😼"]], [1092562, 3, "more you ignore them they will come", ["😂", "🤣"]], [1480973, 2, "until you get em wet they . hate you", []]], "speakers": {"⚡𝗞𝗔𝗕𝗶𝗥ᵃ⚡": 0, "DJ Lucas": 1, "Nick": 2}}, {"id": 17307694, "category": {"id": 67, "name": "Self-Care"}, "emotion": "Overwhelmed", "turns_number": 4, "dialogues": [[349954, 0, "I need to stop spending a lot of time on this pp . Most of the time , I dislike the person I am when i am here .", []], [965312, 3, "maybe you can take a break , it helps a bit stay strong", ["🥺"]], [1506242, 2, "I too feel like I become a person I dislike when I spend a lot of time on this pp . It is also kind of addicted have .", []], [1396840, 1, "This apes a toxic toxic place !", []]], "speakers": {"ᴮᴵᴿᴰ": 0, "angevil": 1, "Rishi": 2, "ded.": 3}}, {"id": 17307688, "category": {"id": 63, "name": "My Story"}, "emotion": "Numb", "turns_number": 4, "dialogues": [[1508661, 0, "i feel like nobody cares anymore , i have nobody to talk to , or open up to , so much is going on and i literally ca not handle it anymore , constant anxiety and confusing i feel like i ca not do anything right", []], [1495325, 3, "i am here if you want to talk", []], [298178, 2, "i can imagine the pain you are going through know it is easier said than done but we all go through such phases in life and we are the only ones who can get out of it well you should not consider yourself alone and if you need a virtual friend who is always there for you , you can without thinking twice message me and we can talk more about what all is happening in your life", []], [1505066, 1, "We are here . check your do if you wish to talk", ["💙"]]], "speakers": {"malina": 0, "Ahsaas": 1, "👑King Khan": 2, "Rahul": 3}}, {"id": 17307664, "category": {"id": 20, "name": "Others"}, "emotion": "Nothing", "turns_number": 3, "dialogues": [[0, 0, "have you seen the video of anaconda by Nick mind ?", ["😂"]], [632838, 2, "no , not yet .", []], [1475107, 1, "Ah , probably should not too , judging that you went anonymous to comment this", ["😏"]]], "speakers": {"Anonymous": 0, "desi ladoo": 1, "siriiirii🖤김석진": 2}}, {"id": 17307639, "category": {"id": 62, "name": "Mental Health"}, "emotion": "Angry", "turns_number": 3, "dialogues": [[711722, 0, "I feel sorry for you . kind of try to ignore such kind of people cause they will just never understand others feelings . they do not have empty towards other human being . you just value yourself . and let them show who they are .parma is watching Everything .take care of yourself and stay strong . ", ["❤"]], [591469, 2, "as a guy I do not have to deal with that but its still make me angry everytime I see post like that . the worst is that they wo not stop .", []], [851775, 1, "been that is pretty intense and missed up , sorry you have to go through stuff like this .", []]], "speakers": {"DJ MARYJANE™️🎧🍁": 0, "User Banned": 1, "el presidente": 2}}, {"id": 17307629, "category": {"id": 62, "name": "Mental Health"}, "emotion": "Lonely", "turns_number": 6, "dialogues": [[1508661, 0, "i just want someone to hug me and ask if i am ok that would mean the world to me", []], [1481369, 5, "Huge , stay strong ! it ll be alright !", ["🍁"]], [1507928, 4, "Virtual hug , be Strong", ["🤗"]], [1507969, 3, "I wish I would me there and hug you and say you mean world to me . are you ok", []], [794232, 2, "are you ok ? stay strong , be herself , you are amazing .", ["🤗"]], [1508638, 1, "time will come and someone will be there for you * sending air huge", []]], "speakers": {"malina": 0, "Sai 🖤": 1, "David": 2, "revenge": 3, "Vkris": 4, "Ariei": 5}}, {"id": 17307626, "category": {"id": 7, "name": "Relationships"}, "emotion": "Supportive", "turns_number": 3, "dialogues": [[1277885, 0, "Some people are at this extreme of tolerable Those who express their sorrows . laugh like this The listener cried . This girl also committed suicide yesterday", ["😥", "😢", "😓"]], [1390145, 2, "Do you know why ?", ["😟"]], [857981, 1, "she had enough , glad she is not suffering anymore", []]], "speakers": {"Sad boy": 0, "Maya 🛸": 1, "Amit8": 2}}, {"id": 17307623, "category": {"id": 7, "name": "Relationships"}, "emotion": "Confused", "turns_number": 3, "dialogues": [[1395250, 0, "why do girls show their upper asset while they capture pictures ? they usually get offended when someone comments . Is it not a hypocrite kind of behaviour ?", []], [1453108, 2, "let them do what they want , and people should shove their comments up their m mouth see see", []], [1469576, 1, "a person is perfectly capable of taking a picture of themselves ( and should be comfortable ) whitought having people arranging them in the comments . So no , it is not hypocrite . Do not sexuality others ( i m saying that in general , if you feel attacked by my statement maybe you should think more about it )", []]], "speakers": {"Saint in solitude": 0, "deadpool": 1, "Elise": 2}}, {"id": 17307619, "category": {"id": 10, "name": "Friends"}, "emotion": "Amused", "turns_number": 4, "dialogues": [[1161289, 0, "Only legends can drink milk straight , are you that legend ?", []], [1283064, 3, "ah . I am legend pro max . I do not even drink milk", []], [696305, 2, "legends do not drink milk best", []], [1378705, 1, "i drink milk straight from the see see", []]], "speakers": {"Tesco": 0, "LIONESS__GIRL": 1, "Ibuprofen bitch": 2, "White Wing": 3}}, {"id": 17307612, "category": {"id": 7, "name": "Relationships"}, "emotion": "Heartbroken", "turns_number": 3, "dialogues": [[1508661, 0, "i am constantly afraid of being used again it happens so much and i hate it", []], [1437800, 2, "i know the feeling , it sucks and hurts like a of . But please do not ever trying to use other people for revenge or you ll learn the hard way big time like i do", ["😐", "😔"]], [1360279, 1, "This must be hard to deal with . Trust once damaged is hard I know . May you find peace !", []]], "speakers": {"malina": 0, "bo bo": 1, "ForgottenWisdom": 2}}, {"id": 17307609, "category": {"id": 20, "name": "Others"}, "emotion": "Meh", "turns_number": 4, "dialogues": [[1372892, 0, "I like making friends but it is hard for me to have conversation with them because I m boring .", ["😅", "😂"]], [1282117, 3, "done with the homework ?", ["🦋", "🧐"]], [1383153, 2, "Do not be so needy", []], [1370906, 1, "hahhaaha . I guess stick some more time and new things will contribute to conversation .", []]], "speakers": {"mnc": 0, "𝑴𝒓. 𝑿": 1, "⚡": 2, "Rainbow Sparkle": 3}}, {"id": 17307608, "category": {"id": 20, "name": "Others"}, "emotion": "Nothing", "turns_number": 3, "dialogues": [[649267, 0, "I love when I make deals with myself like I do not know I m 100 % full of shit", []], [1421206, 2, "You are not shit . You are a redstone , the previous redstone . You are sapphire .", []], [1254403, 1, "greatest con we can pull off , is one on ourselves", []]], "speakers": {"'": 0, "𝐌 𝐑   𝐀 𝐋 𝐏 𝐇 𝐀   𝐓 𝐋   𝐂 𝐀 𝐏 𝐓 𝐀 𝐈 𝐍": 1, "brighteyesvividreams": 2}}, {"id": 17307598, "category": {"id": 7, "name": "Relationships"}, "emotion": "Supportive", "turns_number": 4, "dialogues": [[1411378, 0, "Girls chase guns who does not chase them", []], [1480973, 3, "that is true laughing my arms off I did not chase her back", ["🤣"]], [1425505, 2, "and guns chase girls who does not chase them . it is a circle of life", []], [1083704, 1, "everyone cases something that is hard to get I guess .", []]], "speakers": {"User Banned": 0, "Nick": 1, "🐮": 2, "👽": 3}}, {"id": 17307597, "category": {"id": 58, "name": "LGBT"}, "emotion": "Loving", "turns_number": 4, "dialogues": [[1508665, 0, "I missed her so much .", []], [1345853, 1, "I hope you feel better", []], [1345853, 1, "sorry you feel like that", []], [1345853, 1, "do not worry you going to feel better", []]], "speakers": {"Aniket Gawali": 0, "Rachel Ortiz": 1}}, {"id": 17307592, "category": {"id": 62, "name": "Mental Health"}, "emotion": "Moody", "turns_number": 3, "dialogues": [[1401500, 0, "i swear to god if i hear no pain no gain one more time i am finally going to jump off a building", []], [851775, 2, "is not that more like a grm type quote", []], [1283499, 1, "how about old is gold friend in need is friend indeed", []]], "speakers": {"I CAN!": 0, "el presidente": 1, "Leftover brownie": 2}}, {"id": 17307583, "category": {"id": 20, "name": "Others"}, "emotion": "Hopeful", "turns_number": 3, "dialogues": [[1452253, 0, "just to tired to do anything and everything", []], [925811, 1, "some people indeed working on here . indeed .", []], [925811, 1, "we need to work together , because we are now on social media .", []]], "speakers": {"Devil 🌹": 0, "P.M": 1}}, {"id": 17307570, "category": {"id": 63, "name": "My Story"}, "emotion": "Exhausted", "turns_number": 4, "dialogues": [[1330453, 0, "Another night spent crying love it here !", ["😍"]], [1370906, 3, "What is making you cry ? Yeah you are always welcome here .", []], [1507969, 2, "that so awesome . well crying is good for sometime but not always try to be position have", []], [1507376, 1, "Is it tears of joy ?", []]], "speakers": {"Social mami": 0, "Rainbow Sparkle": 1, "revenge": 2, "Kuty": 3}}, {"id": 17307569, "category": {"id": 74, "name": "Depression"}, "emotion": "Depressed", "turns_number": 5, "dialogues": [[262559, 2, "You will , I have faith in you", []], [1468444, 6, "how old will you turn ?", []], [1043700, 5, "Make it for me by", []], [1446310, 4, "Hey why you think like that?you will definitely make it", []], [1480973, 3, "(: I told myself the same thing I made it (;", []]], "speakers": {"𝐶𝑒𝑙𝑒𝑠𝑡𝑖𝑎𝑙": 0, "firefly": 1, "Death instructor 🚬": 2, "stark10880": 3, "Nick": 4}}, {"id": 17307562, "category": {"id": 7, "name": "Relationships"}, "emotion": "Supportive", "turns_number": 3, "dialogues": [[1319171, 0, "Tell me a story .", ["📜"]], [1143470, 2, "o , make it a action story ! embellish if you must", []], [1472757, 1, "You tell me Have a good time", ["😅", "👍", "🏻"]]], "speakers": {"JustSomeone": 0, "Neurotically Urs♡": 1, "🍁🍁 𝔖𝔥𝔞𝔣𝔦𝔮 🍁🍁": 2}}, {"id": 17307554, "category": {"id": 15, "name": "Family"}, "emotion": "Loving", "turns_number": 3, "dialogues": [[1248990, 0, "li have each day as if is your last day on earth , You never know when is your last breath . I have huge to your love oncekisses to your life partner Blessing to stranger you meet", ["🤗", "💘", "💋", "💕", "🙌", "🙏"]], [818573, 2, "you deserve a warm hug in . huge huge and huge  ", ["🤗", "❤", "☺", "💜"]], [1467191, 1, "kisses only for life partner , why not to love once also", ["😂"]]], "speakers": {"Independent Love ❤": 0, "Glittering Sparkles": 1, "𝓢𝓸𝓾𝓵 𝓝𝓮𝓿𝓮𝓻 𝓓𝓲𝓮": 2}}, {"id": 17307553, "category": {"id": 20, "name": "Others"}, "emotion": "Amused", "turns_number": 4, "dialogues": [[1507953, 0, "Talklife is just the Diet Come of Space .", []], [1051343, 3, "Oh my god ! I have not heard of my space in ages", ["😂"]], [488054, 2, "Either way both are a shadow of their former serves .", []], [1396692, 1, "what used to happen on space ? was not it similar to Facebook ?", []]], "speakers": {"D.I.L.L.I.G.A.F.": 0, ".": 1, "Tandy": 2, "Mysterious Homie": 3}}, {"id": 17307538, "category": {"id": 10, "name": "Friends"}, "emotion": "Supportive", "turns_number": 3, "dialogues": [[950002, 0, "I m feeling so good , so comment for a compliment", []], [649267, 2, "now a compliment from a hot person , top tier", []], [1441781, 1, "Your comment made my day a bit brighter , i am expecting a wonder complement", ["🥰", "😤"]]], "speakers": {"Me when": 0, "'": 1, "Akuma-Chan": 2}}, {"id": 17307537, "category": {"id": 63, "name": "My Story"}, "emotion": "Anxious", "turns_number": 5, "dialogues": [[1502469, 0, "Can anyone talk ? It is almost 130am and I ca not sleep .", []], [649267, 4, "I think your clock is broken", []], [1218294, 3, "its almost 1:30 for me too where you from .", []], [690654, 2, "2:30 for me so I got you beat by an hour so far", []], [1508649, 1, "Of course ! What is going on ?", []]], "speakers": {"Damagedgirl": 0, "'": 1, "Vato J": 2, "MindCavity": 3, "Cay": 4}}, {"id": 17307529, "category": {"id": 20, "name": "Others"}, "emotion": null, "turns_number": 3, "dialogues": [[474464, 0, "Why do I continue to be so nice and dumb when cleareally pp do not care about me at all ?", []], [1508661, 2, "i feel the same trust me", []], [665054, 1, "oh .I just wanted to see if you are still here . Good to findyouryour", []]], "speakers": {"Artsy": 0, "malina": 1, "Iwon'tHURTchew": 2}}, {"id": 17307501, "category": {"id": 51, "name": "Helpful Tips"}, "emotion": "Inspired", "turns_number": 4, "dialogues": [[1503336, 0, "always look both ways when crossing the road", []], [1346896, 3, "take everything one thing at a time . enjoy the little things in life", []], [1143470, 2, "eat your dessert first . never know if that bite of speak will attempt to choke you", []], [851775, 1, "following , because I also need advice , my decisions lately have been following the same downward pattern", []]], "speakers": {"Bella": 0, "Andrew": 1, "Neurotically Urs♡": 2, "el presidente": 3}}, {"id": 17307498, "category": {"id": 74, "name": "Depression"}, "emotion": "Caring", "turns_number": 3, "dialogues": [[1100300, 0, "This month is going to be hard mainly the 20th of this month its the day my cousin ex girlfriend called me to tell me that my grand passed away from a mass have heart attack when i just seen her four days ago and she seemed fine . The day i lost her i lost everything my world , my heart , my best friend , my family , the only one who truly listens to what i want to say . I miss her everyday been depressed ever since that day", []], [1100300, 0, "My hearts been broken and i do not think it will ever be the same", []], [481157, 1, "Precious picture I m so very sorry for your loss You will be in my thoughts and prayers", ["❤", "💔", "🙏"]]], "speakers": {"queen_of_darkness": 0, "andreab1518": 1}}, {"id": 17307493, "category": {"id": 20, "name": "Others"}, "emotion": "Lonely", "turns_number": 3, "dialogues": [[1508652, 0, "I hate being alone anymore . i miss the feel of another person but i can not be with anyone at this point in my life . I do not know what to do", []], [1411711, 2, "we can feel your pain . do not feel alone we all are here for you", []], [1508649, 1, "I know being alone gets lonely sometimes but it is also probably a good thing too , find yourself , love yourself and cherish good moments by yourself & I promise when you find someone you will never settle for less and know your worth", []]], "speakers": {"Ruthy Salazar": 0, "Smile": 1, "Cay": 2}}, {"id": 17307489, "category": {"id": 20, "name": "Others"}, "emotion": "Amused", "turns_number": 3, "dialogues": [[1507953, 0, "Welcome to talklife . we encourage you to speak up and get what ever is on your mind out of your head by tying it in a post . As long as it is what we want to here lafa . What a Joke !", ["🤦", "♂"]], [1353287, 2, "yeah some people on this pp are assholes", []], [925811, 1, "just personal opinion , i do not even know What the fuck you are , actually", []]], "speakers": {"D.I.L.L.I.G.A.F.": 0, "ImAlive": 1, "P.M": 2}}, {"id": 17307461, "category": {"id": 20, "name": "Others"}, "emotion": "Energetic", "turns_number": 3, "dialogues": [[1484135, 0, "So hum christians are we going to cancel now Starbucks because it has Baphomet like Log OF IS WRONG WITH YOUR LIFE GO GET A JOB YOU DUMB BITCH", []], [1347312, 2, "Please tell me this is a joke", []], [851775, 1, "is not concealing stuff more the radical left line of work", []]], "speakers": {"Username": 0, "Veronica": 1, "el presidente": 2}}, {"id": 17307455, "category": {"id": 20, "name": "Others"}, "emotion": "Nothing", "turns_number": 4, "dialogues": [[0, 0, "if you had a chance to punish a rapistwhat punishment would you i have him", []], [1214159, 3, "Chop his arms and legs ", ["😬", "✌"]], [1035213, 2, "cut and feed him his own d.if girl , tie her down , throw meet or eggs all over her and let the scavengers enjoy their meal . :)", []], [1392665, 1, "Have a horse fuck him then kill his family or something and bag the bodies like it is a video game", []]], "speakers": {"Anonymous": 0, "💐AngelsOfLove💐": 1, "‎": 2, "Teo": 3}}, {"id": 17307435, "category": {"id": 7, "name": "Relationships"}, "emotion": "Heartbroken", "turns_number": 3, "dialogues": [[1499787, 0, "My ex wants to be together if I stability myself like get a job and still be in college . Is he lying ? Or is he telling the truth ? I want to know", []], [1486748, 2, "is he settled or he just want to get settled ? he just left you co you were not having a job ? it is not love . in love no conditions are there . if he really loves you then no matter wat he will stay with u", []], [1486114, 1, "leave him find another he must be a play boy", []]], "speakers": {"Jenn": 0, "✌️✌️ ∂εѵเℓ รเɳɠɦ": 1, "Newbie": 2}}, {"id": 17307432, "category": {"id": 10, "name": "Friends"}, "emotion": "Confused", "turns_number": 5, "dialogues": [[0, 0, "Why are there more guns hitting on a girl than girls hitting on a guy unless it is a celebrity ?", []], [1035213, 4, "oh no , it works both ways , trust me .", []], [684931, 3, "demand and supply i think", []], [1480973, 2, "I do not know ): I have corona the", ["🙏"]], [1029954, 1, "male pallid thrust , urging etc", []]], "speakers": {"Anonymous": 0, "‎": 1, "A :(  ઇଓ": 2, "Nick": 3, "🕷️🕸️": 4}}, {"id": 17307420, "category": {"id": 12, "name": "Self Harm"}, "emotion": "Overwhelmed", "turns_number": 3, "dialogues": [[513730, 0, "Self harm urges for real but i am 3 months clean", []], [449581, 2, "damn 3 months ? do not let in now , it ll pass :)", []], [1493810, 1, "3 months , you are so strong . You got this and we are stronger than we think", ["💪", "🏼"]]], "speakers": {"probablycottrill": 0, "𝓢𝓪𝓫𝓸𝓽𝓪𝓰𝓮": 1, "LauraBee": 2}}, {"id": 17307416, "category": {"id": 10, "name": "Friends"}, "emotion": "Sad", "turns_number": 3, "dialogues": [[1252288, 0, "Why are u so mean", ["😥"]], [1468997, 2, "bc I m you are find", []], [742429, 1, "It must be where they are in their life and in their head .", []]], "speakers": {"Kixmbxrly": 0, "ÒwÓ": 1, "LookingForLoveYo": 2}}, {"id": 17307395, "category": {"id": 20, "name": "Others"}, "emotion": "Energetic", "turns_number": 4, "dialogues": [[1484135, 0, "If God is The creator why he ca not turn me into a good person", []], [1405406, 3, "no answer for that , stop wasting your time laugh out loud", []], [1029954, 2, "cause there is no creator", []], [1507789, 1, "stupid question , because you are satan", []]], "speakers": {"Username": 0, "your favorite person": 1, "🕷️🕸️": 2, "Vino": 3}}, {"id": 17307390, "category": {"id": 20, "name": "Others"}, "emotion": "Supportive", "turns_number": 6, "dialogues": [[1070747, 0, "i asked a guy if he uses condemn :D", []], [1490705, 5, "What did he say ?", ["😳"]], [1407161, 4, "well i never did . beck i never had sex . laugh out loud", []], [655753, 3, "I am the only one who expected a joke or something ?", []], [1463132, 2, "Never because never had is is", []], [756706, 1, "that is the right question . guns need to be london trained .", []]], "speakers": {"Nothingistoopersonal": 0, "Rei": 1, "Numa Numa Ye!!": 2, "KitKat": 3, "𝖑𝖚𝖈𝖆𝖘 𝖘𝖙𝖔𝖎𝖓𝖎𝖘": 4, "Benkey 😀": 5}}, {"id": 17307368, "category": {"id": 74, "name": "Depression"}, "emotion": "Depressed", "turns_number": 6, "dialogues": [[30751, 0, "it is so hard for me to believe that literally anybody would be worse off if i just disappeared", []], [1480973, 5, "well baby Drawer you later that is not true (;", []], [1035358, 4, "do not say that Ripley Reid.we all loveyouryour", []], [1468444, 3, "I m sure it would make a difference , one they would never want", []], [1312627, 2, "change life style , meditate , connect original true inner self , find root cause of depression then let go of weakness by improve character to high standard , then you be at peacetime to know how ?", []], [917454, 1, "every person is existence causes cripple effect thought time . your sudden disappearance will cause more grief than you might think", []]], "speakers": {"𝖇𝖆𝖇𝖞 𝖉𝖗𝖆𝖈𝖚𝖑𝖆.": 0, "Nick": 1, "Phoque": 2, "firefly": 3, "Righteous Force": 4, "Obi-wan Kenobi": 5}}, {"id": 17307364, "category": {"id": 10, "name": "Friends"}, "emotion": "Down", "turns_number": 3, "dialogues": [[1214159, 0, "How I wish I got friends that physically here with me whom can hang out with but I do nothave", ["😭", "💔"]], [1354181, 2, "Most of my interactions are with people that ll take least days to physically be present here:/", []], [1436296, 1, "* I wish that too. But You are The Chest Prettiest Angle Though i can not be Physically There with You . But Remember this always.you will always be my chest Friend and i wo not make you feel any less. Stay Happy and Keep smiling . Lot is of Love : Sire .", ["🖤", "🍁", "💐"]]], "speakers": {"💐AngelsOfLove💐": 0, "Zenith": 1, "𝑆𝑖𝑟é𝑛𝑒●࿐": 2}}, {"id": 17307351, "category": {"id": 20, "name": "Others"}, "emotion": "Nothing", "turns_number": 3, "dialogues": [[859993, 0, "i hate that i am making more enemies than friends hereseriously how of is everybody getting along with everybody else so easily ?", []], [1463252, 2, "You ca not even imagine how many dramas I caused laughing my arms off it is not you are fault but people s", []], [1167278, 1, "by i willing like a bean", ["😌"]]], "speakers": {"Zak": 0, "Val": 1, "atom•": 2}}, {"id": 17307350, "category": {"id": 7, "name": "Relationships"}, "emotion": "Supportive", "turns_number": 3, "dialogues": [[1494086, 0, "Good morning to all the beautiful souls here", ["🤗"]], [1206194, 2, "Least by reading this i have a beautiful soul . Thank you ", ["❤", "📖"]], [1259948, 1, "good morning , have a great day !", ["💫"]]], "speakers": {"Thomas": 0, "No one": 1, "Cristy🌹": 2}}, {"id": 17307336, "category": {"id": 15, "name": "Family"}, "emotion": "Loved", "turns_number": 4, "dialogues": [[1433662, 0, "strict parents taught me manners ;) do not misunderstand em :)", []], [1205790, 3, "or your butt will be beat", []], [1480973, 2, "my dad taught me how to make whiskey (:", []], [1508638, 1, "well sometimes parents are the reason why we suffer", []]], "speakers": {"prettystrangers ')": 0, "Valentino🥀": 1, "Nick": 2, "Ariei": 3}}, {"id": 17307305, "category": {"id": 7, "name": "Relationships"}, "emotion": "Heartbroken", "turns_number": 3, "dialogues": [[916558, 0, "being without someone makes you go insane", []], [1334208, 2, "under certain circumstances , yes", []], [509354, 1, "Yes i know all about it", []]], "speakers": {"lifesucks900": 0, "POWER CAT": 1, "Inside the head of a borderliner": 2}}, {"id": 17307302, "category": {"id": 7, "name": "Relationships"}, "emotion": "Heartbroken", "turns_number": 4, "dialogues": [[1013374, 0, "She wanted me to limp for her but I was scared of letting myself open up again", []], [1480973, 3, "do not limp return to monk", ["🦧"]], [1346172, 2, "she have to limp for you too the", ["🤨"]], [1214337, 1, "Stupid question what is limp ?", []]], "speakers": {"Lost Soul": 0, "Nick": 1, "User Suspended": 2, "__nobody__": 3}}, {"id": 17307295, "category": {"id": 5, "name": "Bullying"}, "emotion": "Frustrated", "turns_number": 3, "dialogues": [[1507953, 0, "1st Amendment ! These social media outlets need to learn it !", []], [684931, 2, "well technically it is their pp so they can have any rules they want and failure to comply with the rules enables them to remove anything they want .", []], [1396692, 1, "what they should learn according toyouryour", []]], "speakers": {"D.I.L.L.I.G.A.F.": 0, "A :(  ઇଓ": 1, "Mysterious Homie": 2}}, {"id": 17307291, "category": {"id": 15, "name": "Family"}, "emotion": "Confused", "turns_number": 3, "dialogues": [[1319171, 0, "I had a dream of my mother chasing me with a kitchen - knife , on another dream she threw heavy rocks at me . What do you think this means ?", []], [1480973, 2, "just a bad dream I suppose unless you and your mother have issues", ["🤔"]], [1457588, 1, "It means someone is behindyouryour", []]], "speakers": {"JustSomeone": 0, "Nick": 1, "Light Yagami": 2}}, {"id": 17307285, "category": {"id": 11, "name": "Hopes"}, "emotion": "Loving", "turns_number": 3, "dialogues": [[1507789, 0, "Stop thinking , feel the moment , like sex .", []], [682976, 2, "you can definitely think during sex too the  ( _ ) ", []], [1418624, 1, "or . like any other amusement rides .", []]], "speakers": {"Vino": 0, "gluten-free anxiety": 1, "♡вroĸenѕмιle♡": 2}}, {"id": 17307279, "category": {"id": 7, "name": "Relationships"}, "emotion": "Down", "turns_number": 4, "dialogues": [[1394483, 0, "do not feel like that you did you are best but he divided to be with the he let him she will cheat on him again and he will want to come back and that is when you say no and if he sees you happy with someone else he will be kicking his own ass stay strong my friend you will heal in time", []], [1480973, 3, "what a ashore leave em home", []], [728674, 2, "maybe moving on or a fling my help you", []], [1504371, 1, "you are gorgeous and amazing ! and you deserve nothing but the best.do not ever let the nativity of the world get you down !", []]], "speakers": {"cruzer": 0, "Nick": 1, "User Banned": 2, "Lucky 06": 3}}, {"id": 17307250, "category": {"id": 62, "name": "Mental Health"}, "emotion": "Hopeful", "turns_number": 8, "dialogues": [[1468444, 0, "www I m so proud of you ! this is such a good decision to take and the thing you are planning on saying is pretty good . I hope you get all the help you need", []], [1478847, 7, "Yes that sounds perfect ! Let me know what happens ok ?", []], [1472757, 6, "A it is good . Go and say it to your mon", ["👍", "🏻"]], [1312627, 5, "need help improve , do me", []], [1505463, 4, "you should tell . everything will be fine", []], [1422653, 3, "You should tell you are mon , i am a mon , and every mon would be help they kiss , and do not worry too much . as long as you still with you are mon . hurry tell her .", []], [1508717, 2, "Say how you feel and do not be worried about disappointing her . Telling my sum about my mental health was the best decision I ever made", []], [413255, 1, "proud of you . i hope you get all the help that you need", []]], "speakers": {"firefly": 0, "Makayla": 1, "🍁🍁 𝔖𝔥𝔞𝔣𝔦𝔮 🍁🍁": 2, "Righteous Force": 3, "janvi": 4, "rianne": 5, "Shannon": 6, "LaLa": 7}}, {"id": 17307219, "category": {"id": 7, "name": "Relationships"}, "emotion": "Loving", "turns_number": 3, "dialogues": [[1419188, 0, "I think I m in love with him .", []], [1468997, 2, "in you are in love with him not her", []], [796279, 1, "it is sad that it scars me to hear you say that but that is my trauma . I m proud of you for being open to love .", []]], "speakers": {"MarieRose🐇": 0, "ÒwÓ": 1, "allimarie": 2}}, {"id": 17307166, "category": {"id": 7, "name": "Relationships"}, "emotion": "Hopeful", "turns_number": 4, "dialogues": [[1467857, 0, "It will get better eventually . Some day . In millions years maybe .", []], [1480973, 3, "in a million years we ll probably be dinosaurs", ["🦕"]], [1364505, 2, "have faith . and work on it .", []], [491122, 1, "It maybe sooner than you think . Have faith", ["❣"]]], "speakers": {"Liv": 0, "Nick": 1, "Venessa": 2, "AJ": 3}}, {"id": 17307162, "category": {"id": 20, "name": "Others"}, "emotion": "Supportive", "turns_number": 3, "dialogues": [[1070747, 0, "what is legal to carry with me for self defense ?", []], [596099, 2, "the wire from a curling iron .", []], [1039702, 1, "I do not know if you can find it in your country , but there is this tiny pencil sharper in if which is sharp of .", []]], "speakers": {"Nothingistoopersonal": 0, "Laurent Forte": 1, "Pushyamitra Shunga": 2}}, {"id": 17307160, "category": {"id": 7, "name": "Relationships"}, "emotion": "Nothing", "turns_number": 12, "dialogues": [[760764, 0, "One part of me wants to date someone , share my days with them , laugh , travel , anything , while the other part of me never want to date again . I am scared of being hurt , while also want to feel the amazing feeling of being in love . I hate that I can never decide what I want , my brain just jumps between wanting stuff and not wanting anything", []], [658263, 11, "I suggest you to date someone .share your jokes , laugh , travel and enjoy the wonderful moments of like and accept that nothing is permanent .and no one can stay forever .so set them free to li have their life . always remember .you only lose what you cling to .so set yourself free too from limited belief system you cling to .", []], [1508031, 10, "the feeling is very much mutual", []], [1043913, 9, "you know i thought the same until i met someone that is so worthwhile , so if what it takes is to get hurt to finally get someone who would not do the same i think its worth it :)", []], [1017383, 8, "I am the same way but i always make my body choose being with someone even If I know how it is on na end", []], [1327230, 7, "Same here . do not know what to do", []], [1421206, 6, "You are so sensitive have . You have got a good heart . People who have sensitive have heart get hurt easily . I can feel it bc I feel the same . And bc of it I friend zone everyone .", []], [1486748, 5, "if somebody hunted you the does not means other too hurt u. there is a difference between fearful n careful . one must li have their life carefully not fearfully.just take care of the people with whom you are involving .", []], [1152131, 4, "You are awesome , do not be afraid to keep hopes again , this will surely be worth it . Much love. ", ["✨", "❣"]], [1271762, 3, "does not hurt to i have it a shot . I hope you find someone", []], [1507391, 2, "if you are looking for sign here it is.shoot you are shot", []], [1410221, 1, "if you think like that then sorry girl . you are not going anyone welcomehere . stop thinking start doing . I mean start dating . you never know what comes next so just do not assuming or decide things without doing anything . if it is going to hurt anyone welcomed . so move on it is not like everything will be over . think position have . everything will be alright you ll be fine . in the end , at least you wo not regret it .", []]], "speakers": {"Dessie 🏳️‍🌈": 0, "ɐpuᴉ⅂": 1, "Rk": 2, "dora": 3, "Oni": 4, "èrtuo": 5, "𝐌 𝐑   𝐀 𝐋 𝐏 𝐇 𝐀   𝐓 𝐋   𝐂 𝐀 𝐏 𝐓 𝐀 𝐈 𝐍": 6, "✌️✌️ ∂εѵเℓ รเɳɠɦ": 7, "as_adrija✨": 8, "Nicole.": 9, "haven": 10, "bevda killer": 11}}, {"id": 17307134, "category": {"id": 74, "name": "Depression"}, "emotion": "Lonely", "turns_number": 3, "dialogues": [[1508634, 0, "I am new here and just going through a rough time . I feel lonely and unloveable and literally do not know who to talk to that would care", []], [1508604, 1, "Well , if you need someone to talk to , I m more than willing to", []], [1508604, 1, "not family at all . Bad friends tend to reach out to us only when they need something , i hate it.about the relationship , if being together is worse than being alone then it is probably better that we keep searching . Listening is very important in a relationship , and maybe he was not the best company for you . it may not seem like it now , but when the wounds heal ( and they surely will ) it will be clear", []]], "speakers": {"KileyRoberts": 0, "Luiz Felipe Santos": 1}}, {"id": 17307124, "category": {"id": 74, "name": "Depression"}, "emotion": "Overwhelmed", "turns_number": 3, "dialogues": [[1370906, 0, "oh i am sorry for you Jenny . Your life seem to be really tough . ant push your mon away . love those first who love you and be there foryouryour", []], [1498627, 1, "Is my mother is always here for me and i am even pushing her away watch is breaking my heart ", ["☹"]], [1498627, 1, "Oh and sorry about the lazy punctuation marks", []]], "speakers": {"Rainbow Sparkle": 0, "JennyBeitzel": 1}}, {"id": 17307113, "category": {"id": 74, "name": "Depression"}, "emotion": "Nostalgic", "turns_number": 3, "dialogues": [[1508630, 0, "I m laying on the couch watching to and it is been on my mind about how much worse it has been for me lately I have not felt this bad in a long time and in worried I wish I knew what the cause of it was", []], [728674, 2, "you want to chat about it ?", []], [1467857, 1, "Can you go to therapy ? If not maybe watch some video or read a book or try self help pp ?", []]], "speakers": {"Newbie": 0, "User Banned": 1, "Liv": 2}}, {"id": 17307097, "category": {"id": 62, "name": "Mental Health"}, "emotion": "Hopeful", "turns_number": 3, "dialogues": [[1504895, 0, "Is it only me who can not get over 2020 yet", []], [1489740, 2, "brush i ca not get over 2010 not even 2020", []], [1503260, 1, "all the events of this year sit in my head and I can not get rid of them . unless , to cut myself off completely , I would have to stop hanging out with the people of 2020", []]], "speakers": {"uwu": 0, "unknown & unloved potato": 1, "cherie": 2}}, {"id": 17307093, "category": {"id": 63, "name": "My Story"}, "emotion": "Lonely", "turns_number": 3, "dialogues": [[1106904, 0, "Sometimes i look at girls who are bigger then me and they have cut boyfriend and I think to myself what do they have that I do not ?", []], [449581, 2, "Just because you do not have an SO does not mean you are worth any less than someone who who had", ["🤷", "♂"]], [1463731, 1, "Maybe the father girls have more personality  ", ["🤷", "♀"]]], "speakers": {"Just me": 0, "𝓢𝓪𝓫𝓸𝓽𝓪𝓰𝓮": 1, "paranoid doll": 2}}, {"id": 17307083, "category": {"id": 10, "name": "Friends"}, "emotion": "Hopeful", "turns_number": 5, "dialogues": [[728674, 0, "is it creep to text someone out of blue here?should I do it or not", []], [1149580, 4, "why would that be creep laugh out loud", []], [1372892, 3, "For me , a little yeah", []], [1453108, 2, "comment on a recent post see  : or comment on a post they have commented on ?", []], [1499945, 1, "If they like you ? it wo not be creep", []]], "speakers": {"User Banned": 0, "imnotnewherebutiamnewhere": 1, "mnc": 2, "deadpool": 3, "Bliss": 4}}, {"id": 17307071, "category": {"id": 47, "name": "Health"}, "emotion": "Energetic", "turns_number": 3, "dialogues": [[1178200, 0, "My is in shape now due to Could . Have to get back in shape . Are yours out of shape too ?", ["🍑", "🥔"]], [1483652, 2, "I think we need to but do not worry", ["🤣"]], [509354, 1, "I was never in shape to begin with", []]], "speakers": {"User Banned": 0, "stef33": 1, "Inside the head of a borderliner": 2}}, {"id": 17307066, "category": {"id": 7, "name": "Relationships"}, "emotion": "Heartbroken", "turns_number": 3, "dialogues": [[1438623, 0, "how could you miss someone you have never met ?", []], [1508599, 2, "Laugh out loud , it is little like expecting a bull not to attack you because you are a vegetarian .", []], [1366821, 1, "because you do not miss the person you miss the idea of the person .", []]], "speakers": {"sasi": 0, "Uneeb Fazili": 1, "LoneWolf": 2}}, {"id": 17307059, "category": {"id": 48, "name": "Work"}, "emotion": "Anxious", "turns_number": 3, "dialogues": [[1409154, 0, "Today someone kind of forced me into adding them on social media at work . It made me really uncomfortable because I felt like I had to add them because they were asking me in person . Then another person they are friends with tried to add me too and if I do not add them it looks rude . Not to mention my worker was just fired for something they posted on social media . I really do not trust any of them", []], [1453026, 2, "that is just us as It definitely looks like a red flag . it is not required for you to add them as a friend . If anything they would get a block from me . No one should be enforcing their personal ideals upon you especially when it is not work related", []], [1429482, 1, "It is never mandatory to add them :) If they try to force you , you can tell them that you want to keep your private life and work separated , which is perfectly fine ! i would say it is also justified to delete them if you do not feel comfortable with it :)", []]], "speakers": {"Crybaby": 0, "AK255": 1, "11wildy": 2}}, {"id": 17307036, "category": {"id": 7, "name": "Relationships"}, "emotion": "Confused", "turns_number": 10, "dialogues": [[978489, 0, "i am 28to , is it ok to talk to a 45to man ? laugh out loud", []], [1258757, 9, "of course it is ok . what the fuck", []], [1133317, 8, "yes sure you are over the marriage age already", ["👀"]], [1476319, 7, "You are an adult , do what you want", []], [565712, 6, "kind of in what way ?", []], [1147444, 5, "i am 40 my wife is 28", []], [1156017, 4, "I do not know why people are so stupid . What does age has to do with wisdom and maturity .", ["🙄"]], [506000, 3, "I would date somebody 50 if we connected , doyouryour", []], [1073023, 2, "You are both adults , no issues unless you do not want to talk to them .", []], [1346896, 1, "yeah you well over the legal age , you know what you want / need . so I day its perfectly ok . I support", []]], "speakers": {"🧸breadcrumbs🧸": 0, "♡Little.Miss♡": 1, "donutello": 2, "User Banned": 3, "Kiara Staceヾღ彡": 4, "Solitary": 5, "jin'n": 6, "ⁿᵒ ᵃⁿᵍᵉˡ": 7, "Chlorine": 8, "Andrew": 9}}, {"id": 17307022, "category": {"id": 20, "name": "Others"}, "emotion": "Bored", "turns_number": 3, "dialogues": [[615781, 0, "so hungry but so lazy to get out of bed", []], [1147444, 2, "wish I could be the man who brings you breakfast to bead one day", []], [1506676, 1, "I really do not know how you want to do it , but can I say please for your own sake try getting out of bed , you are too tired because you think so", []]], "speakers": {"ris": 0, "Solitary": 1, "Samuel tosin": 2}}, {"id": 17307008, "category": {"id": 47, "name": "Health"}, "emotion": "Worried", "turns_number": 5, "dialogues": [[509354, 0, "So i basically smoked 10 gram of has in one week is that bad ?", []], [1448797, 4, "I do not think so but I do not know", ["😂"]], [1476319, 3, "Ah , it is impress have", []], [1508604, 2, "Smoking is amazing , but it is easy to get caught up and do nothing else . If things are working out though , it is not a problem in and of itself", []], [1411697, 1, "ah i used to smoke just over a ran a day . But it fuck up your tolerable and you wo not be able to even touch flower you will just be smoking for taste .", []]], "speakers": {"Inside the head of a borderliner": 0, "Sara": 1, "User Banned": 2, "Luiz Felipe Santos": 3, "Louis": 4}}, {"id": 17307006, "category": {"id": 20, "name": "Others"}, "emotion": "Embarrassed", "turns_number": 3, "dialogues": [[675280, 0, "The moment when you are humming a silly song and you do not realise it until someone i have you that _ look", ["😐", "🤐"]], [660917, 2, "yea like this one http:/open.notify.com / track/5y1oahnb1xzwnewb6zgwzf?si = of741uwqgkn-0P_grow&tm_source = copy - link", []], [1436296, 1, "* It Happens all the time.feels kind of embarrassing Though when people hear me singing .", ["😅", "😂"]]], "speakers": {"Arcane🦋": 0, "Pete": 1, "𝑆𝑖𝑟é𝑛𝑒●࿐": 2}}, {"id": 17307001, "category": {"id": 51, "name": "Helpful Tips"}, "emotion": "Frustrated", "turns_number": 4, "dialogues": [[1327067, 0, "Can anyone tell me how to write a cover letter ? I have 3 hours", ["😭", "😅"]], [661347, 3, "What is a cover letter ?", []], [1485833, 2, "well write from , to .", []], [1425255, 1, "There is probably a temple somewhere on goose", []]], "speakers": {"❄️Ellarue❄️": 0, "Anne": 1, "User Banned": 2, "sky 🏳️‍⚧️ he/they": 3}}, {"id": 17306961, "category": {"id": 74, "name": "Depression"}, "emotion": "Sad", "turns_number": 7, "dialogues": [[1390145, 0, "Do y all cry 5 + times a day too", []], [1013374, 6, "I m about to start doing that .", []], [1480973, 5, "I use too but only before I go to bed now (:", []], [1472454, 4, "Yeah , only at nights", []], [1442281, 3, "I cry a couple times a week", []], [1508604, 2, "Wish i could . The tears just wo not come out", []], [1386904, 1, "once a night for me laugh out loud", ["😢"]]], "speakers": {"Maya 🛸": 0, "Lost Soul": 1, "Nick": 2, "Morpheus": 3, "User Banned": 4, "Luiz Felipe Santos": 5, "Cletus Kasady Is Kira HaHaHaHa": 6}}, {"id": 17306938, "category": {"id": 62, "name": "Mental Health"}, "emotion": "Tired", "turns_number": 4, "dialogues": [[1071558, 0, "i need sleep but something is keeping me awake . I do not know what though", []], [1472454, 3, "Same , I guess I m just anxious", []], [1258757, 2, "looking at your phone could be the main cause . as everyone knows the LED lights project from phone keeps your brain awake and it is harder to shut down to sleep .", []], [1506676, 1, "I m sure you know , just have not thought it could be it", []]], "speakers": {"🦄 Kelsie 💖": 0, "Morpheus": 1, "♡Little.Miss♡": 2, "Samuel tosin": 3}}, {"id": 17306930, "category": {"id": 10, "name": "Friends"}, "emotion": "Lonely", "turns_number": 6, "dialogues": [[691827, 0, "You guns actually have friends on here ? Laughing my arms off I feel so lonely now :( I only get weird creep that even want to talk", []], [1480973, 5, "no I just meet random strangers we talk then I never see them again laugh out loud", []], [1472454, 4, "I do not know why , but almost all the people here stop talking to you after a few conversations", []], [1487354, 3, "Quakers are resident and relentless the", []], [675844, 2, "I get the no reply phase which works for me th since I hate talking", ["😂"]], [1421804, 1, "guess it depends on how you present yourself", []]], "speakers": {"Zoya": 0, "Nick": 1, "Morpheus": 2, "🔥COLE🔥": 3, "Logan": 4, "Ali Ridha": 5}}, {"id": 17306909, "category": {"id": 20, "name": "Others"}, "emotion": "Embarrassed", "turns_number": 3, "dialogues": [[1012692, 0, "ugh I want to run away and hide myself .", []], [1038115, 2, "and then you will want to come back but find no reason to", []], [1507084, 1, "Let your self be found and all will work out for good", []]], "speakers": {"ImHungry": 0, "maruf": 1, "DNR": 2}}, {"id": 17306887, "category": {"id": 7, "name": "Relationships"}, "emotion": "Lonely", "turns_number": 3, "dialogues": [[1240189, 0, "do , the summary shows you deserve better . never sign up for abuse . you are royalty", []], [1480973, 2, "I do not know why woman like men who hurt em its weird too me", ["🤔"]], [884718, 1, "Well you do not really miss him , you only miss what you had when he was not being abuse have . You need to realise that you can find that with someone else . The good days , having fun , the love . You ll have that with someone who wo not put his hand on you", []]], "speakers": {"User Banned": 0, "Nick": 1, "Victoria💜💫": 2}}, {"id": 17306848, "category": {"id": 10, "name": "Friends"}, "emotion": "Hopeful", "turns_number": 6, "dialogues": [[1508609, 0, "Hope I find some true friends here", []], [1480973, 5, "maybe or just people who need to vent", ["🤔"]], [1475107, 4, "It is hard , this pp is great for renting the", ["😉"]], [1443560, 3, "I m here for you if you want .", []], [1468997, 2, "ay welcome to our hell community I hope you will find em soon", ["🤗"]], [1483084, 1, "I need someone to talk to everyday and someone to be happy with", []]], "speakers": {"Ann S": 0, "Nick": 1, "siriiirii🖤김석진": 2, "User Banned": 3, "ÒwÓ": 4, "Gideon": 5}}, {"id": 17306810, "category": {"id": 11, "name": "Hopes"}, "emotion": "Proud", "turns_number": 3, "dialogues": [[0, 0, "My sum is outdatedhow to update ?", []], [1133317, 2, "latest update is already installed", []], [1504895, 1, "You can not update cut there is not enough storage", ["🤡"]]], "speakers": {"Anonymous": 0, "donutello": 1, "uwu": 2}}, {"id": 17306801, "category": {"id": 62, "name": "Mental Health"}, "emotion": "Exhausted", "turns_number": 4, "dialogues": [[1103102, 0, "I do not know how I feel", ["😶"]], [1506676, 3, "What is on your mind ?", []], [1373085, 2, "something bothering you Amalek ?", []], [1404895, 1, "it is ok , I do not know how I feel sometimes what name I should i have it .", []]], "speakers": {"🌸Lyna💜🌸🇵🇸": 0, "Samuel tosin": 1, "Hedwig🌺": 2, "Rohit💛": 3}}, {"id": 17306799, "category": {"id": 65, "name": "Eating Disorders"}, "emotion": "Embarrassed", "turns_number": 3, "dialogues": [[1508612, 0, "i am alone . in the dark . eating cake . this bout to cause my 2nd panic attack this week .", []], [1178200, 2, "What is your name , do you want to talk ?", []], [1483084, 1, "I need someone to talk to everyday and someone to be happy with", []]], "speakers": {"me$$ed up": 0, "User Banned": 1, "Gideon": 2}}]