[{"id": 16990797, "category": {"id": 5, "name": "Bullying"}, "emotion": "Heartbroken", "turns_number": 6, "dialogues": [[1484628, 0, "Lots of guns on social media are pressing me into sending nodes and when I tell them no they will get mad and harness me everyday i am just tired of it .", []], [1401594, 5, "Keep blocking them . There is many pigs out there on the net . Hope they burn in Hell ! Take care of yourself", ["🧸", "💕", "🍀"]], [1489126, 4, "block them the second they become us & keep in mind these people are irrelevant . not just to society as a whole but to you too .", []], [1489204, 3, "You is not have got to send nobody nothing . dint let them do that to you darling . they just think they can take advantage of you , show them different .", []], [956089, 2, "Report , Block , and walk away !", ["🖤"]], [645379, 1, "Sorry that keeps happening to you , it is annoying and inappropriate . Its definitely uncomfortable", []]], "speakers": {"Maia": 0, "SammyC": 1, "PewDiePie": 2, "Kassey R Wright": 3, "🐾 Ɱąմ 🐾": 4, "...michee...": 5}}, {"id": 16990790, "category": {"id": 63, "name": "My Story"}, "emotion": "Exhausted", "turns_number": 4, "dialogues": [[1485919, 0, "anyone ever had a bad day , someone pressure you into talking about it , and as soon as you tell them what is wrong they turn it around and make it about them , so you have to support them instead of receiving the support you needed ?", []], [1446134, 3, "More like they act like they understand when they do not and ask you for the reasons when they cleareally do not see that it is their fault :)", []], [1487808, 2, "just try to be understanding :)", []], [1487511, 1, "sometimes you got ta speak you are needs and assert you are boundaries . its tough work but keep at it", []]], "speakers": {"ENFP": 0, "idk": 1, "Claire◇": 2, "Emmett Gray": 3}}, {"id": 16990769, "category": {"id": 7, "name": "Relationships"}, "emotion": "Heartbroken", "turns_number": 3, "dialogues": [[1489192, 0, "found a really amazing guy after my last abuse have relationship of 8 yes . and I do not trust him . I just want to hurt myself . only because I m scared to love again and get hurt", []], [1147444, 2, " you deserve all the best", ["❤"]], [886640, 1, "we do not get many chances in this life so if you think he is a good person forget about your past and start over its hard but you can do it ", ["❤"]]], "speakers": {"Deanna Rae": 0, "Solitary": 1, "🌼": 2}}, {"id": 16990759, "category": {"id": 20, "name": "Others"}, "emotion": "Insecure", "turns_number": 4, "dialogues": [[1198875, 0, "I feel like my face does not fit me at all like it looks so weird on me on someone else it looks probably good but on me ah . I do not know I am weird .", []], [1382247, 3, "if you do not want it , ill have it", []], [1489266, 2, "no you are beautiful do not say that again , just do not think", []], [1489285, 1, "do not say that , love yourself , love every part of your body .", []]], "speakers": {"Random Girl": 0, "Alt+F4 my lyf": 1, "nightmare": 2, "NOOR UL AIN": 3}}, {"id": 16990747, "category": {"id": 12, "name": "Self Harm"}, "emotion": "Heartbroken", "turns_number": 3, "dialogues": [[591625, 0, "life is firing and lonely", []], [591625, 0, "still surprised this pp has not took this photo down yet", []], [1399774, 1, "depends how you make it all subject have", []]], "speakers": {"king-potatoe132": 0, "Ice King👨‍⚕️": 1}}, {"id": 17907712, "category": {"id": 58, "name": "LGBT"}, "emotion": "Depressed", "turns_number": 3, "dialogues": [[963270, 0, "it is time for me to cry myself to sleep because I will never be the woman i want to be", ["🙂", "🔨"]], [541914, 2, "no :( if you need someone to talk I m right here , love . you do need step too though", []], [1536986, 1, "stay strong things can change ", ["💪", "🏳", "🌈"]]], "speakers": {"Elizabeth": 0, "Layla X Akechi ship": 1, "Molasses feet": 2}}, {"id": 17907709, "category": {"id": 10, "name": "Friends"}, "emotion": "Annoyed", "turns_number": 11, "dialogues": [[1331025, 0, "Me : Man , I wish I had more friends to talk to . My into : * flooded with desperation and thirsty creep*Me : Nevermind , I think I just hate people now-", []], [1134341, 10, "tell me about it ! friends are a rarity these days", []], [1493839, 9, "Get that a lot . Hard to get a decent someone to spend time with", []], [1022656, 8, "you can try me I guarantee you it wo not happen", ["🙂"]], [1542199, 7, "havana If you do not want to attract this kinds of people just change your profile pick", []], [421767, 6, "I know ! They are everyone welcomehere !", ["🤢"]], [1331003, 5, "literally why do people think an pp for mental health is for dating also", []], [1486824, 4, "it is jungle warfare laugh out loud", []], [875856, 3, "Toy feels the same . missing Belle", []], [1542664, 2, "hi pretty lady , what is really the matter , please explain to me , i do not think you deserve to be annoyed , I will like to talk to you , i hope you will contact me back", ["🙂"]], [1110207, 1, "they directly land to into without learning any in and out of any user and due to this bull fight crops also get damaged .", []]], "speakers": {"✘은미✘": 0, "Sandstorm": 1, "Mignon Rabbit": 2, "GreedYWolF": 3, "am not ready": 4, "palechub": 5, "Adrian": 6, "Jake Peralta": 7, "Toby Flenderson": 8, "Ben Schulz": 9, "Still Eyes": 10}}, {"id": 17907684, "category": {"id": 66, "name": "Addiction"}, "emotion": "Excited", "turns_number": 3, "dialogues": [[1370163, 0, "Everyday is a good day for another tattoo and may today I will go for it . I can not wait the needles to touch my skin . Wish me Luck by the way , Good Morning", ["🤤", "💛", "🤩", "🌻"]], [1233296, 2, "whoa how many you got already ?", []], [1368327, 1, "where will you get the tattoo ?", ["😂"]]], "speakers": {"Wingardium Leviosa": 0, "Aamir Nakhwa": 1, "Rainbowofsomeone": 2}}, {"id": 17907675, "category": {"id": 15, "name": "Family"}, "emotion": "Overwhelmed", "turns_number": 6, "dialogues": [[1319205, 0, "she could be joking.just look out for the the frequencies.and if she keeps taking it further , if that is the case then i am sorry its weird and you have got to talk to someone about it . goodluck", []], [604116, 5, "That is definitely not ok . and she is being manipulate have too so she can get her way .", []], [1331025, 4, "Call her a pedophile , tell her you are reporting her for invest , and call the police because that is actually gross .", []], [1539030, 3, "it is weird . Why your mon did it to you", []], [1380578, 2, "You sure she not drunk or something", []], [1515296, 1, "my mother so flaps my butt and inches at my yes it is weird but hey she made me she says and it is fine", ["👀", "😂"]]], "speakers": {"Codedstrings": 0, "rmxsin": 1, "✘은미✘": 2, "gallery kuw": 3, "Ozone": 4, "Warmanxiety": 5}}, {"id": 17907656, "category": {"id": 20, "name": "Others"}, "emotion": "Nothing", "turns_number": 4, "dialogues": [[1516879, 0, "Everyone here has 60 % Wolf DA I have 90 % As a Can . We are all Wolf Hybrids here .", []], [1480973, 3, "so you are a furry ?", []], [541914, 2, "the other 40 % in m0ne", []], [1419505, 1, "oh , now in why i do not recall seeing the full moon which took place a few days ago .", []]], "speakers": {"Solomon's Hermeticist": 0, "Nick": 1, "Layla X Akechi ship": 2, "Ash🎶": 3}}, {"id": 17907637, "category": {"id": 51, "name": "Helpful Tips"}, "emotion": "Caring", "turns_number": 3, "dialogues": [[1030688, 0, "Want to love myself , but with a correct way ! any advises talklife friends ? !", []], [668144, 2, "taking care of your health is also love", []], [1459055, 1, "Stay health during this anaemic ! Healthy food and lifestyle themselves add more natural beauty - physically and emotional . And of course , you need position have friends .", []]], "speakers": {"Silent Parrot": 0, "MadmaX": 1, "Ann": 2}}, {"id": 17907602, "category": {"id": 61, "name": "Positive"}, "emotion": "Hopeful", "turns_number": 3, "dialogues": [[1489783, 0, "what do you guns love most about yourselves ?", []], [1517475, 2, "I can move heavy stuff . that is useful .", []], [656550, 1, "I do not really care about what others think of meals I love you are surname", []]], "speakers": {"frog girl": 0, "Newbie": 1, "GalaxySky": 2}}, {"id": 17907593, "category": {"id": 10, "name": "Friends"}, "emotion": "Meh", "turns_number": 3, "dialogues": [[1542526, 0, "late nights i look at myself and compare myself to everyone else , why ca not i look like them ? , why do i have to be so different compared to all the other girls", []], [1539681, 2, "Maybe you are special . You do not have to look like them , you are you . It is still valid to feel out of place , though .", []], [1542086, 1, "It just mean that you are special ! You do not have to look like other girls , you are perfect just the way you are ", ["❤"]]], "speakers": {"Melanie": 0, "FreakShowWithATopHat": 1, "StarOcean": 2}}, {"id": 17907581, "category": {"id": 7, "name": "Relationships"}, "emotion": "Lonely", "turns_number": 4, "dialogues": [[1357527, 0, "I miss my hobby , he is doing an army drill and he is been gone for to days and will be back tomorrow . Thing is we were in a long distance relationship for a whole year because he went on employment and we stayed strong , so you would think to days of him being gone would feel like nothing but in reality i am so use to him being by my side that if he is gone for just a day it does not feel the same without him ", ["🥺", "❤"]], [765294, 3, "wish he will come soon safe", []], [1463310, 2, "distance makes the heart grow fonder.i know this all to well , 9 years act have US and for employments . but never had a loyal woman waiting , but it happens . you and your husband are very lucky ! hold on to the feeling of missing him forever .beautiful !", []], [1537314, 1, "have you both met before ?", []]], "speakers": {"Emotional bb": 0, "QUEEN BOY💜💜": 1, "NezMarti": 2, "Harry Smith": 3}}, {"id": 17907572, "category": {"id": 15, "name": "Family"}, "emotion": "Inspired", "turns_number": 3, "dialogues": [[1542526, 0, "i feel like everything i do is never good enough", []], [1065896, 2, "probably either you r doing it for wrong pp or you r doing things wrongly", []], [1493839, 1, "I know what that feels like", []]], "speakers": {"Melanie": 0, "meowmeow": 1, "Mignon Rabbit": 2}}, {"id": 17907564, "category": {"id": 10, "name": "Friends"}, "emotion": "Supportive", "turns_number": 3, "dialogues": [[1489783, 0, "do you guns actually read people is stories", []], [1380578, 2, "I think you might spend too much time on the internet but I do not know ask me why", []], [1542506, 1, "yes i do , i can understand how deep it is", []]], "speakers": {"frog girl": 0, "Ozone": 1, "Isaac Lucas": 2}}, {"id": 17907561, "category": {"id": 10, "name": "Friends"}, "emotion": "Supportive", "turns_number": 3, "dialogues": [[1484135, 0, "Introduce yourself in the comment section . If you are interested in becoming friendships with someone in the comment section , heart their comment , reply to them , or DO them . Let is meet . ( edited )", ["😌", "👉", "👈", "✨", "🥂"]], [1486824, 3, "Laughing my arms off . you copied it exactly laugh out loud", []], [1331025, 2, "I m a jaded , sarcastic , and generally morbid person with absolutely nothing to offer you except a bunch of apologies and probably a knitted sweeter or two . I like cooling , psychology , and true crime . 10/10 chances you ll probably want to kill me once you get to know me", ["✨"]]], "speakers": {"Username": 0, "Jake Peralta": 1, "✘은미✘": 2}}, {"id": 17907551, "category": {"id": 47, "name": "Health"}, "emotion": "Caring", "turns_number": 3, "dialogues": [[1541156, 0, "What do y all do when you see a pick of yourself and realize how  big  you are ?", []], [1536363, 2, "Delete it from everything and just cry laugh out loud", []], [1458663, 1, "more intense workouts and sitting", []]], "speakers": {"emmalishious": 0, "P O O P Y": 1, "snuggluffagus™": 2}}, {"id": 17907521, "category": {"id": 20, "name": "Others"}, "emotion": "Sad", "turns_number": 3, "dialogues": [[956715, 0, "If you let him slide all the time cause you love him he will keep pushing his limit", []], [1395480, 2, "this is like the situation i am in just vice - have have", []], [756706, 1, "true love is giving true freedom . if he is yours he will come to you", []]], "speakers": {"Mean Nerd": 0, "King Pablo👑": 1, "Benkey 😀": 2}}, {"id": 17907511, "category": {"id": 47, "name": "Health"}, "emotion": "Confused", "turns_number": 4, "dialogues": [[1431332, 0, "Tomorrow is not promised . i am so glad you are ok !", []], [1089695, 3, "I was in an accident not too long ago . Life is so fragile", []], [1536195, 2, "goes to show how short life can be all it takes is one bad thing I m happy you are ali have", []], [1542472, 1, "I was also in a car accident a week ago . It was not your time yet and you still have a purpose in this world . i am glad you made it", []]], "speakers": {"David W ♻️": 0, "is here for u": 1, "Jesus Is Lord": 2, "Sabrina": 3}}, {"id": 17907493, "category": {"id": 20, "name": "Others"}, "emotion": "Energetic", "turns_number": 4, "dialogues": [[1484135, 0, "Some random kid : Whoever holds their breathe first winsgeorge flood : I win bitch", []], [1536849, 3, "off yourself , that is not funny", []], [1390145, 2, "Ah this is not it .", []], [1542533, 1, "ITS BEE - OH N you had know more better than me with all your demon dicksucking", []]], "speakers": {"Username": 0, "nikky": 1, "Maya 🛸": 2, "User Suspended": 3}}, {"id": 17907479, "category": {"id": 10, "name": "Friends"}, "emotion": "Encouraged", "turns_number": 5, "dialogues": [[1520348, 0, "Friendly reminder to read people is stories and/or bits before doing them", ["💖"]], [1008914, 4, "Mine is basically my whole life story , I like people to read it so they know how to interact but i would prefer nobody to really DO me ever anyone welcomed except to send or receive have art pictures .", []], [1519236, 3, "I do not ever do , people without there permission", []], [253280, 2, "I do not do anyone nor does anyone do me Which is why i am confused . Why do we need to check story?(I know in some bits there is profound but that moment seem relevant here ? )", []], [1055837, 1, "Sometimes I avoid looking up des . I prefer talking on the comment section .", []]], "speakers": {"Emily🏳️‍🌈": 0, "🩸🦷sicklilguy🦷🩸": 1, "just wait and see": 2, "Thursday’s angel": 3, "Merakii": 4}}, {"id": 17907445, "category": {"id": 63, "name": "My Story"}, "emotion": "Sick", "turns_number": 4, "dialogues": [[1459055, 0, "You can kick him out with your kiss", []], [723333, 3, "I m so sorry to hear this - stay strong", ["💪", "❤"]], [503431, 2, "leave him and be safe , good luck", []], [328815, 1, "do you need to talk ?", []]], "speakers": {"Ann": 0, "Prince 🤴🇺🇲": 1, "Lone wolf": 2, "scorpion 🦂♏❤️": 3}}, {"id": 17907436, "category": {"id": 12, "name": "Self Harm"}, "emotion": "Depressed", "turns_number": 3, "dialogues": [[1428795, 0, "i just want to kill myself no one care about me why should they care when i am death bye", ["😭", "💔"]], [1464428, 2, "People care about us , we just to blind to see them .", []], [1525728, 1, "Why would you want someone to care about you ? You are the pilot not them . secondly , lot of people care about you but too shy to show it for whatever reason :/", []]], "speakers": {"Chnt": 0, "broken PainZ": 1, "Retardo": 2}}, {"id": 17907428, "category": {"id": 74, "name": "Depression"}, "emotion": "Supported", "turns_number": 3, "dialogues": [[1542510, 0, "I JUST started on this pp laugh out loud not even ten minutes ago . I already feel so much happier about this.it feels so nice to know that people are here for me :) and same goes for anyone else ! I m definitely here for anyone if they need someone to talk to", ["💕"]], [789471, 2, "Never share your personal information here no matter what you will find all types of pp here", ["🙏"]], [1066151, 1, "Welcome to this pp . Hope you have a great time here .", []]], "speakers": {"Madelyn:)": 0, "2410🧿": 1, "Cheese burst pizza": 2}}, {"id": 17907415, "category": {"id": 62, "name": "Mental Health"}, "emotion": "Insecure", "turns_number": 6, "dialogues": [[1506229, 0, "why is it so hard to love yourself", []], [1537691, 5, "in most cases it is because other people made you feel like you should it", []], [1464428, 4, "It is not but we make it hard , there is nothing you can do about it we all just have to get used to our body and start loving ourselves", []], [1498697, 3, "we forget most of the time", []], [1301452, 2, "Well it is easy to love the pp", []], [1388204, 1, "it may seem that way , but since clot of pp are not genuine and do not reach out to us , we have that feeling that we are a bad person thus making us believe that we should not love ourselves or be loved by others", []]], "speakers": {"emma 🙊": 0, "Nachonipple": 1, "broken PainZ": 2, "Neha": 3, "LooktoeyesWabbit": 4, "Anthony Piacentini": 5}}, {"id": 17907407, "category": {"id": 47, "name": "Health"}, "emotion": "Heartbroken", "turns_number": 3, "dialogues": [[1480133, 0, "You are not too sensitive have . you are not overreacting . If it hurts you , it hurtsyouryour", ["💔", "😭"]], [1492729, 2, "damn , it was me", []], [1388204, 1, "we are conditioned to believe that", []]], "speakers": {"💠°_teary-eyed_° 💠": 0, "Ella": 1, "Anthony Piacentini": 2}}, {"id": 17907385, "category": {"id": 10, "name": "Friends"}, "emotion": "Happy", "turns_number": 3, "dialogues": [[1520348, 0, "Laugh out loud I have really taken a liking to using the emboli", ["🥺"]], [1498697, 2, "and i do not know , is it for crying or innocence ?", []], [1535567, 1, "hey I m cut laugh out loud", ["🥺", "🤡", "🔫"]]], "speakers": {"Emily🏳️‍🌈": 0, "Neha": 1, "xoxo": 2}}, {"id": 17907383, "category": {"id": 59, "name": "Pregnancy"}, "emotion": "Chilled", "turns_number": 3, "dialogues": [[1324507, 0, "I spent about to hours watching car detailing and deep cleaning and it is so relaxing and satisfy your information to watch these kinds of video", ["🤩"]], [1373085, 2, "and that is why this post is in pregnancy ?", ["👏", "😜", "😂"]], [770734, 1, "and who became pregnant by that .", ["😂"]]], "speakers": {"Youssef": 0, "Hedwig🌺": 1, "Maxiii": 2}}, {"id": 17907367, "category": {"id": 10, "name": "Friends"}, "emotion": "Confused", "turns_number": 5, "dialogues": [[0, 0, "Is this normal ? I m not asking about transgender part , I m asking about the age part . http:/w.goose.com / amp / is / w.dailymail.co.up / email / article-3356084 / amp / I - have - gone - child - Husband - father - seven-52 - leaves - wife - kiss - li have - transgender - SIX - YEAR - OLD - girl - named - Stefonknee.html", []], [1536849, 3, "that is obviously a child predator making a joke out of the trans community , gross", []], [1537691, 2, "it is not  normal  but he probably has psychological issues", []], [1458663, 1, "what happens now if she gets into trouble with the law but says she identified as a 6 year old if the police do not respect her views there ll be outrage", ["🥴"]], [1458663, 1, "it is all quite confusing , maybe the rest of us should just mind our own business laugh out loud and not care as long as they are not hurting anyone", []]], "speakers": {"Anonymous": 0, "nikky": 1, "Nachonipple": 2, "snuggluffagus™": 3}}, {"id": 17907361, "category": {"id": 74, "name": "Depression"}, "emotion": "Hopeful", "turns_number": 5, "dialogues": [[1542529, 0, "you and I share a very similar story . if you need someone to chat with , I m here", []], [1436623, 4, "Hey would you like to chat ? My names Rachel", []], [1216870, 3, "hey i m here , let us be friends", ["❤"]], [1524065, 2, "Yes . It is very distressful to be a shy person in the circle of more extroverted people . There is always the feeling of comparison .", []], [1542500, 1, "I understand you , we can talk and be friends :)", []]], "speakers": {"Newbie": 0, "Filling the void": 1, "myzzyl": 2, "📺": 3, "Stefy": 4}}, {"id": 17907354, "category": {"id": 7, "name": "Relationships"}, "emotion": "Inspired", "turns_number": 3, "dialogues": [[1457607, 0, "Finally got my own place i am so excited", []], [1542472, 2, "That is awesome ! Congress !", ["🎉"]], [1524065, 1, "sweet . hope it is worth what you are paying . mine is not laugh out loud", []]], "speakers": {"B-Side": 0, "Sabrina": 1, "📺": 2}}, {"id": 17907347, "category": {"id": 12, "name": "Self Harm"}, "emotion": "Overwhelmed", "turns_number": 5, "dialogues": [[1534805, 0, "I am sorry that you feel that way but you can talk it out . there can a solution to it", []], [1520348, 4, "Please do not if you need someone to talk to , i am here for you", ["🥺"]], [1488532, 3, "I m sorry you feel that way . if a need someone to talk to text me<3", []], [558464, 2, "Well , it is normal , but trust me that does not do anything . Please do not do that .", []], [1524430, 1, "do not.pus do not do that", ["🥺"]]], "speakers": {"Nobody": 0, "Emily🏳️‍🌈": 1, ":-\\": 2, "Vicky": 3, "Big Smoke": 4}}, {"id": 17907337, "category": {"id": 10, "name": "Friends"}, "emotion": "Happy", "turns_number": 3, "dialogues": [[0, 0, "I m looking for pop stand / K - drama fan to be friends , anyone have the same interest?", ["🙄", "🤌🏻"]], [1126883, 2, "what are you currently watching", []], [1534249, 1, "I am an EX - L and my favorite K - drama is Moon Lovers", []]], "speakers": {"Anonymous": 0, ".": 1, "ᗷᗩᗰᗷIᗷYᑌᑎ☕︎✍︎": 2}}, {"id": 17907329, "category": {"id": 63, "name": "My Story"}, "emotion": "Worried", "turns_number": 3, "dialogues": [[963270, 0, "I have a strange feeling some people are screwing with me in private here", []], [1271335, 2, "who are they let me know", []], [1517918, 1, "how are they doing it", []]], "speakers": {"Elizabeth": 0, "BIG BROTHER": 1, "Loner MI": 2}}, {"id": 17907328, "category": {"id": 72, "name": "Anxiety"}, "emotion": "Supported", "turns_number": 4, "dialogues": [[1542500, 0, "sometimes I feel anxiety , any tips to be better ? ^", []], [1542472, 3, "There are some breathing technique that can really help calm the mind and help ease anxiety !", ["😊"]], [1517475, 2, "remove yourself from the trigger .", []], [1537234, 1, "Visualized yourself in a calm place ( like a garden full with flowers n butterflies ) I donne if this help but it helps with slow down the racing thoughts n help you calm down ^-^", []]], "speakers": {"Stefy": 0, "Sabrina": 1, "Newbie": 2, "Anonymous": 3}}, {"id": 17907314, "category": {"id": 10, "name": "Friends"}, "emotion": "Hopeful", "turns_number": 3, "dialogues": [[0, 0, "My teacher can marry his student . but I am not supposed to have a crush on a teacher . Crazy logic . is not it", []], [1305616, 2, "A teacher can marry an ex - student or student from another school , but school policy prohibit students and teachers who go to the same school from being in a relationship .", []], [725140, 1, "Many do have crush on their teachers , i am sure . Half of my classmates had crush on teachers . That is the age . It happens . You can do something , but you may have to pay the price .", []]], "speakers": {"Anonymous": 0, "🍬𝕂𝕚𝕞𝕞𝕚𝕔𝕠🍬": 1, "Cruel World": 2}}, {"id": 17907312, "category": {"id": 58, "name": "LGBT"}, "emotion": "Calm", "turns_number": 3, "dialogues": [[1520348, 0, "Lesions , what are your opinions on pre - transition its ?", []], [541914, 2, "They are just women that either could not or chose not to transition , it is not really anything for me to worry myself about . what people do with their body is their business", []], [797286, 1, "laughing my arms off i m both . for what side do i answer now", []]], "speakers": {"Emily🏳️‍🌈": 0, "Layla X Akechi ship": 1, "Berry🌈🍓👌": 2}}, {"id": 17907305, "category": {"id": 7, "name": "Relationships"}, "emotion": "Down", "turns_number": 3, "dialogues": [[1542513, 0, "I m living this as well . After the loss of my little brother I look at my fiance different bc of this . like he has no care or empty.tells me I ruin EVERYTHING . I rip our family apart . it is crazy bc I am with my kiss 24/7 I have only tried to talk about it with him . it always leads nowhere or I m just itching or starting a fight . man life is just a trip . or maybe it is just mankind", []], [1480973, 2, "laugh out loud my friend does the same thing with his girl", []], [461437, 1, "It is ok to love and care for people like that , but it is not worth it to date them . Relationships are about supporting each other . If one person is shouldering all of the burdens on their own , nobody can be happy like that .", []]], "speakers": {"Lilly Rene": 0, "Nick": 1, "sliverofsilver": 2}}, {"id": 17907269, "category": {"id": 20, "name": "Others"}, "emotion": "Bored", "turns_number": 4, "dialogues": [[1542001, 0, "ok now , my des are flooded already is is", []], [1517475, 3, "weird . mine is empty . what did you post ?", []], [938022, 2, "yea because you are a girl", []], [856117, 1, "Welcome to being a girl on this pp", ["😂"]]], "speakers": {"Ann": 0, "Newbie": 1, "ROGUE🔥": 2, "sunflower": 3}}, {"id": 17907253, "category": {"id": 7, "name": "Relationships"}, "emotion": "Insecure", "turns_number": 3, "dialogues": [[1521810, 0, "I am feeling jealous about my ex girlfriend , It is been 3 months we broke up , She is enjoying her life with another person and I am still suffering", []], [1536195, 2, "the sooner you get over it the better she moved on so you should too", []], [558464, 1, "well , maybe she wants you to think that ? Anyone welcomed , how can you know for sure she is having a great time ? And if she does , it is ok , you do not have to feel jealous . Everyone goes at their own pace .", []]], "speakers": {"Kalpitius !!": 0, "Jesus Is Lord": 1, "Vicky": 2}}, {"id": 17907237, "category": {"id": 20, "name": "Others"}, "emotion": "Optimistic", "turns_number": 4, "dialogues": [[1479645, 0, "I really want to make money from home but i am not sure what , please does anybody have realistic and serious suggestions", []], [1525728, 3, "Try some freelancing webster , there is plenty of them you can choose what suits you more", []], [294766, 2, "does selling feet pick count as a serious suggestion", []], [1456204, 1, "small business , repelling clothing , stock market , graphics design , network ( custom paintings etc . )", []]], "speakers": {"Mike": 0, "Retardo": 1, "𝐋𝐢𝐳✨": 2, "sad_beanie": 3}}, {"id": 17907224, "category": {"id": 74, "name": "Depression"}, "emotion": "Overwhelmed", "turns_number": 3, "dialogues": [[1171634, 0, "it is weird how the same girl that made me want to li have now makes me want to die", []], [940104, 2, "take back your power , cut them out and li have for yourself . huge . I m sorry", []], [1542472, 1, "I get that feeling completely . I had to learn to li have for myself and not for them . do not i have them that power over you because you are strong and just as amazing single !", []]], "speakers": {"Aser": 0, "i": 1, "Sabrina": 2}}, {"id": 17907214, "category": {"id": 74, "name": "Depression"}, "emotion": "Depressed", "turns_number": 4, "dialogues": [[411489, 0, "I suppose it does not matter in the long run but I do not think people notice me anymore .", []], [1488701, 3, "I do notice , I remember you from months ago . We never talked but I remember seeing your posts in the past . And I agree with the other comment . hello hello", []], [1512192, 2, "seem i can relate to this so much", []], [980731, 1, "If it matters for you now , it matters in the long run . But I know people notice you . Maybe not the way you would like to , but they do . Do not forget some people are shy , some have a huge ego and others have a low low low self - esteem at the point they would never reach you . By the way , I notice you a lot . Everyday .", []]], "speakers": {"C:\\> CD AtomicToast": 0, "ArminArlertStan": 1, "unluckysqueerel": 2, "Tired Tried": 3}}, {"id": 17907208, "category": {"id": 7, "name": "Relationships"}, "emotion": "Angry", "turns_number": 11, "dialogues": [[1490500, 0, "honey people changeyou are not living in the pastor should get gutta that toxic marriage no matter how hard it is going to be", []], [1206661, 9, "I was married in a family like that before", []], [1206661, 9, "well she is was like your husband", []], [1486824, 8, "toxic family be like . we love that . By the way why can not you spend your ?", ["🙄", "💰"]], [1536195, 7, "so is it your money or are you spending his sometimes too ?", []], [1524188, 6, "I m sorry you are tired alone and not being appreciated for all the effort you put in", []], [1517263, 5, "you must care about what you earn and who you buy for home it is his responsibility not only your . but divide whatever is bought for kiss and home . you must take your card back .", []], [1542469, 4, "hell ah that is unacceptable . y all married for 13 years it is both of you wills money .", []], [1542250, 3, "That is no way to treat ones spouse", []], [1542502, 2, "this is financial abuse . I would make sure to start preparing your own income and a separate bank account that only you have access to , as a sort of safe back . Being with someone because you love who they used to be will only make you more and more miserable the more they disappointyouryour", []], [1489783, 1, "if it is your money , he has no right to control it like that . get your cards back and hide them . separate your money from his if you have a joint account and do not let him have access to your banking information .", []]], "speakers": {"The Maleficent": 0, "Big teddy bear": 1, "Jake Peralta": 2, "Jesus Is Lord": 3, "𝚊𝚗𝚍𝚛𝚘 🖕": 4, "🅿🅰🅸🅽 🅺🅸🅻🅻🅴🆁": 5, "Robert Young": 6, "the wave~": 7, "Miscreant": 8, "frog girl": 9}}, {"id": 17907197, "category": {"id": 79, "name": "Ask Girls"}, "emotion": "Annoyed", "turns_number": 3, "dialogues": [[1474260, 0, "anyone else hate the fucking creep on here ?", []], [1041807, 2, "I m tired and annoyed of them in my into . I blocked so many of them !", []], [1535567, 1, "yeah laugh out loud , that is the reason I changed my profile", ["🙄"]]], "speakers": {"em": 0, "Ashley 🥀": 1, "xoxo": 2}}, {"id": 17907189, "category": {"id": 10, "name": "Friends"}, "emotion": "Lonely", "turns_number": 5, "dialogues": [[487373, 0, "No one tucking cares about me .", []], [1464428, 4, "There are people that care about us , we just do not see them .", []], [1541875, 3, "I will coming care you", []], [1535567, 2, "you just do not see them", []], [1539681, 1, "well , I m not really anyone at all , but I care . You do not have to believe me , but I do care . Please be safe , and you matter .", []]], "speakers": {"magentacow": 0, "broken PainZ": 1, "ዪጎርዘጎቿ": 2, "xoxo": 3, "FreakShowWithATopHat": 4}}, {"id": 17907175, "category": {"id": 73, "name": "Disabilities"}, "emotion": "Exhausted", "turns_number": 3, "dialogues": [[1214159, 0, "If only feelings had an off switch .", ["😢"]], [1464428, 2, "I feel no emotions and it is a very disgusting feeling", []], [1394504, 1, "Depends upon how you carry the emotions", []]], "speakers": {"💐AngelsOfLove💐": 0, "broken PainZ": 1, "kar566": 2}}, {"id": 17907173, "category": {"id": 20, "name": "Others"}, "emotion": "Confused", "turns_number": 3, "dialogues": [[0, 0, "Random , why is it that some of the most famous beauty our is men ?", []], [1041807, 2, "Because they capture both gender", []], [1535503, 1, "They capture both renders supreme well and skill", []]], "speakers": {"Anonymous": 0, "Ashley 🥀": 1, "inthecourtofthecrimsonking": 2}}, {"id": 17907170, "category": {"id": 65, "name": "Eating Disorders"}, "emotion": "Proud", "turns_number": 3, "dialogues": [[1474769, 0, "I am down 80les !", []], [1517475, 2, "great job ! Keep going .", []], [421767, 1, "So proud ofyouryour", []]], "speakers": {"Thea": 0, "Newbie": 1, "palechub": 2}}, {"id": 17907166, "category": {"id": 7, "name": "Relationships"}, "emotion": "Tired", "turns_number": 4, "dialogues": [[809410, 0, "I was talking with a boy for a while and I thought he was really interested in me but today I realized that he just want to have sex , tell me why are you like that ? why you treat girls like you are giving us the whole world when that is not true ? I m so sad and tired of being used that way", []], [1486824, 3, "You will find someone better", ["🤗"]], [1542001, 2, "girl I have been thou the same , I feel what you are going through . that guy seriously is missed up ! you better off without him", ["💪", "😤"]], [1356325, 1, "I understand how you feel , there are so many players out there brow . A good way to tell if a guy is a player is to see how he acts around other girls , if he acts around them the same way he acted around you", []]], "speakers": {"littlereader": 0, "Jake Peralta": 1, "Ann": 2, "Kollomar": 3}}, {"id": 17907142, "category": {"id": 7, "name": "Relationships"}, "emotion": "Heartbroken", "turns_number": 3, "dialogues": [[415134, 0, "how to not think of someone completely", []], [502148, 2, "One must have a will to do it", []], [409962, 1, "Train your brain to dread them .", []]], "speakers": {"unworthy boy": 0, "TsukitoHoshi": 1, "i don’t believe the hype": 2}}, {"id": 17907122, "category": {"id": 74, "name": "Depression"}, "emotion": "Sad", "turns_number": 3, "dialogues": [[1249873, 0, "People do not die from suicide they die from sadness", []], [1041807, 2, "And loneliness , depression , anxiety ,", []], [1462050, 1, "So true it is sad of what people have to deal with", []]], "speakers": {"Ari": 0, "Ashley 🥀": 1, "Darian": 2}}, {"id": 17907115, "category": {"id": 15, "name": "Family"}, "emotion": "Tired", "turns_number": 5, "dialogues": [[558464, 0, "damn I m too sensitive have I can not even talk back to my parents when they deserve to . i would hate it even when I think I m right bc I kind of feel bad about it ?", []], [1475530, 4, "oh my god finally someone like me you are just to nice", ["🙃"]], [1462050, 3, "Same I have this problem everytime", []], [1497522, 2, "you are not sensitive have you are  Decent  which is a very great trait to have , especially in this time", []], [636058, 1, "been there , going to have to step up , or shut up and regret it every single time", []]], "speakers": {"Vicky": 0, "ask my name !🦋": 1, "Darian": 2, "KE": 3, "momentofsilence": 4}}, {"id": 17907110, "category": {"id": 62, "name": "Mental Health"}, "emotion": "Calm", "turns_number": 3, "dialogues": [[1536279, 0, "maybe i m just comfortable being is is", []], [502148, 2, "listen to music write a story", []], [1462050, 1, "No one is ever ok to be sad there is always going to be a time where happiness will rise again I promise", []]], "speakers": {"𝒏𝒐𝒃𝒐𝒅𝒚 :(": 0, "TsukitoHoshi": 1, "Darian": 2}}, {"id": 17907107, "category": {"id": 20, "name": "Others"}, "emotion": "Amused", "turns_number": 3, "dialogues": [[1305900, 0, "I wonder how the world dominated by women would look like", ["🤔"]], [840105, 2, "a horrified one for sure", []], [1517475, 1, "power corrupt so pretty much the same but different .", []]], "speakers": {"Snoil98": 0, "ириc": 1, "Newbie": 2}}, {"id": 17907106, "category": {"id": 7, "name": "Relationships"}, "emotion": "Tired", "turns_number": 4, "dialogues": [[558464, 0, "I m 17 and have never been in a relationship . I have never had a boyfriend . And it feels so sad , because I think I am the problem bc I just expect way too much and sometimes I can not help it . Anyone welcomed , relationships make me feel uncomfortable when it all happens too fast , so probably that is another reason . I have been feeling so lonely lately .", []], [1535503, 3, "Are you romantic or just generally not interested in anyone", []], [1133317, 2, "do not expect stuff , just do your best to appreciate", []], [1517475, 1, "how many people have you asked out on dates ? You have got to put yourself out there if you want a significant other .", []]], "speakers": {"Vicky": 0, "inthecourtofthecrimsonking": 1, "donutello": 2, "Newbie": 3}}, {"id": 17907104, "category": {"id": 63, "name": "My Story"}, "emotion": "Proud", "turns_number": 7, "dialogues": [[680791, 0, "Imagine being that * pretty . Can not relate.:3", []], [680791, 0, "Also it is not my fault . Blame my keyboard : <", []], [1365340, 5, "nobody is related to it-", []], [554919, 4, "You she . You are gorgeous .", []], [517096, 3, "you are literally so beautiful STAMP", []], [657333, 2, "i wish i was as pretty as you ", ["😳", "❤"]], [723333, 1, "one day I ll do hot girl shit too", []]], "speakers": {"ᴇ ʟ ʟ ᴇ": 0, "KARO???": 1, "★⸸𝓜𝔂𝓼𝓽𝓲𝓬𝓪𝓵 𝓑𝓵𝓾𝓮𝓳𝓪𝔂⸸★": 2, "8mak": 3, "sleepy": 4, "Prince 🤴🇺🇲": 5}}, {"id": 17907101, "category": {"id": 7, "name": "Relationships"}, "emotion": "Sad", "turns_number": 5, "dialogues": [[478493, 0, "How does someone get over a breakup ? What should they do", []], [1464428, 4, "Focus on the future , least you know his / her answer . You have to keep moving , forget the past there are so many people on this planet . One day you will find the right one .", []], [1542493, 3, "Going through this too . i am here for you", []], [1542472, 2, "Closure is the best way to get over a breakup . Find the things that will help you be able to keep that in you are past and move forward . Focus on yourself and your other relationships ( friends or family ) . Continue to grow in love with yourself rather than giving it to another person and someone will come along in time lovely", []], [1462050, 1, "All of those are amazing points", []]], "speakers": {"keke": 0, "broken PainZ": 1, "BethanyGervasio": 2, "Sabrina": 3, "Darian": 4}}, {"id": 17907071, "category": {"id": 7, "name": "Relationships"}, "emotion": "Supportive", "turns_number": 4, "dialogues": [[1126876, 0, "need someone to talk to ?", []], [789471, 3, "Getting all busy in work is the best way to di avert you are mind and not think much about it", []], [1536279, 2, "if you really love him.i think you should be patient and just wait . i m sure he will miss you when you are not around and at that time he will come to you . maybe he needs some time . just my opinion . and also , i think he has crisis with himself .", []], [1538397, 1, "These things take time . It hurts , but it gets better . Allow your feelings to be there , let it out . But also keep busy to distract yourself . Do things that make you feel confident . You ll be ok", ["🤗"]]], "speakers": {".": 0, "2410🧿": 1, "𝒏𝒐𝒃𝒐𝒅𝒚 :(": 2, "HopelessRomantic": 3}}, {"id": 17907060, "category": {"id": 20, "name": "Others"}, "emotion": "Depressed", "turns_number": 4, "dialogues": [[1541710, 0, "just really need a friend I m not ok someone please just talk just be my friend", []], [1041807, 3, "Sure , we are here", []], [1464428, 2, "That is what this pp is made for , feel free to message me :)", []], [791726, 1, "We are here . Text me .", ["😊"]]], "speakers": {"Alisha Riddle": 0, "Ashley 🥀": 1, "broken PainZ": 2, "TAURUS": 3}}, {"id": 17907042, "category": {"id": 20, "name": "Others"}, "emotion": "Tired", "turns_number": 3, "dialogues": [[886279, 0, "It would hurt to get in a car wreck you ever thought about that ?", []], [1251730, 2, "I candid you think it would tickle ?", []], [1517475, 1, "depends on the wreck but every time I have been fine .", []]], "speakers": {"Snow Wolf": 0, "Muggins": 1, "Newbie": 2}}, {"id": 17907040, "category": {"id": 62, "name": "Mental Health"}, "emotion": "Tired", "turns_number": 3, "dialogues": [[1535246, 0, "i hate feeling like attempting to recover is painless . who am i beyond the trauma & the mental illness ? she feels like a ghost", []], [1542495, 2, "you are well yourself and healing", []], [1154509, 1, "that person is the you you may feel like is too good for you but inevitably , the you YOU NEED . keep pushing . you will love yourself better in the end", []]], "speakers": {"em ☆": 0, "Joseph Lingerfelt": 1, "Annointed": 2}}, {"id": 17907038, "category": {"id": 20, "name": "Others"}, "emotion": "Meh", "turns_number": 3, "dialogues": [[0, 0, "Have you never cry for no reason ?", []], [836063, 2, "it is a daily routine of mine", []], [1251730, 1, "Devil is never see see so yes never cry", []]], "speakers": {"Anonymous": 0, "「summer」": 1, "Muggins": 2}}, {"id": 17907024, "category": {"id": 10, "name": "Friends"}, "emotion": "Calm", "turns_number": 4, "dialogues": [[0, 0, "I noticed that maximum users check profile pick , then your posts and then reply to your comments . It does not matter how useful comment / opinion / advice you have i haven to them . Is this pp a popularity contest pp where we have to put a awesome profile pick , cool surname ? This is mental health pp and many users do not like to unload any pick in profile and talklife already i haven default profile pick then why unload more ?", []], [1142898, 3, "Yeah this pp is a popularity contest . Popular users get so many likes while most posts seeking help get zero likes and comments", []], [684673, 2, "No , if I check those I check to see if that person is a creep , or maybe if they are young and I need to adjust my reply accordingly . Er , how does it make it into popularity contest ? But more often I do not check ? I do not know what you are on about . Also for me , like only to - 6 pp said anything about my photo ? So they do not matter as much as you make it seem in this post i am i am", ["🤔", "😒"]], [1515296, 1, "You are not wrong I do not full on look at peoples posts unless it is someone I m curious about but yeah I look at pips but I also like pips", ["😂"]]], "speakers": {"Anonymous": 0, "Star Girl 💛": 1, "Kama2": 2, "Warmanxiety": 3}}, {"id": 17906997, "category": {"id": 12, "name": "Self Harm"}, "emotion": "Depressed", "turns_number": 3, "dialogues": [[1475723, 0, "It is been 15 days since I have cut . Really want to now . Everything is just so exhausting and i am tired of dealing with everything and feeling all of it .", []], [596044, 2, "I m proud of you for getting this far ! I know things are hard but please do not i have in try distracting yourself .", []], [1477369, 1, "That is a great accomplishment meant and you should be proud of yourself . Everyday you go without cutting is a day you are forcing yourself to deal with everything going on . It can be draining and frustration but at least you are making steps . Most of us have been there or are still there withyouryour", []]], "speakers": {"Ray": 0, "❤️Mental_Health_Matters•": 1, "Ani": 2}}, {"id": 17906981, "category": {"id": 20, "name": "Others"}, "emotion": "Bored", "turns_number": 4, "dialogues": [[1403423, 0, "what is your personality type ? i am an INTO but i feel like an into sometimes", []], [1441806, 3, "My personality type is potato", []], [851562, 2, "into here , maybe I can help you is simple you can deal with mundane stuff without swearing you r into", []], [1488861, 1, "INTO here too . Actually into and into are not that similar , they have all the opposite cognition have functions", []]], "speakers": {"roman": 0, "🦇𝐕𝐚𝐦𝐩𝐲🦇": 1, "zippy": 2, "A wannabe sage": 3}}, {"id": 17906968, "category": {"id": 7, "name": "Relationships"}, "emotion": "Supported", "turns_number": 8, "dialogues": [[1542485, 0, "I had to call the police on my boyfriend this morning because he completely lost his mind and I could not help him anymore .", []], [1067912, 7, "it should always be done without police involved , but sometimes is impossible .", []], [896599, 6, "why was he mad ?", []], [998918, 5, "i hope you are ok", []], [1478330, 4, "foot , my  cleaning service  soul screaming seeing this pick . I wish you are ok", ["😫"]], [857981, 2, "oh my God , are you ok there muddy ? you hurt as well ?", []], [1167900, 1, "do not drop the Charges he need to learn a lesson . stay strong .", []], [1167900, 1, "you done all you could remember that . sometimes their is no helping people . at least you no you done everything for that man . you are are ray of sunshine", ["😘"]]], "speakers": {"Mr. Mozzie": 0, "Dáin ||🇺🇸": 1, "God": 2, "HoppityHope": 3, "Grumpy Hooman": 4, "Amit8": 5, "Diana": 6}}, {"id": 17906954, "category": {"id": 7, "name": "Relationships"}, "emotion": "Heartbroken", "turns_number": 4, "dialogues": [[1091289, 0, "Need sad songs to cry to tonight .", []], [1415006, 3, "Hey , Want to vent out ?", []], [517096, 2, "nut - up no crying tonight", []], [822412, 1, "nd how are you doing today ?", []]], "speakers": {"╘ᑘ𝘕∧cŸ": 0, "Nikki": 1, "8mak": 2, "Jim™": 3}}, {"id": 17906933, "category": {"id": 7, "name": "Relationships"}, "emotion": "Loved", "turns_number": 3, "dialogues": [[1469534, 0, "anyone need a muddle while I m here ?", []], [1488701, 2, "Me , I seriously need a muddle .", []], [856117, 1, "So which one of you ruined it ? i am placing bets on the due , cause Arming stand are not like that", []]], "speakers": {"cybergothk0ta": 0, "ArminArlertStan": 1, "sunflower": 2}}, {"id": 17906926, "category": {"id": 20, "name": "Others"}, "emotion": "Meh", "turns_number": 5, "dialogues": [[660344, 0, "Why are there so many mean people everyone welcomehere?:/", []], [1464428, 4, "I do not get it either", []], [789471, 3, "All we can do is ignore them and move on to find some amazing pp", []], [1522922, 2, "some choose to be like that to make themselves feel better", []], [1029954, 1, "lashing out , or just sadistic", []]], "speakers": {"NightLight": 0, "broken PainZ": 1, "2410🧿": 2, "Rafiki": 3, "🕷️🕸️": 4}}, {"id": 17906907, "category": {"id": 62, "name": "Mental Health"}, "emotion": "Supportive", "turns_number": 3, "dialogues": [[1539002, 0, "How is everyone feeling tonight ?", []], [1421206, 2, "Hata . It is morning here .", []], [1035358, 1, "i feel like ho that got go", []]], "speakers": {"Shelbycarlene24": 0, "𝐌 𝐑   𝐀 𝐋 𝐏 𝐇 𝐀   𝐓 𝐋   𝐂 𝐀 𝐏 𝐓 𝐀 𝐈 𝐍": 1, "Phoque": 2}}, {"id": 17906893, "category": {"id": 7, "name": "Relationships"}, "emotion": "Overwhelmed", "turns_number": 3, "dialogues": [[1509293, 0, "I gave up on finding the one .", []], [1541875, 2, "he / she will find you , do", []], [1542001, 1, "do not go on a hunt to find the perfect one for you .you will find the one who loves you , when it is the right time . trust the un averse or whatever you believe in :)", []]], "speakers": {"Andorian": 0, "ዪጎርዘጎቿ": 1, "Ann": 2}}, {"id": 17906882, "category": {"id": 20, "name": "Others"}, "emotion": "Depressed", "turns_number": 4, "dialogues": [[1507530, 0, "Everytime I dream about him is always a dream of him rejecting me in some way or ignoring me :( seems like the world is telling me he never did wanted me", []], [1535088, 3, "Last night I saw a dream of him with another girl .", []], [1464428, 2, "I know what you mean , but least you know that he was not the right one . The world is so big , there are so many boys out there . Never lose faith in love because of 1 person :)", []], [1524188, 1, "I have dreams like that too where they are blocking me off . but do not take it personally say a wish for him and all the truths he is running from that he may learn to confront them honestly and vulnerable", []]], "speakers": {"Notme": 0, "Nevermind": 1, "broken PainZ": 2, "𝚊𝚗𝚍𝚛𝚘 🖕": 3}}, {"id": 17906866, "category": {"id": 20, "name": "Others"}, "emotion": "Calm", "turns_number": 7, "dialogues": [[893897, 0, "What do you think will happen with our souls when we are gone ?", []], [1450046, 6, "Either it is gets transferred to another body in a parallel un averse or it simply does not exist . But remember , you have drafted it here and you ll leave it here", []], [991522, 5, "my soul will probably play parts on my body", []], [1334208, 4, "once the mind dies the soul physically loses hold on earth . once departed it float into space as invisible energy interesting with comic energy that.but the energy does not really mix , but it changes and either becomes something else or destroys something else . boom!the un averse !", []], [1389582, 3, "Energy can neither be created or destroyed , so it must go somewhere .", []], [725140, 2, "Have to ask the dead . But it continues to exist in some form i believe . Maybe many souls exist in the form of us too .", []], [685429, 1, "personally.i do not believe in anything.so.i think when we are dead , we become nothing.sorry for being pessimistic.that is only my opinion and as everyone i do not know what it is so.i might be wrong .", []]], "speakers": {"Mandarina": 0, "🐾🥂": 1, "Vedant Dwivedi": 2, "POWER CAT": 3, "blackbloodtears": 4, "Cruel World": 5, "lcs": 6}}, {"id": 17906864, "category": {"id": 62, "name": "Mental Health"}, "emotion": "Nothing", "turns_number": 3, "dialogues": [[1402474, 0, "i tried to ms today and it did not work.again can not even enemy friend did not stop testing and calling me but i can not respond to him , it is too diffuse you later do not what i except by writing this but i would i would", []], [1462050, 1, "You should always tell friends what is wrong or your going to regret it", []], [1462050, 1, "If you need to talk about it let me know i am a great listener", []]], "speakers": {"leariea": 0, "Darian": 1}}, {"id": 17906843, "category": {"id": 10, "name": "Friends"}, "emotion": "Caring", "turns_number": 5, "dialogues": [[1514034, 0, "Goodmorning , any plans this sunday ?", []], [938022, 4, "will lookout at home today", []], [1540283, 3, "step and to eat good in after", ["🤣"]], [1070292, 2, "to text you. but I can not", []], [1393856, 1, "Still Saturday night here laugh out loud", []]], "speakers": {"Larissa": 0, "ROGUE🔥": 1, "Ham_akh": 2, "Rj": 3, "A_D": 4}}, {"id": 17906833, "category": {"id": 12, "name": "Self Harm"}, "emotion": "Heartbroken", "turns_number": 4, "dialogues": [[972786, 0, "i broke up with my boyfriend and i found out he was cheating on me but the picked up part is he knew my ex created on me and was abuse have ha love my tucked life", []], [1028690, 3, "I m sorry that happened if you need someone to talk to I m here", []], [1407469, 2, "That is so hard to hear . I can not imagine how you are going throw this . I wish you the best", []], [991522, 1, "oho break up i ca not deal with breakup", ["😭"]]], "speakers": {"DestinyMagallanes": 0, "Dean Fish": 1, "SLR": 2, "Vedant Dwivedi": 3}}, {"id": 17906820, "category": {"id": 20, "name": "Others"}, "emotion": "Supported", "turns_number": 14, "dialogues": [[985796, 0, "All I attract is broken people laugh out loud", []], [1421206, 13, "We have never met I guess . Otherwise i would be your favourite .", []], [1348655, 12, "well who do you want to attract then . I do not think there is a heart which has not been broken available . except for the kiss and new born babies", ["🤪"]], [846083, 11, "Same s I do not understand why and I m tired of it . Then , they all seem to get their perfect partner after we end", ["🙄", "😒", "😑"]], [884513, 10, "at least you attract people", []], [1305900, 9, "i am not broken st #", []], [1464428, 8, "The broken ones , are the ones with a good heart .", []], [1206661, 7, "I mean look at the pp your on .", []], [1517475, 6, "there are non broken people out there ?", []], [1350958, 5, "you also attract the people commenting here", []], [716035, 4, "those you with , defines who you are .", []], [1540380, 3, "call the factory and say they are broken and you order new ones .", []], [1167900, 2, "that is because most people are broken", []], [1535445, 1, "all i attract is anxiety and depression laugh out loud", []]], "speakers": {"Chrissy": 0, "𝐌 𝐑   𝐀 𝐋 𝐏 𝐇 𝐀   𝐓 𝐋   𝐂 𝐀 𝐏 𝐓 𝐀 𝐈 𝐍": 1, "🐰🐇Mr Bunny🐇🐰": 2, "Yo Momma": 3, "Neutron Flow": 4, "Snoil98": 5, "broken PainZ": 6, "Big teddy bear": 7, "Newbie": 8, "ph€0nix ;": 9, "LifelessHalo": 10, "Di": 11, "Diana": 12, "nevyn": 13}}, {"id": 17906810, "category": {"id": 58, "name": "LGBT"}, "emotion": "Proud", "turns_number": 3, "dialogues": [[1423287, 0, "I used to hold my freak backnow I m letting go make my own choicebitch , I run this shows leave the lights onto , you can not make me behave", []], [1520348, 2, "Hell yeah , you go Levi , kick transphobes  masses and show  em who is boss !", ["✨"]], [1496595, 1, "I love that song . Semi Potato is great !", []]], "speakers": {"Lexi Dearest": 0, "Emily🏳️‍🌈": 1, "Cyprin": 2}}, {"id": 17906806, "category": {"id": 10, "name": "Friends"}, "emotion": "Stressed", "turns_number": 3, "dialogues": [[1132666, 0, "my husband invited his friend over but his friend is married to my friend so they are both coming over tomorrow . I just wanted to lay in bed all day and now instead I have to entertain . I really really do not want to be around people and now I can not sleep because I m stressed about tomorrow .", []], [789471, 2, "Stressing wo not help , just sleep with a empty mind", []], [39373, 1, "is your husband awake right now ? you can tell him that you are a bit stressed and ask if he could take care of the guests tomorrow . Then you can fall asleep and see how you feel the next day", []]], "speakers": {"Andrea": 0, "2410🧿": 1, "H O P E": 2}}, {"id": 17906784, "category": {"id": 20, "name": "Others"}, "emotion": "Inadequate", "turns_number": 4, "dialogues": [[517096, 0, "ida i am still sex though", []], [1415006, 3, "Yes , you are .", []], [852514, 2, "fuck yes plus a good sense of style", []], [1513761, 1, "I do not know are you", []]], "speakers": {"8mak": 0, "Nikki": 1, "Nico": 2, "Rachel Marie leak from the UK 🇬🇧": 3}}, {"id": 17906779, "category": {"id": 7, "name": "Relationships"}, "emotion": "Sad", "turns_number": 5, "dialogues": [[0, 0, "Gender roles have worked for a reason . The patriarch worked for a reason . i am ok with my role as a women . We need to celebrate our differences . Men are just biological stronger .", []], [1305616, 4, "Sir , this is a Windy is I asked for your order .", []], [1251730, 3, "Well physicallyyesbut there are plenty of female boxers despite that", []], [656550, 2, "are they the?because I have seemed a lot of men in my life and I always won fights so I do not know what you are on about", []], [819758, 1, "Oh boy feminist will attack now . Delete this post", []]], "speakers": {"Anonymous": 0, "🍬𝕂𝕚𝕞𝕞𝕚𝕔𝕠🍬": 1, "Muggins": 2, "GalaxySky": 3, "CEO of Swag 😎": 4}}, {"id": 17906769, "category": {"id": 47, "name": "Health"}, "emotion": "Sad", "turns_number": 3, "dialogues": [[1313154, 0, "I ca not go outside without any make", []], [1535088, 2, "And I can not go outside wearing make", []], [856117, 1, "It is really hard , trust me I used to be like that too , but honestly , no one care what you look like , strangers do not care and people do not notice if you are wearing make up or not , it is scar going out without make the first time , but once you get over that first time , it gets a whole lot easier", ["💗"]]], "speakers": {"No name": 0, "Nevermind": 1, "sunflower": 2}}, {"id": 17152112, "category": {"id": 10, "name": "Friends"}, "emotion": "Supportive", "turns_number": 7, "dialogues": [[1205463, 0, "If you think girls are dramatic , you have never seen a guy lose in a video game .", ["🙄"]], [1194921, 6, "a 100th anna adversary to this post", []], [1441806, 5, "At least we have a valid reason", []], [1345335, 4, "yea it is called rage and it lasts for 3 - for seconds max where as on the contrary .", []], [896133, 3, "losing in a game ? Did you ever have negative have states in Counter Strike ? That shit hurts", []], [682976, 2, "good thing girls love to lose at video games", ["😌"]], [672995, 1, "well as a woman , I m also incredibly dramatic if I lose in a video game which is not often because I m actually a pro game * casually flexed with my cracked and shipped minecraft controller*(I am being sarcastic by the way )", ["👌"]]], "speakers": {"Anaya": 0, "Satan": 1, "🦇𝐕𝐚𝐦𝐩𝐲🦇": 2, "✨Parth✨": 3, "User Banned": 4, "gluten-free anxiety": 5, "ᴇᴠᴇʀʟᴀꜱᴛɪɴɢ ꜰᴏʀ ᴇᴠᴇʀᴍᴏʀᴇ": 6}}, {"id": 17152086, "category": {"id": 74, "name": "Depression"}, "emotion": "Depressed", "turns_number": 3, "dialogues": [[0, 0, "almost all people I stopped speaking to because they had a better life than me , making me feel bad and jealous .", []], [1418881, 2, "Stop comparing your life to others . they have their set of problems and you are only rousing on what you think is a good part of your life . What your life is right now is not the way you ll always remain if you take control . good luck", []], [1475482, 1, "One remedy for jealousy is appreciating your self and the things around you Like actually though :)", []]], "speakers": {"Anonymous": 0, "Blackfeather": 1, "Emo Ross": 2}}, {"id": 17152084, "category": {"id": 10, "name": "Friends"}, "emotion": "Loving", "turns_number": 3, "dialogues": [[1472623, 0, "Anyone who feels lonely and depressed , we can be friends with each other . Anyone interested makes a comment", []], [1483865, 2, "I am definitely lonely & depressed", []], [1498127, 1, "How did you know that a friend is success ?", []]], "speakers": {"Life Styles***": 0, "No One": 1, "User Banned": 2}}, {"id": 17152081, "category": {"id": 63, "name": "My Story"}, "emotion": "Exhausted", "turns_number": 4, "dialogues": [[1117966, 0, "My eyes are burning today . I m so tired", ["🥺"]], [728874, 3, "I really hope you feel better soon.did you shovel yesterday or did someone do that foryouryour", []], [1137326, 2, "take a proper rest . to get heal up .", []], [1232512, 1, "Take a rest obviously this is lack of sleep , is not nothing worth it more than you do so i have yourself a break", ["😊"]]], "speakers": {"blackrose❤︎": 0, "🇺🇸RobbyRockRobster🎸": 1, "ƉĦɆɆɌ₳Ɉ (ƉɈ)": 2, "Fearless": 3}}, {"id": 17152069, "category": {"id": 7, "name": "Relationships"}, "emotion": "Optimistic", "turns_number": 3, "dialogues": [[1496380, 0, "all I ever want is your love !", []], [1496129, 2, "on the That term love ?", []], [850624, 1, "That is a lot of pressure on one thing", []]], "speakers": {"Svdden": 0, "I believe in heaven": 1, "Goodweather": 2}}, {"id": 17152058, "category": {"id": 71, "name": "Grief"}, "emotion": "Tired", "turns_number": 3, "dialogues": [[1205828, 0, "where does my rain soul go ? ! I need it banged banged , au posen had dedlener", []], [1202378, 2, "Sleep adam , sleep , your dream is waiting", []], [1080652, 1, "what language is this ?", []]], "speakers": {"ayam": 0, "Eh what?": 1, "lalalalaika": 2}}, {"id": 17152036, "category": {"id": 10, "name": "Friends"}, "emotion": "Confused", "turns_number": 3, "dialogues": [[1383198, 0, "why do we try to go after relationships on such appswhy not friendships ? . and the too y not with same gender?y it has to be a boy making a girl", []], [1491413, 2, "personally I like guy friends more but they are all prevents so it is neareally impossible to make guy friends .", []], [1486347, 1, "I do not know why it is so", []]], "speakers": {"pixiee✨": 0, "sssǝɾ": 1, "snow": 2}}, {"id": 17152007, "category": {"id": 20, "name": "Others"}, "emotion": "Meh", "turns_number": 3, "dialogues": [[724668, 0, "Me . I m still standing , so I think it could be worse .", []], [1216989, 2, "depressing . it is like your just getting by .", []], [909709, 1, "Could be a lot better", []]], "speakers": {"Lillith Devries": 0, "needle": 1, "Max_Eastwood": 2}}, {"id": 17151983, "category": {"id": 10, "name": "Friends"}, "emotion": "Sad", "turns_number": 3, "dialogues": [[1498926, 0, "I hope some of my friends could understand that I am still available even the I am not doing anything . I tried to explain to them about this , they got mad :(", []], [1498926, 0, "I can not reply to messages for a while because I feel disconnected to the world . I do not know if that is the right term for what I feel .", []], [1418881, 1, "just make up excuses and tell you are busy with something . People do not always attempt that hard to understand these things", []]], "speakers": {"Leviae": 0, "Blackfeather": 1}}, {"id": 17151961, "category": {"id": 51, "name": "Helpful Tips"}, "emotion": "Loving", "turns_number": 3, "dialogues": [[1292593, 0, "Anyone experience with Neurofeedback ?", []], [689303, 2, "neuro is a diffuse you later topic", []], [1491336, 1, "are you from russia ?", []]], "speakers": {"Seretonine": 0, "Sun shine": 1, "chiko": 2}}, {"id": 17151946, "category": {"id": 71, "name": "Grief"}, "emotion": "Insecure", "turns_number": 3, "dialogues": [[0, 0, "I do not feel good am ashamed of myself am a hello hello", []], [271608, 2, "hey there what is wrong ?", []], [658263, 1, "what made you think you are a lower ?", []]], "speakers": {"Anonymous": 0, "Jamie Falconer": 1, "ɐpuᴉ⅂": 2}}, {"id": 17151913, "category": {"id": 10, "name": "Friends"}, "emotion": "Calm", "turns_number": 3, "dialogues": [[1077095, 0, "hello Talk Liners ! what is up ?", []], [271608, 2, "hey nm how are you doing today", []], [1450384, 1, "enough of what is up . What is down ?", ["🤔"]]], "speakers": {"LovePoison🌟": 0, "Jamie Falconer": 1, "Bittersweet": 2}}, {"id": 17151899, "category": {"id": 10, "name": "Friends"}, "emotion": "Supportive", "turns_number": 3, "dialogues": [[1497918, 0, "Today is Confession Day , you can comment anything you want to confess . I will listen .", []], [945416, 2, "I m about to break , but none has to see it , it is my fault anyone welcomes .", []], [689303, 1, "I want him badly but we are getting apart", []]], "speakers": {"Harley": 0, "the big sad :)": 1, "Sun shine": 2}}, {"id": 17151895, "category": {"id": 11, "name": "Hopes"}, "emotion": "Tired", "turns_number": 4, "dialogues": [[0, 0, "Why white pp are annoying ? I think it is because they always have a safe cushion in case they fail . They have a home or family to pick them up if they lose their job or marriage fails or whatever . I have never had that option . My only option was to sure have and keep moving forward", []], [1349053, 2, "you are mass have generalizing . the colour of your skin does not determine how much of a support have family you have . I m white , my family made me homeless at the age of 14 . it is incredibly small minded of you to think all white pp have a place to go if things go wrong for them .", []], [1369826, 1, "Annoyance does not have to do anything with money . Mind you that just because i am white does not mean that i am not treated badly . I was called vulgar racism things when I was in another country , and what about white trash or people that do not have money or a job ? Are you going to disregard them because they are white ?", []], [1369826, 1, "You are so racism , man . Please take this down .", []]], "speakers": {"Anonymous": 0, "Lain": 1, "ZOINKS": 2}}, {"id": 17151893, "category": {"id": 20, "name": "Others"}, "emotion": "Optimistic", "turns_number": 5, "dialogues": [[1499419, 0, "Hi , I m new here Say  HI  to me", ["✨"]], [1303492, 4, "How about  welcome  ?", []], [724668, 3, "Hi ! How areyouryour", []], [1330381, 2, "His . Welcome to our talk life community .", ["🍁"]], [1483084, 1, "I need someone to talk to everyday and someone to be happy with", []]], "speakers": {"Jimena Blanco": 0, "ᴘᴇᴀᴄʜ": 1, "Lillith Devries": 2, "𝑨𝒗𝒊𝒌...": 3, "Gideon": 4}}, {"id": 17151890, "category": {"id": 61, "name": "Positive"}, "emotion": "Caring", "turns_number": 4, "dialogues": [[1496961, 0, "I choose to be pretty ; to be attract have ; to be beautiful and to be gorgeous !", []], [880447, 1, "I mean is not it obvious your all those things .", []], [880447, 1, "wear those high heels girl", []], [880447, 1, "yeah it takes some serious skill to balance on those all day", []]], "speakers": {"🌼Tranquility🌈Admirer 🌼(🌊Spiritual splash💧)": 0, "Still": 1}}]