[{"id": 17906536, "category": {"id": 10, "name": "Friends"}, "emotion": "Bored", "turns_number": 3, "dialogues": [[1311586, 0, "How about a random conversation about what is on your mind right now ?", []], [1271335, 2, "death suicide killing my self these are on my mind", []], [1282781, 1, "my life is a mess and I do not know what to do with it , I totally lost hope now .", []]], "speakers": {"Qasem⚡": 0, "BIG BROTHER": 1, "白萱": 2}}, {"id": 17906534, "category": {"id": 7, "name": "Relationships"}, "emotion": "Caring", "turns_number": 6, "dialogues": [[1427737, 0, "Your opinion.(please do not be an ass).Is it OK for a guy to say , he Needs a woman?While it is acceptable for a woman to say , she NEEDS a man . I mean that in a sense of true connection . ( not in the physical adult sense ) .", []], [1513408, 5, "I personally think no one needs a romantic relationship , just friendship", []], [1251730, 4, "Of course it is some people need muddle companions after all", []], [1528733, 3, "It is all ok . Cause humans need humans .", []], [795470, 2, "it is ok ( and natural )", []], [1420354, 1, "It is definitely ok , yeahnot sure if social forms agree with that though .", []]], "speakers": {"Mr Wolfe": 0, "Olivia": 1, "Muggins": 2, "BabyDreamer": 3, "silly gamer": 4, "Daughter of Hekate": 5}}, {"id": 17906528, "category": {"id": 74, "name": "Depression"}, "emotion": "Nostalgic", "turns_number": 6, "dialogues": [[1267167, 0, "My whole family report came position have for corona :(", []], [1464428, 5, "say to hear that , I hope you all get well soon .", []], [838746, 4, "hey please do not worry everything will be fine . please take care of yourself and others .", []], [723333, 3, "so sorry to hear that.stay safe and I wish you all a speedy recovery", ["🙏", "❤"]], [1300859, 2, "even one of my colleagues has tested position have at office . :/", []], [1070292, 1, "I think you should stay strong and be optimistic", []]], "speakers": {"Angel❤": 0, "broken PainZ": 1, "🌻🌻🌻": 2, "Prince 🤴🇺🇲": 3, "Bad_Shah": 4, "Rj": 5}}, {"id": 17906525, "category": {"id": 63, "name": "My Story"}, "emotion": "Embarrassed", "turns_number": 4, "dialogues": [[0, 0, "i know its weird but i wish to be pregnant but unfortunately I am a guy !", []], [1251730, 3, "Could always just have food baby", []], [1200559, 2, "I wish we could swap places", []], [1516240, 1, "Yeah , who would not wish to vomit , feel pain , and while giving birth feel like you are breaking 10 bones . Everyone would love that .", []]], "speakers": {"Anonymous": 0, "Muggins": 1, "Bangtan🖤💜🖤": 2, "Newbie": 3}}, {"id": 17906521, "category": {"id": 61, "name": "Positive"}, "emotion": "Hopeful", "turns_number": 5, "dialogues": [[1525589, 0, "As you heal , your attractions change , too . Toxicity stops looking like excitement , and peace stops feeling like boredom . GOALS", []], [1542462, 4, "This is so powerful  ", ["🧘", "♂", "✨"]], [1459055, 3, "As I heal , I start to not giving fuck", []], [1439755, 2, "when the toxicity comes back keeping the door shut . it is the best way for continued relief and healing", []], [1212035, 1, "This is one of the best things I have read in a long time .", ["🗝", "💔", "🪄", "💖"]]], "speakers": {"【﻿Ｋｉｔｔｙ　Ｌｕｎａ】": 0, "PoeticJustUs": 1, "Ann": 2, "𝔊𝔥𝔬𝔰𝔱𝔦𝔫𝔤𝔐𝔶𝔰𝔢𝔩𝔣": 3, "Kaeemgee": 4}}, {"id": 17906505, "category": {"id": 63, "name": "My Story"}, "emotion": "Numb", "turns_number": 3, "dialogues": [[1400480, 0, "Here I am now.15 feet tall , and raging . Blazing . You sweat at 45 feet away . Still i willed . Embers touching toes . I am a million miles away from everyone . I know this vacuum . I know this cold .", []], [1167900, 2, "you just reminded me that i need to burn all my old bank statements . cheers due", ["😉"]], [684673, 1, "Noah , cool fire ! When we get such here , it is a city event . Pp travel to look .", ["😊"]]], "speakers": {"Proteus": 0, "Diana": 1, "Kama2": 2}}, {"id": 17906498, "category": {"id": 62, "name": "Mental Health"}, "emotion": "Heartbroken", "turns_number": 3, "dialogues": [[0, 0, "does anyone here has avoiding personality disorder ( AND ) ?", []], [1420354, 2, "I had to look it up , so I m cleareally not diagnosed , but I can certainly strongly relate to what I have read at least .", []], [1541111, 1, "I have bad English but I have bordering personality disorder , I have gender dysphoria and body dysmorphia ( those two do not correlate ) if you want to ask me something say it", []]], "speakers": {"Anonymous": 0, "Daughter of Hekate": 1, "AmputeKun": 2}}, {"id": 17906477, "category": {"id": 72, "name": "Anxiety"}, "emotion": "Tired", "turns_number": 3, "dialogues": [[1540823, 0, "I sleep all day , up all night . I ca not change it us off my sleeping problems and i take meditation for it . And also i hate day time . Looking at pp out in the sun that are happy and i am alone .", []], [1206661, 1, "I have the same feelings", []], [1206661, 1, "I m alone as well", []]], "speakers": {"Jupiter": 0, "Big teddy bear": 1}}, {"id": 17906472, "category": {"id": 7, "name": "Relationships"}, "emotion": "Nostalgic", "turns_number": 3, "dialogues": [[1542441, 0, "Thinking about all the times we spent together . Your arms wrapped around me . You telling me how much you love me and that you would never leave . And now you are just gone Like how could it be so perfect and use be so perfect and you still leave me . To go back to someone you said you hate . You have broken me so completely", ["😭", "💔"]], [1070292, 2, "hey . cool . you want to talk . do me", []], [1460621, 1, "hi i am here if you need to talk", []]], "speakers": {"Savannah Marie": 0, "Rj": 1, "Jake Green": 2}}, {"id": 17906468, "category": {"id": 62, "name": "Mental Health"}, "emotion": "Depressed", "turns_number": 3, "dialogues": [[411489, 0, "sometimes I feel so isolated and alone", []], [1465913, 2, "you can message me if you ever want to talk about anything at all", []], [980731, 1, "I can imagine . Corona life is not easy , depression life neither , but both are going to get better . I am sorry you feel this way , but I know you are strong enough to go through it as the adams warrior you are .", []]], "speakers": {"C:\\> CD AtomicToast": 0, "Wanheda": 1, "Tired Tried": 2}}, {"id": 17906467, "category": {"id": 11, "name": "Hopes"}, "emotion": "Worried", "turns_number": 3, "dialogues": [[692631, 0, "either fail or success . I do not know what to hope", []], [1458663, 2, "I will be successful or die trying >:(", []], [1536301, 1, "hey , what happened next ? did you get it ? the scholarship ?", []]], "speakers": {"Lith": 0, "snuggluffagus™": 1, "Ru kia": 2}}, {"id": 17906461, "category": {"id": 50, "name": "Music"}, "emotion": "Calm", "turns_number": 3, "dialogues": [[1490091, 0, "I can not help it I love the broken onesthe ones who need the most watching the ones who have never been loved , Maybe I see a part of me in them The missing piece always try to fit in shattered heart , hungry for a moment you are not alone ~ Broken Ones by Did Hampton ~ sending huge to all the broken ones", ["🤗"]], [1337376, 2, "you are a sweet soul", ["🌸"]], [1482846, 1, "Life sucks , I feel , feel broken . I do not know if I have ever been hello hello", ["😢"]]], "speakers": {"Aleen": 0, "Mayur": 1, "Talk Life Nero": 2}}, {"id": 17906426, "category": {"id": 63, "name": "My Story"}, "emotion": "Proud", "turns_number": 3, "dialogues": [[1392717, 0, "I am the best author of my life .", []], [1421206, 2, "I would like to listen your story sometime .", []], [1466499, 1, "i am the worst one", ["🤣"]]], "speakers": {"LAVAANYA ( RAY OF BEAUTY )": 0, "𝐌 𝐑   𝐀 𝐋 𝐏 𝐇 𝐀   𝐓 𝐋   𝐂 𝐀 𝐏 𝐓 𝐀 𝐈 𝐍": 1, "Abhii Chaudhari": 2}}, {"id": 17906407, "category": {"id": 10, "name": "Friends"}, "emotion": "Nothing", "turns_number": 6, "dialogues": [[723773, 0, "What is you are far thing to ride", []], [1251730, 5, "Oh I think you already knowtrains", []], [1235656, 4, "the bus to church amen", ["🙏"]], [1441051, 3, "These responses did not disappoint", ["😆"]], [859993, 2, "damn my mind is so dirty", []], [1334208, 1, "my mountain bike down a trail", []]], "speakers": {"panda": 0, "Muggins": 1, "fairy Ƹ̵̡Ӝ̵̨̄Ʒ": 2, "Danielle ♡": 3, "Zak": 4, "POWER CAT": 5}}, {"id": 17906398, "category": {"id": 20, "name": "Others"}, "emotion": "Meh", "turns_number": 3, "dialogues": [[0, 0, "some guns like girls checking up on them if they ate and if they did this and that . to me it is annoying , I do not need a second sum . it is like they want to fill that torturing mother type role with me but I m not looking for that", ["😆"]], [421767, 2, "That is cool , actually hate when people want a second mon . Like , brush , I do not know , i would rather have a relationship in which I m not babysitting , but i willing with a best friend .", []], [819758, 1, "Nl I am a guy and this is how I am as well , a daring person . It is sad to see that people does not appreciate the care we i have and prefers casual or sexual type relationship . Love is missed up these days .", []]], "speakers": {"Anonymous": 0, "palechub": 1, "CEO of Swag 😎": 2}}, {"id": 17906397, "category": {"id": 20, "name": "Others"}, "emotion": "Lonely", "turns_number": 3, "dialogues": [[1304345, 0, "Do not tell lies to someone for temporary comfort", []], [1516240, 2, "Show the cold truth , even if you have to shed blood .", []], [1317586, 1, "it is sad that most people do that thinking that is right after multiple types of person told them they are wrong .", []]], "speakers": {"DireWolf": 0, "Newbie": 1, "Kaneki Ken☕": 2}}, {"id": 17906386, "category": {"id": 12, "name": "Self Harm"}, "emotion": "Overwhelmed", "turns_number": 4, "dialogues": [[1540360, 0, "I m a little drunk.now I m really starting to doubt my self worth", []], [1520348, 3, "This is why I try to stay away from alcohol until i am more mentally stable", []], [579447, 2, "I feel the alcohol leaving my blood finally i hope you are ok though , do not doubt yourself , you are worth more ! Stay safe", ["😂"]], [446095, 1, "what was your choice of alcoholic beverage tonight ?", []]], "speakers": {"Kayla Hackney": 0, "Emily🏳️‍🌈": 1, "Lars 🐻": 2, "TboneSteak": 3}}, {"id": 17906362, "category": {"id": 7, "name": "Relationships"}, "emotion": "Confused", "turns_number": 3, "dialogues": [[1470414, 0, "I am now unable to tell the difference between if I m actually interested in someone or if I m just desperate for affection .", []], [1329426, 2, "interested- you know what you like about them and are attracted to themdesperate - you are not really attracted to them and say  Eh may but he seems nice  while looking at him and there is not anything parties you lateral you are attracted to about him.the I ll i have him a chance excuse comes across your forehead", []], [890135, 1, "take a i will oil| and get yourself a puppy", []]], "speakers": {"fuck_gravity": 0, "Veronica Davis": 1, "Lűną": 2}}, {"id": 17906334, "category": {"id": 47, "name": "Health"}, "emotion": "Hopeful", "turns_number": 3, "dialogues": [[448213, 0, "I have my first appointment at the pain clinic next week . I really hope they can i have me something that allows me to li have some sort of life .", []], [780470, 2, "damn brow , what is the matter ?", []], [656550, 1, "good luck ! pain can be really really diffuse you later . I hope you get something that works for you", []]], "speakers": {"StevieTheTv": 0, "Delil": 1, "GalaxySky": 2}}, {"id": 17906331, "category": {"id": 10, "name": "Friends"}, "emotion": "Caring", "turns_number": 3, "dialogues": [[1392717, 0, "A happy morning to everyone and evening to all ofyouryour", []], [1488937, 2, "Good morning . how is you", []], [1466499, 1, "good morning.have a good day ", ["☺", "😉"]]], "speakers": {"LAVAANYA ( RAY OF BEAUTY )": 0, "Honey": 1, "Abhii Chaudhari": 2}}, {"id": 17906324, "category": {"id": 10, "name": "Friends"}, "emotion": "Optimistic", "turns_number": 3, "dialogues": [[1373428, 0, "how is everyone doing today ? I m up for a chat . needing some friends .", []], [780470, 2, "do you need to vent or just a casual chat ?", []], [1533026, 1, "I ll be your friend", []]], "speakers": {"eh": 0, "Delil": 1, "Dallas": 2}}, {"id": 17906304, "category": {"id": 62, "name": "Mental Health"}, "emotion": "Depressed", "turns_number": 3, "dialogues": [[0, 0, "I kind of wonder if drinking , smoking , or gaping would help with my mental health at all . I have depression , anxiety , and bipolar disorder apparently , and the medicine is both ineffective have and way too expense have each month . Alcohol tastes gross , and I m not sure if my pathetic lungs could handle smoking or gaping long - term , but at least it is pocket change compared to the money that I m losing each month on meditation .", []], [1464428, 2, "You could get addicted though , that would be much more expense have over the years", []], [1516240, 1, "Drinking : Release your anxiety and lowers self - awareness , as well as alarming consciousness.- > Hence why people take it at partiessmoking : Functions as a way to rely on a tool ( like the phone).All unhealthy , though .", []]], "speakers": {"Anonymous": 0, "broken PainZ": 1, "Newbie": 2}}, {"id": 17906292, "category": {"id": 15, "name": "Family"}, "emotion": "Exhausted", "turns_number": 3, "dialogues": [[576089, 0, "I shouted at my mon very badly today . I had all the right reasons to do it . still I feel bad about it . existence is such a cruel trap .", []], [684673, 1, "Well , you later can . not apologize I guess since you were in a right , but calmly explain to her that you still believe in your . something , but do feel bad about delhi wavering it in a shouting way ? ( And maybe i have her a cupcake or something ? ) Or will it make you feel only worse , like you are dealing your emotions ? Because that also hurts .", []], [684673, 1, "Sorry , you never asked for advice So here instead : it happens , do not worry", ["😅", "😉"]]], "speakers": {"mauri": 0, "Kama2": 1}}, {"id": 17906276, "category": {"id": 11, "name": "Hopes"}, "emotion": "Hopeful", "turns_number": 3, "dialogues": [[1540283, 0, "Not everything is a lesson . Sometimes you just fail .", []], [1542394, 1, "How do you know the difference ?", []], [1542394, 1, "I try to take everything as a lesson to improve . So how do I know that I have failed ?", []]], "speakers": {"Ham_akh": 0, "Island Ting": 1}}, {"id": 17906273, "category": {"id": 7, "name": "Relationships"}, "emotion": "Nothing", "turns_number": 3, "dialogues": [[0, 0, "Men want sex the same way women want attention .", []], [1270377, 2, "yeah I think so .", []], [524575, 1, "they have got to be sexual then", []]], "speakers": {"Anonymous": 0, "El 24": 1, "ɒᴉuoʇouoW": 2}}, {"id": 17906232, "category": {"id": 11, "name": "Hopes"}, "emotion": "Proud", "turns_number": 3, "dialogues": [[723333, 0, "happy to say I m getting better one day at a time", ["🙌", "✅"]], [1223226, 2, "this is fantastic news , brother !", []], [1541782, 1, "I think it is the best way to figure out", []]], "speakers": {"Prince 🤴🇺🇲": 0, "B": 1, "Alec": 2}}, {"id": 17906231, "category": {"id": 63, "name": "My Story"}, "emotion": "Motivated", "turns_number": 3, "dialogues": [[1180605, 0, "I feel like Kind today giving you rashes a chance to talk to me has my hate for Talklifers been reducing with time . come on someone make me hate you all each and everyone", []], [1542208, 2, "Why use strong terms and we would still have gotten the message  ", ["🤷", "♀", "💔"]], [1532021, 1, "so hey ! I am here hate me . I want someone to hate me and you want to hate someone . PERFECT !", []]], "speakers": {"Prince of Fries": 0, "ShazzyK💖": 1, "yourweirdclassmate": 2}}, {"id": 17906199, "category": {"id": 7, "name": "Relationships"}, "emotion": "Embarrassed", "turns_number": 3, "dialogues": [[1504283, 0, "I keep social media talking my ex and I know it is not helping me move on . I even see stuff that makes me rage internally . How do I stop ? Honestly . addicted to it at this rate .", []], [1483084, 2, "I need someone to talk to everyday", []], [1472454, 1, "I m in the same situation , I guess the best option is to just block them from all your social media till you move on", []]], "speakers": {"Ashley": 0, "Gideon": 1, "Morpheus": 2}}, {"id": 17906194, "category": {"id": 7, "name": "Relationships"}, "emotion": "Frustrated", "turns_number": 5, "dialogues": [[1536114, 0, "Why ca not guns be truthful and honest with me if they like me", []], [1446720, 4, "I do not know about others i will be honest and truthful with you", []], [991522, 3, "th you r too hot to handle", ["🙊"]], [914497, 2, "guns are scared of rejection too much and should get to know women more instead of just liking them and having ideas and fantasies . I get that too much and it is why I have only had my boyfriend of 17 years . He got to know me instead of expecting things . Of course I wish other guns could do what he does . laugh out loud there is too much comparing . Other women are go letters while I m more cautious .", []], [1483084, 1, "I need someone to talk to everyday", []]], "speakers": {"Harper": 0, "your soulmate": 1, "Vedant Dwivedi": 2, "Ella83": 3, "Gideon": 4}}, {"id": 17906181, "category": {"id": 7, "name": "Relationships"}, "emotion": "Heartbroken", "turns_number": 4, "dialogues": [[1214858, 0, "I am drunk . Please talk to me laugh out loud I have so many negative have thoughts in", []], [579447, 3, "I am finally getting down from being drunk . I hope you are ok , stay safe !", []], [1542416, 2, "What is up Line ? What is on your mind ?", []], [1540201, 1, "You need rest , and pus take off those negative have thoughts they should not be welcomed", []]], "speakers": {"Lina K": 0, "Lars 🐻": 1, "Michael": 2, "Joshie Cee": 3}}, {"id": 17906162, "category": {"id": 20, "name": "Others"}, "emotion": "Optimistic", "turns_number": 3, "dialogues": [[791955, 0, "I am taking rooms later tonight . anyone else tripping ?", ["🍄"]], [517397, 2, "I feel dizzy if it counts", []], [1532691, 1, "Hata nice I did them not too long ago and drank as well loops", []]], "speakers": {"swimming_fish": 0, "God's Perfect Idiot": 1, "dorothea": 2}}, {"id": 17906156, "category": {"id": 20, "name": "Others"}, "emotion": "Sad", "turns_number": 4, "dialogues": [[911164, 0, "spent my free cheque getting my car fixed now i am broke again can never get a break", []], [517397, 3, "right . welcome to the vicious cycle", []], [639154, 2, "This sounds familiar . on the upside , I can tell what is wrong with my car by just the noise it makes now", ["🤦"]], [451950, 1, "I know how you feel", []]], "speakers": {"windwalker": 0, "God's Perfect Idiot": 1, "Sorcha": 2, "Victor's": 3}}, {"id": 17906134, "category": {"id": 58, "name": "LGBT"}, "emotion": "Confused", "turns_number": 3, "dialogues": [[1365276, 0, "I think my ex boyfriend what is to get back together but i am sort of questioning my sexuality and I do not know what to do", []], [1240504, 2, "Think about the reasons why you guns broke up and figure out whether you had like to be in that situation again . just because he wants to get back with you does not mean you have to . And then go have fun experimenting . Flirt with girls , ask some out on a date , have fun", []], [890135, 1, "I do not think sexually has a priority over emotions , so it is either you want to be with him or not", []]], "speakers": {"Hannah": 0, "the artist formerly known as \"happy\"": 1, "Lűną": 2}}, {"id": 17906128, "category": {"id": 10, "name": "Friends"}, "emotion": "Lonely", "turns_number": 3, "dialogues": [[1249543, 0, "Why does some of the right decisions you make for your own good hurts so bad ?", []], [767439, 2, "Because everything worth doing is never easy .", []], [1388204, 1, "bc it is diffuse you later to i have up some things that we may otherwise love", []]], "speakers": {"LateNightTears": 0, "Rainman": 1, "Anthony Piacentini": 2}}, {"id": 17906125, "category": {"id": 20, "name": "Others"}, "emotion": "Meh", "turns_number": 3, "dialogues": [[1517605, 0, "some guns are really good looking but they suck at taking pick", ["🙂"]], [1406872, 2, "depends what kind of pick", ["👀"]], [517397, 1, "rich coming from a Cyclops", []]], "speakers": {"°⧭°": 0, "💁🏻‍♂️": 1, "God's Perfect Idiot": 2}}, {"id": 17906100, "category": {"id": 15, "name": "Family"}, "emotion": "Sad", "turns_number": 3, "dialogues": [[0, 0, "I li have with my mon only and she keeps wanting me to help her with house shores which is the right thing to do . But she is a perfectionist and I do not know how to even cook scrambled eggs . I always feel and am a burden useless piece of meat . no doubt", []], [698813, 2, "oh . I m the same at my house . like everybody knows cooking buy not me .", []], [1381548, 1, "you are not you could just learn how to cook scrambled eggs do :)", []]], "speakers": {"Anonymous": 0, "Ashfaq": 1, "Someone": 2}}, {"id": 17906091, "category": {"id": 62, "name": "Mental Health"}, "emotion": "Caring", "turns_number": 3, "dialogues": [[1542407, 0, "I send everyone reading this a big fat hug", []], [1288103, 2, "and a big warm hug to you too friend !", ["🤗", "💓"]], [1542637, 1, "Thank you struggling to not have panic attacks", []]], "speakers": {"Kitty": 0, "SPARTAN-117": 1, "Newbie": 2}}, {"id": 17906078, "category": {"id": 62, "name": "Mental Health"}, "emotion": "Depressed", "turns_number": 4, "dialogues": [[1517274, 0, "Those feelings . No matter how much I bury them , they always find a way to come back to me . I have done everything but nothing gets better and I do not know if I ll make it out this time", []], [506396, 3, "it is overwhelming and crippling .", []], [573611, 2, "Suppression is not generally recommended . Do you have someone you can confide in ?", []], [1527682, 1, "you can not bury em , the only way to be Alright is to make peace with them . accept them", ["🦋"]]], "speakers": {"Anon": 0, "Brennon Joseph OldBear": 1, "Robert": 2, "Ari 🦋": 3}}, {"id": 17906071, "category": {"id": 20, "name": "Others"}, "emotion": "Shocked", "turns_number": 4, "dialogues": [[0, 0, "Another shooting in America . Brush I hate it here", []], [1240504, 3, "I want to leave here so bad :/", []], [819758, 2, "Just another day in America . Nothing special", []], [875785, 1, "Indianapolis yesterday , and now Nebraska ? that is sad .", []]], "speakers": {"Anonymous": 0, "the artist formerly known as \"happy\"": 1, "CEO of Swag 😎": 2, "scorpio": 3}}, {"id": 17906062, "category": {"id": 62, "name": "Mental Health"}, "emotion": "Supportive", "turns_number": 3, "dialogues": [[911511, 0, "your problem will grow too more things you want that you ca not stop to work for it .", ["😁"]], [1351277, 2, "he grew his fortunes from his father is money . as far as the smallfolk are concerned , Must can fuck off to Mars", []], [952165, 1, "Fuck you , Elson Must , privatizer of space research !", []]], "speakers": {"Nigel": 0, "Jeremus": 1, "Melkor": 2}}, {"id": 17906058, "category": {"id": 50, "name": "Music"}, "emotion": "Bored", "turns_number": 3, "dialogues": [[1340222, 0, "Your crew is featherweight my gunshot will make you hesitate", []], [950490, 2, "bold of you to assume i got a crew .", []], [875785, 1, "damn , that rhymes well .", []]], "speakers": {"Alexandra": 0, "Wonder": 1, "scorpio": 2}}, {"id": 17906050, "category": {"id": 62, "name": "Mental Health"}, "emotion": "Worried", "turns_number": 4, "dialogues": [[1035358, 0, "so this due has several accounts and he uses them to comment on one of his post . now", []], [1513408, 3, "Good idea , going to steal it", []], [1065896, 2, "hata ! i recently came across two similar guns . having tons of acts", []], [1538841, 1, "* me using different email for free trials *", []]], "speakers": {"Phoque": 0, "Olivia": 1, "meowmeow": 2, "Fennix": 3}}, {"id": 17906048, "category": {"id": 20, "name": "Others"}, "emotion": "Moody", "turns_number": 3, "dialogues": [[997022, 0, "Ff I do not know but I think my Sex dry have just keeps getting higher ugh !", ["🙈"]], [517397, 2, "I feel mine crashed with the market .", []], [1350958, 1, "laugh out loud mine has been so high that I go solo for times", []]], "speakers": {"ThiccBish🥰": 0, "God's Perfect Idiot": 1, "ph€0nix ;": 2}}, {"id": 17906042, "category": {"id": 74, "name": "Depression"}, "emotion": "Lonely", "turns_number": 3, "dialogues": [[603694, 0, "really have not had anything to smile about today", []], [1539681, 1, "would a joke or some internet huge help ?", []], [1539681, 1, "well , here are some huge , and a joke : Did you hear about the mathematician who is afraid of negative have numbers ? He ll stop at nothing to avoid them . Also here is a penguin penguin wishes you the best .", ["🐧"]]], "speakers": {"dennis": 0, "FreakShowWithATopHat": 1}}, {"id": 17906027, "category": {"id": 20, "name": "Others"}, "emotion": "Chilled", "turns_number": 5, "dialogues": [[1517605, 0, "when you are eating but still thinking about what you going to have next", []], [977389, 4, "oh specially happened with me when I in restaurant", []], [451950, 3, "me after working all day", []], [795446, 2, "its cause you eat your veggies first", []], [437247, 1, "of me then I feel bad the", []]], "speakers": {"°⧭°": 0, "who_am_i?": 1, "Victor's": 2, "sleepingmylifeaway": 3, "🕸ℭ𝔬𝔯𝔭𝔰𝔢🦇": 4}}, {"id": 17906009, "category": {"id": 75, "name": "Life Hacks"}, "emotion": "Caring", "turns_number": 4, "dialogues": [[1374670, 0, "psychology says : when a person appear in your dreams , that person wants to see you.", []], [1413413, 3, "Even if he is cheating on me on those dreams and all of them are only bad dreams ?", []], [1531618, 2, "Does psychology actually say this and if so , what is your source ? ( Just curious )", []], [997022, 1, "What if an ex always appears laugh out loud", []]], "speakers": {"saad": 0, "🅼🅾🅽🅰": 1, "Aurora": 2, "ThiccBish🥰": 3}}, {"id": 17905984, "category": {"id": 72, "name": "Anxiety"}, "emotion": "Tired", "turns_number": 3, "dialogues": [[1304345, 0, "Numb again , why can not I have a day with no mental drama , just one day , 24 hours that is what I want , I want to be happy for just 24 hours", []], [1065896, 2, "ditch everything that causes mental drama", []], [846083, 1, "I know what you mean . To have the mind be still , would be a blessing . I do not know what to say but , I can relate . I m feeling the same way .", []]], "speakers": {"DireWolf": 0, "meowmeow": 1, "Yo Momma": 2}}, {"id": 17905971, "category": {"id": 7, "name": "Relationships"}, "emotion": "Calm", "turns_number": 4, "dialogues": [[1204326, 0, "just thinking . everyone i have ever been in love with has never felt the same . cursed shit laugh out loud", []], [1517263, 3, "hm things happen like this . do not mind . li have with them if you can not change", []], [1413413, 2, "It is rare for someone to love you as much as you love them or the other way around , but it is still there .", []], [579447, 1, "I am sorry that happened to you . i am sure one day it ll be from both ways though . do not i have up", []]], "speakers": {"ghost face": 0, "🅿🅰🅸🅽 🅺🅸🅻🅻🅴🆁": 1, "🅼🅾🅽🅰": 2, "Lars 🐻": 3}}, {"id": 17905965, "category": {"id": 72, "name": "Anxiety"}, "emotion": "Embarrassed", "turns_number": 3, "dialogues": [[1261874, 0, "my husband loves to talk to everyone in public and tell everything he knows and how he has the best of everything . as someone who does not talk to strangers , this brings out my social anxiety like crazy .", []], [446095, 2, "him I have never been an aggression have social person like that especially with strangers . I could stand next them completely quiet without talking and be completely fine . I even do that with people I know", []], [712070, 1, "Thank you for posting this . My boyfriend and I are the same way , but I m the one who is extremely social and I will literally talk to anyone and everyone about anything . He never says it others him and I doubt it does but it is also not something I ever really thought about until now so thank you , I will pay closer attention to how he reacts next time .", []]], "speakers": {"liberty.or.death": 0, "TboneSteak": 1, "Linsanity": 2}}, {"id": 17905956, "category": {"id": 20, "name": "Others"}, "emotion": "Irritated", "turns_number": 4, "dialogues": [[0, 0, "this pp is dead . where is everybody ? nobody responds to eachothers posts anymore so why would i even be here anymore . its such ashamed , i really liked the community here .", []], [1027484, 3, "with incremental annoying changes they made to the pp i think people are losing the raw genuine feeling", []], [413922, 2, "I think its because of the popularity contest", []], [560215, 1, "neareally hysterical of boredom in", []]], "speakers": {"Anonymous": 0, "a fellow dummy dum": 1, "calebzzz": 2, "‎": 3}}, {"id": 17905950, "category": {"id": 7, "name": "Relationships"}, "emotion": "Insecure", "turns_number": 5, "dialogues": [[1542403, 0, "I battle with anxiety but recently been created on and decided to stay . I m having a hard te trusting I have been following my partner and him cheating is all I can think about . anxiety is taking over right now And advice", []], [1281359, 4, "here if you want to talk", []], [1065896, 3, "ditch your partner firstly . go to a counsellor , heal yourself , find you tribe , friends who support you and better yourself .", []], [1206661, 2, "I m sorry to hear that . your a beautiful woman . sorry that happened to you", []], [1542250, 1, "It is hard to carry on once trust is broken . You should try to move on", []]], "speakers": {"anonymous": 0, "lost soul": 1, "meowmeow": 2, "Big teddy bear": 3, "the wave~": 4}}, {"id": 17905925, "category": {"id": 20, "name": "Others"}, "emotion": "Bored", "turns_number": 3, "dialogues": [[997022, 0, "What do you do when you will alone and bored ?", ["🥴"]], [1332072, 3, "at i am a little drunk", ["😂"]], [1542411, 1, "Watch tie toes or moves", []]], "speakers": {"ThiccBish🥰": 0, "Kitten🥰": 1, "Alya": 2}}, {"id": 17905902, "category": {"id": 11, "name": "Hopes"}, "emotion": "Amused", "turns_number": 3, "dialogues": [[692113, 0, "How to ask someone if they are italian:?", []], [1409240, 2, "Where did you hide that penza ?", []], [1396207, 1, "send them a pick of past with ketchup", []]], "speakers": {"Retro_": 0, "‎❦♡︎☽": 1, "𝕻𝖎𝖊𝖓𝖆𝖙💖": 2}}, {"id": 17905875, "category": {"id": 63, "name": "My Story"}, "emotion": "Inspired", "turns_number": 4, "dialogues": [[407098, 0, "My favorite character of all stories I have ever heard is Ohio China .", []], [1541662, 3, "We are not going to talk how hot Sake is ?", []], [1494068, 2, "But the most adams is Madura China", []], [1409240, 1, "Madura is my superior .", []]], "speakers": {"🍕 pizza ♥️": 0, "PurpleQueen": 1, "DŌÑ'T MÈSS WÏTH MÉ": 2, "‎❦♡︎☽": 3}}, {"id": 17905871, "category": {"id": 74, "name": "Depression"}, "emotion": "Overwhelmed", "turns_number": 3, "dialogues": [[1453404, 0, "afraid of myself and of the possible actions i may take to endure and cope with this inner heaviness . i am terrified , exhausted , lost , and desperate . silently screaming into darkness and waiting for this feeling to fade .", []], [1533026, 2, "want to talk about it ?", []], [472531, 1, "I m praying for you . God loves you and these feelings will eventually pass .", []]], "speakers": {"damnidk": 0, "Dallas": 1, "crystalrain": 2}}, {"id": 17905861, "category": {"id": 7, "name": "Relationships"}, "emotion": "Heartbroken", "turns_number": 3, "dialogues": [[1537229, 0, "He is loving her the way i wanted him to love me", []], [1424124, 2, "she will break his heart the way he brokeyouryour", []], [838746, 1, "it happens . it is life", []]], "speakers": {"jenna": 0, "coochiedestroyer": 1, "🌻🌻🌻": 2}}, {"id": 17905853, "category": {"id": 68, "name": "I Need Help"}, "emotion": "Furious", "turns_number": 3, "dialogues": [[1498365, 0, "someone talk to me . before I break my hand because I m passed off at my girlfriend is parents because of how they treat her", []], [1506527, 1, "hello , it is really sad , i understand you , but try to calm down , you can not help her being so nervous", []], [1506527, 1, "try to breathe slower , squeeze something , transfer your anger to something else", []]], "speakers": {"Mia Burch": 0, "Eric Silva": 1}}, {"id": 17905845, "category": {"id": 20, "name": "Others"}, "emotion": "Sad", "turns_number": 3, "dialogues": [[1392991, 0, "hey . sorry I ll be late in sending cards this week.my head hurts like hell :/", []], [819758, 2, "Make sure you i have me one as quick as you see see", []], [1346892, 1, "I am excited to read the card you send me", ["🙂"]]], "speakers": {"‎🅽obodyˡᵉᶦ": 0, "CEO of Swag 😎": 1, "Passionate_Addicted Poet Author/Poet": 2}}, {"id": 17905838, "category": {"id": 7, "name": "Relationships"}, "emotion": "Caring", "turns_number": 3, "dialogues": [[1542402, 0, "I do not know if i am only feeling like this but my boyfriend does not show me no attention I want to ft him but every time we do ft he says  hold up  or  call you back  and never call back I mean we took a break and got back together but you feel like i am the only showing love and affection", ["😕"]], [1542357, 2, "I feel you , it is happened with me . if you can talk , I m here", []], [1483084, 1, "why are you still with him stop waiting your time with him", []]], "speakers": {"Newbie": 0, "Juliet": 1, "Gideon": 2}}, {"id": 17905837, "category": {"id": 62, "name": "Mental Health"}, "emotion": "Exhausted", "turns_number": 3, "dialogues": [[0, 0, "I m going to ms", []], [1367879, 2, "no please do not do that , i know it is hard and exhausting but eventually better days will come , keep fighting , you are stronger than you think", []], [988686, 1, "I hope you reconsider .", []]], "speakers": {"Anonymous": 0, "drenii": 1, "Villain and Proud": 2}}, {"id": 17905835, "category": {"id": 63, "name": "My Story"}, "emotion": "Inspired", "turns_number": 3, "dialogues": [[1302281, 0, "A mass have shout out to The Almighty HE has solution to every problem .", ["👑", "❤"]], [1080242, 2, "now he sounds like a very nice man , does he know any fortunate dances by chance ?", []], [517397, 1, "What does he think about the virus ?", []]], "speakers": {"Bright": 0, "Yo": 1, "God's Perfect Idiot": 2}}, {"id": 17905834, "category": {"id": 63, "name": "My Story"}, "emotion": "Overwhelmed", "turns_number": 3, "dialogues": [[1532914, 0, "i only ever needed one person . but no one needs me . no one wants me . no one should want me . i am just a waste of life .", []], [662038, 2, "I feel the same girl even the we have so much potential and a good heart", []], [1153095, 1, "i Feel the same way", []]], "speakers": {"Newbie": 0, "Just a random Girl": 1, "will": 2}}, {"id": 17905833, "category": {"id": 20, "name": "Others"}, "emotion": "Tired", "turns_number": 3, "dialogues": [[1531440, 0, "How do you know the difference between numb and peace", []], [1381548, 2, "at peace you feel something good.numb you just feel nothing , nothing at all", []], [930161, 1, "peace you feel good , content , calm . numb is like a emptiness , and you can feel that it is not good .", []]], "speakers": {"Lily🌸": 0, "Someone": 1, "ok.computer": 2}}, {"id": 16979714, "category": {"id": 20, "name": "Others"}, "emotion": "Chilled", "turns_number": 3, "dialogues": [[460904, 0, "she did not like the meme I made for her :(", []], [1305616, 2, "It is ok muddy . She was not the one .", []], [709244, 1, "What ? Shame on her", []]], "speakers": {"lyfsgood": 0, "🍬𝕂𝕚𝕞𝕞𝕚𝕔𝕠🍬": 1, "Efa has left the chat.": 2}}, {"id": 16979673, "category": {"id": 63, "name": "My Story"}, "emotion": "Confused", "turns_number": 3, "dialogues": [[857286, 0, "sometimes i do not recognize myself i do not know who i m why i m here what i want i do not know anything", []], [1187517, 2, "I know how you feel , but I have come to realise what I actually lack in my life is a meaningful connection with someone . that ll i have me reason to li have .", []], [1486153, 1, "it is ok what you are feeling and going thou ! Intact , I tell you what , it is good to be lost so that we can find ourselves back again wish you the best !", ["😍"]]], "speakers": {"lost everything": 0, "ℰ𝓁𝒾𝓇𝒶": 1, "Sēlène❣️": 2}}, {"id": 16979649, "category": {"id": 7, "name": "Relationships"}, "emotion": "Loving", "turns_number": 3, "dialogues": [[1466246, 0, "my eyes are so beautiful and unique and hazel . and my hair is beautiful and white blonde men ca not tell me nothing", ["😍"]], [699498, 2, "you really are beautiful ", ["❤"]], [385240, 1, "holy fuck . can you really not do anything besides complaining about men 24/7 ? get your exist off this pp .", []]], "speakers": {"User Banned": 0, "🤍 Faizy 🤍": 1, "sebastian.dk": 2}}, {"id": 16979645, "category": {"id": 7, "name": "Relationships"}, "emotion": "Overwhelmed", "turns_number": 3, "dialogues": [[1443833, 0, "That is exactly . !", []], [518871, 2, "Talk to him , take professional help and consultation", []], [792820, 1, "Him being abused does not i have him a excuse to abuse you , tell him he is becoming his dad as a wake up call , if it dangers your life or your well - being in any way by telling him that , then do not . But you have to leave him , you should not suffer the consequences of his traumatic childhood .", []]], "speakers": {"ThaaR.": 0, "Sherlocked": 1, "Syncina": 2}}, {"id": 16979632, "category": {"id": 62, "name": "Mental Health"}, "emotion": "Inadequate", "turns_number": 4, "dialogues": [[1260790, 0, "there is nothing wrong in that but maybe it is just past experiences where guns just ended up using you only for sex ? maybe ? it is not weird , I would say it is ok to feel that way , I have a friend who can not stop sexualising themselves , they do it to be liked by others and stuff .if you want to talk about it ? I m all ears , feel free to do I wo not Judge you", []], [1410548, 3, "We all have our own unique outlooks on life . it does not matter what someone else thinks is normal , for normal is but a label . As long as you feel content with yourself , you are nonetheless ok .", []], [1441781, 2, "It is both normal and not normal . For me it is not but for some it may be normal . Focus with some meditation and try to find yourself .", []], [1486886, 1, "do you have a dream ?", []]], "speakers": {"JaM1209": 0, "User Banned": 1, "Akuma-Chan": 2, "lexander": 3}}, {"id": 16979623, "category": {"id": 7, "name": "Relationships"}, "emotion": "Proud", "turns_number": 3, "dialogues": [[1155984, 0, "VALENTINE is WEEKFEB 7 : Rose day ( $ 1 / Rose)FEB 8 : Propose day ( $ 10 for ring)FEB 9 : Chocolate day ( $ to for chocolate)FEB 10 : Teddy day ( $ 25 for teddy)FEB 11 : Promise day ( $ 15 for lunch)FEB 12 : Hug day ( $ 20 for hangout)FEB 13 : Kiss day ( $ 60 for room)FEB 14 ; Valentine day ( $ 75 for dinner)CONGRATULATIONS SINGLESYOU JUST SAVED $ to to", []], [1270301, 2, "you can get a ring for 10 $ ? now", ["😲"]], [658263, 1, "laugh out loud . blessed are the one who are single .they do not have to please anyone", ["😂"]]], "speakers": {"Naveen Naveen": 0, "Dipankar": 1, "ɐpuᴉ⅂": 2}}, {"id": 16979606, "category": {"id": 10, "name": "Friends"}, "emotion": "Moody", "turns_number": 3, "dialogues": [[890310, 0, "who is addicted have to this pp and why ?", ["😄"]], [814805, 3, "You and I do not know", []], [1063221, 2, "me because I am bored", []]], "speakers": {"bowsy lady": 0, "✰★𝙃𝙖𝙙𝙚𝙨★✰": 1, "anonymous": 2}}, {"id": 16979551, "category": {"id": 51, "name": "Helpful Tips"}, "emotion": "Disgust", "turns_number": 3, "dialogues": [[1487493, 0, "Please do not send me a picture of your area especially when I do not know you and especially on this pp it is gross I do not want to see it thank you", []], [1480973, 2, "Facts keep it inyourpants home", ["🌭"]], [1334208, 1, "I got one this morning actually", ["🤢"]]], "speakers": {"INFP": 0, "Nick": 1, "POWER CAT": 2}}, {"id": 16979547, "category": {"id": 62, "name": "Mental Health"}, "emotion": "Depressed", "turns_number": 3, "dialogues": [[0, 0, "I have like no control in my life so I just sit on my pad literally all day . I just want to die so bad but I ca it", []], [1414272, 2, "just do the basis . taking care of yourself and your body . read a bit , have walks outside . try some you , meditation , crafts ", []], [1487670, 1, "try to talk with your friends , family , doing meditation , you exercises", []]], "speakers": {"Anonymous": 0, "Miko Tanuki 🦝": 1, "Yani Rioter": 2}}, {"id": 16979492, "category": {"id": 67, "name": "Self-Care"}, "emotion": "Optimistic", "turns_number": 3, "dialogues": [[0, 0, "Essential Oils : Actually work or just a myth ? I use lavender oil to help me relax before bed , or when I have a headache or something of that sort , and well does it actually do something or is it all in my head ! ?", []], [1452784, 2, "lavender oil helps me as well with anxiety and headache ! i honestly think it works", []], [1441781, 1, "It can trigger certain things in the brain , they do not have medical properties", []]], "speakers": {"Anonymous": 0, "M🖤": 1, "Akuma-Chan": 2}}, {"id": 16979425, "category": {"id": 20, "name": "Others"}, "emotion": "Hopeful", "turns_number": 3, "dialogues": [[0, 0, "Anybody else in need of a very long hug right now , because I know I sure am?!*Virtual Hug *", []], [1222536, 2, "virtual hug is can not able to calm myself", []], [1485827, 1, "i hope you feel AMAZING every day", []]], "speakers": {"Anonymous": 0, "Mr.love": 1, "Mosii97": 2}}, {"id": 16979420, "category": {"id": 15, "name": "Family"}, "emotion": "Exhausted", "turns_number": 3, "dialogues": [[373651, 0, "Been working my butt off to get the house clean and looking nice . Feels like i am burnt out again .", []], [1414272, 2, "enjoy your efforts .  do you love how it looks now ?", []], [1485827, 1, "are you Cette ? workers and enjoy herself", ["💓"]]], "speakers": {"Awkward Kitten": 0, "Miko Tanuki 🦝": 1, "Mosii97": 2}}, {"id": 16979419, "category": {"id": 47, "name": "Health"}, "emotion": "Down", "turns_number": 3, "dialogues": [[1471683, 0, "Terrible headache because of yesterday is crying evening .", []], [582138, 2, "Crying is good though , hope you felt relieved after .", []], [1228800, 1, "Hope everything going to be alright , please do take care .", []]], "speakers": {"❄ Cold flame ❄": 0, "𝑃𝑙𝑢𝑡𝑜𝑛𝑖𝑐 𝑅𝑜𝑠𝑒": 1, "Abominate.": 2}}, {"id": 16979407, "category": {"id": 20, "name": "Others"}, "emotion": "Depressed", "turns_number": 3, "dialogues": [[0, 0, "You would not believe how I be living if you seen how I be living y all would be like how have you not killed yourself yet ? How it get this bad ? How of you li have like this ? This apartment is so disgusting like no words can explain how nasty it is and my family put no effort into at least trying to do something about it", []], [1488470, 1, "minute by minute try to better a little thing then two n so on", []], [1488470, 1, "we like to believe that family will try and they are better but even if they disappear you can try and become the the family yours should be . changing for the better has to start somewhere but the change :)", []]], "speakers": {"Anonymous": 0, "OverTamed": 1}}, {"id": 16979406, "category": {"id": 7, "name": "Relationships"}, "emotion": "Optimistic", "turns_number": 4, "dialogues": [[1438648, 0, "I do not care if i am 80 , i am going to find my perfect man . or he is going to find me  I have been on and off defeated , but right now I feel like i am never giving up .", ["😂", "❤"]], [1020393, 3, "Love your spirit , keep strong .", ["💪"]], [1482846, 2, "At 80 the list of expectations will definitely be narrowed down", []], [779893, 1, "Keep the position have thinking and good things will manifest in your life .", []]], "speakers": {"Cinnamon Dubois": 0, "Cautiously Optimistic 🇵🇸🇵🇸🇵🇸": 1, "Talk Life Nero": 2, "polk": 3}}, {"id": 16979397, "category": {"id": 7, "name": "Relationships"}, "emotion": "Loved", "turns_number": 3, "dialogues": [[303765, 0, "my relationship is funny cut most of times when I fight with my boyfriend we call each other names and I m the one that always yelling and raise my voice until the neighbours hear me and I know that he really wants to slap and kick me from the balcony whenever I go crazy and act like a spoils brat especially when I broke my phone before but I know he can not do that cut he said I m cut laugh out loud", ["🤣"]], [1160051, 2, "Also , stop being a nuisance to your neighbours .", []], [1270301, 1, "that is 1 hell of a relationship wo not say its good or bad . Intense would be the best way to describe it .", ["😶"]]], "speakers": {"𝒬𝓊ℯℯ𝓃 𝒯𝓇𝓎𝓈𝓉𝒶𝓃𝓈 𝒯𝒶𝒸ℴ 🥃": 0, "Magdalena": 1, "Dipankar": 2}}, {"id": 16979395, "category": {"id": 20, "name": "Others"}, "emotion": "Annoyed", "turns_number": 5, "dialogues": [[1487292, 0, "A guy private message me on here asking what brings me here . i am here to want about my problems what else ? Of is this a dating pp ?", []], [814805, 4, "Use it the way you want to !", []], [604630, 3, "Right ? That question always annoy me", []], [1487637, 2, "in , lots of weird guy here who want attention", []], [1488462, 1, "You judged him instantly instead of being kind and having a conversation . No wonder good men avoid most women like the plague . Having people continuously assume the worst in us breeds the same in return .", []]], "speakers": {"Ava": 0, "✰★𝙃𝙖𝙙𝙚𝙨★✰": 1, "adora": 2, "please smile :D": 3, "Fractal Energy Being": 4}}, {"id": 16979393, "category": {"id": 74, "name": "Depression"}, "emotion": "Insecure", "turns_number": 4, "dialogues": [[1484142, 0, "Why am I so fucking ugly", []], [1249572, 3, "hey . you are not", []], [1487637, 2, "i am ugly as well", []], [1485827, 1, "do not be like that , no body is ugly , we are just different", []]], "speakers": {"Newbie": 0, "User Banned": 1, "please smile :D": 2, "Mosii97": 3}}, {"id": 16979371, "category": {"id": 7, "name": "Relationships"}, "emotion": "Sad", "turns_number": 5, "dialogues": [[0, 0, "Honestly , the most screwed section of population is average looking shy guns . No one will come up to them cause they do not look amazing and they will always be resistant to talk to the girl or guy they like cause they are shy and are scared about it . is is", ["😞"]], [878984, 4, "Ah yes , the most oppressed group : shy guns", []], [995763, 3, "I am sorry but once you get to a certain age you need to fix that shy shirtlike you are grown . You have got to be able to take care of your responsibilities & make sure you hold it down . How are you going to do that if you ca not even face people with a bit of confidence ? If you are too shy to do day to day stuff you need to get help with it", []], [653763, 2, "Shy guy here . It is not that serious , no one is going to talk to us if we are unapproachable and silent . Sometimes we just have got to make ourselves seem available , have a little confidence for once .", []], [1482846, 1, "Mainly it is your attitude", []]], "speakers": {"Anonymous": 0, "rowan": 1, "••": 2, "🐺": 3, "Talk Life Nero": 4}}, {"id": 16979366, "category": {"id": 7, "name": "Relationships"}, "emotion": "Meh", "turns_number": 3, "dialogues": [[1466246, 0, "it is so crazy how women are expected to be men is cares when men would not put up with half the shit they put women through . i hate them so much laugh out loud", []], [1456295, 2, "All your posts have to do with men hate , have you tried to be a lesion ? Maybe it is going to be better foryouryour", []], [1160051, 1, "Sidelong delicacy is the only solution .", []]], "speakers": {"User Banned": 0, "Carlos Henrique": 1, "Magdalena": 2}}, {"id": 16979347, "category": {"id": 61, "name": "Positive"}, "emotion": "Loving", "turns_number": 3, "dialogues": [[653312, 0, "I m crushing on him HARD .", []], [1488462, 1, "A wise person once said , let us us control our emotions . Not them control us , this is how we sure have .", ["🙏"]], [1488462, 1, "Can not remember . Howe have I hold it to be true ,", ["😊"]]], "speakers": {"Anon": 0, "Fractal Energy Being": 1}}, {"id": 16979316, "category": {"id": 11, "name": "Hopes"}, "emotion": "Meh", "turns_number": 5, "dialogues": [[807845, 0, "Leave all the nativity , sad vices behind you and enjoy this weekend with all you got . You worked the entire week you deserve this . Start your weekend by a soothing cup of coffee and enjoy . ", ["❤"]], [814805, 4, "i still have some assignment to do", ["🤧", "🙂"]], [1233388, 3, "Ice cream.dont forget to put this in your list", []], [444515, 2, "thank you you too have an awesome weekend", ["🤗", "😊"]], [763698, 1, "Thank you so much muddy , and I hope you have a great week ahead", ["🤗", "💕"]]], "speakers": {"DnC 🦋": 0, "✰★𝙃𝙖𝙙𝙚𝙨★✰": 1, "♥︎𝔞𝔯𝔠𝔢𝔩𝔦𝔞♥︎": 2, "star": 3, "Damus": 4}}, {"id": 16979307, "category": {"id": 61, "name": "Positive"}, "emotion": "Supportive", "turns_number": 3, "dialogues": [[1397025, 0, "Muslin women are so beautiful and special ", ["🙏", "♥"]], [1404285, 2, "how do you know ?", []], [1485833, 1, "yes course they are kind .", []]], "speakers": {"David B": 0, "👁️": 1, "User Banned": 2}}, {"id": 16979281, "category": {"id": 7, "name": "Relationships"}, "emotion": "Caring", "turns_number": 4, "dialogues": [[710218, 0, "she is my favorite rapier", ["🔥"]], [1488447, 2, "hey guns am new here", []], [1314958, 1, "Hm I feel like I have seen you before", []], [1314958, 1, "I do not want to know what you were looking at in this pick-", []]], "speakers": {".": 0, "User Banned": 1, "Who's Luis?": 2}}, {"id": 16979276, "category": {"id": 72, "name": "Anxiety"}, "emotion": "Worried", "turns_number": 4, "dialogues": [[667863, 0, "Anyone to talk about anxiety ?", []], [1481217, 3, "My morning itself started with a panic attack ! what do I even say ! But it is horrible", ["😭"]], [1488196, 2, "I had for panic attacks today", []], [1312627, 1, "dark thoughts , Depression , and anxiety rooted from bad desires , notions , habits , and are attached as baggagesknowing to resolve the root causes , you persistently have to uplifts your character can recommend a self help discipline , interested ?", []]], "speakers": {"Serena24 I am fine": 0, "Surbhi": 1, "Yui": 2, "Righteous Force": 3}}, {"id": 16979270, "category": {"id": 20, "name": "Others"}, "emotion": "Lonely", "turns_number": 3, "dialogues": [[1488176, 0, "anyone have tips on how to deal with attachment issues ?", []], [865232, 2, "work it one day at a time . trying to do it all at once will put you past Square one", []], [1312627, 1, "dark thoughts , Depression , and anxiety rooted from bad desires , notions , habits , and are attached as baggagesknowing to resolve the root causes , you persistently have to uplifts your character can recommend a self help discipline , interested ?", []]], "speakers": {"Newbie": 0, "hurtingtomuch": 1, "Righteous Force": 2}}, {"id": 16979267, "category": {"id": 11, "name": "Hopes"}, "emotion": "Supportive", "turns_number": 3, "dialogues": [[0, 0, "do girls marry low salaries guy .", []], [1216283, 2, "are you as aesthetically attract have as doll lundgren , or as charming as casanova ?", []], [1029954, 1, "if he has other things going for him", []]], "speakers": {"Anonymous": 0, "radiance of reality ENFP-T": 1, "🕷️🕸️": 2}}, {"id": 16979251, "category": {"id": 47, "name": "Health"}, "emotion": "Afraid", "turns_number": 4, "dialogues": [[0, 0, "i got a painful lump on my breast it started out as a little swollen painful Montgomery gland . It has doubled in size in just like maybe 3 - for days . i do not have money to go to the doctor ! I m so scared it might be cancerous i can not get to the doctor this month fuck my luck !", ["😭"]], [1207558, 3, "ask help to your family / relate have / friends", []], [1140294, 2, "God bless you I hope its not cancer can you borrow money from a friend ? i hope you get to the doctor for you to be safe and have peace of mind", ["🥺"]], [1467860, 1, "I had that happen to me ! I was terrified . Does it move around ? If it does , then it is most likely not cancerous . may be a cyst . I was told cancerous lumps are solid and do not do not", []]], "speakers": {"Anonymous": 0, "anonymous": 1, "Hazelle": 2, ".": 3}}, {"id": 16979240, "category": {"id": 72, "name": "Anxiety"}, "emotion": "Anxious", "turns_number": 4, "dialogues": [[1443099, 0, "what do you call a rainbow without any colour?a rainbow :/", []], [1488312, 3, "why did the narwhale cross the ocean ?", []], [1410548, 2, "A squirrel has two nuts , despite its hands being empty . where are it is nuts you may ask ? why hanging down in the forest floor of course !", []], [1441781, 1, "The fact hat the current queen of England has a doctor", []]], "speakers": {"Anton 🦝": 0, "Jolene conn": 1, "User Banned": 2, "Akuma-Chan": 3}}, {"id": 16979215, "category": {"id": 74, "name": "Depression"}, "emotion": "Hopeful", "turns_number": 4, "dialogues": [[1488452, 0, "I really need to stop creating face scenario in my head that upset me", []], [696662, 3, "I do this all the time and end up crying", []], [1270301, 2, "why not write these scenario down?maybe Away from the keyboard wrote those scenario down , now we have his Metamorphosis book.suppose you write them down , maybe it will be an idea for something create have someday.i ca not help you stop these scenario , you will have to control them . so i am giving you an idea instead .", []], [1260790, 1, "do not we all :) it is hard to stop it but what you can do is let it out by writing it down on paper , it works for me", []]], "speakers": {"flower": 0, "Lara.Vezir": 1, "Dipankar": 2, "JaM1209": 3}}, {"id": 16979202, "category": {"id": 62, "name": "Mental Health"}, "emotion": "Depressed", "turns_number": 3, "dialogues": [[1213468, 0, "I believe this mortal frame is a prison . Over lowered by gravity and cracks with time . I use to think I can face happiness until I make it to the grave . My mind is stone , but my body is having in . I can not wait until the Reaper release me from my cage .", []], [1329838, 1, "what is making you so unhappy ?", []], [1329838, 1, "ok like what was wrong about your choice , you can do me if you want", []]], "speakers": {"Adam Drake": 0, "Terrible1": 1}}, {"id": 16979201, "category": {"id": 10, "name": "Friends"}, "emotion": "Heartbroken", "turns_number": 4, "dialogues": [[793370, 0, "My best friend is in love with me I do not want to lose his friendship", ["💔", "😔"]], [1305340, 3, "Do not do it just under that pressure , if you do not truly feel the same for me tell him that . If he is your best friend then I am sure he will understand your feelings . Good luck", []], [991522, 2, "I feel sad for him , my best friend did the same with me , I had to ignore her for a month or two until she got normal", []], [1487675, 1, "Do what Rachel did to Joy when he fell in love . ", ["⚡", "❤"]]], "speakers": {"ChopChop": 0, "ᏕᏂᏗᏂᏒᏬᏦᏂ": 1, "vedant": 2, "⚡𝗞𝗔𝗕𝗶𝗥ᵃ⚡": 3}}, {"id": 16979183, "category": {"id": 20, "name": "Others"}, "emotion": "Chilled", "turns_number": 3, "dialogues": [[1479653, 0, "what should i watch on netflix ? any recommendations would be greatly appreciated !", []], [1361323, 2, "court ai if you have not already", []], [1070432, 1, "what is your favourite gene", []]], "speakers": {".": 0, "You Matter!": 1, "De_Andrade": 2}}, {"id": 16979147, "category": {"id": 10, "name": "Friends"}, "emotion": "Amused", "turns_number": 3, "dialogues": [[1485478, 0, "who is the widest person you know", []], [1228982, 2, "my shillings , those weird are probably telepathically planning how to kill all of us", []], [1412803, 1, "I m weird and I like it", []]], "speakers": {"Asmodai": 0, "F_Of_Fuck it": 1, "Mew💕": 2}}, {"id": 16979137, "category": {"id": 51, "name": "Helpful Tips"}, "emotion": "Inspired", "turns_number": 5, "dialogues": [[963084, 0, "Marcus Aureus wrote ,  Waste no more time arguing about what a good man should be . Be one .  Which one of the next Virtues you would like to see more in the people around you ? Or in yourself ? 1.HONOR2.COURAGE3.COMPASSION4.RESPECT5.LOYALTY6.HONESTY7.PRUDENCE8.GRACE9.FORGE harness10.HUMILITY11.AUTHENTICITY12.EXCELLENCE13.KINDNESS14.GRATITUDE15.PATIENCE16.COMMITMENT17.TENACITY18.TACT19.GENEROSITY20.EMPTY21.CONTENTMENT22.ASSERT harness23.COOPERATION24.ADAPTABILITY25.INTEGRITY", ["😊", "👌"]], [1373085, 4, "I would like to see more commitment in myself . towards people as well as hobbies", []], [1482846, 3, "Honor because it encapsulates all of these virtues", []], [1130332, 2, "This Is Amazing I would say tenacity , people including myself at one point in my life want to i have up to quickly never i have up ! Never lose hope ! You can overcome your trauma , and become whole even if their is still a crack in your heart.  ", ["💚", "💕", "🧚", "♀"]], [1453585, 1, "Everything else comes under honor so I would like to say honor . You get honor when you have the rest of the qualities .", []]], "speakers": {"Ella 🔥": 0, "Hedwig🌺": 1, "Talk Life Nero": 2, "SpiritualSongstress💚": 3, "SCP - 69420": 4}}, {"id": 16979119, "category": {"id": 11, "name": "Hopes"}, "emotion": "Proud", "turns_number": 3, "dialogues": [[1370874, 0, "When Sometimes you can not even pronounce half of the surnames here", ["🐧"]], [1354181, 2, "The forts are a headache sometimes I swear .", []], [1475911, 1, "tell me if i pronounced your name righthow did I do ?", []]], "speakers": {"‎": 0, "Zenith": 1, ".": 2}}, {"id": 16979107, "category": {"id": 20, "name": "Others"}, "emotion": "Supportive", "turns_number": 3, "dialogues": [[0, 0, "Muslin women are the best for being modest and having respect to there men and families", ["🙏"]], [876398, 2, "Laugh out loud All Women Are Best In Their Own Ducked Way", ["🦍"]], [1222536, 1, "even I like them sometimes I want to marry a Muslin women with pure heart", []]], "speakers": {"Anonymous": 0, "Sarcastic University": 1, "Mr.love": 2}}]