[{"id": 17870864, "category": {"id": 7, "name": "Relationships"}, "emotion": "Sad", "turns_number": 4, "dialogues": [[0, 0, "I miss my ex boyfriend i never had such great sex with him ever in my life after its been 5 years ago but all other guns are trash compared to him he li have now in a different country and is having a girlfriend but i would do anything to get back with him", []], [1425588, 3, "What was so great about it ?", ["😳"]], [1510097, 2, "i wish i experience something like that", []], [1424371, 1, "satisfy your information sex life is a reason of happy relationship .", []]], "speakers": {"Anonymous": 0, "Olórin": 1, "Newbie": 2, "Guardian Angel 😇": 3}}, {"id": 17870849, "category": {"id": 10, "name": "Friends"}, "emotion": "Supportive", "turns_number": 3, "dialogues": [[1540495, 0, "Hi , I am new here ! How are y all doing ?", []], [416629, 2, "welcome to the pp , I m good thanks bu", []], [1533048, 1, "I m doing good ! Welcome to the pp !", []]], "speakers": {"SpongeBob": 0, "Shaniqua": 1, "Cloud.ly": 2}}, {"id": 17870837, "category": {"id": 53, "name": "Education"}, "emotion": "Frustrated", "turns_number": 3, "dialogues": [[1414865, 0, "Monday : English professor says nothingtuesday : English professor says nothing Wednesday : English professor says nothing Thursday :  Ok everyone you have to read this whole chapter from this book , a chapter from this different book and you have to tell me how they connect to one another , it is due tomorrow by the way . ", []], [604797, 2, "yeah that is my school in a few words except the fact that this applies with every single teacher", []], [1331003, 1, "do not forget the research paper due at the end of class he had it on his second board in the comments section that can only be accessed if you change the settings on a friday", []]], "speakers": {"hushbush": 0, "-Akira-": 1, "Adrian": 2}}, {"id": 17870831, "category": {"id": 7, "name": "Relationships"}, "emotion": "Tired", "turns_number": 7, "dialogues": [[1428157, 0, "boys are fucking assholes . i love girls so much might as well become lesion .", []], [711722, 6, "now those hair . I am straight though but I love your experiments with you hair so much . it is beautiful", ["✨", "😍", "🥰", "🤭", "🌈"]], [1540495, 5, "I hope you did not generalized . I m sorry that boys have hurt you so far", []], [908047, 4, "Agree 100 % but I can not be a lesion laugh out loud", []], [1486824, 3, "laugh out loud . you have not met any nice ones till now . that is sad .", []], [304518, 2, "Trust me as a male I know boys are fucking assholes especially in cod hobbies", []], [1519236, 1, "well then stop dating boys and find a real man", []]], "speakers": {"lely": 0, "DJ MARYJANE™️🎧🍁": 1, "SpongeBob": 2, "Nik feminine male": 3, "Jake Peralta": 4, "Mastermind": 5, "just wait and see": 6}}, {"id": 17870818, "category": {"id": 15, "name": "Family"}, "emotion": "Lonely", "turns_number": 3, "dialogues": [[1438406, 0, "My moss leaving me alone tomorrow to go to a different state I know i am old enough to be home alone but something about her doings this makes me feel upset", []], [1438406, 0, "P.S she is leaving with her boyfriend", []], [1441033, 1, "mine kept leaving me behind and not listening and now that I m grown she wo not stop blaming her mental illness", []]], "speakers": {"Alex": 0, "river song": 1}}, {"id": 17870816, "category": {"id": 10, "name": "Friends"}, "emotion": "Caring", "turns_number": 8, "dialogues": [[1506814, 0, "I got a friend who do not believe in God how can I help him", []], [1347312, 7, "Do not . Not everyone wants to or needs to believe in God . As an atheist , its annoying when someone tries to change my beliefs", []], [846238, 6, "let him be . not believing in God is not the problem you think it is . he is not hurting anyone by not believing", []], [1404304, 5, "the only thing you can do is praying for him", []], [1540028, 4, "it is his own choice many people do not believe in God but it does not make them bad people and it does not mean that they are doing anything wrong", []], [709353, 3, "Ahahah . Help him to what ? Believe?If so . Hon you are so sweet but the only thing I know would actually make a difference is you praying for him . There is this saying that if you force a thick out of its shell you had kill it . Donne how true that is . But its the same here . Only God can help him .", ["😅", "🤷", "♂", "🙂"]], [304518, 2, "Do not its that simple", []], [1377273, 1, "When he will do something wrong try to spread the word of god according to what he did you will find a lot of sentences in the bible or the  .", []]], "speakers": {"blackqueen": 0, "Veronica": 1, "Cookie Monster": 2, "overwhelmed with grief": 3, "Oh no": 4, "ɛniwʌn": 5, "Mastermind": 6, "someone on earth": 7}}, {"id": 17870793, "category": {"id": 10, "name": "Friends"}, "emotion": "Optimistic", "turns_number": 3, "dialogues": [[1538386, 0, "I really hope I do not end up alone , today as well , hope I find some friends here .", ["😔"]], [1228833, 2, "you can talk to me if you want .", []], [1233267, 1, "how is the poetry group going ?", []]], "speakers": {"🌻Sunflower🌻": 0, "!": 1, "𝓕𝓘𝓡𝓔𝓦𝓐𝓣𝓔𝓡🔥🧊": 2}}, {"id": 17870776, "category": {"id": 10, "name": "Friends"}, "emotion": "Inspired", "turns_number": 3, "dialogues": [[1364269, 0, "do you guns know where i can download and watch Spongebob for all season ?", []], [1535227, 2, "no but i do know there is a way to watch spongebob li have on couture laugh out loud", []], [1446310, 1, "you can watch on prime video and download office from there ( need subscription)other way is download from torrentother way is some site is there who i have free stuff i will get back with site name but other in to way if you face any problem let me know", []]], "speakers": {"Little Dreamy": 0, "julie!": 1, "stark10880": 2}}, {"id": 17870754, "category": {"id": 10, "name": "Friends"}, "emotion": "Loving", "turns_number": 3, "dialogues": [[1506374, 0, "hey I want you to know that i am never leaving !", []], [1313404, 2, "cut I m mrs snow till death will be freezing", []], [1535753, 1, "oak do not leave but remember one thing.*do not spasm * otherwise to ban your account and you can not come back", ["😶"]]], "speakers": {"NoizZ": 0, "midnight aries": 1, "DEAD": 2}}, {"id": 17870750, "category": {"id": 10, "name": "Friends"}, "emotion": "Caring", "turns_number": 3, "dialogues": [[1533933, 0, "can anyone see me please .", []], [1532439, 2, "yeah . you can talk to me if you want", []], [1531893, 1, "hum muddy here for you", []]], "speakers": {"girl": 0, "Shivoham": 1, "a depressed soul": 2}}, {"id": 17870745, "category": {"id": 7, "name": "Relationships"}, "emotion": "Energetic", "turns_number": 4, "dialogues": [[1485962, 0, "Someone is trying too hard to steal my girl  ", ["🧚", "♀"]], [840105, 3, "the mother or the guy best friend", []], [1466213, 2, "You should be protecting her rather posting it here", ["🤞", "🏽"]], [1527198, 1, "Time to start hunting the hunter", []]], "speakers": {"LOVER": 0, "ириc": 1, "Mafian troll": 2, "erecura": 3}}, {"id": 17870738, "category": {"id": 11, "name": "Hopes"}, "emotion": "Hopeful", "turns_number": 3, "dialogues": [[1439521, 0, "If you were to say something to yourself as if you were speaking to a best friend , what would you say ?", []], [1373085, 2, "you are the beset person in the whole world ( presuming I m talking about my best friend )", ["❤"]], [1130656, 1, "Always be who you are", ["😊", "🥰"]]], "speakers": {"Sunshine ☀": 0, "Hedwig🌺": 1, "Jupiter Fest": 2}}, {"id": 17870737, "category": {"id": 62, "name": "Mental Health"}, "emotion": "Supportive", "turns_number": 4, "dialogues": [[413922, 0, "long post its not that long", []], [1473476, 3, "can i report this ?", []], [717841, 2, "This is such an important issue to discuss.people take all this so lightly it is not even funnythank you so much for spreading the message", ["❤"]], [1082426, 1, "i am scared of myself .", []]], "speakers": {"calebzzz": 0, "celestialruin": 1, "°CyberAnon•~•": 2, "萧条Lovely": 3}}, {"id": 17870733, "category": {"id": 67, "name": "Self-Care"}, "emotion": "Motivated", "turns_number": 3, "dialogues": [[1502935, 0, "Curled my hair today ", ["☺"]], [1485833, 2, "oh first I thought butted then only I get to know it is curled", []], [1331003, 1, "curls are gods got to humanity", []]], "speakers": {"Aimee🦋💕": 0, "Mr. Neevan": 1, "Adrian": 2}}, {"id": 17870730, "category": {"id": 10, "name": "Friends"}, "emotion": "Caring", "turns_number": 3, "dialogues": [[632838, 0, "what is the worst place in your body to have an pitch ? me - ( brain ) or may be that is just headache", []], [1350958, 2, "balls . I pitched today and could not breathe cut it hurt", []], [859993, 1, "My lungs pitch when I cough a lot", []]], "speakers": {"desi ladoo": 0, "ph€0nix ;": 1, "Zak": 2}}, {"id": 17870722, "category": {"id": 20, "name": "Others"}, "emotion": "Supportive", "turns_number": 5, "dialogues": [[1348971, 0, "I just realized shy people suck .", []], [972119, 3, "Not shy people , shy attitude sucks .", []], [1532691, 2, "why do you think so ?", []], [1539795, 1, "You say my shy wife sucks ? how dare you", ["😡"]], [1539795, 1, "Supra from today you are not a man you are a boy .", []]], "speakers": {"Asulra": 0, "Pranesh": 1, "dorothea": 2, "Aimi chan": 3}}, {"id": 17870719, "category": {"id": 7, "name": "Relationships"}, "emotion": "Afraid", "turns_number": 5, "dialogues": [[1537880, 0, "Boys are thief when I was investing he laughed and I got paid he stole from me and left he was only here for my wealth", ["🥺"]], [1432927, 4, "Your boy was a third class thief .", []], [1537602, 3, "Thief is attract thief s", []], [632838, 2, "was he not your choice too ?", []], [1487598, 1, "so women do the same . look at the kardashians and kari b.", []]], "speakers": {"Doris k Patterson": 0, "Pyaaracetamol": 1, "Sssskraaaa": 2, "desi ladoo": 3, "Collin": 4}}, {"id": 17870711, "category": {"id": 62, "name": "Mental Health"}, "emotion": "Sad", "turns_number": 3, "dialogues": [[1167054, 0, "I can not find ways to be confident . I m always feel insecure", ["😞"]], [1331003, 1, "I am the same . you are not alone friend !", []], [1331003, 1, "yeah that is very valid ! want to talk about it ?", []]], "speakers": {"hra.eox": 0, "Adrian": 1}}, {"id": 17870709, "category": {"id": 10, "name": "Friends"}, "emotion": "Chilled", "turns_number": 4, "dialogues": [[1540252, 0, "What is your plans for today ? ", ["☺"]], [1283414, 3, "Read and watch moves .", []], [416629, 2, "revision and dinner with my grandparents", []], [1377273, 1, "I will try to study", ["😫"]]], "speakers": {"Elliott": 0, "𝐊𝐮𝐜𝐡𝐮𝐥𝐮": 1, "Shaniqua": 2, "someone on earth": 3}}, {"id": 17870700, "category": {"id": 20, "name": "Others"}, "emotion": "Bored", "turns_number": 4, "dialogues": [[1349844, 0, "Tell me something no one knows about you", []], [1206260, 4, "I do not know who no one is", []], [1539509, 3, "I sometimes get so angry and nervous", []], [1188682, 2, "i am actually a really daring person , but i ca not show this to people because no one deserves it", []]], "speakers": {"𝓐𝓷𝓰𝓮𝓵": 0, "Duhh 😏😈": 1, "Ahmed": 2, "Casanova٦٩": 3}}, {"id": 17870681, "category": {"id": 10, "name": "Friends"}, "emotion": "Exhausted", "turns_number": 5, "dialogues": [[1474772, 0, "I can get through this . I need to", []], [972119, 4, "My wishes are with you", []], [1540252, 3, "You can do it i am footing for you", ["👏", "🏼"]], [1331003, 2, "free teddy bear for huge", ["🧸"]], [1524479, 1, "Yes , you will .", ["💙"]]], "speakers": {"Arii 🌸": 0, "Pranesh": 1, "Elliott": 2, "Adrian": 3, "elif": 4}}, {"id": 17870637, "category": {"id": 72, "name": "Anxiety"}, "emotion": "Nervous", "turns_number": 4, "dialogues": [[1420095, 0, "Anyone know how to get rid of panic attack or know how to diminish it ? ( The chest pains suck )", []], [908047, 2, "It is not easy . For me just trying to relax and breath deeply and focus on my breathing would help with the initial attack . Meditation helped a bit to control my anxiety . But if you are getting chest pains you may need to see a doctor and get some anti - anxiety beds .", []], [1393786, 1, "it is so scar hut", []], [1393786, 1, "benzol like klonopin are the best initial treatment but have a risk for dependence and abuse , so they are capered into an SIR like aloft or flexor ( an SIR ) with cognition have behavior therapy which has prove more effect have than boris alone . Sometimes a beta blocked is prescribed off label for anxiety too", []]], "speakers": {"Jupiter🌍☁️🌈(They/Them)": 0, "Nik feminine male": 1, "AJ": 2}}, {"id": 17870633, "category": {"id": 62, "name": "Mental Health"}, "emotion": "Nostalgic", "turns_number": 3, "dialogues": [[1501543, 0, "The streets look so very peaceful around these hours of the night . Oh how I long to walk about them . Anyone care to join me ?", []], [554919, 1, "Late night walks in the streets or just sitting down somewhere in the middle of the night , talking about life and problems and such with a loved one will always be one of my favourite things .", []], [554919, 1, "I do not know if you are going to do this but if you are , then be safe , ok .", []]], "speakers": {"Riddler": 0, "★⸸𝓜𝔂𝓼𝓽𝓲𝓬𝓪𝓵 𝓑𝓵𝓾𝓮𝓳𝓪𝔂⸸★": 1}}, {"id": 17870632, "category": {"id": 7, "name": "Relationships"}, "emotion": "Supportive", "turns_number": 3, "dialogues": [[911511, 0, "do you know why most relationship fail especially in Europe ?", []], [355208, 2, "I m curious , why", []], [1274295, 1, "I believe because in Europe it is more physical and the see you literature and the guns from my experience are more assholes than some other countries .", []]], "speakers": {"Nigel": 0, "Mxrtx☁️": 1, "Newbie": 2}}, {"id": 17870604, "category": {"id": 51, "name": "Helpful Tips"}, "emotion": "Tired", "turns_number": 3, "dialogues": [[1424827, 0, "Ugh I ca not sleep", []], [1388115, 2, "Do not think about anything that is making you sad . always think in position have vice", []], [265543, 1, "what is keeping you off the sleep ?", []]], "speakers": {"Dezbree": 0, "Avanthika": 1, "love_me_like_I_do": 2}}, {"id": 17870592, "category": {"id": 7, "name": "Relationships"}, "emotion": "Anxious", "turns_number": 3, "dialogues": [[0, 0, "why boys talk nicely after big fight ? it i have you feeling of self doubt", ["🙄", "😁"]], [402793, 1, "because a fight helps you get things off your chest and clear the air . It helps to get those feelings out that you had normally bottle up", []], [402793, 1, "Not really . It helps to talk . The most common reason for fights is that people do not talk first , so they hold it in and get stressed . The pressure build until it explode into a fight", []]], "speakers": {"Anonymous": 0, "Jordan": 1}}, {"id": 17870572, "category": {"id": 51, "name": "Helpful Tips"}, "emotion": "Nostalgic", "turns_number": 4, "dialogues": [[658263, 0, "they are both sides of the same coin .", []], [1521150, 3, "they are both the same , needed to be worthwhile . like coyote and roadrunner .", []], [1194921, 2, "None . Love yourself Believe in yourself .", []], [0, 1, "brush both are same , just radiate opposite frequency", []]], "speakers": {"ɐpuᴉ⅂": 0, ".": 1, "Satan": 2, "Anonymous": 3}}, {"id": 17870568, "category": {"id": 20, "name": "Others"}, "emotion": "Irritated", "turns_number": 4, "dialogues": [[826395, 1, "you do not need to prove yourself to thirty people in", []], [355208, 5, "that is my friend laugh out loud", []], [884718, 3, "What did you post ?", []], [1531201, 2, "i trust you. you are pp is amazing", []]], "speakers": {"ded": 0, "Mxrtx☁️": 1, "Victoria💜💫": 2, "User Banned": 3}}, {"id": 17870551, "category": {"id": 10, "name": "Friends"}, "emotion": "Optimistic", "turns_number": 4, "dialogues": [[1512399, 0, "A little boy of about nine , ran up to me and said that he was my fan and asked for an autograph here", []], [1371691, 3, "Nd then you woke up", ["😂"]], [632838, 2, "fan , then come back in summer", []], [1424371, 1, "such tragic things happens time", ["😇"]]], "speakers": {"~АЛЕША~": 0, "Andromache_The_Scythian": 1, "desi ladoo": 2, "Guardian Angel 😇": 3}}, {"id": 17870548, "category": {"id": 11, "name": "Hopes"}, "emotion": "Proud", "turns_number": 3, "dialogues": [[1485962, 0, "I am too hot to be stressed", []], [1452059, 2, "And I m too unlucky to be taken", ["✌"]], [1424371, 1, "then you need to be cool down . co hot is not good in summer .", ["😊"]]], "speakers": {"LOVER": 0, "PrashantChauhan1000": 1, "Guardian Angel 😇": 2}}, {"id": 17870547, "category": {"id": 7, "name": "Relationships"}, "emotion": "Heartbroken", "turns_number": 5, "dialogues": [[1537880, 0, "I do not why this world is kind of weird , when you are committed your always taken for granted .", ["🥺"]], [721417, 4, "it is a human tendency ! when you are not with right person he / she will always take you for granted and overseer what you do for them or how much efforts you take for them :)", []], [972119, 3, "That is why you need to set boundaries and voice your feelings whenever necessary .", []], [265543, 2, "Hey are you ok ? . world is never fair so you have got to keep your head high and trust your instincts but also believe in love and not lose yourself and your kindness because world is face", ["😊", "👐"]], [1424371, 1, "do not let others take you granted.ll herself first and fight for you are self esteem .", []]], "speakers": {"Doris k Patterson": 0, "ROCKY!!": 1, "Pranesh": 2, "love_me_like_I_do": 3, "Guardian Angel 😇": 4}}, {"id": 17870539, "category": {"id": 62, "name": "Mental Health"}, "emotion": "Stressed", "turns_number": 4, "dialogues": [[1457721, 0, "I want to get out of bed but its so hard", ["😢"]], [794232, 3, "hope you will get better very soon , take care , stay strong .", []], [1540144, 2, "I have struggled with this since I can remember . Something that helped a little is listening to binaural beats ( solar plexus chair ) . It somehow helps a bit ! Take care and stay strong , things always get better . Much love . http:/youth.be/3necxjibx-4", ["♥"]], [1424371, 1, "switch to sofa instead of bed . it will be easy to you to move out of it", ["😉"]]], "speakers": {"Fatima Diallo": 0, "Vkris": 1, "Butterfly 🦋": 2, "Guardian Angel 😇": 3}}, {"id": 17870499, "category": {"id": 72, "name": "Anxiety"}, "emotion": "Confused", "turns_number": 4, "dialogues": [[770924, 0, "lockdown nasi had , par lockdown had", ["🙃"]], [1215397, 3, "well we have a lockdown", ["🥺"]], [265543, 2, "lockdown ho na ho could to h hath those rare , sanitize kate h , mask helene swash rare h surakshit rare to gave door rake", []], [479026, 1, "but vidambana yes had i voting allies and politicians are playing with everyone is life by not taking it into consideration", []]], "speakers": {"mystique": 0, "jarus x": 1, "love_me_like_I_do": 2, "Happiness :)": 3}}, {"id": 17870485, "category": {"id": 7, "name": "Relationships"}, "emotion": "Meh", "turns_number": 4, "dialogues": [[0, 0, "He said he delete this pp but has been posting on here", ["🏻", "😂", "😅", "👍", "👌"]], [1485962, 3, "Actually a lot of people did that", []], [884718, 2, "This pp always sucks you back when you want to leave", []], [1540160, 1, "Happened to me swell . I delete it but came back .", []]], "speakers": {"Anonymous": 0, "LOVER": 1, "Victoria💜💫": 2, "Nikkon": 3}}, {"id": 17870467, "category": {"id": 20, "name": "Others"}, "emotion": "Sad", "turns_number": 5, "dialogues": [[1540465, 0, "love is hard to find nowadays", ["😟"]], [1452059, 4, "Love does not needs to be find  A person to love is hard to find .", []], [780470, 3, "feels more like you have got to wait until love finds you", []], [1000984, 2, "well its not found it finds you", []], [1489911, 1, "a sister true and no person can not love us forever and if you r comfortable message me sister .", []]], "speakers": {"Maya Gonzales": 0, "PrashantChauhan1000": 1, "Delil": 2, "⚔🗡Maximus 🗡⚔": 3, "Mo Begum Akshaya": 4}}, {"id": 17870460, "category": {"id": 62, "name": "Mental Health"}, "emotion": "Sad", "turns_number": 5, "dialogues": [[1540478, 0, "Literally sat in work feeling the urge to cry . Today is not a good day I feel so alone . i am fed up of the thoughts I keep getting . constantly feel like something is going to go wrong and feel like everyone is against me I hate feeling like this", ["😞", "😣", "😖"]], [822412, 4, "sending you best regards . just time for yourself.hope you ll feel better soon", []], [265543, 3, "if you need a friend to talk , share and support feel free to reach out to me * big huge to you * please take care and stay strong I really hope that you feel better soon I believe in you ok you are amazing . keep going Cheer Up )  ( * * For YOU have some coffee and relax a bit !", ["💐", "🍂", "😊", "👐", "✨", "😉", "☕", "🍵", "💗", "🎂", "🍰", "😌", "😚", "💖"]], [1540506, 2, "I am so sorry you feel this way . I hope it ll get better very soon . If you feel the need , i am here to talk ! Sending you a big hug", []], [1288103, 1, "we are here for you friend and if you need anything i am always here when you need someone to talk to friend !", ["🤗", "❤"]]], "speakers": {"Kirsty": 0, "Jim™": 1, "love_me_like_I_do": 2, "Federica": 3, "SPARTAN-117": 4}}, {"id": 17870453, "category": {"id": 7, "name": "Relationships"}, "emotion": "Nostalgic", "turns_number": 3, "dialogues": [[0, 0, "get drunk and tell me how you really feel", ["🌙"]], [1332065, 2, "send me bottle I will let you know", []], [1347005, 1, "ok i said h*any and my comment was removed . f*c you auto hawk .", []]], "speakers": {"Anonymous": 0, "hope♋": 1, "User Banned": 2}}, {"id": 17870424, "category": {"id": 7, "name": "Relationships"}, "emotion": "Heartbroken", "turns_number": 3, "dialogues": [[680761, 0, "old wounds being reopened .", []], [822412, 2, "nd how are you coming up ?", []], [1540135, 1, "stitch it back before it bleeds", []]], "speakers": {"Purple 💜": 0, "Jim™": 1, "Siddhesh Kasar": 2}}, {"id": 17870412, "category": {"id": 20, "name": "Others"}, "emotion": "Supportive", "turns_number": 8, "dialogues": [[1540160, 0, "What is your favorite thing to do ?", []], [498110, 7, "probably eat penza and lie on the bed all day long which I do not get to do a lot . I m a big penza lover potato . but on a serious note , I like to learn anything about science , its fascinating . I do not get most of it but fascinating nonetheless .", []], [604797, 6, "eating such is one thing that makes me extremely happy , I love it", []], [1341134, 5, "drink wine and listen to music", ["💟"]], [416629, 4, "seeing new places and trying new things with friends and family", []], [1406576, 3, "I love to doing nothing", []], [1365919, 2, "lying in bed with the knowledge I have nowhere to be + no stress", []], [738601, 1, "I love learning and trying new things .", []]], "speakers": {"Nikkon": 0, "cavalr3": 1, "-Akira-": 2, "Dolce & Banana  🇨🇵": 3, "Shaniqua": 4, "Jjean": 5, "Alina": 6, "Lucy In The Sky With Diamonds": 7}}, {"id": 17870403, "category": {"id": 63, "name": "My Story"}, "emotion": "Confused", "turns_number": 3, "dialogues": [[0, 0, "I really do not get how people do not experience AS the feeling is amazing it almost makes me think that people who do not experienced it and they just find it weird probably do not have a soul or no feelings that is just a weird thought but not to be judgment or anything but yeah it is weird cut I have been experiencing AS ever since I was a child like 5 years old and I m now in my twenties so he is got that feeling really on", []], [0, 0, "or maybe they just have not found the right video or experience I do not know I experience AS with just about everything", []], [604797, 1, "AS only creep me out I do not feel anything see you material from it . I watch only food AS from time to time only because I like to make myself hungry for some reason", []]], "speakers": {"Anonymous": 0, "-Akira-": 1}}, {"id": 17870327, "category": {"id": 62, "name": "Mental Health"}, "emotion": "Calm", "turns_number": 4, "dialogues": [[1194921, 0, "I have a joke on mental health , but who cares laugh out loud", []], [349954, 0, "I do care about the jokes , they are funny", []], [1469048, 2, "I m hair for you", ["😂", "🤝", "🐇", "💜"]], [927099, 1, "I care . About your mental health , & about your jokesies ( & memories ) .", ["🥺", "👉", "👈"]]], "speakers": {"User Banned": 0, "Astraea✨": 1, "youcan'thandlemyhonesty": 2}}, {"id": 17870325, "category": {"id": 20, "name": "Others"}, "emotion": "Nervous", "turns_number": 3, "dialogues": [[1530050, 0, "my exam is in half an hour.wish me luck", []], [979198, 2, "Good luck ! You got this", ["😉", "😎"]], [794232, 1, "all the very best , you can do it .", ["👍"]]], "speakers": {"Sweetiele": 0, "DaBirdd": 1, "Vkris": 2}}, {"id": 17870300, "category": {"id": 20, "name": "Others"}, "emotion": "Nothing", "turns_number": 3, "dialogues": [[1535753, 0, "* no one clubs me *", ["😶"]], [1170506, 2, "what was that did you say something", []], [819730, 1, "i text you on in", []]], "speakers": {"DEAD": 0, "Teddy Flowers": 1, "iki カバネリ": 2}}, {"id": 17870293, "category": {"id": 63, "name": "My Story"}, "emotion": "Exhausted", "turns_number": 3, "dialogues": [[541131, 0, "I wo not even leave a suicide note behind . If they could not listen to me when I was ali have , what is to say they will listen when I m dead ?", []], [1418624, 2, "That is honestly a good advice", ["🙂"]], [786158, 1, "i realized you are entirely correct about it but please stay strong", []]], "speakers": {"Ice Demon⚡": 0, "♡вroĸenѕмιle♡": 1, "vermilion": 2}}, {"id": 17870289, "category": {"id": 20, "name": "Others"}, "emotion": "Sad", "turns_number": 3, "dialogues": [[1502587, 0, "I really need to go to one of these happier festival ( like shambhala ) , The drugs , The music , The clothing , The people , The peace , The love , It just feels right and so healing", []], [1502587, 0, "and also the neareally naked girls", []], [1530801, 1, "I have been to a psychedelic happier festival and had the time of my life . I highly recommend i t", []]], "speakers": {"Epic Fail": 0, "MyShadow": 1}}, {"id": 17870278, "category": {"id": 20, "name": "Others"}, "emotion": "Down", "turns_number": 3, "dialogues": [[0, 0, "what would you do if you found out your child was a bully at school", []], [1442599, 2, "well if that happened I feel bad for whoever did it that wo not end well for them", []], [1140707, 1, "Take them to a therapist", []]], "speakers": {"Anonymous": 0, "🎯": 1, "Voodoo": 2}}, {"id": 17870264, "category": {"id": 7, "name": "Relationships"}, "emotion": "Afraid", "turns_number": 5, "dialogues": [[1540461, 0, "I do not know what to feel anymore", ["😶"]], [1411711, 4, "what happened you can talk to use all are here as a family and will help everyone", []], [1206661, 3, "it be like that time . hopefully you can move on an feel better", []], [614251, 2, "Do not put that in head it is just going to be there temporarily ", ["❤"]], [1429349, 1, "I m here to help you", []]], "speakers": {"morris": 0, "Smile": 1, "Big teddy bear": 2, "BIG MAAW": 3, "C": 4}}, {"id": 17870244, "category": {"id": 67, "name": "Self-Care"}, "emotion": "Ecstatic", "turns_number": 5, "dialogues": [[349954, 0, "I bought new black boots , they are lit of and I have been walking around in my room wearing that for the past two hours laughing my arms off", []], [666541, 4, "Shoes are a women is best friend for sure", []], [1260790, 3, "I miss being excited about things", ["🙃"]], [1192317, 2, "one of the chest post around.stay blessed and excited like this always", ["💓"]], [927099, 1, "that is the chest . Correction : * the cutestestest I ordered new shoesies , but they have not are have yet .", ["🥺", "👉", "👈"]]], "speakers": {"User Banned": 0, "Melody🌴Mila": 1, "JaM1209": 2, "Shakti..Vairagya": 3, "youcan'thandlemyhonesty": 4}}, {"id": 17870237, "category": {"id": 7, "name": "Relationships"}, "emotion": "Heartbroken", "turns_number": 3, "dialogues": [[1390924, 0, "You told me to jump and fall with you but you let me jump and fall alone", []], [666541, 1, "I am sorry to hear", []], [666541, 1, "This is why you can only count on yourself !", []]], "speakers": {"Sad flower": 0, "Melody🌴Mila": 1}}, {"id": 17870231, "category": {"id": 20, "name": "Others"}, "emotion": "Supported", "turns_number": 3, "dialogues": [[993454, 0, "Hope I m not the only one shipping shower today", []], [1440413, 2, "i think you are not the only one ahahah", []], [1351410, 1, "You are not  single  on that one", ["😆", "😅", "😂"]]], "speakers": {"Deep": 0, "Black Heart": 1, "Cadoxton": 2}}, {"id": 17870215, "category": {"id": 62, "name": "Mental Health"}, "emotion": "Supportive", "turns_number": 5, "dialogues": [[1535505, 0, "Here in Talklife , Rarely do people want your advice , they want to feel validated and heard . just be a listener , least try to understand what they are telling .", []], [583170, 4, "is that you in your pictures?the books look interesting", []], [1501543, 3, "Mate , you have been here six days , and all you have been doing is spitting out straight facts . Your posts are fucking awesome .", []], [1531423, 2, "that is a standing oration by the way !", ["👏", "🏼"]], [1233267, 1, "I shout all god damn day on here .", []]], "speakers": {"Verlin Pierce": 0, "Ok Computer": 1, "Riddler": 2, "SeekingHope🤞🏼": 3, "𝓕𝓘𝓡𝓔𝓦𝓐𝓣𝓔𝓡🔥🧊": 4}}, {"id": 17870214, "category": {"id": 5, "name": "Bullying"}, "emotion": "Sad", "turns_number": 4, "dialogues": [[0, 0, "a young girl at my cousin is school just took her life cause she was being pulled .her gullies beat her up and humiliated her.they made fun of her skin color called her ugly . video just surface of the building and all these other girls were laughing at her .she tried being civil but I guess it weighed so much on her.teenage girls can be the worst . I hope her gullies suffer for this .", ["💔"]], [1012513, 3, "Screw the gullies . I neareally did the same thing . I have been pulled for years . And years to come and I will fight back", []], [927565, 2, "I went thou the exact same back in middle school . Video were not there but the building was . I was pretty much alone and I tried to end things too but I could not feel so bad for the girl . I wish I was there for her", []], [1140707, 1, "Of rip , I m so sorry", []]], "speakers": {"Anonymous": 0, "Aaron": 1, "Rick Astley": 2, "Voodoo": 3}}, {"id": 17870208, "category": {"id": 7, "name": "Relationships"}, "emotion": "Caring", "turns_number": 4, "dialogues": [[0, 0, "is expecting constant affection too cling ( I m a guy )", []], [657333, 3, "it ll be boring after few days ll", []], [1186966, 2, "no man ! not at all . just means you are connected to your inner vulnerable self and want affection like everyone else . totally normal .", []], [1540028, 1, "it normally would not be but if you literally mean you want affection 24/7 that might push some people away because some people love having some personal space", []]], "speakers": {"Anonymous": 0, "sleepy": 1, "an_overthinker": 2, "Oh no": 3}}, {"id": 17870203, "category": {"id": 65, "name": "Eating Disorders"}, "emotion": "Furious", "turns_number": 6, "dialogues": [[706301, 0, "This right here disgust me . It makes me physically sick . How can anyone be so disrespectful ?", []], [1429927, 5, "laugh out loud you should motivate her not shame laugh out loud", []], [1206661, 4, "that is just wrong of him", []], [660917, 3, "it is 9gag wish , the community is like that only", []], [579447, 2, "The internet is a place where people can do and say whatever they want without any consequences . So they show their true serves . Its is is", []], [1423512, 1, "fellow 9dagger?some people are dumb and mean there", []]], "speakers": {"Annemone": 0, "Adinx": 1, "Big teddy bear": 2, "Pete": 3, "Lars 🐻": 4, "Kirika": 5}}, {"id": 17870202, "category": {"id": 7, "name": "Relationships"}, "emotion": "Optimistic", "turns_number": 3, "dialogues": [[888890, 0, "My boyfriend has never introduced me to friends , posted me , we never go out and if we go out of town we stay in the hotel room 24/7 i feel like he is not proud to be with me it is been 9 months already and i do not know what to do but i only say things about going out everything else is gets suppressed", []], [884718, 2, "Maybe he is cheating and does not want to be seen", []], [1500987, 1, "Been thou that before understand how you feel . i am sorry to say this but his just using you in a way base on my experience with my  boyfriend  . but to him maybe you are just a girl he need comfort from .", []]], "speakers": {"uhhhhhhhhhh": 0, "Victoria💜💫": 1, "Duziier": 2}}, {"id": 17870169, "category": {"id": 63, "name": "My Story"}, "emotion": "Supportive", "turns_number": 3, "dialogues": [[1214342, 0, "Sometimes I want to treat people how they treat me , but I can not because that is not my character .", []], [721417, 2, "yes never go to their level", ["🤗", "🙏"]], [628214, 1, "Same . I keep telling myself that I ll ignore them and stay angry , but as soon as they talk to me I smile and that anger wishes away .", []]], "speakers": {"Sarthak": 0, "ROCKY!!": 1, "MysteryMuffin": 2}}, {"id": 17870167, "category": {"id": 47, "name": "Health"}, "emotion": "Disgust", "turns_number": 4, "dialogues": [[1522932, 0, "I hate the way my body looks , but when my family say something bad about it I get offended . Does that make me a hypocrite ?", []], [830148, 3, "not feel the same way", []], [541673, 2, "no , that sucks your own family is being like that , that agent cool .", []], [628214, 1, "Not at all . Even if you hate the way your body looks , it does not i have people leeway to criticizeyouryour", []]], "speakers": {"•Eunoia•": 0, "Ege": 1, "J2ShAdyX": 2, "MysteryMuffin": 3}}, {"id": 17870157, "category": {"id": 20, "name": "Others"}, "emotion": "Meh", "turns_number": 4, "dialogues": [[1415767, 0, "is it just me or when other people(weeks ) ask you what all aime you have watched all I can think about are ones like yarichin bitch bu or B gate H key like I can not remember any good aime all that pop up are shut and then I keep silent and I feel like they think I am a face week AH", []], [1507185, 3, "Just go with normal aime like at or death note", []], [1527198, 2, "Make a list and just link / show it to them", []], [1536521, 1, "I can so relate to this hata", ["🤣"]]], "speakers": {"fictile♡︎": 0, "User Banned": 1, "erecura": 2, "Narcorat": 3}}, {"id": 17870150, "category": {"id": 68, "name": "I Need Help"}, "emotion": "Depressed", "turns_number": 4, "dialogues": [[1314099, 0, "PLEASE SOMEONE I NEED SOMEONE TO TALK TO ME I need someone that will help and understand what i am going through", []], [1540446, 3, "Hi . What happened ?", []], [1530325, 2, "hey what is going on", []], [1536884, 1, "yea , sure , there is a whole community of us", []]], "speakers": {"_That_space_Dino": 0, "Dinnu": 1, "Someone you met once": 2, "Alex. Jjohnson": 3}}, {"id": 17870136, "category": {"id": 63, "name": "My Story"}, "emotion": "Determined", "turns_number": 3, "dialogues": [[1540441, 0, "Am just a newby to watch aime which one can I start with ?", []], [604797, 2, "I liked noragami , death note , the promised overland . If you want a comedy aime there is the disastrous life of said k. Sad animus are your lie in april , angel beats ( even though it is also comic at times ) and many , MANY others I probably forgot to mention", []], [1362492, 1, "* whispers * one piece.its no.1 aime(was when i last checked )", ["😌"]]], "speakers": {"Vinayakk⚡": 0, "-Akira-": 1, "Antagonist 😈": 2}}, {"id": 17870133, "category": {"id": 62, "name": "Mental Health"}, "emotion": "Caring", "turns_number": 4, "dialogues": [[1539715, 0, "i just want to cry today , wish i did not exist sometimes", []], [857981, 3, "I m glad that you exist", []], [1392069, 2, "Do not say that this world would not be the same if you did not exist", ["🥺"]], [541673, 1, "if you have got to cry , let it out , and i am pretty sure everyone feels like that at some point in life , that feeling will pass sooner or later .", []]], "speakers": {"faith": 0, "Amit8": 1, "Pizza & Beer 🍕🍻": 2, "J2ShAdyX": 3}}, {"id": 17870132, "category": {"id": 7, "name": "Relationships"}, "emotion": "Heartbroken", "turns_number": 3, "dialogues": [[509346, 0, "why is it still have got to be so hard to walk away from somebody you love , even if it is good for you . why does my heart have to continue to try and hold on . why is my heart willing to stay and absorb the blows and still smile at you . for once my heart deserves all the effort its i haven .", []], [509346, 0, "even if that effort has to be ME protecting it and finally subtracting it from life .", []], [857981, 1, "I hope you get to move on soon and you get better", ["😊"]]], "speakers": {"Beautifully Insane": 0, "Amit8": 1}}, {"id": 17870128, "category": {"id": 7, "name": "Relationships"}, "emotion": "Nostalgic", "turns_number": 3, "dialogues": [[681265, 0, "yes I am now . I do not know what to feel or how to think anymore", []], [1522285, 2, "hey , are you ok ?", []], [1539122, 1, "i feel you . I have been lied and created by the woman I gave my everything . I am here if you need to talk .", []]], "speakers": {"stungtoomuch": 0, "Rock by the river": 1, "Jayden Koo 🇲🇾": 2}}, {"id": 17870123, "category": {"id": 61, "name": "Positive"}, "emotion": "Optimistic", "turns_number": 5, "dialogues": [[1522932, 0, "I really need to learn how to be position have or I will lose my mind", ["✨"]], [1395898, 4, "listen to some music of your gene", []], [721417, 3, "very important these days ! finding positively ", ["☀"]], [1540446, 2, "One way . Wait for a few seconds before doing reacting to anything . It will make a path to being optimistic", []], [1396840, 1, "You need sleep too .", []]], "speakers": {"•Eunoia•": 0, "Eunoia || 친선": 1, "ROCKY!!": 2, "Dinnu": 3, "ded.": 4}}, {"id": 17870116, "category": {"id": 48, "name": "Work"}, "emotion": "Worried", "turns_number": 3, "dialogues": [[1193104, 0, "I am scared of failure . I feel lost", []], [418273, 2, "with the right midst fear can be a motivation factor", []], [1532611, 1, "humans fear what they do not understand try to object have understand failure and it should all get a bit easier", []]], "speakers": {"amelia": 0, "EldarYunusov": 1, "corazon": 2}}, {"id": 17870108, "category": {"id": 7, "name": "Relationships"}, "emotion": "Loving", "turns_number": 3, "dialogues": [[1248574, 0, "I am dealing with a bad feeling of jealousy right now .Can someone who has experienced same help me ?", []], [1486824, 2, "why do you feel that ? they have something that you do not ?", []], [1540459, 1, "I am going through the same thing . I have learned that even the it is hard- it is best to find things you love about yourself before you compare or feel jealous of someone else . You are unique embrace it .", ["💕"]]], "speakers": {"Glor": 0, "Jake Peralta": 1, "Chelsea": 2}}, {"id": 17870106, "category": {"id": 20, "name": "Others"}, "emotion": "Loving", "turns_number": 7, "dialogues": [[1439598, 0, "Why can not anyone send me a message ? Who knows? ", ["🤔", "☹"]], [820440, 6, "Yeah I wonder why I do not know why you do not follow me", ["😦"]], [684673, 5, "maybe you turned them off in settings  ", ["🤷", "♀"]], [1529170, 4, "1 . Go to settings2 . Turn of following only mode", []], [1515864, 3, "Turn off following only mode", ["😑"]], [1178396, 2, "these comments are killing me here I am sorry but you can always send the first mug", ["😂", "😳", "👻"]], [1464714, 1, "You can do that too", ["🙄"]]], "speakers": {"Melika": 0, "Var☃️🐕": 1, "Kama2": 2, "AYEM": 3, "EveOfDeath🥀": 4, "Sleepy Shawty💤": 5, "VED": 6}}, {"id": 17870103, "category": {"id": 15, "name": "Family"}, "emotion": "Hopeful", "turns_number": 5, "dialogues": [[1540459, 0, "Does anyone else have an incredibly toxic relationship with a sitting but you feel wrapped ? .", []], [579447, 4, "I used to yes , now its just toxic but we do not talk anymore", []], [738601, 3, "I have one with all three of my sisters .", []], [806006, 2, "I was that toxic sitting and I hate myself everyday for it", []], [1540590, 1, "yeah my causing I hate that", ["😒"]]], "speakers": {"Chelsea": 0, "Lars 🐻": 1, "Lucy In The Sky With Diamonds": 2, "Bl∆CK × HE∆RT": 3, "Alisha Barcenal": 4}}, {"id": 17870099, "category": {"id": 7, "name": "Relationships"}, "emotion": "Tired", "turns_number": 6, "dialogues": [[1374108, 0, "I just want ONE person to connect with .", []], [1158804, 4, "hey Are let us connect", []], [1020393, 3, "As a friend or more", []], [684673, 1, "when you find sub like that , but then they leave", ["😔"]], [1054236, 2, "than be open to people.see most of the people wants that 1 person but when people come they start judging them , because of harmful comments or dirty midst.n i know many will come but most of them might have ill intention but you have to filter them out only than you will get the good ones.so goodluck i hope you find em", []], [684673, 1, "good luck ! And may they never leave once you will find them", ["😁"]]], "speakers": {"Rae": 0, "AaHan Nyaupane": 1, "Cautiously Optimistic 🇵🇸🇵🇸🇵🇸": 2, "Kama2": 3, "what'sad world": 4}}, {"id": 17870097, "category": {"id": 20, "name": "Others"}, "emotion": "Tired", "turns_number": 3, "dialogues": [[0, 0, "jealous mon is destroy entire generation of girls", []], [1108809, 2, "How could a mon jealous of her own daughter ?", []], [1515864, 1, "and some moss do not care", ["😑"]]], "speakers": {"Anonymous": 0, "Violetta🌹🖤": 1, "EveOfDeath🥀": 2}}, {"id": 17870045, "category": {"id": 63, "name": "My Story"}, "emotion": "Proud", "turns_number": 3, "dialogues": [[0, 0, "I only eat meat , cause i love plants .", []], [1492107, 2, "Then you eat vegetables if you love plants", []], [1246029, 1, "Animal you eat there meat eat plants mate and they do eat more than if you do so you better eat plants yourself if you love to not waist more", []]], "speakers": {"Anonymous": 0, "lepidoptera🦋": 1, "Yara🍀🐳🇵🇸": 2}}, {"id": 17869996, "category": {"id": 50, "name": "Music"}, "emotion": "Loved", "turns_number": 4, "dialogues": [[1540451, 0, "mention your favorite song ?", []], [1290240, 3, "let me get to know you by paul anna", []], [1220872, 2, "There are far too many to choose from but here is one that I really , really like . she is the sunlight by Trading Yesterday .", []], [629984, 1, "I do not have favourite song .", []]], "speakers": {"Xvnoq": 0, "disxo": 1, "Ethereal_existence": 2, "knowny": 3}}, {"id": 17869963, "category": {"id": 12, "name": "Self Harm"}, "emotion": "Positive", "turns_number": 3, "dialogues": [[1540382, 0, "So . how is everyone life doing do not be shy talk to me i am all ears people", ["😅"]], [1310733, 2, "Awkward and funny at the same time", ["😁"]], [1392069, 1, "And If you want to talk I am ears too", ["😁"]]], "speakers": {"JadeGCat 🇲🇽": 0, "Michael 🇨🇿": 1, "Pizza & Beer 🍕🍻": 2}}, {"id": 17869962, "category": {"id": 62, "name": "Mental Health"}, "emotion": "Amazed", "turns_number": 5, "dialogues": [[357625, 0, "Considering the amount of nativity I have been blasted with recently , I think i am actually feeling about 7/10 today", []], [857981, 4, "make it 15/10 till the end", []], [1221990, 3, "Just smile and take it one day at a time", ["🤗"]], [859993, 2, "That is actually pretty good", []], [1272404, 1, "love you , you are doing great , keep breathing run", ["💜"]]], "speakers": {"Angel Aura✨": 0, "Amit8": 1, "matthewpuckett": 2, "Zak": 3, "toxic": 4}}, {"id": 17869908, "category": {"id": 61, "name": "Positive"}, "emotion": "Hopeful", "turns_number": 4, "dialogues": [[1538955, 0, "Happy that I found out the truth I guess I do not want any demon in my home somebody get mad cause I called the animal demon but that is what it is the lord did not make them . It all makes sense to me but he said he would not have told me until after I ll go to sleep now . i am happy to have my book collection", ["🤷", "♀", "🏠", "😕", "📚", "😃"]], [1538955, 0, "I wonder how many other animals are hybrids pre flood it did not seem like many animal was on the ark", ["🤔", "😑"]], [656550, 2, "there is a demon in your home ?", []], [890135, 1, "what ? what are you talking about ?", []]], "speakers": {"Newbie": 0, "GalaxySky": 1, "Lűną": 2}}, {"id": 17869895, "category": {"id": 10, "name": "Friends"}, "emotion": "Worried", "turns_number": 3, "dialogues": [[0, 0, "Will I fail this school project presentation ? Content 100%Design 100%Class discussion after presentation 0 % .", []], [1371154, 2, "I m sure you ll pass it !", []], [1477404, 1, "You got this , trust me", []]], "speakers": {"Anonymous": 0, "purple patootie": 1, ".": 2}}, {"id": 17869882, "category": {"id": 10, "name": "Friends"}, "emotion": "Calm", "turns_number": 3, "dialogues": [[948233, 0, "We should be friends (  :", []], [857981, 2, "sure , if you had want to be", []], [1540449, 1, "i am new , and sure", []]], "speakers": {"Sera(:": 0, "Amit8": 1, "sky 🌸": 2}}, {"id": 17869864, "category": {"id": 7, "name": "Relationships"}, "emotion": "Tired", "turns_number": 4, "dialogues": [[421767, 0, "Sometimes I just feel like I never want to meet any other man ever again . It is all so exhausting and all I get in return is betrayal . I try to not generalized , but the chances of it happening again seem so high .", []], [1539790, 3, "same , i ca not even make the effort no more i am exhausted , tired of trying and getting nothing good in return . the excitement is gone . the hope is disappearing . i thought destiny would lead the way but the years just keep passing . I do not know anymore", []], [1206661, 2, "it is getting that way with women . I m not try generalized either but something always happens and I m single all over again", []], [1541987, 1, "i feel the same , but on the opposite end", []]], "speakers": {"palechub": 0, "FUCKEVERYONE": 1, "Big teddy bear": 2, "x🖤x🥀": 3}}, {"id": 17869862, "category": {"id": 62, "name": "Mental Health"}, "emotion": "Annoyed", "turns_number": 3, "dialogues": [[1534969, 0, "oh no lockdown again ! can not deal with this .", []], [1507139, 2, "Why ? They are prove to be unnecessary .", []], [1539996, 1, "ah this lockdown has made me more mentally down", []]], "speakers": {"Broken but beautiful": 0, "Newbie": 1, "Yubi D": 2}}, {"id": 17869855, "category": {"id": 68, "name": "I Need Help"}, "emotion": "Anxious", "turns_number": 3, "dialogues": [[0, 0, "e unknown sa fear had to much hot nervous feel karay rah had raise i which bursa honevala had . hands legs she have war rare had . I do not know what to do Please Help", ["😰"]], [544088, 2, "1st thing . just calm down and breath.2nd . think about se happy memories", []], [719329, 1, "I m here for you if you want to talk about it", []]], "speakers": {"Anonymous": 0, "Vish": 1, "Jishu 🇮🇳☮️": 2}}, {"id": 17869852, "category": {"id": 63, "name": "My Story"}, "emotion": "Sad", "turns_number": 3, "dialogues": [[1535209, 0, "I bring so much bad luck to anyone who comes near me . Best for everyone to be alone .", []], [826994, 2, "I bring good luck we can both cancel out each other .", []], [604797, 1, "same honestly , I m convinced that bad luck is hunting me everytime", []]], "speakers": {"maría": 0, "raj": 1, "-Akira-": 2}}, {"id": 17869850, "category": {"id": 72, "name": "Anxiety"}, "emotion": "Anxious", "turns_number": 3, "dialogues": [[1540435, 0, "I keep wondering what am i doing wrong ? and i just can not find the answer . SO WHY THE NECK DO I FEEL LIKE THIS?!I keep thinking it is my fault even if i did not do nothing . I just need to know what am i doing wrong , so i can fix it , i can do better , please.just i have me the answerfrom : met : my mind", []], [843736, 2, "It is not your fault ; I hope there is someone you can reach out to And talk to about this and that you feel better soon", []], [1539790, 1, "well what is the problem ?", []]], "speakers": {"Newbie": 0, "questions": 1, "FUCKEVERYONE": 2}}, {"id": 17869845, "category": {"id": 7, "name": "Relationships"}, "emotion": "Supportive", "turns_number": 3, "dialogues": [[721417, 0, "does the number of people you have dated talks about your character ?", []], [1540422, 2, "0 people talk about it", []], [1348971, 1, "Like it or not , it does .", []]], "speakers": {"ROCKY!!": 0, "OP-ONLY pain": 1, "Asulra": 2}}, {"id": 17869841, "category": {"id": 10, "name": "Friends"}, "emotion": "Loving", "turns_number": 3, "dialogues": [[925551, 0, "that is good for you that you have someone who is with you in your bad times", []], [1218294, 2, "we help each other I feel lucky to have you in my life i would be lost in darkness without you I will always be your friend if someone hurts you I ll be right there with a band - aid", ["🤗", "😊"]], [1368310, 1, "Mr Veto is best guy here Best friend to", ["❤"]]], "speakers": {"💜Saqib Khan💜": 0, "Vato J": 1, "Jeezz": 2}}, {"id": 17869836, "category": {"id": 7, "name": "Relationships"}, "emotion": "Confused", "turns_number": 6, "dialogues": [[770924, 0, "Worst kind of people are those who make everything about themselves without thinking about other person is feelings and emotions . Run in the other direction if you have people like these in your life .", []], [826994, 5, "why it feels like you are talking about all the girls", ["😂"]], [1540416, 4, "I used to be that person . at the same time , I believed I was the only true altruist . crazy how life changes . it is a diffuse you later thing to acknowledge and I m working on accepting myself - past , present , and future . Are you OK ?", []], [328815, 3, "are you alright?do you need to talk ?", []], [265543, 2, "some people are way too insecure and need highly understanding people those people have turned that way because of the trauma but some other keeps do it to manipulate other person", []], [568664, 1, "hey would you like to talk about it", []]], "speakers": {"mystique": 0, "raj": 1, "oblio": 2, "scorpion 🦂♏❤️": 3, "love_me_like_I_do": 4, "animalpuppy83": 5}}, {"id": 17869819, "category": {"id": 62, "name": "Mental Health"}, "emotion": "Sad", "turns_number": 4, "dialogues": [[0, 0, "One final dry have . One final cup of coffee . One final walk . One final look around . So much left undone . So little left inside . So much for this life and all it promised . Farewell .", []], [1371154, 3, "What do you mean ?", []], [695339, 2, "hey , it does not need to be this way . think of the bigger picture . I have felt this way many a time but I m sure there are a lot of people who care ( even if it seems they do not at this time ) .", []], [1529245, 1, "Where to ? Bring camera if it is going to be excited", []]], "speakers": {"Anonymous": 0, "purple patootie": 1, "Night owl 🦉": 2, "Eight Immortals": 3}}, {"id": 17869818, "category": {"id": 10, "name": "Friends"}, "emotion": "Hopeful", "turns_number": 3, "dialogues": [[1540059, 0, "Thank you guns . all try to cut her off and l know it will be diffuse you later but am looked getting depressed because of this so l need to step up and take care of myself while l still can . You are all very nice , thankyouryour", []], [1454405, 2, "what a thirty friend .", []], [1448403, 1, "it is better you cut you are friendship.at least for you are self respect", []]], "speakers": {"Savanna": 0, "Stream Node": 1, "angel": 2}}, {"id": 17869803, "category": {"id": 10, "name": "Friends"}, "emotion": "Optimistic", "turns_number": 5, "dialogues": [[1439499, 0, "Is anyone on here above the age of 30 ? I feel like it is just teenager and twentysomethings on here . I wish I could do polls . For your information i am 25 .", []], [843736, 4, "I have seen people above thirty here before ; there just are not many of them .", []], [695339, 3, "I normally filter posts by age ( over 26 ) but then it annoy me that people put face ages in on here .", []], [685429, 2, "I m 38.i guess there are many teenager because it is usually the age we are  alone  ( no money to go to a therapist , ND if we have it may be hard to hide it from your parents.do this pp might be easier for them to share their emotions / feelings.i guess when you are older you have a treatment or something so you can maybe easier cope with your problems.maybe I m wrong", ["😕"]], [1544135, 1, "I m 41 . Tying that makes me feel old .", ["😑"]]], "speakers": {"Elder Vampire Lord": 0, "questions": 1, "Night owl 🦉": 2, "lcs": 3, "shortcake": 4}}, {"id": 17869802, "category": {"id": 15, "name": "Family"}, "emotion": "Hopeful", "turns_number": 7, "dialogues": [[1540440, 0, "I need someone to listen to my Problems", ["😞"]], [1369210, 6, "they can not be solved anyone welcomed", []], [346503, 5, "Hope you find someone who can . By the way if you want i ll lend you a ear happily .", ["😊"]], [1355620, 4, "I m here for you inshallah . pus feel free to vent I m a life motivate nd good listener though anyone welcomes welcome to talk life world in if you need my help feel free to txt I m here for you always spread peace nd positively all around good luck mate", ["😊", "❤"]], [1529957, 3, "We are here for you , if you need to talk . Anyone welcomed GOD blessyouryour", ["😊"]], [328815, 2, "you can talk to me", []], [1288103, 1, "always happy to lend an ear friend !", ["😄"]]], "speakers": {"Sadia Akter": 0, "DreamLife27": 1, "Solutionguru": 2, "king no.1🖤": 3, "Billy Yamii 😊❤️❤️": 4, "scorpion 🦂♏❤️": 5, "SPARTAN-117": 6}}, {"id": 17869799, "category": {"id": 7, "name": "Relationships"}, "emotion": "Overwhelmed", "turns_number": 3, "dialogues": [[1535209, 0, "Today I realized that , the only way to know you are truly in love , is to do whatever necessary to make sure that person is safe . Even if it means you not being in their life anymore .", []], [1429927, 2, "oh , can tell me something about it", []], [1348971, 1, "You can not handle not being in their life . For that to happen , your love for them needs to decrease so you can let go and move on", []]], "speakers": {"maría": 0, "Adinx": 1, "Asulra": 2}}, {"id": 17869797, "category": {"id": 7, "name": "Relationships"}, "emotion": "Heartbroken", "turns_number": 3, "dialogues": [[1426505, 0, "Why am i stressing myself over someone who does not even ask me if i m ok ? .", ["💔"]], [328815, 3, "are you alright?do you need to talk ?", []], [1482846, 1, "Sounds like you made this person into someone they are not . it is it is", []]], "speakers": {"Jane": 0, "scorpion 🦂♏❤️": 1, "Talk Life Nero": 2}}, {"id": 17869761, "category": {"id": 7, "name": "Relationships"}, "emotion": "Hopeful", "turns_number": 3, "dialogues": [[1446720, 0, "my do is ready to fill", []], [1323694, 1, "hey what happened all ok ?", []], [1323694, 1, "I understand at times we find ourselves all alone but we all face this keep calm soon life sorted", []]], "speakers": {"your soulmate": 0, "parth": 1}}, {"id": 17869758, "category": {"id": 20, "name": "Others"}, "emotion": "Confused", "turns_number": 4, "dialogues": [[0, 0, "am i supposed to be annoyed if my girl keeps limping over sectional characters all day", ["😭"]], [1232268, 3, "no , rather you can take clues about what all things she finds cut in a guy", []], [1477404, 2, "No , be glad and better treasure her", []], [1540380, 1, "no , they are sectional", []]], "speakers": {"Anonymous": 0, "l'écrivain 🌹": 1, ".": 2, "Di": 3}}, {"id": 17869756, "category": {"id": 68, "name": "I Need Help"}, "emotion": "Overwhelmed", "turns_number": 3, "dialogues": [[1520421, 0, "I found out a few days ago I have Social Anxiety . I never knew I had Anxiety because I have depersonalization and realization disorder . which is supposed to help with Anxiety by basically making you numb and not really aware of things around you . I Hate it I want it to go away but sometimes it goes a away for a little and that is usually when I get a panic attack , so even if it goes away I will get panic attacks just by looking at someone .", []], [1539790, 2, "i have it all and agoraphobia with it , and fuck life is hard i swear .", []], [1539757, 1, "I am sorry you guns I can feel it please get involved in you , some spiritual activities and take the sunlight do not forget medicines . I am sure all be fine guy is Yes you wo not believe right now but trust my words take care Lots of huge !", ["❤", "🤗"]]], "speakers": {"YouCanCallMeSam🙃": 0, "FUCKEVERYONE": 1, "Cinderella 👸": 2}}, {"id": 17869747, "category": {"id": 20, "name": "Others"}, "emotion": "Tired", "turns_number": 6, "dialogues": [[1116720, 0, "he sees the ugly in me , he always had bad comment on me , he does not feel jealous anymore even if he saw a man tried to talk about that they like me , he do not want us to see by others being together , his mood is always bad when i am around , he do not touch me , no huge , no kiss nothing , for years being together leaving in 1 roof this much love i have for him opposite of his feelings", ["😔"]], [1206661, 4, "I have been there . was married for 13 yes and now divorced", []], [1206661, 4, "I can be a friend", []], [614251, 3, "Sorry to hear that . I think he is not the person for you", []], [716035, 2, "What is a relationship or marriage according toyouryour", []], [626944, 1, "so what is the point of having someone by your side who lacks respect and has no appreciation for you . the right one would never bring you down they would only build you up . now straighten your crown you know you deserve better than someone who thinks loving you is hard and tears you down with his words , deeds and withholding affection is a form of emotional abuse and I am so sorry you are going thou this", ["👑"]]], "speakers": {"Newbie": 0, "Big teddy bear": 1, "BIG MAAW": 2, "LifelessHalo": 3, "In Limbo 😒": 4}}, {"id": 17869741, "category": {"id": 10, "name": "Friends"}, "emotion": "Bored", "turns_number": 5, "dialogues": [[948233, 0, "any good aime suggestions ? (:", []], [618125, 4, "Devilman Crybaby and S8 !", []], [684673, 3, "Main Tante Nougami Neurofor fun", []], [1144818, 2, "Adams ga kill , attack on Than , Tokyo should , madman wonderland , demon layer and seven deadly sins just to name a few", []], [1529986, 1, "Attack on than , auto , kill la kill , kamisama hajimemashta , killing bites , OUTRAN HIGH SCHOOL HOST CLUB , magical girl site , darling in the france , kakegurui , yuri on ice , THE PROMISED OVERLAND ,", []]], "speakers": {"Sera(:": 0, "I can’t think of a good name": 1, "Kama2": 2, "Connor": 3, "tamaki💗💛💙pan🏳️‍🌈☯️": 4}}, {"id": 17869707, "category": {"id": 7, "name": "Relationships"}, "emotion": "Caring", "turns_number": 4, "dialogues": [[0, 0, "I am dining of loneliness", ["😣"]], [1518267, 2, "then go outside and date .", []], [1427737, 1, "Same . And I m a man so it is harder than it is for women .", []], [1427737, 1, "I wish I could muddle with a daring woman and die", []]], "speakers": {"Anonymous": 0, "Valery💐": 1, "Mr Wolfe": 2}}, {"id": 17869678, "category": {"id": 61, "name": "Positive"}, "emotion": "Supportive", "turns_number": 4, "dialogues": [[1419762, 0, "Good morning everybody . I hope you have a great day . Take care and stay safe .", ["💜", "💙", "💕", "✨"]], [1539954, 3, "good morning have an amazing day", ["💗"]], [1535598, 2, "have a good day to you too", []], [1519116, 1, "Good morning ! Hope you have a good day too !", []]], "speakers": {"Karina": 0, "Skyler": 1, "her_chaos": 2, "Pius": 3}}, {"id": 17869674, "category": {"id": 11, "name": "Hopes"}, "emotion": "Lonely", "turns_number": 5, "dialogues": [[935275, 1, "I m sorry for your disappointment .", []], [346503, 7, "Ah you are not alone . We are here with you exploring soul right by your side through this pp .", []], [1529245, 6, "You should bring me with you", []], [1396542, 5, "I feel the same but elsewhere in the world .", []], [626944, 4, "sounds awesome I have not left the house in a week laugh out loud enjoy yourself", ["🤣", "☺"]]], "speakers": {"MONSTER": 0, "Solutionguru": 1, "Eight Immortals": 2, "greeneyedsadness": 3, "In Limbo 😒": 4}}, {"id": 17869673, "category": {"id": 20, "name": "Others"}, "emotion": "Optimistic", "turns_number": 3, "dialogues": [[1201493, 0, "can I be a feminist ?", []], [421767, 2, "Yes , come on in", []], [1516879, 1, "If you are not a victim , no .", []]], "speakers": {"nehruviandoom": 0, "palechub": 1, "Clairzoception": 2}}]