[{"id": 17913967, "category": {"id": 62, "name": "Mental Health"}, "emotion": "Insecure", "turns_number": 4, "dialogues": [[1479013, 0, "have not worked out in so long i feel disgusting i should not eat at all for the next week", []], [1393030, 3, "You do not need to laughing my arms off", []], [1089633, 2, "i literally feel the same way in , i dispose my body but i made a deal with myself that i ll start working out tomorrow and eat healthy . if i can do it ( and i love candy and past ) then you can do it too", ["🤍"]], [1542777, 1, "You can work on in a healthy / safe way ! not eating a whole week will just please you are mind but the consequences are so huge", []]], "speakers": {"kiyoko": 0, "Varun": 1, "blackbird": 2, "neglectedkid": 3}}, {"id": 17913947, "category": {"id": 10, "name": "Friends"}, "emotion": "Loved", "turns_number": 3, "dialogues": [[1453585, 0, "I know this story  ", ["👁", "👄"]], [349954, 2, "Www this is so cut", ["🥺", "💕"]], [1534237, 1, "damn it I just slipped and fell on an onion and it blow up on my eyes", []]], "speakers": {"SCP - 69420": 0, "User Banned": 1, "Caminante": 2}}, {"id": 17913926, "category": {"id": 7, "name": "Relationships"}, "emotion": "Numb", "turns_number": 40, "dialogues": [[1404031, 0, "one thing i m sure is that we know very little about the laws of this world. Remember , in the past , when people called theory of evolution pseudo science ? and many more . Read about quantum physics . And for me the law of attraction has worked many times , even being unaware of such thing . Just remember that these things need time , sometimes months , sometimes years", ["🙂"]], [349954, 40, "I hope you get what you want", ["🖤"]], [597991, 39, "But how does it work if you are in love ? I mean I can not control another persons feelings even if I really wished they could feel the same way about me .", []], [1530097, 38, "I think that is a very wise wish . Having clarity in all times is just what a human needs . You can deal with anything if you have that , obviously beneath it comes patience , wisdom and a lot other things .", []], [1525722, 37, "I wish I can deal with toxic attitudes , silent treatments , ignoring me for no specific reasons , I hope can deal with my mess up life , disappointments and depression . I hope we can get through all the the flaws and failures in our life is journey ", ["🙏", "😇", "❤"]], [1010070, 27, "If law of attraction was a thing we would actually click like magnet ! - Sigmund Did .", []], [1539861, 36, "That was beautifully said . I wish for clarity for you too . For me , it is love ! More specifically , for me to make decisions based on love instead of fear .", []], [1373085, 34, "peace and contentment of mind . I always feel like I m running . do not know towards what or away from what . for once i would like calm . real calm in my head", []], [705332, 33, "I actually manifested a lot of things", []], [1536440, 32, "There are 15 steps see may", ["🙂"]], [1346892, 31, "Law of attraction is very very important just like the rule of manifestation . Love yourself and bring the position have light out to attract the one you want to be with . I did these and it was worth it", ["❤", "🙏"]], [1541196, 30, "Hi See , I hope you are well ? Great post!I recently had a very interesting experience with this . I unconsciously attracted and seemed wonderful beautiful relationship , it turned out that I had so much in common with this person we ended up not being compatible . It was a very strange thing to have fell in love with someone but I have so many things in common you can not be together . Apparently people have experienced similar situations . It is very tired but the person was beautiful . And we both become stronger . :)", []], [1045331, 29, "I would manifest the inner strength to have more discipline , emotional stability , and inner peace . So that way I can accomplish my other goals without hurting myself emotional , giving up before I start , feeling insecure , jealous etc . i am asking the un averse for this but then at night I disaffirm what I affirmed during the day . I hate bipolar but hopefully I can make a better choice next time .", []], [1194921, 28, "I do not want many things just like a hug , 8 hours sleep , wine cellar and a few millions . I am not that greedy co greed is a sin .", []], [1537662, 21, "First wish is the could free world , then others", []], [1214040, 26, "Some stillness of mind would be appreciated , a bit less of erratic mind causing me an erratic life .", []], [1192317, 25, "the law of attraction theory has intrigues me always.it is something like . this.as a child I was brilliant . forthcoming and loud.and as I grew older I kind of turning into the opposite.too silent.introvert and only talking to myself .I would like to manifest a total inclination or resurrection of my earlier days . I want to be the  I.amazing post made me bethink about what am lacking .", []], [1542683, 24, "a wooden house built near a forest and specially no human contact and foods to sure have.and some equipment to listen to some calm music . That is all", []], [656550, 23, "I do manifest a lot , what I mostly manifest it just for my friends to be happy and healthy", []], [1227067, 22, "I wish for death . been for a while . So I doubt it works . just my thoughts .", []], [1537662, 21, "first there is a could free world , then other", []], [1528981, 20, "health , clarity in mind", []], [1528257, 19, "I would manifest a good social life", ["😭"]], [1402669, 18, "Acceptance , of myself and others . To not fall into the trap of excess have judgement , expectation , disappointment and distrust . I hope things get better for you soon and you find clarity and peace .", ["🍀"]], [1055837, 17, "Discipline , determination and become hardworking . well i want to be a genius so i ll just read everything once and not go through them many times . Its hard being average . especially when you are average and you are lazy too . laugh out loud", ["😂"]], [1178467, 16, "I want to be brave as .", []], [993704, 15, "that is would be a space ship with infinite oxygen", []], [1531603, 14, "It does work But it comes with consequences Therefore i would want to leave my hands off of fate trust God more than me", []], [1329903, 13, "Not greedy , I m ambitious . I am going to manifest everything step by step .", []], [1258757, 12, "please stop unloading the same post all day .", []], [1251730, 11, "Law of attraction is a load of cap thoughyou either click or you do stand looks are definitely part of it", []], [1517058, 10, "hoping he feel the same w me that he actually cared . but , in ,  twas too late we stopped talking already", ["🥱", "😶"]], [1440466, 8, "there is no law of attraction , there is only our choice and decisions and attitudes , causes and consequences.everything on earth depends on how we deal with it . if we are position have things go cool even if we do not achieve what we want we still be satisfied of trying . if we are negative have things will be always bad even if we achieve something we want we ll need to get what is better and better and never been satisfied .", []], [1257103, 7, "Not all decisions will go our way . Not all choice will always be right . Sometimes things just come in right places.sometimes we get caught awkwardly.it all depends on how position have we are to handle things . We might have a good or a bad day . Acceptance is the key.we should not be disheartened or overthink on the situation.just go with the flow . Build on you are strength and ability to fight over it and move on .", []], [508050, 6, "th I think it is pseudoscientific", []], [616487, 5, "I personally believe in the law of attraction . I wo not say what I am manifesting though , that is a secret But I hope what you are manifesting does come true the .", ["❤", "🤐", "😊"]], [1543258, 4, "To pour my passions into a career that will progress and bring my li livelihood abundance .", []], [881651, 3, "what is the law of attraction", []], [1065874, 2, "Bravery , love and compassion for myself .", []], [1477404, 1, "law of attraction is pseudo science at its finest , trusting it is disastrous , replace it with law of action , things happen when you act not think", []]], "speakers": {"Karolina": 0, "User Banned": 1, "fil": 2, "Lost soul": 3, "𝕽𝖊𝖉 𝖊𝖓𝖎𝖌𝖒𝖆": 4, "Spud The Makow™🦜Platinum Ver🌠": 5, "^.^": 6, "Hedwig🌺": 7, "citrus": 8, "‎": 9, "Passionate_Addicted Poet Author/Poet": 10, "Sam": 11, "🏴‍☠️✨🖤JaY🖤✨🏴‍☠️": 12, "Satan": 13, "positiveDarkness": 14, "Simo": 15, "0...the Harini": 16, "No Name": 17, "GalaxySky": 18, "Siodhachan O Suileabhain🇺🇸🩺🪂": 19, "wannabe musician": 20, "Jaz": 21, "Liri": 22, "Merakii": 23, "\"Yaar\"💐": 24, "Vaibhav Kulkarni": 25, "MPilarBaker": 26, "༺Δᶠ𝐬𝕚Ň༻": 27, "♡Little.Miss♡": 28, "Muggins": 29, "𝕴𝖑𝖒𝖊𝖘𝖙𝖞𝖘🦉": 30, "I don't exist": 31, "FAHAD SAYED™": 32, "hello! it's a potato": 33, "MohammedB": 34, "MaggieLaurenHans": 35, "hekkie": 36, "Anamika": 37, ".": 38}}, {"id": 17913901, "category": {"id": 5, "name": "Bullying"}, "emotion": "Annoyed", "turns_number": 3, "dialogues": [[1534805, 0, "why can not I just let go things ?", []], [1541130, 2, "its tough . but let it not ruin you are days .", []], [1427075, 1, "You can If you try calm", []]], "speakers": {"Nobody": 0, "STRUM up": 1, "JKC": 2}}, {"id": 17913885, "category": {"id": 62, "name": "Mental Health"}, "emotion": "Hopeful", "turns_number": 6, "dialogues": [[1542336, 0, "Hey everyone ! I am suffering from auditory hallucinations , not on any meditations because they are somewhat uncontrollable and I m able to carry out my daily routine activities normally but only have problems with short term memory and also I was looking for some tips as to how to study correctly because I have my exam coming up ! . please any help would be appreciated . Thankyou", ["🌼"]], [1392069, 5, "Study for just 30 minutes and then take a break of 5 minutes in which you can do anything you like . Keep doing this it will help you", ["😇"]], [328815, 4, "i think you should try to study with a routinemake a schedule for it how longer you can remember that and after that drink some water or do something then again", []], [925561, 3, "I wrote a poemhope it helps.please check a des mate .", []], [1472563, 2, "hope you became a wonderful woman", ["💞", "🌹"]], [1039702, 1, "As for studies i would say prioritise revising more and more the same stuff rather than covering too vast of a syllabus . And if you get those voices while giving exam then you could try some spiritual methods , or something like affirmation . What kind of voices do you hear , and is it out of fear , if that is obey to ask ?", []]], "speakers": {"Gunjan Agnani": 0, "Pizza & Beer 🍕🍻": 1, "scorpion 🦂♏❤️": 2, "USER DELETED": 3, "kar34": 4, "Pushyamitra Shunga": 5}}, {"id": 17913865, "category": {"id": 20, "name": "Others"}, "emotion": "Supported", "turns_number": 4, "dialogues": [[913145, 0, "just trying to come up with something to post", ["😌"]], [1326424, 3, "Well I have run out of energy to post", ["🤡"]], [1010070, 2, "i mean i like how the comments are more dated than the post itself .", []], [1491394, 1, " do not forget to drink water ", []]], "speakers": {"OWEN": 0, "K": 1, "Spud The Makow™🦜Platinum Ver🌠": 2, "🎃 🍁 🎃 🍂": 3}}, {"id": 17913854, "category": {"id": 50, "name": "Music"}, "emotion": "Nostalgic", "turns_number": 5, "dialogues": [[1542712, 0, "Every human have two faces .one in front of others.one in alone . Can you explain ?", []], [1391308, 4, "not true for me . I have more than to", []], [1508972, 3, "not two , a person can have multiple faces . One for family , one for Friends one for close friend one for stranger , one for crush.one for themselves . Two faces that is is", []], [1532055, 2, "the one in alone , IS REAL OF .", []], [1491394, 1, "I ca not even tell if i am hiding myself under a mask or finally revealing who i am", []]], "speakers": {"Rish": 0, "Myster": 1, "Panda(◕ᴗ◕✿)": 2, "HARSH 🍷": 3, "🎃 🍁 🎃 🍂": 4}}, {"id": 17913852, "category": {"id": 20, "name": "Others"}, "emotion": "Nothing", "turns_number": 3, "dialogues": [[1516879, 0, "Humans are garage , as usual .", []], [408374, 2, "not on the black market", []], [1515327, 1, "but does it mean that garage = humans , too ?", ["🤔"]]], "speakers": {"Solomon's Hermeticist": 0, "morfik-_-": 1, "S. the Crab": 2}}, {"id": 17913848, "category": {"id": 7, "name": "Relationships"}, "emotion": "Hopeful", "turns_number": 6, "dialogues": [[1542581, 0, "How does it feels when the person who you love the most , loves somebody else", ["😪", "😢"]], [1110325, 5, "it is hurt , painful and deathable .", []], [1448403, 4, "RIP to my heart.in reality its happening .", []], [1293238, 3, "Ulm i know this feeling but ca not explain it", ["😓"]], [422207, 2, "can not explain for now", []], [1532625, 1, "its like stepping on legs", ["🙄"]]], "speakers": {"keiyona__": 0, "Lilith": 1, "angel": 2, "Lucifer😈": 3, "Barnes Lawrence": 4, "Abhishek TAILOR": 5}}, {"id": 17913839, "category": {"id": 20, "name": "Others"}, "emotion": "Exhausted", "turns_number": 3, "dialogues": [[1314302, 0, "I m losing interest . All of a sudden I do not know what I want anymore . I want to quit . I want to disappear for a while , go to some place quiet and peaceful .", []], [1134163, 2, "happens to me all the time.nothing to do but find someone to talk to and ride out the storm.you do not want to totally isolate it will take longer to heal", []], [796279, 1, "take a small retreat from things ?", []]], "speakers": {"HarLey☠️❤️": 0, "The Mystery Man": 1, "allimarie": 2}}, {"id": 17913813, "category": {"id": 7, "name": "Relationships"}, "emotion": "Meh", "turns_number": 3, "dialogues": [[1212110, 0, "Loyalty is not diffuse you later , you are just immature", ["🥴"]], [1056420, 2, "facts , and they going to make you feel like you the bad person so they feel right about what they did wrong", []], [781929, 1, "loyalty is born with in your soul , not Everyone can have it", []]], "speakers": {"Rare.": 0, "Francisco": 1, "Vincent": 2}}, {"id": 17913801, "category": {"id": 71, "name": "Grief"}, "emotion": "Heartbroken", "turns_number": 3, "dialogues": [[1243841, 0, "There is no Unconditional love . I want her back. please God i have her back to me .", ["😔"]], [781929, 2, "in pakhra you will her forever inshallah", []], [1156017, 1, "God wo not bring her back to you , it is not how He has designed this . He can take you to her from this . But even then maybe it is not your time to meet .", []]], "speakers": {"Meuza 🍁": 0, "Vincent": 1, "jin'n": 2}}, {"id": 17913782, "category": {"id": 50, "name": "Music"}, "emotion": "Inspired", "turns_number": 6, "dialogues": [[1534462, 0, "can music actually heal the soul I need answers please", []], [1541235, 5, "yep.if you are listening to right ones", []], [1529173, 4, "Ah , can not heal it , Probably can Calm you down", []], [658263, 3, "sound therapy .or heal and balance your chairs .there are different frequency for each chairs or energy sources connected to your mormons .", []], [522581, 2, "I think so , but certain music can sometimes make me feel worse too . can depend .", []], [1398179, 1, "For me yes course , sometimes !", []]], "speakers": {"sandra west": 0, "Jessi🍾🍷": 1, "Akshat": 2, "ɐpuᴉ⅂": 3, "Alex - Pan British Nerd": 4, "Deja Vu 🤔": 5}}, {"id": 17913779, "category": {"id": 20, "name": "Others"}, "emotion": "Caring", "turns_number": 3, "dialogues": [[1539624, 0, "Your favourite time to sleep ? Mine is the really morning when it is nice and i will , and the birds are singing .", []], [870361, 3, "when it is rainy and cold", []], [1521887, 2, "when mind turn into peaceful brain", []]], "speakers": {"Jiji": 0, "Cat": 1, "Anony": 2}}, {"id": 17913771, "category": {"id": 10, "name": "Friends"}, "emotion": "Proud", "turns_number": 4, "dialogues": [[1463252, 0, "I love my gallery so much a it best describes me left : art art art pride and prejudice pop pop pop pop pop pop pop pop pop laughing my arms off", ["😭", "❤"]], [222400, 3, "It seems to make you happy , i am glad . (:", []], [708374, 2, "should be V V V V V V V V instead of pop k - pop pop .", ["🤧"]], [837088, 1, "You look like a friend of mines I swear", []]], "speakers": {"Val": 0, "Raccoondood": 1, "RN RN": 2, "ency": 3}}, {"id": 17913769, "category": {"id": 20, "name": "Others"}, "emotion": "Sick", "turns_number": 3, "dialogues": [[1409586, 0, "I m just dying in period pain back is killing me", ["😢"]], [1061511, 2, "Hot water bag ! ? ! maybe it will help", []], [1176536, 1, "can we discuss about it in into", []]], "speakers": {"me": 0, "Simmi": 1, "Harry": 2}}, {"id": 17913741, "category": {"id": 10, "name": "Friends"}, "emotion": "Heartbroken", "turns_number": 6, "dialogues": [[1496389, 0, "I miss the time when I had tons of friends to talk to share my stuff to and just talk random shit but now it is literally the opposite everyone left me all alone and my mental health has been getting worse because of my past I wish someone could relate what I m going through .", []], [1476389, 5, "yeah i miss old times too but i made new times . to feel ok cause grieving and waiting thinking that they will come back is an illusion . beat thing to do for yourself is to move on .", []], [1447245, 4, "I know how you feel", ["😢"]], [847896, 3, "i am 24 and never had a friend i could talk to and shit .", []], [755246, 2, "You can talk to me buds", ["😊"]], [1551704, 1, "I can related and I love talking about random shit . Just the other day I had a conversation about why dolphin do not have toes", []]], "speakers": {"booieeep": 0, "Dandelion ʕ·ᴥ·ʔ": 1, "Jasmine Steiner": 2, "Im A Giraffe": 3, "AKM 🤘": 4, "Newbie": 5}}, {"id": 17913727, "category": {"id": 62, "name": "Mental Health"}, "emotion": "Tired", "turns_number": 3, "dialogues": [[222400, 0, "I can go from loving myself to hating myself real quick so my perspective have on life and wanting to get better really gets tucked up and flurry .", []], [1530097, 2, "Yeah , once you will be feeling li have and the other second you had be fuck everything man I do not deserve to li have .", []], [1404904, 1, "happens maybe you r trying to change herself and wants to make herself better but maybe you have less people or no one to show you what is something is right or wrong and what to follow so it will take bit time to have clear view", []]], "speakers": {"Raccoondood": 0, "Lost soul": 1, "Byakugan": 2}}, {"id": 17913719, "category": {"id": 7, "name": "Relationships"}, "emotion": "Down", "turns_number": 5, "dialogues": [[1542823, 0, "is not it ironic ? the one who told you first that he will never leave you , is the one who leaves you in", ["😶"]], [1542597, 4, "I was a victim of that . I wo not and never will believe in that lies again . ever !", []], [1110325, 3, "for me , he is the one who want me to leave him . not for me , just for him .", []], [1254403, 2, "whenever I hear something like that I know they full of it", []], [1534462, 1, "those are lies coming out from the devil is mouth do not ever believe that shit", []]], "speakers": {"Margx": 0, "Sebastian Lee Cruz": 1, "Lilith": 2, "brighteyesvividreams": 3, "sandra west": 4}}, {"id": 17913711, "category": {"id": 11, "name": "Hopes"}, "emotion": "Hopeful", "turns_number": 7, "dialogues": [[559824, 0, "Here we are looking at this potato", []], [363835, 5, "Take it with you and grow your own", []], [1336239, 4, "I know that potato . Grown a bit since I last saw it , mind .", []], [1347050, 3, "that potato was a stung double for John Carpenter is The Thing .", []], [1542878, 2, "why the neck do i find this funny", []], [1167900, 1, "it almost looks human two legs an two arms . you should of sat him up straight", ["😂"]], [1167900, 1, "i am still laughing 1 hour later", ["😂"]]], "speakers": {"hereweareafterdark": 0, "brokentiramisu": 1, "Me vs Inner Me": 2, "Jack Hughes": 3, "ItsAlyx": 4, "Diana": 5}}, {"id": 17913668, "category": {"id": 51, "name": "Helpful Tips"}, "emotion": "Exhausted", "turns_number": 5, "dialogues": [[1537683, 0, "daily reminder that talk life is not a dating pp", []], [1541235, 4, "nerve : I m just going to pretend i did not see that", ["🙄"]], [1537445, 3, "That is the best surname I have ever seen since Amie Bear", []], [269796, 2, "* the guns in my des asking for nodes pretending to not see this *", ["😂"]], [1404904, 1, "we are spreading same awareness . apes strong together", ["💪", "😁"]]], "speakers": {"auto hawk's waifu": 0, "Jessi🍾🍷": 1, "Covenanter": 2, "Darkvina🌚♉️🇳🇱": 3, "Byakugan": 4}}, {"id": 17913666, "category": {"id": 62, "name": "Mental Health"}, "emotion": "Supportive", "turns_number": 3, "dialogues": [[1301478, 0, "It is ok to put yourself above others because the only person you should be afraid of losing is yourself . Nothing else matters .", []], [1361727, 2, "Laugh out loud is this a quote from Max Payne ?", []], [556636, 1, "sometimes it is not like that", []]], "speakers": {"Agent 47": 0, "Just a nobody": 1, "bayar": 2}}, {"id": 17913654, "category": {"id": 20, "name": "Others"}, "emotion": "Inspired", "turns_number": 4, "dialogues": [[1542785, 0, "And people care about me popping my pimples more than some depressing post that really needs help . But hey . thanks for the support! Will not pop the pimple !", ["❤"]], [1393030, 3, "Well I care for the second one more because pimples are temporary and leave anyone welcomes .", []], [422207, 2, "laugh out loud , for them popping pimples is depression in . Cause beautiful would shine", ["😂"]], [1541235, 1, "popping them leads to pimple scars which never leave your face making us look like a living combine", ["😣"]]], "speakers": {"Olivemuncher": 0, "Varun": 1, "Barnes Lawrence": 2, "Jessi🍾🍷": 3}}, {"id": 17913653, "category": {"id": 10, "name": "Friends"}, "emotion": "Optimistic", "turns_number": 3, "dialogues": [[1539756, 0, "Good morning  actually having a good one . bout to work with my team or make content", ["☀"]], [1516054, 2, "That is great , i am happy for you", ["🤗"]], [1542820, 1, "Looking at the picture made my morning good . Super Cut", ["🌸"]]], "speakers": {"XO": 0, "The chosen one🌈": 1, "vikasxx": 2}}, {"id": 17913650, "category": {"id": 7, "name": "Relationships"}, "emotion": "Depressed", "turns_number": 4, "dialogues": [[1110325, 0, "There is no true love . NO . Even in 8 years relationship , only face love and lies .", []], [1163849, 3, "Out of curiosity what would define as true love ?", []], [1506374, 2, "true love is there you just need to keep looking for it", []], [1542838, 1, "With self love comes true love . Take some time to work on loving yourself", []]], "speakers": {"Lilith": 0, "01101101101_void": 1, "NoizZ": 2, "GriffinWillig": 3}}, {"id": 17913623, "category": {"id": 20, "name": "Others"}, "emotion": "Nothing", "turns_number": 6, "dialogues": [[1335292, 0, "so many cut ass pp in my area and I do not know a single one of them what the fuck.except nikhil , boy you fine as hell .", []], [1295655, 5, "why nikhil why . See this girl . she is single For you . She is even Ignoring me . chest guy on to", ["😌"]], [1337376, 4, "you are cut too by the way.as far as your posts say you are a great human", ["🌱", "🌸"]], [1506700, 3, "introduce yourself to them ?", []], [1391308, 2, "forget nickel . let us go eat sickle", []], [1231313, 1, "look in the mirror you will see one", []]], "speakers": {"silver": 0, "𝘚𝘶𝘯𝘭𝘪𝘨𝘩𝘵": 1, "Mayur": 2, "InquisitiveBeing": 3, "Myster": 4, "Ares": 5}}, {"id": 17913619, "category": {"id": 7, "name": "Relationships"}, "emotion": "Sad", "turns_number": 4, "dialogues": [[1443419, 0, "most of my friends are getting married , meanwhile i feel miserable . i feel so jealous and sad ", ["☹"]], [1315934, 3, "being single and being married come with their own benefits and problems .enjoy you are current status while you can . you will miss it", []], [1540711, 2, "a why , good things take time . you do not want to rush it then end up taking the wrong choice . till then enjoy you are life as it is now", []], [1537566, 1, "do not worry , your time will come one day .", ["😉"]]], "speakers": {"rookie": 0, "Taka D'dis": 1, "made of atoms 💫✨": 2, "Mumsh..💙": 3}}, {"id": 17913618, "category": {"id": 20, "name": "Others"}, "emotion": "Supported", "turns_number": 3, "dialogues": [[1457668, 0, "Feeling pretty homophobic today(In i do not worry )", []], [707787, 2, "such some people are going to see see", []], [978734, 1, "Are you my dick cut as much as i beat you up you still looking at me puppy eyes", []]], "speakers": {"Swagy_caprisun": 0, "🎻📏": 1, "PissLord": 2}}, {"id": 17913617, "category": {"id": 7, "name": "Relationships"}, "emotion": "Numb", "turns_number": 3, "dialogues": [[1330628, 0, "can someone help me out for rousing on my career , i feel so broken and i can not concentrate in anything !", []], [1542838, 2, "What do you love to do ? Where is your natural talent ?", []], [1124574, 1, "hey we can talk . !", []]], "speakers": {"messy_girl": 0, "GriffinWillig": 1, "ForaBetterTomorrow": 2}}, {"id": 17913606, "category": {"id": 75, "name": "Life Hacks"}, "emotion": "Happy", "turns_number": 3, "dialogues": [[1536440, 0, "I am a Hindu guy want to know about After Ramadanwhy it is observedwhy you guns fastplease tell me about this am excited to hear about your see you literature", ["🙂"]], [1295655, 2, "if You want To know in detail . Goose it . Or if you want to know In Casual way . some one will tell you I hope", ["😌"]], [1481880, 1, "Where do you li have ?", []]], "speakers": {"‎": 0, "𝘚𝘶𝘯𝘭𝘪𝘨𝘩𝘵": 1, "A": 2}}, {"id": 17913605, "category": {"id": 20, "name": "Others"}, "emotion": "Meh", "turns_number": 4, "dialogues": [[1326424, 0, "What is with the older men trying to fuck : - : .", []], [786492, 3, "I want an older man who does not want to fuck", []], [1393030, 2, "Their docks still got power .", []], [723333, 1, "Oh my god - how this if from younger men trying to f*k - I think all men trying to do that  ", ["😲", "😱", "🤷", "♂"]]], "speakers": {"K": 0, "thunderstorm": 1, "Varun": 2, "Prince 🤴🇺🇲": 3}}, {"id": 17913603, "category": {"id": 20, "name": "Others"}, "emotion": "Meh", "turns_number": 3, "dialogues": [[1527601, 0, "so.they are real earthquakes fine now i need to sleep", ["😥"]], [1455207, 2, "Was it really a earthquake . I have only experienced 1 and that was in England 3yes ago , it knocked my  20 TO over", []], [532567, 1, "I hope everything is ok !", []]], "speakers": {"weeping willow": 0, "sonicsoul 😇😈👽": 1, "d๏pemin.": 2}}, {"id": 17913597, "category": {"id": 20, "name": "Others"}, "emotion": "Confused", "turns_number": 3, "dialogues": [[1315934, 0, "for some reason . no one is ugly in my eyes", []], [786492, 2, "That is really nice cause for some reason everyone can be ugly in my eyes", []], [1322134, 1, "because your eyes are pretty so how do you expect to see anyone or anything ugly ?", []]], "speakers": {"Taka D'dis": 0, "thunderstorm": 1, "Kevlar": 2}}, {"id": 17913591, "category": {"id": 11, "name": "Hopes"}, "emotion": "Lonely", "turns_number": 4, "dialogues": [[269796, 0, "This pp changed ? I have been here for for years and its not the same anymore", ["😔"]], [1000984, 3, "i have been here for 1 and it changed a lot", []], [1516054, 2, "Its becoming more like a twitter kind of pp then a mental health pp . Its used more for nonsense things and dating then actually helping and supporting each other", ["💔"]], [426863, 1, "true I also come back after to years I feel same it is not like before", []]], "speakers": {"Darkvina🌚♉️🇳🇱": 0, "⚔🗡Maximus 🗡⚔": 1, "The chosen one🌈": 2, "K r N": 3}}, {"id": 17913585, "category": {"id": 7, "name": "Relationships"}, "emotion": "Optimistic", "turns_number": 3, "dialogues": [[1391308, 0, "real men do not cry.if you still cry . ok you can become much stronger", []], [1461766, 2, "All men cry . If you do not , it is better to be a wall due .", []], [1305616, 1, "why do you hate men ?", []]], "speakers": {"Myster": 0, "Captain Yam🌈✨": 1, "🍬𝕂𝕚𝕞𝕞𝕚𝕔𝕠🍬": 2}}, {"id": 17913584, "category": {"id": 50, "name": "Music"}, "emotion": "Supportive", "turns_number": 3, "dialogues": [[1446661, 0, "Bengal folk songs are one of few things that can touch my heart", []], [1391308, 2, "rock songs are one of things which can make you do earth bend", []], [422207, 1, "lyric are the only once that build my life , music is the strength that helps me walk it", []]], "speakers": {"A B H I": 0, "Myster": 1, "Barnes Lawrence": 2}}, {"id": 17913577, "category": {"id": 62, "name": "Mental Health"}, "emotion": "Calm", "turns_number": 5, "dialogues": [[820440, 0, "I come here to seek attention which i do not get in my daily life", []], [1354181, 3, "sometimes talklife seems a replace to my real life", []], [1534133, 2, "I hope this is not a response to my previous post hata", []], [952242, 1, "I am going to report this post", ["😔", "👌"]], [952242, 1, "i reported without getting your approval", []]], "speakers": {"Var☃️🐕": 0, "Zenith": 1, "lea_me28": 2, "Ms. zazzy": 3}}, {"id": 17913573, "category": {"id": 20, "name": "Others"}, "emotion": "Nothing", "turns_number": 5, "dialogues": [[1346172, 0, "due . this pp is shit of . whatever I post no one i have a damn", []], [1178396, 4, "the useless ones get the rise n the ones that should matter goes down the drain", ["🌸"]], [1510106, 3, "i ll be your number 1 fan i promise", []], [707787, 2, "Yeah it is so annoying that is why sometimes I post annoying stuff just to get attention", []], [1455207, 1, "I bet you get loads of messages ( but none worthy ) I m going to guess you will get about 25 messages .", []]], "speakers": {"Lia": 0, "Sleepy Shawty💤": 1, "lackadaisical": 2, "🎻📏": 3, "sonicsoul 😇😈👽": 4}}, {"id": 17913524, "category": {"id": 7, "name": "Relationships"}, "emotion": "Exhausted", "turns_number": 5, "dialogues": [[1275795, 0, "Who created block in apes .", ["😡", "😠"]], [1354181, 5, "I m grateful to them", []], [1430970, 4, "it is created to block creep like", []], [1537691, 2, "someone who wanted people to be able to get rid of people that pass them off or make them uncomfortable", []], [963726, 1, "Blocks are necessary . Blocking is necessary .", ["🚫"]]], "speakers": {"CSK": 0, "Zenith": 1, "human": 2, "Nachonipple": 3, "Nyla": 4}}, {"id": 17913513, "category": {"id": 11, "name": "Hopes"}, "emotion": "Hopeful", "turns_number": 4, "dialogues": [[1373557, 0, "I m just depressed I feel like shirt", []], [1293079, 3, "yea its really a horrible feeling I have been there but I can assure you nothing stays absolutely nothing is permanent you me our loved ones , happiness , sadness nothing is permanent so cap know pain soak in everything and move on", []], [1494671, 2, "Let me ease your pain with hello hello", ["❤"]], [1542683, 1, "hey do not worry.you are awesome and too young to be depressed . Just be relaxed and Have a cup of coffee with your favourite book or a to show . Maybe it will help ", ["❤"]]], "speakers": {"Bunny": 0, "yo": 1, "User Banned": 2, "No Name": 3}}, {"id": 17065475, "category": {"id": 20, "name": "Others"}, "emotion": "Irritated", "turns_number": 3, "dialogues": [[580960, 0, "I got banner on this one pp called wake for having this my profile pick that I drew . What the fuck", []], [1253816, 2, "I have a friend who looks just like this drawing", []], [684673, 1, "maybe they accept only real people . photo . there", []]], "speakers": {"Marbell Ann": 0, "hobocollector": 1, "Kama2": 2}}, {"id": 17065450, "category": {"id": 20, "name": "Others"}, "emotion": "Inspired", "turns_number": 4, "dialogues": [[1488050, 0, "Anybody got some good aime recommendations ?", []], [1474389, 3, "Depends on what you are into", []], [1442761, 2, "Seaman King ! It is amazing", []], [1386904, 1, "Death notevinland sagaelfen liebchen They cryhellsing ultimatefull Metal Chemist brotherhoodseven Deadly Sins(I can go on and on laugh out loud so I ll stop here )", []]], "speakers": {"Kari 🥀": 0, "Abbadia": 1, "Mari♥️": 2, "Cletus Kasady Is Kira HaHaHaHa": 3}}, {"id": 17065442, "category": {"id": 63, "name": "My Story"}, "emotion": "Sad", "turns_number": 4, "dialogues": [[684673, 0, "What the fuck people  Well , I know what the fuck , I should act like professional instead . Hello , TO survivor . May I ask how was your day ? ( so many things are wrong with me . With kiss , with 5 year old is who I should interact . Only with them . and then I will be accused of being a do . May . ) Ok . Ok ? Not really ok , but what can you do . ( and no penza recipe ? ) Random words , random talk , ignore me", ["☹", "🧐", "😟"]], [1399774, 3, "it is because you said you interact with kiss", []], [1366941, 2, "Random have been my choice of words and talk . They are way more interesting than my regular suffering . About the penza recipe : are we talking just the crust or include toxins as well ?", []], [684673, 1, "Ok , I decided not THAT many things are wrong with me . Not that many at all .", ["😎", "😤", "😝"]]], "speakers": {"User Suspended": 0, "Ice King👨‍⚕️": 1, "The Waves🌊🌊🌊": 2, "Kama2": 3}}, {"id": 17065431, "category": {"id": 62, "name": "Mental Health"}, "emotion": "Insecure", "turns_number": 4, "dialogues": [[550371, 0, "I gained a lot of weight & feel so ugly now .", []], [1245817, 3, "Www sorry you feel like that but you are literally so pretty ah", ["🥺"]], [684673, 2, "no no no , not ugly at all ! This bit a weight looks great on you", []], [1457332, 1, "you are beautiful regardless of you are size or weight", []]], "speakers": {"👽Schizoaffective_Stoner👽": 0, "ugh": 1, "Kama2": 2, "Grief Is The Price We Pay For Love": 3}}, {"id": 17065427, "category": {"id": 74, "name": "Depression"}, "emotion": "Sad", "turns_number": 3, "dialogues": [[665232, 0, "I got fucking beautiful today right , had a photoshoot , posted it . the guy I like asked for booty six and a part of me is insulted . Because 1 ) this ass fat to ) like . am I not know enough already ? un averse aliens me it.people just be acting fucking stupid . I can not allow someone to treat me less than I m worth .", []], [1473948, 2, "DO NOT SEND THAT BOOTY PICK AND RUIN YOUR LIFE , HIS ! Leave him and stay beautiful <3", []], [1491657, 1, "ok please please please listen to me you are always beautiful honestly guns like that are a disgrace honestly they should not be allowed to have any social media you are perfect just the way you are and anyone who does not see that is stupid honestly you deserve someone who will make sure you are always happy and do everything they can to show you how perfect you are and do whatever it takes to i have you the world", []]], "speakers": {"🦋🦋🦋 𝓑𝓾𝓽𝓽𝓮𝓻𝓯𝓵𝔂 🌸": 0, "A whole me💅": 1, "Deep Fried Banana": 2}}, {"id": 17065407, "category": {"id": 7, "name": "Relationships"}, "emotion": "Loving", "turns_number": 3, "dialogues": [[662702, 0, "Can not stop thinking about how I was scared that he would find someone other at the party he went to but actually he was just showing my instagram to people and talking about lucky he is", ["😭"]], [1017360, 2, "what the fuck that is so sweet !", ["🥺"]], [1461766, 1, "Mad lad be bragging , but he also is not cheating . Thumbs up !", []]], "speakers": {"Veera": 0, "bea 🐇": 1, "Cpt. Bisexual Yam🌈✨": 2}}, {"id": 17065406, "category": {"id": 7, "name": "Relationships"}, "emotion": "Supportive", "turns_number": 3, "dialogues": [[544212, 0, "Maxim best of , mayo and ice tea please", []], [1458892, 2, "hard single.but honestly i am not a good option", []], [1152544, 1, "what if I say I m in between laugh out loud", []]], "speakers": {"Yamako 山子": 0, "♡~LittleKittyBun~♡": 1, "𝖘𝖕𝖎𝖗𝖎𝖙 🖤": 2}}, {"id": 17065402, "category": {"id": 74, "name": "Depression"}, "emotion": "Down", "turns_number": 4, "dialogues": [[1486447, 0, "Feel like a failure for still living at home at 20 . I wanted to be out by now , but I can not afford it . I feel so stuck . This is not where I wanted to be in life by now .", []], [1121329, 3, "You are not a failure because of that . It is actually not that uncommon and there is many people much older than you who are not able to move out either . Just keep doing what you can and eventually you ll get to where you need to be .", []], [662702, 2, "That is just fine ! My sister li have at home until she was 25,there is absolutely nothing wrong with that . I felt stuck as well , but I promise you when the time comes to move out it will feel amazing and just right", []], [1474389, 1, "My brother stayed home until his 27 , my sister left at her 18 . I got the to opposite . The most happy in his life right now is my brother . Because he waited to find a good situation before going out . Living with your parents does not define your level of goodness", []]], "speakers": {"Diamond": 0, "Grey Eyes": 1, "Veera": 2, "Abbadia": 3}}, {"id": 17065385, "category": {"id": 10, "name": "Friends"}, "emotion": "Supportive", "turns_number": 3, "dialogues": [[583005, 0, "what you up to ?", []], [1470503, 2, "Trying to make this pp a better place .", []], [641758, 1, "enjoying my day off , and in a little bit I ll be smoking a joint then the fanning salon right after", ["😊"]]], "speakers": {"Just a Man 🇵🇸Palestine": 0, "User Banned": 1, "♡HONEY♡": 2}}, {"id": 17065382, "category": {"id": 20, "name": "Others"}, "emotion": "Inspired", "turns_number": 5, "dialogues": [[1494255, 0, "What is your favorite book ? I am currently trying to set a goal for myself to read 36 books this year and i want to hear your recommendations ", ["❤"]], [684673, 4, "I liked this one , BUT it is SAD , very very sad , and big , and with 36 books you probably want small ones . http:/en.m.wikipedia.org / wiki / The_Man_Who_Laughs", []], [978734, 3, "Metamorphosis , Frank Away from the keyboard it is a damn classic and it is AWESOME", []], [1373085, 2, "the God of small things - arundhti anyone of my favorite", []], [654426, 1, "not my favorite but it is a great book M. laxmikant", []]], "speakers": {"Malak Khaled": 0, "Kama2": 1, "PissLord": 2, "Hedwig🌺": 3, "shooting star": 4}}, {"id": 17065379, "category": {"id": 63, "name": "My Story"}, "emotion": "Nothing", "turns_number": 3, "dialogues": [[1434585, 0, "I feel good today , what is strange is it feels really spread", []], [1477208, 2, "that is good keep it up", ["😁"]], [1473948, 1, "i m so happy for you and i hope and pray it stays that way forever and ever", []]], "speakers": {"Maru": 0, "how many people?": 1, "A whole me💅": 2}}, {"id": 17065361, "category": {"id": 63, "name": "My Story"}, "emotion": "Overwhelmed", "turns_number": 5, "dialogues": [[1533448, 0, "So sorry . I hope you are ok . Your a kind soul .", []], [1335753, 4, "We are here with you . Daytime you feel like a bit low talk to us . we will entertain you . take you mind of it . make you feel position have . Cause you deserve it all .", []], [1329852, 3, "I m here daytime you need a friend !", []], [1366941, 2, "I m so proud of you ! I have been there and know how diffuse you later it can be . The fact that you look not only for your own healing but that of others just show how generous , kind and truly worthy of love and kindness . I wish you all the best !", ["🤗", "🌻"]], [1441319, 1, "You are so powerful . Going through and expecting hard times to come is so territory your information and distressful . But you are pushing your way through . You are so brave and so determined to make it through . You are an inspiration .", []]], "speakers": {"Zooo123": 0, "Stranger": 1, "DangerMaus": 2, "The Waves🌊🌊🌊": 3, "Max": 4}}, {"id": 17065343, "category": {"id": 50, "name": "Music"}, "emotion": "Hopeful", "turns_number": 3, "dialogues": [[1200927, 0, "Dear agonyjust let go of suffer slowly this the way it is have got to be?Dear agonysuddenlythe lights go outlet foreverdrag me down will fight for one last breath will fight until the england I will find the enemy withincause I can feel it crawl beneath my skin", []], [1457924, 2, "due breaking benjamin is awesome", []], [1460921, 1, "but I forgot about this song oh my god", []]], "speakers": {"💀": 0, "Flare23 ♌😸": 1, "GrimmyReap🖤🔪": 2}}, {"id": 17065326, "category": {"id": 20, "name": "Others"}, "emotion": "Nothing", "turns_number": 4, "dialogues": [[1325946, 0, "We are all bad in someone is story", []], [1335753, 3, "Or we are bad in everyone is story .", []], [800778, 2, "i am bad in my own story are i p", []], [1490860, 1, "look at the position have side you have many other with good and beautiful story", []]], "speakers": {".": 0, "Stranger": 1, "le$bean": 2, "..Yousef..": 3}}, {"id": 17065294, "category": {"id": 63, "name": "My Story"}, "emotion": "Lonely", "turns_number": 5, "dialogues": [[1169273, 0, "slowly starting to stop trying with anyone", []], [773974, 3, "I feel you . conserve your energy and spend it on the one person who i have it back to you . they ll energies you as much as you do them", ["🙂"]], [1145782, 1, "Mood man . You got me though as long as possible", ["😔", "👍"]], [1087470, 2, "I feel a brow I guess that makes the two of us", ["😔"]], [1145782, 1, "Also Craig , you can not get rid of me as a friend even if you wanted to , you got me as long as I can be here .", ["🤗"]]], "speakers": {"Ç§⁵⁵": 0, "☄️⛄lucidius🔱(^_- )": 1, "BrownEyedQueenxx": 2, "Micø": 3}}, {"id": 17065278, "category": {"id": 53, "name": "Education"}, "emotion": "Depressed", "turns_number": 3, "dialogues": [[1493828, 0, "school is about to start again and I m starting to feel depressed . I thought I was doing better", []], [1484249, 2, "Where you li have ? What you mean .", []], [1009618, 1, "post lockdown ? it might be caused by the anxiety of going out and dealing with people . a bit of disorientation is expected . got to fight through the first week or so", ["✌", "🏼", "✊"]]], "speakers": {"M": 0, "slim shady": 1, "F. Pessoa": 2}}, {"id": 17065248, "category": {"id": 7, "name": "Relationships"}, "emotion": "Hopeful", "turns_number": 4, "dialogues": [[1494243, 0, "Am hoping to complete my Mission period , settle down with my dream man and be happy like others do .", []], [1494243, 0, "life of an ophthalmologist ( surgeon doctor )", []], [1281359, 2, "best of luck to you", []], [1490860, 1, "i wish to you all the best to found the perfect hello hello", ["❤"]]], "speakers": {"julia": 0, "lost soul": 1, "..Yousef..": 2}}, {"id": 17065244, "category": {"id": 47, "name": "Health"}, "emotion": "Overwhelmed", "turns_number": 4, "dialogues": [[344835, 0, "sometimes I just wish my head injury would stop playing with me and just i have me my memory back or just wipe me completely out . living in limbo is just to much bare . # livinginpieces", []], [728874, 3, "I m so sorry that you are going through this but you have to know that you can overcome it.u deserve so much better . ALWAYS know that you matter .", []], [446095, 2, "Him . I can relate to that", ["🤔"]], [1494243, 1, "so sorry about that my dear", []]], "speakers": {"💔Brokebutnotbroken💖": 0, "🇺🇸RobbyRockRobster🎸": 1, "TboneSteak": 2, "julia": 3}}, {"id": 17065243, "category": {"id": 10, "name": "Friends"}, "emotion": "Sad", "turns_number": 4, "dialogues": [[725394, 0, "My friend Mania went missing", []], [344835, 3, "prayers she returns home unarmed", []], [1470503, 2, "Oh no . That is the worst news hopefully it does not get worse", ["😐", "😔"]], [1461766, 1, "Due , I hope you are both ok .", []]], "speakers": {"Katie Hurt": 0, "💔Brokebutnotbroken💖": 1, "User Banned": 2, "Cpt. Bisexual Yam🌈✨": 3}}, {"id": 17065234, "category": {"id": 20, "name": "Others"}, "emotion": "Sick", "turns_number": 3, "dialogues": [[303765, 0, "being ali have is getting really expense have", []], [1314958, 2, "Oh dying is expense have too . Funeral bills and all that cap laughing my arms off", []], [1461766, 1, "Chicken Suggest inflammation is no joke .", []]], "speakers": {"𝒬𝓊ℯℯ𝓃 𝒯𝓇𝓎𝓈𝓉𝒶𝓃𝓈 𝒯𝒶𝒸ℴ 🥃": 0, "Who's Luis?": 1, "Cpt. Bisexual Yam🌈✨": 2}}, {"id": 17065193, "category": {"id": 63, "name": "My Story"}, "emotion": "Numb", "turns_number": 4, "dialogues": [[1014631, 0, "if I disappeared now , nobody would even care or notice that I m gone .", []], [1151495, 3, "Even a random person like myself would care , we all care", []], [1217848, 2, "yeah i know , the same thing applies to me , so maybe I should just disappear forever it would make me feel better", []], [1477208, 1, "your name is Toe ? that is so cool", []]], "speakers": {"Zoe": 0, "stephIsHappy💛💙💜": 1, "*lexybones*": 2, "how many people?": 3}}, {"id": 17065184, "category": {"id": 63, "name": "My Story"}, "emotion": "Inspired", "turns_number": 4, "dialogues": [[1494244, 0, "Www this is too wholesome", ["🥺"]], [801545, 3, "this is sort of customer care at its best . and a daring and lovely Person", []], [941172, 2, "I make amazing macarons !", []], [1494097, 1, "that is so nice of the chef . Also , macarons are life", ["🌟"]]], "speakers": {"Anarchist Cat Owner": 0, "MrLooping82": 1, "User Banned": 2, "Bagy": 3}}, {"id": 17065179, "category": {"id": 62, "name": "Mental Health"}, "emotion": "Hopeful", "turns_number": 3, "dialogues": [[1487670, 0, "why in the morning i often get headache", ["🥺"]], [939963, 2, "try to drink water after you woke up and do some lookout", []], [868367, 1, "You might be just tired of existence", []]], "speakers": {"Yani Rioter": 0, "Em": 1, "": 2}}, {"id": 17065177, "category": {"id": 62, "name": "Mental Health"}, "emotion": "Moody", "turns_number": 3, "dialogues": [[1493832, 0, "Question to women : does your menstrual cycle affect mental problems ? I think I will explode from anxiety , depression and possessions .", []], [863809, 2, "Yes , it affects some women", []], [304903, 1, "I think so yes . i find most my problems kick in after it . Completely riddle with anxiety and ca not bring myself to get out of bed in the mornings", []]], "speakers": {"Sunday": 0, "angel 🦋": 1, "123caitlyn123": 2}}, {"id": 17065167, "category": {"id": 50, "name": "Music"}, "emotion": "Supportive", "turns_number": 3, "dialogues": [[0, 0, "your as cold as ice .", []], [1477208, 2, "i am warm as sun by", []], [941172, 1, "I do not think anyone else but me gets where that is from", []]], "speakers": {"Anonymous": 0, "how many people?": 1, "User Banned": 2}}, {"id": 17065160, "category": {"id": 62, "name": "Mental Health"}, "emotion": "Depressed", "turns_number": 3, "dialogues": [[1386592, 0, "Its not that i want to die i just do not want to li have in pain constantly falling apart and living in fear of myself", []], [1494214, 2, "I have M.S. so I completely understand . my key is to push through it . I do you and swim and other little to no impact activities . massage work best as well even if its constant headache . pain can be managed you just need to deeply explore all the things you can do with the midst that you can do it . do not be sedentary it just makes it worse . lots of love and luck", []], [1456632, 1, "I completely understand this , I am going through this myself at the moment . It is basically being wrapped inside your head 24/7 without an escape from your thoughts , I m always here if you need to chat", ["🌸"]]], "speakers": {"Em": 0, "open and honest": 1, "unknown": 2}}, {"id": 17065157, "category": {"id": 10, "name": "Friends"}, "emotion": "Amused", "turns_number": 3, "dialogues": [[1479546, 0, "Where y all from on here ?", []], [1461766, 2, "I m an Asia that li have in South Africa with a Russian name . I m literally a concept from a drug adduct", []], [1313407, 1, "I use to li have in Georgia ( covington)But now li have in Chicago Illinois", []]], "speakers": {"Georgia": 0, "Cpt. Bisexual Yam🌈✨": 1, "Mitchell William dotts": 2}}, {"id": 17065133, "category": {"id": 74, "name": "Depression"}, "emotion": "Sad", "turns_number": 3, "dialogues": [[998078, 0, "i fucking hate myself so much . sometimes i wonder why people leave me at some point and then i remember . it is bc i am me . maybe i am better off dead . i feel like life just was not made for me .", []], [1492749, 2, "i can relate but please sure have together", []], [1313407, 1, "Hey hey heyinstead of making others like you . You have got to love yourself first If people ca not or wo not accept you for the way you are or like you . HELL with them You are a good person and have feelings like we all do Follow me and I will follow you I would be interested in being your friend .", []]], "speakers": {"SociallyDePressed": 0, "Lxir": 1, "Mitchell William dotts": 2}}, {"id": 17065115, "category": {"id": 20, "name": "Others"}, "emotion": "Nostalgic", "turns_number": 3, "dialogues": [[909214, 0, "Just want to be happy . Old times used to be so good .", []], [740824, 2, "I know what you mean", ["🥺"]], [1477208, 1, "nostalgia is a cut feeling", []]], "speakers": {"white ashes": 0, "evolved earthling 🌱🍀💚": 1, "how many people?": 2}}, {"id": 17065111, "category": {"id": 7, "name": "Relationships"}, "emotion": "Annoyed", "turns_number": 3, "dialogues": [[1342759, 0, "My mon is really building me into getting something for my boyfriend on Valentine is Day , despite not having a lot of money and the fact that we are not getting each other anything anyone welcomed . All we are doing is going out to some outdoor places nearby that I have never been to . But when I bring it up , my mon still thinks he is spending money on me .", []], [1455311, 2, "it is not about lifting objects but lifting eachother , ignore her and make sure you are comfortable with your own standards", []], [1331562, 1, "I would tell him or something . I know I would not care about getting anything , just some quality time . But everyone is different", []]], "speakers": {"🦊❣️ Fox ❣️🦊": 0, "Alex": 1, "Randy": 2}}, {"id": 17065104, "category": {"id": 74, "name": "Depression"}, "emotion": "Depressed", "turns_number": 3, "dialogues": [[1432176, 0, "I do not even care about my life anymore I do not want to be here I did not ask to be in this world and i am tired of the pain", []], [879104, 2, "this moment will pass . hold on .", []], [1494248, 1, "felt the same way as you did , but i ca not suicide cause i am scared of it", []]], "speakers": {"honey bunny": 0, "Esquekaykay": 1, "Arai Michigan": 2}}, {"id": 17065103, "category": {"id": 47, "name": "Health"}, "emotion": "Exhausted", "turns_number": 4, "dialogues": [[1492749, 0, "I am struggling with time , when to work and when to take a rest , what should I do ?", []], [491776, 3, "can you make routine is that possible .", []], [574231, 2, "write out what you do in a day and what you have to get done or do and write the time when you wake up and then write out every hour and write when your going to do what , include breaks too and caps", []], [725140, 1, "Try different thing . Take a notebook , write it down . you need least 6 - 8 hours of sleep and few minutes break every hour or so . Try different tidings , write them down and see how that goes , adjust them accordingly and see what fits your schedule and helps you feel better overall . Also there is pomodoro technique , look into that too .", []]], "speakers": {"Lxir": 0, "Himandri": 1, "▪️𝔖𝔪𝔥𝔥▪️": 2, "Cruel World": 3}}, {"id": 17065096, "category": {"id": 20, "name": "Others"}, "emotion": "Tired", "turns_number": 3, "dialogues": [[725341, 0, "no matter what I do for people , I always get treated badly and receive have shit in return", []], [1271562, 2, "take a break . have someone care for you and do things for you . step away from others for now .", []], [719122, 1, "do not do shit for them then , just focus on herself both wh0re they do not deserve you ", ["😔"]]], "speakers": {"eylül": 0, "▪︎": 1, "sad bitch": 2}}, {"id": 17065092, "category": {"id": 10, "name": "Friends"}, "emotion": "Confused", "turns_number": 3, "dialogues": [[1411420, 0, "I am not the one making things weird here , you are . By not letting me meet your wife . Ok so then do not talk about me to her because that is weird . And do not say that is just what married people do because it may be true , but the people involved usually know each other beforehand . Or they should . Ugh . Why reject my attempt at making things less secret have between us ?", []], [941172, 1, "get the hint you should not be talking to him", []], [941172, 1, "and that is not what faithful married people do for your information", []]], "speakers": {"Smitten Kitten": 0, "User Banned": 1}}, {"id": 17065080, "category": {"id": 15, "name": "Family"}, "emotion": "Afraid", "turns_number": 3, "dialogues": [[1474389, 0, "Hey , I may need to talk to someone . I am a bit sad / desperate at the moment . I need an advicesomeone please ?", []], [626922, 2, "sure what is going on ?", []], [873495, 1, "I ll be around if you still need it", ["🤗"]]], "speakers": {"Abbadia": 0, "realeyes": 1, "Bunio": 2}}, {"id": 17065069, "category": {"id": 58, "name": "LGBT"}, "emotion": "Sad", "turns_number": 5, "dialogues": [[0, 0, "I imagine a romance with my crush ( who is straight ) without s*x , just spending time with him and huge", []], [1461766, 4, "But , the pains to be love with a straight man .", []], [1403450, 3, "Whoa . it sounds cut", []], [1331562, 2, "You guns hug ? I have never even done that with my best friend", []], [604630, 1, "ah I feel the pain", []]], "speakers": {"Anonymous": 0, "Cpt. Bisexual Yam🌈✨": 1, "741": 2, "Randy": 3, "adora": 4}}, {"id": 17065009, "category": {"id": 73, "name": "Disabilities"}, "emotion": "Sad", "turns_number": 3, "dialogues": [[1103102, 0, "When you are not enough Shut up Lynn", ["😶", "🤐"]], [1296483, 2, "you are more than enough . you are the full package", []], [1404895, 1, "my his is enough , she is good as she is .", ["😊"]]], "speakers": {"🌸Lyna💜🌸🇵🇸": 0, "Mo™": 1, "Rohit💛": 2}}, {"id": 17064999, "category": {"id": 7, "name": "Relationships"}, "emotion": "Lonely", "turns_number": 4, "dialogues": [[1217815, 0, "I do not have that person or boyfriend who would bring me a gift or at least saying happy valentine is day as every year lonely and heartbroken .", []], [675844, 1, "so I should send you a random message saying it ?", []], [1455311, 2, "I do not have a person who accepts my kindness so", []], [675844, 1, "what day is it for you ? like of the month", []]], "speakers": {"🌺 𝒮𝒶𝒹 𝐿𝑜𝓁𝒾𝓉𝒶 🌺": 0, "Logan": 1, "Alex": 2}}, {"id": 17064978, "category": {"id": 11, "name": "Hopes"}, "emotion": "Meh", "turns_number": 3, "dialogues": [[1404217, 0, "reading the last posts of people i have been good friends with on here really fucking sucks , i want to cry laughing my arms off", []], [1404217, 0, "i miss them and hope they remember me at least a little bit :/", []], [936653, 1, "Brush who is posts did you read", []]], "speakers": {"HowAreYou? ²": 0, "Senplushie": 1}}, {"id": 17064968, "category": {"id": 51, "name": "Helpful Tips"}, "emotion": "Supportive", "turns_number": 5, "dialogues": [[1217393, 1, "How to deal with lonelinessenjoy lonelinesspush all away from younger show compassion or you ll be fuckednever search for a tribe because you belong to nowhere . Pure truth", []], [1004670, 5, "Needed this ! Thank you", []], [1233388, 4, "Point no 1 should be at the last place . The rest was good .", []], [663341, 3, "I am better than better", []], [1375732, 2, "anyone seen my tribe anyone welcomehere ? apparently they were last seen on interstate shoving a pig into the trunk . do not tell me they started without me", ["😂", "😭"]]], "speakers": {"User Banned": 0, "Dess": 1, "♥︎𝔞𝔯𝔠𝔢𝔩𝔦𝔞♥︎": 2, "Razor M": 3, "Newbie": 4}}, {"id": 17064965, "category": {"id": 74, "name": "Depression"}, "emotion": "Supported", "turns_number": 3, "dialogues": [[1494042, 0, "i am feeling depressed and i need to go hangout with my family soon but i just want to cry myself to sleep", []], [1494240, 2, "I understand and feel this often as of late . you got this ! can you peacetime one of your family.until.you can see them ?", []], [1461766, 1, "Cry my due , embrace the feelings . Choosing to hide it is your choice , but choosing to ignore it is a mistake . Hope a do well", []]], "speakers": {"Alyssa Greiss": 0, "Sara :)": 1, "Cpt. Bisexual Yam🌈✨": 2}}, {"id": 17064945, "category": {"id": 62, "name": "Mental Health"}, "emotion": "Angry", "turns_number": 3, "dialogues": [[411924, 0, "Why does it fucking cost less to get a bunch of frozen meals instead of like real meat and produce , and water should fucking be completely free", []], [893979, 2, "Hear hear ! Totally agree .", []], [1036732, 1, "True , that is why we are all going to die before the age of 35 , it is a plot", []]], "speakers": {"nonexistent": 0, "Jayli": 1, "Little miss nobody": 2}}, {"id": 17064937, "category": {"id": 10, "name": "Friends"}, "emotion": "Angry", "turns_number": 4, "dialogues": [[0, 0, " You kind of have an accent shit jose it is almost like English is not my first language", []], [1470503, 3, "Jose he is a little slow today", ["😒"]], [1461766, 2, "But , it is like everyone should speak with a single accent that suits the country", []], [1370953, 1, "every human has an accent laugh out loud", []]], "speakers": {"Anonymous": 0, "User Banned": 1, "Cpt. Bisexual Yam🌈✨": 2, "✿Mia": 3}}, {"id": 17064919, "category": {"id": 7, "name": "Relationships"}, "emotion": "Confused", "turns_number": 4, "dialogues": [[0, 0, "I went through my bus phone and seen he is download Grind and some naughty video chat pp and using webster for can girls :(", []], [1340502, 3, "Girl I m sorry but , you need to leave him .", []], [675844, 2, "I did not even know that was an pp or a thing", []], [1406908, 1, "You went through his phone ?", []]], "speakers": {"Anonymous": 0, "...": 1, "Logan": 2, "Ty": 3}}, {"id": 17064891, "category": {"id": 74, "name": "Depression"}, "emotion": "Depressed", "turns_number": 4, "dialogues": [[1002354, 0, "I need to laugh . Any recommendations for funny / action moves ?", []], [1145782, 4, "jumanjiride along onesfriends is the greatest TO show if you want to constantly laugh .", []], [893979, 3, "I do not know if this counts but i love to watch Along Serene on Couture when I m feeling sad .", []], [1296483, 2, "Johnny English also has me rolling ( I m silly in )", []]], "speakers": {"I am Her.": 0, "BrownEyedQueenxx": 1, "Jayli": 2, "Mo™": 3}}, {"id": 17064888, "category": {"id": 62, "name": "Mental Health"}, "emotion": "Afraid", "turns_number": 3, "dialogues": [[558689, 0, "i am need to ring a helping , but are my mental health issues and suicidal thoughts serious enough to worn talking someone is time .", []], [1428785, 2, "Yes your issues are serious enough . Call them .", []], [1486863, 1, "yes , yes they are . do not avoid getting help because you feel unworthy . that is exactly why you need help . ring honey , ring now x", []]], "speakers": {"megan": 0, "Rox": 1, "blodeuwedd 🌼 🦉": 2}}, {"id": 17064880, "category": {"id": 20, "name": "Others"}, "emotion": "Calm", "turns_number": 3, "dialogues": [[1445503, 0, "What are your photius ? I have so many that I ca not count it even laugh out loud", []], [605637, 2, "I guess a main one I have is agoraphobia", []], [932897, 1, "Same . I have lots of them .", []]], "speakers": {"Fatemeh": 0, "Shadow Master ÒwÓ": 1, ".": 2}}, {"id": 17064873, "category": {"id": 20, "name": "Others"}, "emotion": "Afraid", "turns_number": 4, "dialogues": [[1486104, 0, "I just hope everything works out and that I have a normal good day tomorrow", []], [1174036, 3, "fingers crossed for you!may you have a great weekend", []], [926608, 2, "Do not lose hope everything will be fine chalk", ["😊"]], [939963, 1, "nowadays i li have day by day not think about tomorrow", []]], "speakers": {"fatyma": 0, "Z": 1, "the poppet": 2, "Em": 3}}, {"id": 17064864, "category": {"id": 7, "name": "Relationships"}, "emotion": "Nostalgic", "turns_number": 3, "dialogues": [[664255, 0, "it means you need to learn how to appreciate life and the things you have . Find value in little things . Help people . Maybe read philosophical books . It is just an advice the . It may or may not work for you but to me personally , it did help me feel better when I feel like something is missing .", []], [919810, 2, "basically everything on your list .", []], [1321590, 1, "I need a lover but everyone snakes these days", []]], "speakers": {"Clairvoyant": 0, "Moonlight": 1, "☣Pronoun=DNA/MOLECULE☢": 2}}, {"id": 17064860, "category": {"id": 62, "name": "Mental Health"}, "emotion": "Embarrassed", "turns_number": 3, "dialogues": [[558689, 0, "right now I REALLY need a friend , i do not have to explain things too .", []], [1494236, 2, "Hi , I am new here . Remember if you need any help you can always write to me . You are not alone . We supportyouryour", []], [1492964, 1, "me i really want to have more friends even if it is just online", ["😞", "😊"]]], "speakers": {"megan": 0, "Paulina": 1, "BOBA.TEAMILLK😊🍵🥛❤": 2}}, {"id": 17064853, "category": {"id": 7, "name": "Relationships"}, "emotion": "Supportive", "turns_number": 5, "dialogues": [[1492616, 0, "so.i found my boyfriend setting strange pp several times , and did not tell him that i know it.other than that , he is absolutely my dream man.he is so nice.daring.support have.romantic.and all i ever wanted from a man.i am so confused.what should i do with that . ?", []], [1294867, 4, "ok , setting is cheating . period .", []], [605637, 3, "I mean , he created on you", []], [1321590, 2, "Okyourlet me tell you my adviceyourhear me out ok?!If he on do it once he def on do it again and he got leaveyourazz one day when you here being laissez - faire . His confront di man n tell himyouryour", []], [1326028, 1, "I think he is not the right person to you. He has no feeling like you do to him . And when people cares and supports you so much , it does not mean he love u.", []]], "speakers": {"Arezou": 0, "Sara": 1, "Shadow Master ÒwÓ": 2, "☣Pronoun=DNA/MOLECULE☢": 3, "Domitia": 4}}, {"id": 17064846, "category": {"id": 63, "name": "My Story"}, "emotion": "Optimistic", "turns_number": 3, "dialogues": [[1041807, 0, "Reach to the stars if you miss least you reach the clouds", ["👐"]], [1348403, 2, "i feel like you have very low standards , like normally it is the sun so you reach the moon", []], [1470503, 1, "Think I ll just about reach the ceiling if I tried", []]], "speakers": {"Ashley 🥀": 0, "Liam": 1, "User Banned": 2}}, {"id": 17064844, "category": {"id": 74, "name": "Depression"}, "emotion": "Supportive", "turns_number": 3, "dialogues": [[993708, 0, "Want to kill myself it would end the pain", []], [385435, 2, "I would really prefer if you did not kill yourself", []], [1411546, 1, "God got plans for you . he is not ready for you to leave this world . hold on and trust in him and keep the faith . better days are to come", ["🙏", "🏽", "😌"]]], "speakers": {"Someone worthless": 0, "John “Fortnite” Kennedy": 1, "Rose 🌹": 2}}, {"id": 17064828, "category": {"id": 7, "name": "Relationships"}, "emotion": "Heartbroken", "turns_number": 3, "dialogues": [[1485576, 0, "It hurts the most when the person that made you feel special yesterday makes you feel so unwanted today .", []], [819220, 2, "new happiness will enter your life.it is the way it is.life is a mixture of pain and happiness", []], [988868, 1, "Yes indeed I felt this !", []]], "speakers": {"Shruuzz": 0, "±": 1, "Niy --withasenseofhumor😊": 2}}, {"id": 17064820, "category": {"id": 7, "name": "Relationships"}, "emotion": "Supportive", "turns_number": 5, "dialogues": [[1114642, 0, "Sometimes the best therapy is a long dry have and music .", []], [1346892, 4, "Sad I do not dry have . I just imagine through my mind . Take myself down the different layers of life through my imagination laugh out loud", []], [1461766, 3, "I need to hire a 3 hour User and get Notify fast .", []], [1494224, 2, "Totally agree with that !", []], [550594, 1, "long dry have with our pp and music Which evoked emotions ", ["❤"]]], "speakers": {"Karie 💫💫": 0, "Passionate_Addicted Poet Author/Poet": 1, "Cpt. Bisexual Yam🌈✨": 2, "Therese Riepe": 3, "Why Do We FALL?": 4}}, {"id": 17064817, "category": {"id": 7, "name": "Relationships"}, "emotion": "Sad", "turns_number": 3, "dialogues": [[0, 0, "I have burgher lips help !", []], [707787, 2, "it is not that bad I do too", []], [552967, 1, "we heard you the first time", []]], "speakers": {"Anonymous": 0, "🎻📏": 1, "Forgot the cool name I was about to type": 2}}, {"id": 17064814, "category": {"id": 47, "name": "Health"}, "emotion": "Depressed", "turns_number": 5, "dialogues": [[1493271, 0, "i really do not want to li have this life anymore", []], [1399774, 4, "i am so done with my life . just seeing time fly by and people have money and living life", []], [1394118, 3, "Hello Grace ! Welcome to Talklife . I hope everything gets better foryouryour", []], [1494230, 2, "Stay strong we are in the same shit , things going to get better", []], [1494224, 1, "Hang in there warrior .", ["❤"]]], "speakers": {"grace": 0, "Ice King👨‍⚕️": 1, "D R E A R Y": 2, "DenisMustafa": 3, "Therese Riepe": 4}}, {"id": 17064749, "category": {"id": 7, "name": "Relationships"}, "emotion": "Afraid", "turns_number": 3, "dialogues": [[1337085, 0, "I need advice : how do you let yourself feel vulnerable and feel loved , how can i love myself more i look in the mirror and feel disgust", []], [712428, 2, "i am like that about feeling vulnerable , i literally have to fight myself to talk about how i feel", []], [893979, 1, "Find something that is not tied to your appearance or esteem . Like a new hobby , something you can just have fun with and let go , does not have to be perfect but it relaxes you and i have you joy . Spend time on things like this as often as possible and allow yourself to experience new and awesome things , you may become really great at something and it may dignity a passion and slowly your attention will be di averted from other things .", []]], "speakers": {"Love": 0, "Gardeniax": 1, "Jayli": 2}}, {"id": 17064741, "category": {"id": 12, "name": "Self Harm"}, "emotion": "Proud", "turns_number": 3, "dialogues": [[1493639, 0, "just relapsed from 25 days :)", []], [1020393, 2, "It is OK , start again", []], [1470652, 1, "25 days that is great ! it is not easy . I m sure you ll do better next time !", []]], "speakers": {"Lyr._.ik": 0, "Cautiously Optimistic 🇵🇸🇵🇸🇵🇸": 1, "I_wonder_why 🇵🇸": 2}}, {"id": 17064733, "category": {"id": 62, "name": "Mental Health"}, "emotion": "Overwhelmed", "turns_number": 3, "dialogues": [[1302592, 0, "I have no regrets in my life , I am happy with everything that has happened to me , whether position have or negative have . But if I had one regret , it would be that I did not admit my feelings towards this girl in high school", []], [1394118, 2, "Working out my legs too much and hurting my knee . Also attempting to imitate a special metal socialist and hurting my throat .", []], [1461766, 1, "I thought confession to my crush was cool , until I learnt her boyfriend was in the same room .", []]], "speakers": {"Nalyd": 0, "D R E A R Y": 1, "Cpt. Bisexual Yam🌈✨": 2}}]