[{"id": 17167906, "category": {"id": 10, "name": "Friends"}, "emotion": "Inspired", "turns_number": 3, "dialogues": [[1381257, 0, "I wonder how consciousness came in existence", []], [1418881, 2, "I need to cleanse my mind . God damn it", []], [507976, 1, "I wonder if consciousness has variety I mean obviously but also consciousness might be a force of nature like kinetic force . I push a domingo it falls maybe consciousness comes from outside us and are brains are just tuned to receive have our signals", []]], "speakers": {"null": 0, "Blackfeather": 1, "XxXDerekXxX": 2}}, {"id": 17167900, "category": {"id": 7, "name": "Relationships"}, "emotion": "Amused", "turns_number": 4, "dialogues": [[0, 0, "Women is logic : Oh my god I hate when men want me for my looks or my body , but then they wear a lot of make - up and dress up to impress . ( not all women obviously , and I do not mean to offend , I just think it is funny , and if anyone has a statement about us guns , please share i would love to hear )", []], [1334208, 3, "yeah they definitely do that", ["🤣"]], [1370953, 2, "Women dress up and look pretty for themselves . It is not an open invitation to get harassed . Nothing wrong with respectful compliments though", []], [1464527, 1, "some do it for themselves . others do it for the attention and variation . everyone is different so you can not make blanket assumptions", []]], "speakers": {"Anonymous": 0, "POWER CAT": 1, "✿Mia": 2, "Dave Vega": 3}}, {"id": 17167873, "category": {"id": 10, "name": "Friends"}, "emotion": "Positive", "turns_number": 3, "dialogues": [[654426, 0, "Becoming diamond takes pressure and stress", []], [1500171, 2, "That is a great quote", []], [1067879, 1, "course afterall it is a diamond", ["💎"]]], "speakers": {"shooting star": 0, "AdryanMoon": 1, "😌Nëvër Gïvè Üp 🙂": 2}}, {"id": 17167872, "category": {"id": 20, "name": "Others"}, "emotion": "Relaxed", "turns_number": 3, "dialogues": [[1499701, 0, "Why do so many people like Tikhon , the pp is full of hate", ["🤔"]], [900323, 2, "Now that is a very good question . Let me know when you find the answer", []], [428328, 1, "there are also so many funny and reliable people . the pp shows you stuff suitable for your taste so after awhile , you like the stuff you watch .", []]], "speakers": {"Leni": 0, "Zsnes": 1, "Maya": 2}}, {"id": 17167840, "category": {"id": 63, "name": "My Story"}, "emotion": "Caring", "turns_number": 4, "dialogues": [[1219486, 0, "I hate that attract have people are so loyal like damn I love being 56th choice", ["😂"]], [1348655, 3, "I think that is not a number for you", []], [1296483, 2, "That is why I m sticking with Satan , and not Jesus . Jesus is handsome as shit", []], [748825, 1, "at least you are considered", ["🤧"]]], "speakers": {"Cakylynn 💀": 0, "🐰🐇Mr Bunny🐇🐰": 1, "Mo™": 2, "Dawn": 3}}, {"id": 17167836, "category": {"id": 50, "name": "Music"}, "emotion": "Numb", "turns_number": 4, "dialogues": [[1287230, 0, "ONCE AGAIN . I do not like heavy metal . My nickname is just a song by lady gage , and I m little monster so.stop being creep in my do , I will not named your far singer what the fuck", []], [1287230, 0, "actually I like heavy metal too but I m not creep like you", []], [834851, 2, "laughing my arms off i am sorry for you", []], [1194921, 1, "hello pitiful , how are you?who is your favorite singer ?", []]], "speakers": {"more than a woman": 0, "YOES": 1, "Satan": 2}}, {"id": 17167830, "category": {"id": 73, "name": "Disabilities"}, "emotion": "Nothing", "turns_number": 4, "dialogues": [[425096, 0, "everyone here is so attract have", []], [555201, 3, "I do not understand the point in remarking on this observation .", []], [1453108, 2, "but you are the most attract have", ["🤭", "❤"]], [1030252, 1, "I have not seen very clear photo of you , but from what I have seen , you are not unattractive have . if I put your photo on a rating site , it would get between 6 - 8 , which is better than average . compared to other people I have seen here , you are definitely much better than average . but there is a bias , since mostly pretty people post their photo . ugly people do not show themselves . there is also a lot of scalers using face photo . another bias .", []]], "speakers": {"徽妮": 0, "GodSaveTheQueen": 1, "deadpool": 2, "Always a Newbie初心": 3}}, {"id": 17167823, "category": {"id": 12, "name": "Self Harm"}, "emotion": "Overwhelmed", "turns_number": 3, "dialogues": [[1407368, 0, "I can not stop cutting myself , today the urges are too strong and for every single little thing that happens I need to self harm", []], [411924, 2, "What is wrong ? Please do not harm yourself !", []], [1228372, 1, "Please do not . if you want to share something or want I am here", []]], "speakers": {"Eli🏳️‍🌈": 0, "nonexistent": 1, "Robert Downey Jr": 2}}, {"id": 17167817, "category": {"id": 10, "name": "Friends"}, "emotion": "Proud", "turns_number": 3, "dialogues": [[1471424, 0, "hi everyone I m a gay guy that is looking for new friends does anybody want to talk with a gay guy", []], [1401359, 2, "sure.hum when you feel like talking", []], [1454128, 1, "sure brow.there is nothing wrong in friendship .", ["🎈", "👍"]]], "speakers": {"tom": 0, "Friendly Bubblegum": 1, "Fly_With_Andyy...💘🎈": 2}}, {"id": 17167803, "category": {"id": 20, "name": "Others"}, "emotion": "Confused", "turns_number": 3, "dialogues": [[0, 0, "I have been feeling like an idiot , confused and overwhelmed , stressed , wrapped and worthless", []], [1410407, 2, "welcome to the club .", []], [1500247, 1, "Life is pretty unfair , but if you ever need  seeyone to talk to about how you are feeling feel free to into me and I ll try to help as best as I can", []]], "speakers": {"Anonymous": 0, "who even am i": 1, "Broken2001x": 2}}, {"id": 17167796, "category": {"id": 61, "name": "Positive"}, "emotion": "Supportive", "turns_number": 3, "dialogues": [[1500243, 0, "no matter how hard life is , you need to keep fighting , because none of us has no problem , everyone pass in the same moment , so never ever i have up on herself . EVER !", []], [436714, 2, "agree to the fullest . never ever i have up on yourself . you are tired , take a break get yourself together and fight your battle again . co you are a warrior , born to win", []], [1483084, 1, "I need someone to talk to everyday and someone to be happy with", []]], "speakers": {"jassmine": 0, "Invincible 🎯": 1, "Gideon": 2}}, {"id": 17167790, "category": {"id": 7, "name": "Relationships"}, "emotion": "Heartbroken", "turns_number": 4, "dialogues": [[829470, 0, "And one day , your name did not make me smile anymore .", []], [1250660, 3, "y fuck relationships they really suckfriends are what is important and you have to like yourself :)", []], [1375601, 2, "I am hoping that day will come soon . I want to smile again.its been long .", []], [1464527, 1, "Sounds like there is more to this story", []]], "speakers": {"Yuki": 0, "M.": 1, "Max Eisenhardt": 2, "Dave Vega": 3}}, {"id": 17167785, "category": {"id": 10, "name": "Friends"}, "emotion": "Inspired", "turns_number": 4, "dialogues": [[1517693, 0, "you really are a talented artist", ["😍"]], [801545, 3, "I wish i could draw ! What do you like to draw the most ?", []], [1419466, 2, "Come with me , leave all of your things , yeah can stop at Cocci , stop at Louis V , yeahcome with me , fly you out to greecefull speed , survoler Paris , yeah", []], [1446793, 1, "While I m somewhat an artist , those that can draw faces and get them right always amazed me . See you laterptures too", []]], "speakers": {"Sanju Chembilode": 0, "MrLooping82": 1, "Lovely": 2, "Doug": 3}}, {"id": 17167783, "category": {"id": 67, "name": "Self-Care"}, "emotion": "Supportive", "turns_number": 3, "dialogues": [[782262, 0, "1 . Buy a good quality wine bottle to . Open it3 . Drink it allfollow me for more recipe", []], [1411738, 2, "drinking alcohol can never be good and can never make anything better fact.now its upon you fools ", ["😌", "✌"]], [997472, 1, "That is a i have  recipe . I highly recommend", ["⭐"]]], "speakers": {"Viv": 0, "Mr Lónly🔥": 1, "Echidna": 2}}, {"id": 17167776, "category": {"id": 10, "name": "Friends"}, "emotion": "Exhausted", "turns_number": 3, "dialogues": [[1500236, 0, "I miss my friend and I think I lose her forever", []], [1411738, 2, "make new friends may be they will keep you better", []], [1204343, 1, "no . she shall be ok", []]], "speakers": {"Newbie": 0, "Mr Lónly🔥": 1, "comeback": 2}}, {"id": 17167765, "category": {"id": 63, "name": "My Story"}, "emotion": "Depressed", "turns_number": 5, "dialogues": [[1310721, 0, "I have 0 motivation left to li have my life . Guess I should sleep permanently .", []], [1271980, 4, "i wish i could sleep forever to", []], [684673, 3, "ah , sleep for a time , motivation often comes back after many sleeps", []], [636106, 2, "motivation can come along the way , you should try to find a new dream and start to chase it", []], [826797, 1, "sleep then get your ass up kick your life problem n start again", []]], "speakers": {"Maddy": 0, "Shruti": 1, "Kama2": 2, "Val": 3, "Jiya": 4}}, {"id": 17167758, "category": {"id": 7, "name": "Relationships"}, "emotion": "Heartbroken", "turns_number": 3, "dialogues": [[1498456, 0, "Why do good girls like bad guns ? Why do we prefer to try ? Love do not cost a thing but time , seems like times not on our side .", ["⛈", "🫀"]], [1243568, 2, "I guess that when we run into good people , most of the times we ll be taken aback by their personality and many thoughts keep roaming in our mind whether to trust them or not or they are acting good for some benefits they can get from us and much more . I am not sure whether I made some sense or not , if not , do pardon me", []], [651679, 1, "My attraction to bad boy types was just a phase .", []]], "speakers": {"bex": 0, "Hakuna Matata 𓃬": 1, "Luminessa": 2}}, {"id": 17167738, "category": {"id": 7, "name": "Relationships"}, "emotion": "Meh", "turns_number": 3, "dialogues": [[0, 0, "How many girls actually ask guns out ?", []], [1471349, 2, "I am guessing little to none", []], [651679, 1, "No idea . I was the one who asked if I could kiss my now husband when we were hanging out . I was ensure if he had attraction for me but apparently he was just waiting for me to decide if I wanted to date yet . laugh out loud", []]], "speakers": {"Anonymous": 0, "User Banned": 1, "Luminessa": 2}}, {"id": 17167715, "category": {"id": 62, "name": "Mental Health"}, "emotion": "Confused", "turns_number": 3, "dialogues": [[1226909, 0, "People with Boarderline Personality Disorder , how do you deal with it ? Do you get better ?", []], [689890, 2, "do not go the path that i took , i used to drink and cut , and finally i got caught once , so i had to stop it", []], [1498456, 1, "Took time to understand my emotions instead of trying to run away from them . I was so uncomfortable experiencing intense emotions . It is still hard but more tolerable . It takes time ", []]], "speakers": {"Mehhhh": 0, "Guy Fawkes": 1, "bex": 2}}, {"id": 17167706, "category": {"id": 74, "name": "Depression"}, "emotion": "Embarrassed", "turns_number": 3, "dialogues": [[637233, 0, "When you have an emotional breakdown at work everyone just stares at you . that was so breaking embarrassing .", ["😭"]], [1464527, 2, "That is why we have bathroom to cry in .", []], [1438549, 1, "I neareally did . But then I just remember here everyone here are peasants and they ca not see me look weak", []]], "speakers": {"FuckUpInLife.": 0, "Dave Vega": 1, "()": 2}}, {"id": 17167700, "category": {"id": 20, "name": "Others"}, "emotion": "Meh", "turns_number": 4, "dialogues": [[1349420, 0, "Same here . Not much good is happening", []], [826797, 3, "Life can be hard but with little care understanding n love it is worth it", []], [1010804, 2, "this world is a pretty tough place , most . of the time", []], [1490640, 1, "You are tough and strong . !", ["🌟"]]], "speakers": {"Natus Vincere": 0, "Jiya": 1, "OUCIMmeB4UICUR12": 2, "🕉♾": 3}}, {"id": 17167699, "category": {"id": 75, "name": "Life Hacks"}, "emotion": "Supportive", "turns_number": 3, "dialogues": [[1276667, 0, "Be good to yourself ho", []], [782262, 2, "not too much , there is no space for improvement that way", []], [932601, 1, "I ll steal this as well", []]], "speakers": {"🅳eadpool🦄": 0, "Viv": 1, "CrInGie": 2}}, {"id": 17167694, "category": {"id": 62, "name": "Mental Health"}, "emotion": "Anxious", "turns_number": 3, "dialogues": [[1074967, 0, "Everything feels so heavy I feel tired .", []], [1485833, 2, "well less it by doing less", []], [1427075, 1, "Love is a heavy feeling for me", []]], "speakers": {"Chinztastic 🐼": 0, "User Banned": 1, "JKC": 2}}, {"id": 17167667, "category": {"id": 10, "name": "Friends"}, "emotion": "Supportive", "turns_number": 5, "dialogues": [[1488889, 0, "how do I get this account banner quickly ?", []], [1194921, 4, "send feet pick to D", []], [684673, 3, "open some political IT video and start copy passing comments from there here", []], [651679, 2, "Just leave , much easier . Or delete it .", []], [1442338, 1, "Say the N word 10 times", []]], "speakers": {"User Banned": 0, "Satan": 1, "Kama2": 2, "Luminessa": 3, "×º°”˜`”°º× נＥ𝐑𝕖𝕄ץ ×º°”˜`”°º×": 4}}, {"id": 17167637, "category": {"id": 20, "name": "Others"}, "emotion": "Tired", "turns_number": 5, "dialogues": [[1307324, 0, "i never understood why people act like they care when they do not", []], [1194921, 4, "but but but I do", []], [1354181, 3, "To get what they want", []], [1374005, 2, "Cut them off if you know they are doing that , protect your energy", []], [1296483, 1, "to get what they want from you", []]], "speakers": {"hera 🦢": 0, "Satan": 1, "Zenith": 2, "Sir": 3, "Mo™": 4}}, {"id": 17167635, "category": {"id": 50, "name": "Music"}, "emotion": "Energetic", "turns_number": 3, "dialogues": [[1477208, 0, "Can I get recommendation of song to dance . I fell like doing that in . To release the energy .", []], [1401359, 2, "has to leg and party animal", []], [651679, 1, "High hopes - panic at the disco !", []]], "speakers": {"how many people?": 0, "Friendly Bubblegum": 1, "Luminessa": 2}}, {"id": 17167631, "category": {"id": 20, "name": "Others"}, "emotion": "Calm", "turns_number": 3, "dialogues": [[559530, 0, "Music + Me = Best partners", ["💗"]], [1401359, 2, "I have already signed a joint venture agreement with it", []], [1296483, 1, "Invite me to the wedding", []]], "speakers": {"R0cky": 0, "Friendly Bubblegum": 1, "Mo™": 2}}, {"id": 17167628, "category": {"id": 10, "name": "Friends"}, "emotion": "Bored", "turns_number": 3, "dialogues": [[1270301, 0, "why do bees have sticky hair ?", []], [1476799, 2, "rate yourself on a scale of 1 to 10", []], [1122318, 1, "how much would you rate this pp 1 to 10", []]], "speakers": {"Dipankar": 0, "Him Again": 1, "👁️👄👁️": 2}}, {"id": 17167620, "category": {"id": 72, "name": "Anxiety"}, "emotion": "Depressed", "turns_number": 3, "dialogues": [[1499259, 0, "I hate myself for not knowing what I want . I say I have no friends and no one likes me . But when someone tries to be my friend I say that I bother them or annoy them . Which then leads me to be lonely . Do I want friends or not ? Fuck you anxiety .", []], [1314851, 2, "Well you can long for friends and still feel insecure about yourself and reject them .", []], [1362074, 1, "you are great not worryspend time with your parents and when you try to make friends just Do not over think . if they get annoyed then it is ok, . Same thing happened to you should just go outside and just walk without thinking where to go", []]], "speakers": {"Hopelessnina": 0, "Newbie": 1, "Zee-al-eid": 2}}, {"id": 17167617, "category": {"id": 20, "name": "Others"}, "emotion": "Depressed", "turns_number": 4, "dialogues": [[330414, 0, "It is ok . It will be fine . Everyone I know will be ok without me in any case .", []], [1312020, 3, "Seems you have solution of every problems", ["🤔"]], [736799, 2, "yea , i would hate for people depending on me to be ok . hopefully they will do fine", ["👍"]], [1446793, 1, "Going to bet you had be missed . Maybe you have not even met the person whose life you ll change yet .", []]], "speakers": {"Mimi": 0, "$!|)|)]-[€$]-[ 🇮🇳": 1, "Eddy": 2, "Doug": 3}}, {"id": 17167599, "category": {"id": 7, "name": "Relationships"}, "emotion": "Tired", "turns_number": 3, "dialogues": [[1497673, 0, "do not waste the new one if he is also serious . like my ex did.she was going through a breakup and used me as healing", []], [834851, 2, "i think i have feel this before i am sorry", []], [1223722, 1, "I feel bad for the new guy you are sleeping next to . In a way , you are doing to him what your ex did toyouryour Please do not be in a relationship with a new person if you have not healed from your last relationship . It is unfair for the new person . Imagine someone doing that to you .", []]], "speakers": {"PC": 0, "YOES": 1, "Ella": 2}}, {"id": 17167598, "category": {"id": 61, "name": "Positive"}, "emotion": "Supportive", "turns_number": 3, "dialogues": [[1470503, 0, "Go put your records on", ["🎶"]], [1382500, 2, "Why ? Do you want your ears to bleed because of my cap ?", ["😅"]], [1359830, 1, "tell me your favourite song", []]], "speakers": {"User Banned": 0, ".": 1, "INFAMOUS": 2}}, {"id": 17167582, "category": {"id": 10, "name": "Friends"}, "emotion": "Excited", "turns_number": 3, "dialogues": [[1252288, 0, "I m going to do it tonight", ["🤣", "😉"]], [1480208, 2, "do you mean killing joy tonight", ["😉"]], [1396840, 1, "Aye good luck ! Use protection", []]], "speakers": {"Kixmbxrly": 0, "VicariousMind™": 1, "ded.": 2}}, {"id": 17167580, "category": {"id": 15, "name": "Family"}, "emotion": "Nostalgic", "turns_number": 3, "dialogues": [[1500220, 0, "Being a girl is awful , some days we have to put up with so much shit just to make others happy .", []], [1440314, 2, "Especially when we are on our period . But I do enjoy baking colonies", []], [1204343, 1, "You do not have to.u can never be happy pleasing everyone . just li have for yourself", []]], "speakers": {"Unknown": 0, "Allyoop people": 1, "comeback": 2}}, {"id": 17167566, "category": {"id": 20, "name": "Others"}, "emotion": "Calm", "turns_number": 5, "dialogues": [[636106, 0, "hey , how are you today ? how are you feeling ?", []], [834851, 4, "what is up droits all good", []], [1499741, 3, "pretty bad . how aboutyouryour", []], [656143, 2, "rollercoster emotional days but overall good , what aboutyouryour", []], [1373085, 1, "conflict and kind of hurt . hoping though It ll get betterhow areyouryour", []]], "speakers": {"Val": 0, "YOES": 1, "Gamzee_Honk": 2, "mine🥀": 3, "Hedwig🌺": 4}}, {"id": 17167557, "category": {"id": 67, "name": "Self-Care"}, "emotion": "Jolly", "turns_number": 3, "dialogues": [[1164206, 0, "What a joy to receive have a parcel !", []], [1312020, 2, "What is there in parcel ?", []], [1457844, 1, "what a joy it would be to receive have a hug", []]], "speakers": {"Freyja": 0, "$!|)|)]-[€$]-[ 🇮🇳": 1, "Peterpan": 2}}, {"id": 17167532, "category": {"id": 74, "name": "Depression"}, "emotion": "Exhausted", "turns_number": 3, "dialogues": [[1498824, 0, "They all want to tell you that they understand , just to gain your trust , pick up a blade and thrust in into your back . They never did understand . and I hope that they never will , cause I know how much it hurts to understand .", []], [1491479, 1, "I can understand that .", []], [1491479, 1, "I m not talking about 30 pp to place them in exact situation so they would reach differently you are taking about destiny but I m talking about the problem and the pain which is same for everyone .", []]], "speakers": {"Newbie": 0, "𝔭𝔲𝔤𝔲": 1}}, {"id": 17167520, "category": {"id": 11, "name": "Hopes"}, "emotion": "Lonely", "turns_number": 3, "dialogues": [[1478356, 0, "Sometimes , Two different people feel the same for each other , But at different times . How ironic , right ?", []], [808592, 2, "i really wish that happens", ["😞"]], [1401359, 1, "sounds like slipped part to", []]], "speakers": {"MOON CHILD": 0, "😈parental advisory  explicit content 😈": 1, "Friendly Bubblegum": 2}}, {"id": 17167518, "category": {"id": 20, "name": "Others"}, "emotion": "Tired", "turns_number": 3, "dialogues": [[1010583, 0, "I hate it when I m having a good time , feeling great and all of a sudden waves hit me . Like why is it so hard to find good nights to my good days ?", []], [1392016, 2, "same but I think for me as a female it is like a hormonal reason . never up n down", []], [1401359, 1, "maybe because it is just the way life is.things are not going to be great all the time , you learn that , accept that and move on with it", []]], "speakers": {"Xafer Zaki": 0, "Mixed Masala 😌": 1, "Friendly Bubblegum": 2}}, {"id": 17167505, "category": {"id": 72, "name": "Anxiety"}, "emotion": "Hopeful", "turns_number": 3, "dialogues": [[1500231, 0, "How to keep going when you are anxiety is on the roof . I m exhausted and just want to i have up", []], [900323, 2, "Think about your parents and family , think about all what your loved ones did and in order to take care of them someday . That is how you keep going", []], [512173, 1, "Even if you do not feel like it would help , try guided meditation from couture . Works quite well for me when i am about to rip my head out from all the anxiety :)", []]], "speakers": {"Huff": 0, "Zsnes": 1, "human": 2}}, {"id": 17167503, "category": {"id": 10, "name": "Friends"}, "emotion": "Embarrassed", "turns_number": 3, "dialogues": [[1500227, 0, "What the fuck did I post that , new the creep would come out", ["😅"]], [834851, 2, "laugh out loud alarm alarm the creep horde is coming laugh out loud", []], [1495925, 1, "You can change your settings to not allow direct messages", ["🙂"]]], "speakers": {"Tpiestar⭐️": 0, "YOES": 1, "Hazza": 2}}, {"id": 17167496, "category": {"id": 7, "name": "Relationships"}, "emotion": "Caring", "turns_number": 5, "dialogues": [[1493285, 0, "why are you is is ? Is it worth being sad", []], [826433, 4, "Nothing seems worth it these says , so sadness is all I got", ["👍", "🏽"]], [1457844, 3, "is it worth being ali have", []], [1009324, 2, "left my card at the at , went back and it is not there", []], [1293238, 1, "am not sad.am just alone", []]], "speakers": {"CallMeMervis": 0, "ForTheWorse (FTW)": 1, "Peterpan": 2, "maio ツ": 3, "Lucifer😈": 4}}, {"id": 17167492, "category": {"id": 15, "name": "Family"}, "emotion": "Sad", "turns_number": 3, "dialogues": [[1459368, 0, "My granny means my world . Gradually she is becoming older with time another reality knocks me rough that someday she is not going to be there with me . Even imagining this emotion shakes me to the core . Am I being an over - thinker or just adopting the approaching reality ?", []], [938022, 2, "that is scar sometimes I think about my parents and honestly something weird happens to my mind at that moment and I can not even describe that feel", []], [1485833, 1, "not a over thinking it is towards love and emotional deep connection which it thinks position have or negative have too", []]], "speakers": {"Lavanya": 0, "ROGUE🔥": 1, "User Banned": 2}}, {"id": 17167474, "category": {"id": 51, "name": "Helpful Tips"}, "emotion": "Supportive", "turns_number": 6, "dialogues": [[1396504, 0, "You owe yourself the love that you so freely i have to others .", []], [1354181, 3, "And here comes another good post by a kind person", ["🔥"]], [1354181, 3, "I ll make this popular by commenting a lot", []], [1354181, 3, "Yes , love yourself more", []], [1293658, 2, "Yeah we should love ourselves more than anyone else", ["😊"]], [1065874, 1, "admit , I do not love anyone", []]], "speakers": {"✨👑Anna👑✨": 0, "Zenith": 1, "Lukas": 2, "Anamika": 3}}, {"id": 17167467, "category": {"id": 51, "name": "Helpful Tips"}, "emotion": "Loving", "turns_number": 3, "dialogues": [[1347929, 0, "FLIRT : when you fall for someone is word . LUST : when you fall for someone is beauty .LOVE : when you fall for someone is soul .", []], [938022, 2, "when you fall because of a stone ?", []], [1464714, 1, "Revival : When you get up after everything you fell for", []]], "speakers": {"Swara": 0, "ROGUE🔥": 1, "VED": 2}}, {"id": 17167456, "category": {"id": 10, "name": "Friends"}, "emotion": "Positive", "turns_number": 4, "dialogues": [[1500227, 0, "Would anyone let me draw them ?", ["😝"]], [1500227, 0, "I am willing to draw anything", []], [328815, 2, "yeah please if you want and have time", []], [1453971, 1, "let us draw each other", []]], "speakers": {"Tpiestar⭐️": 0, "scorpion 🦂♏❤️": 1, "User Banned": 2}}, {"id": 17167445, "category": {"id": 7, "name": "Relationships"}, "emotion": "Calm", "turns_number": 3, "dialogues": [[615826, 0, "sometimes people hate you because of the way other people loveyouryour", []], [975732, 2, "I see . maybe it is truebut also s pp love you just cruz others hate u", []], [1464527, 1, "They do not really hate you . They hate that you are getting something they are not .", []]], "speakers": {"User Banned": 0, "𝔩𝔢𝔪𝔬𝔯𝔦𝔫𝔤": 1, "Dave Vega": 2}}, {"id": 17167436, "category": {"id": 20, "name": "Others"}, "emotion": "Supportive", "turns_number": 6, "dialogues": [[861066, 0, "Stop telling yourself and others that you are not good enough to help others , stop believing the lies that your overthinking is telling you!Trust in yourself , believe in yourself . Because . There is no need to be perfect to inspire others . Let others get inspired by how you deal with your imperfections . Sending all my blessings .", []], [717841, 4, "Sending all my blessings your way as well Mr justice", []], [1378646, 2, "very well said my dear friend sometimes i need to remember this but i can not help it", []], [347145, 3, "Much love , really good post :)", ["🤗"]], [1378646, 2, "i will my dear friend", ["😘"]], [369669, 1, "but I am not good enough", ["😕"]]], "speakers": {"®PoeticJustice™": 0, "°CyberAnon•~•": 1, "💀🗡TwistedPsycho 🗡💀": 2, "Donald A Bunce": 3, "jer is awesome": 4}}, {"id": 17167419, "category": {"id": 74, "name": "Depression"}, "emotion": "Overwhelmed", "turns_number": 3, "dialogues": [[728960, 0, "laugh out loud I was crying all day instead of doing anything about my miserable situation", []], [1068226, 2, "take your time . we are not a root who could just get back to our feet and solve our problems .", []], [1495362, 1, "i was the same . i keep soothing myself and end up not doing any work at all . it sucks but i tried though .", []]], "speakers": {"Amira": 0, "Mr. Owl": 1, "Tuk": 2}}, {"id": 17167413, "category": {"id": 20, "name": "Others"}, "emotion": "Loved", "turns_number": 6, "dialogues": [[1193007, 0, "what is the cost of friendship and love?can we buy them ?", []], [518741, 5, "I do not know and yes we can buy anything", []], [1499480, 4, "I do not think so . Even if you bought something disguised as friendship and love , it would only last for as long as your money did . It would not be real .", []], [254185, 3, "in a way , you could", []], [1312020, 2, "Yes we can buy them by trust", []], [1068226, 1, "yes , in a sense . just make sure you have enough money for that .", []]], "speakers": {"Ronnie": 0, "ホット": 1, "Yūrei✨": 2, "dance dance": 3, "$!|)|)]-[€$]-[ 🇮🇳": 4, "Mr. Owl": 5}}, {"id": 17145069, "category": {"id": 63, "name": "My Story"}, "emotion": "Hopeful", "turns_number": 3, "dialogues": [[1498941, 0, "I hate looking at myself in the mirror , I feel like the uglier person .", []], [1374005, 2, "That will change soon , but just embrace yourself . Is there a reason why you feel like this ? Maybe something that is happened in the past ?", []], [738601, 1, "So many girls and guns feel this way about themselves and it is such a damn shame .", []]], "speakers": {"dreamer": 0, "Sir": 1, "Candle In The Wind": 2}}, {"id": 17145044, "category": {"id": 20, "name": "Others"}, "emotion": "Loving", "turns_number": 6, "dialogues": [[633163, 0, "you truly have no idea the impact you can have on other people is li have . I BEG you to please be kind to others", []], [861066, 5, "What an awesome , hard hitting post . Excellent .", []], [930805, 4, "And that is a fact", []], [973120, 3, "Being always kind and nice , sometimes might come as face . so i think people need some harsh dose of reality ( which is not always kind ) sometimes . it is only for their benefit .", []], [916195, 2, "Yes , and specially do not lie to them because you can not stand being alone people", []], [1178467, 1, "You think in very different way .", []]], "speakers": {"Alexis": 0, "®PoeticJustice™": 1, "Mikky": 2, "Someone'sThirdAccount": 3, "Devil": 4, "\"Yaar\"💐": 5}}, {"id": 17145043, "category": {"id": 61, "name": "Positive"}, "emotion": "Amused", "turns_number": 4, "dialogues": [[1138599, 0, "does it get annoying seeing my name on your timeline 52765 times a day", []], [1486863, 3, "is that really your name though ?", []], [1173562, 2, "I saw you twice . and no !", []], [915830, 1, "i have never seen you before", []]], "speakers": {"Valontino The GOD": 0, "blodeuwedd 🌼 🦉": 1, "yoonie": 2, "jay": 3}}, {"id": 17145034, "category": {"id": 20, "name": "Others"}, "emotion": "Calm", "turns_number": 3, "dialogues": [[767422, 0, "Have you ever had a paranormal experience before ? And if you did what happened . ", []], [1488105, 2, "I had some sleep paralysis experiences before", []], [1130332, 1, "Please do me my story is territory your information", []]], "speakers": {"Makayla ": 0, "Ash": 1, "SpiritualSongstress💚": 2}}, {"id": 17144999, "category": {"id": 72, "name": "Anxiety"}, "emotion": "Heartbroken", "turns_number": 6, "dialogues": [[486223, 0, "I have really bad anxiety and I have a heart rate monitor and I m scared . my heart rate went to like 104 to 107 and now I have a fear it is irregular . is that normal ?", []], [1470503, 5, "Ye that is normal . That is normal as possible", []], [1273463, 4, "yes its ok.m take deep breath and calm down . if persist visit a doctor", []], [361767, 3, "Do you have health anxiety ?", []], [1493812, 2, "well mine is at 175 but am High of", []], [644936, 1, "My lowest heart rate is 130 , and normal is 140 + , laugh out loud", []]], "speakers": {"alissa 💛": 0, "User Banned": 1, "RandomPerson!": 2, "irrelevant cas": 3, "poiser": 4, "Shams Abbas": 5}}, {"id": 17144973, "category": {"id": 7, "name": "Relationships"}, "emotion": "Lonely", "turns_number": 3, "dialogues": [[890534, 0, "Pp is full of tens . I am 27 . I fear to share my pain with others . Do not want to affect mental health in a negative have way for kiss .", []], [1478994, 2, "I m 23 if that helps I m more than willing to listen if you want to talk", []], [1429088, 1, "I am 27 this year . It does seem a lot of people are young on here . it is hard take life advice seriously when the kid says they are 17 .", []]], "speakers": {"Solo Aashit": 0, "Wolf": 1, "Lynn": 2}}, {"id": 17144968, "category": {"id": 5, "name": "Bullying"}, "emotion": "Proud", "turns_number": 3, "dialogues": [[1497341, 0, "I am proud I try too not i have in too the building but it is so hard", []], [795446, 2, "i am proud of you too", []], [481157, 1, "hurts my heart to read this I m proud of you and you always have my love and support praying for you big huge", ["❤", "💔", "💕", "🙏", "🤗"]]], "speakers": {"DanielleWilliams": 0, "sleepingmylifeaway": 1, "andreab1518": 2}}, {"id": 17144959, "category": {"id": 20, "name": "Others"}, "emotion": "Meh", "turns_number": 3, "dialogues": [[303765, 0, "when you visited a big restaurant and checked the menu and they do not have fresh juice in their restaurant .I feel like I want to talk to the manager of that restaurant to i have him / her some advice or tell him to close the restaurant permanently laugh out loud", []], [1428756, 2, "Why would you want fresh juice in the restaurant", []], [1411026, 1, "me , I mean I appreciate and love fresh juice too , more than most people.but.no offense , kind of aren of you th", []]], "speakers": {"𝒬𝓊ℯℯ𝓃 𝒯𝓇𝓎𝓈𝓉𝒶𝓃𝓈 𝒯𝒶𝒸ℴ 🥃": 0, "Name": 1, "sadie": 2}}, {"id": 17144957, "category": {"id": 20, "name": "Others"}, "emotion": "Overwhelmed", "turns_number": 3, "dialogues": [[767422, 0, "So me and my dad we are going for a dry have , and we almost got into a car accident . And then the music on the radio was turning itself up on its own .  that is never happened before . and I keep seeing the number 44 everyone welcomehere .", []], [915623, 2, "That was probably a nightmare laugh out loud", []], [1165338, 1, "Look up the number 44 it is an angel number", []]], "speakers": {"Makayla ": 0, "Amirseño": 1, "Shani Shea Rose": 2}}, {"id": 17144956, "category": {"id": 20, "name": "Others"}, "emotion": "Tired", "turns_number": 3, "dialogues": [[1484786, 0, "Unpaid things are eating me from inside", []], [980731, 2, "Why can not you say them ? I hope things get better :(", []], [1472153, 1, "write it down . write a poem , a song or just a little note , but put effort into it , express all your thoughts and emotions , and after the work is complete you wo not have to carry it inside you . i have it on a paper , if you get a chance to talk about it in the future , you can just i have em the paper :)", []]], "speakers": {"SillyGoose": 0, "Tired Tried": 1, "ElAceitunitoMalo": 2}}, {"id": 17144953, "category": {"id": 63, "name": "My Story"}, "emotion": "Inadequate", "turns_number": 3, "dialogues": [[1219486, 0, "whenever I m interested in someone and we talk on snap I ll end up watching their snap scores to see if they are ignoring me and talking to other people", ["🙃"]], [997924, 2, "Reliable , it is making me sick brush", []], [377727, 1, "Care less about snapchat , and social media . Just meet up with him / her , and you ll see if he / she is interested in you or not .", ["🙃"]]], "speakers": {"Cakylynn 💀": 0, "Max 📸": 1, "Martin888": 2}}, {"id": 17144951, "category": {"id": 75, "name": "Life Hacks"}, "emotion": "Proud", "turns_number": 3, "dialogues": [[1318186, 0, "it is mad how i can shave and start looking like a 17youragain", []], [263285, 2, "Well I think you look better without it", []], [1009618, 1, "like seriously . Everytime I think about clean slaves over trimming- i need to ask myself- am I mentally prepared to handle the personality change over the next couple of days ?", ["🤣"]]], "speakers": {"That guy Faham": 0, "Sohee💎": 1, "F. Pessoa": 2}}, {"id": 17144925, "category": {"id": 7, "name": "Relationships"}, "emotion": "Stressed", "turns_number": 3, "dialogues": [[980731, 0, "Sometimes I take longer to answer people because I know I ll need to think about what they said and I am an overthinker . Also I try to do everything perfect ( but I m trying not to care anymore ) , so even my answers need to be perfect and with all my heart . But all of this is so firing , even if I like giving attention to people . I do not understand .", []], [1497689, 2, "You mind is tired , and that is ok . Sometimes it needs some rest from everything going on . You have a beautiful heart and you need to take care of it and your mind . it is ok to be tired and take some time to yourself <3", []], [1426067, 1, "I feel this on so many levels I wish you good things !", ["😞"]]], "speakers": {"Tired Tried": 0, "lemonbee": 1, "mezzanotte": 2}}, {"id": 17144905, "category": {"id": 12, "name": "Self Harm"}, "emotion": "Loving", "turns_number": 3, "dialogues": [[1453049, 0, "I do not deserve to li have", []], [446095, 2, "Oh . I thought you did", []], [1009144, 1, "easy on yourself my heard you want to talk about it maybe I could help", []]], "speakers": {"Optimist": 0, "TboneSteak": 1, "nono": 2}}, {"id": 17144894, "category": {"id": 7, "name": "Relationships"}, "emotion": "Lonely", "turns_number": 5, "dialogues": [[1352487, 0, "Sometimes I just wish we had these countdown bracelets , to notify when we ll meet our soul mates . I am exhausted looking th .", []], [1273463, 4, "nice idea . but I think . not everyone has soulmates", ["😒"]], [1180600, 3, "I wish so too but unfortunately we do not , but you know what they say if you quit looking for something to find eventually what you are looking for will find you . if you need someone to talk to feel free to send me a message I ll be more then happy to help and listen .", []], [1316849, 2, "you not the only one", ["😔"]], [1199762, 1, "woof , it is me your soulmate", ["🐶"]]], "speakers": {"Ava": 0, "RandomPerson!": 1, "nobody important": 2, "Mad👑": 3, "peach tongue peach": 4}}, {"id": 17144890, "category": {"id": 63, "name": "My Story"}, "emotion": "Insecure", "turns_number": 3, "dialogues": [[1495537, 0, "I hate my body , my face everything about me", []], [1437214, 2, "I think you looks absolutely gorgeous miss ! ", ["🥺", "❤"]], [1316849, 1, "i understand how you feel . i am the same . do not think that eau the . your really cut . i am sure there are also other good things about you that you should be proud of .", []]], "speakers": {"Ciara💖": 0, "Crybaby 🪦🕯🔮": 1, "Mad👑": 2}}, {"id": 17144879, "category": {"id": 20, "name": "Others"}, "emotion": "Stressed", "turns_number": 3, "dialogues": [[491050, 0, "anyone free to talk please help", []], [1367879, 2, "yes , are you ok , ?", []], [1497934, 1, "I m here if you want to talk", []]], "speakers": {"Yasmin": 0, "drenii": 1, "Ryuk": 2}}, {"id": 17144873, "category": {"id": 74, "name": "Depression"}, "emotion": "Supported", "turns_number": 5, "dialogues": [[1499042, 0, "Honestly first time on something like this , but I guess I ll be truthful and say that I do not know what to do with myself anymore because i am just so stuck and empty lately I do not have the motivation for shit . I want help but it seems like even more effort to get any . What a problem , right ?", []], [997924, 4, "To get help , just start by talking a bit about what is wrong , the rest will come easily", ["😁"]], [1498685, 3, "All right not a problem , you just need to talk , everything will be fine , trust me , all of us here are going through some rough shit and or all here to help each other !", []], [1312627, 2, "find life purpose , find your true inner self , improve mind and body , coming better with depressionthen you be at peace you like to know more ?", []], [1483084, 1, "I need someone to talk to everyday and someone to be happy with", []]], "speakers": {"Melanie": 0, "Max 📸": 1, "NOSTRADAMUS💫": 2, "Righteous Force": 3, "Gideon": 4}}, {"id": 17144872, "category": {"id": 20, "name": "Others"}, "emotion": "Meh", "turns_number": 3, "dialogues": [[1396840, 0, "No offence , but .", []], [682273, 2, "I am really offended right now .", []], [1138607, 1, "we li have in a virtual world", ["😳"]]], "speakers": {"ded.": 0, "Panzerkampfwagen IV Ausf. D": 1, "baby p🖤": 2}}, {"id": 17144858, "category": {"id": 10, "name": "Friends"}, "emotion": "Optimistic", "turns_number": 7, "dialogues": [[1499043, 0, "share good thoughts please ?", ["💕"]], [890534, 5, "Sorry . Only shallowness inside .", []], [890534, 5, "Welcome to the pp though .", []], [1470503, 4, "I can not wait for tomorrowgoing to wake up eareallygoing to be products havegoing to go on a run going to Eat mcdonaldsgoing to eat cake", ["🥳"]], [481157, 3, "You are so much more than what you are going through right now and in case no one has told you lately , I m proud of you", ["🤗", "❤"]], [574231, 2, "Sorry for the she your going through . In it is not easy but you still get through it everyday , you must be incredibly strong and amazing ! Just remember the past may be painful and tough but that stuff is in the past , look forward for tomorrow yeah sometimes it wo not be all sunshine but that is ok too . what is important is that you take care of yourself , get a break once a while and treat yourself , you deserve it .", []], [1499176, 1, "Do you know how a miracle you laterous it is that you even exist ? Think about just your eyes how they can look at a window and see the window then look through the window and see what is just behind it and then look past that and see even further and then passed that an even further . You are amazing just because you exist", []]], "speakers": {"Tupur": 0, "Solo Aashit": 1, "User Banned": 2, "andreab1518": 3, "▪️𝔖𝔪𝔥𝔥▪️": 4, "aRadiantDawn": 5}}, {"id": 17144851, "category": {"id": 10, "name": "Friends"}, "emotion": "Caring", "turns_number": 3, "dialogues": [[1009618, 0, "parts of it do sound like old . parts of it resemble mild Tourette Syndrome . as long as she herself is not emotional affected by this coming mechanism , i do not think there is an issue . just to be sure she might just want to get confirmed- old is no issue . Tourette i really do not know much about other than symptoms", ["✌", "🏼"]], [582412, 2, "Yes i think that is old", []], [1483099, 1, "it sounds like old to me . i thought i might have it so i looked into all the symptoms and she matches many of them ( rituals , intrusion have thoughts , etc )", []]], "speakers": {"F. Pessoa": 0, "Señorita Сука": 1, "Jupiter": 2}}, {"id": 17144850, "category": {"id": 61, "name": "Positive"}, "emotion": "Supportive", "turns_number": 4, "dialogues": [[1470503, 0, "For the person who does not understand why I want to be in the army this basically sums it up.http:/youth.be/11M4iv_j3z8", []], [1170506, 1, "why he will be giving up your life for some louse lowlife Americans that will eventually die from the coronavirus", []], [1170506, 1, "I can understand travel and all that but the rest is hogwash you only got one life and you want to waste it by dying once I get my boat I m going to travel in try to find humanoid creatures", []], [1170506, 1, "autohawk just popped on my parade", []]], "speakers": {"User Banned": 0, "Teddy Flowers": 1}}, {"id": 17144836, "category": {"id": 15, "name": "Family"}, "emotion": "Supported", "turns_number": 3, "dialogues": [[1429088, 0, "I am so sick of living with my family . All they do is make negative have comments and take there problems out on me but yet expect me to do things for them constantly . it is so hard to fight my depression when my family is constantly dragging me down .", []], [1497689, 2, "It is hard dealing with a family that feels like toxic energy . Especially when your mind is already overwhelmed with bad thoughts . My DO is are always a safe place for you to talk if you had like a friend <3", []], [728874, 1, "I m so sorry that you are going through this but you have to know that you can overcome it.u deserve so much better . ALWAYS know that you matter .", []]], "speakers": {"Lynn": 0, "lemonbee": 1, "🇺🇸RobbyRockRobster🎸": 2}}, {"id": 17144834, "category": {"id": 62, "name": "Mental Health"}, "emotion": "Depressed", "turns_number": 4, "dialogues": [[778470, 0, "I m suffering hallucinations at its peak right now and I do not know how to handle this . I m feeling too much scared and I can not sleep also . Please help me .", ["😭"]], [1497689, 3, "Try to breath , they are not there . I know it looks and sometimes feel like they are but they ca not hurt you . i am here <3", []], [1498685, 2, "Have you been taking any meditation without the doctors knowledge?U need to calm down , what kind of hallucinations are you having ?", []], [1479761, 1, "I m sorry you are struggling . I also have bipolar disorder . I hope you feel better soon .", []]], "speakers": {"Akshita Gupta": 0, "lemonbee": 1, "NOSTRADAMUS💫": 2, "Casual Geek": 3}}, {"id": 17144829, "category": {"id": 10, "name": "Friends"}, "emotion": null, "turns_number": 3, "dialogues": [[0, 0, "I do not see the point of being friends with someone who replies every few days or replies once a day .", ["🖤"]], [1489255, 2, "Sometimes that is all a person has to i have . Someday that is all I can manage . I may not be the best friend but I i have all that I have to i have when I can .", []], [1499042, 1, "I do the same thing , but not because i am shouting them or do not want to talk to my friends , it is just I mentally and physically do not have the energy to try to pretend everything is ok that day and have a full blown convoy", []]], "speakers": {"Anonymous": 0, "Sunny": 1, "Melanie": 2}}, {"id": 17144815, "category": {"id": 62, "name": "Mental Health"}, "emotion": "Meh", "turns_number": 9, "dialogues": [[1482543, 0, "Life is an existential crisis .", []], [1497812, 8, "I understand you so much . I have not come with an answer yet , but I m trying to increase those moments of joy to prevent me from feeling down thinking about it .", []], [1356108, 7, "i know you are tired . but do not lose hope . please hang in there . i am with you . i am just like that as well .", []], [1498719, 6, "There is no meaning , I only li have for fun ! I find peace in knowing I can end my life daytime I want , if things would get too boring !", []], [1465956, 5, "I m experiencing an existential crisis every other hour", ["🥴"]], [1436405, 4, "what you know is the drop , what you do not know is the whole ocean", []], [1149052, 3, "Maybe the point is to figure out , dissect and dismiss what you really are not so that you can get to who you really are and thus find happiness because now you know who you truly are . And that takes time which is i haven to you to maybe experiment embrace learn as many things as possible so that you can in time figure out who you really are", []], [725140, 2, "I do not see a point either . Most logical purpose any human being can have is helping others , easing the pain of others while we are here . But if there is no point , anything can be one . You make your own purpose . Experience new things , explore , find things you love , find new hobbies . Let yourself enjoy , experience . Not everything has to mean something or be part of something big . Sometimes we just have turn off our brain and enjoy things .", []], [1499110, 1, "today I do not think there is a point , just we humans are conditioned to look for one . The illusion of purpose ( thou work etc ) has been broken . Then the illusion of there being a  point  will also get broken . Assume there is no point , just to play out your part , follow instinct , do no harm . It is maybe the way to be . It is very hard not to try and think our way out of this but its not going to work .", []]], "speakers": {"Shelley": 0, "Kurisu": 1, "enter yourname": 2, "Dream addict": 3, "⠀": 4, "Mosquito killer": 5, "Hocuspocus": 6, "Cruel World": 7, "lamb": 8}}, {"id": 17144805, "category": {"id": 68, "name": "I Need Help"}, "emotion": "Sad", "turns_number": 3, "dialogues": [[1496896, 0, "How can i be happy ?", []], [857731, 2, "this only depends on you , do what makes you happy , try to achieve something that you think will make you happy . We make our own happiness", []], [1398671, 1, "only you can answer that question , maybe a conversation with someone who can help you feel who you are", []]], "speakers": {"Eli": 0, "qFortino": 1, "Timothy Matthews": 2}}, {"id": 17144797, "category": {"id": 10, "name": "Friends"}, "emotion": "Hopeful", "turns_number": 3, "dialogues": [[0, 0, "who needs a limp ?", []], [541914, 2, "I m also offering my limping services", []], [1472153, 1, "you mean limp in a good way , right ? like without that part where you try to make a person sleep with you", []]], "speakers": {"Anonymous": 0, "Layla X GunSenpai": 1, "ElAceitunitoMalo": 2}}, {"id": 17144787, "category": {"id": 7, "name": "Relationships"}, "emotion": "Nervous", "turns_number": 4, "dialogues": [[1498828, 0, "what are your thoughts on giving people second chances ? For e.g. if someone said they ll work on themselves but they fall short and do not improve a lot yet they are still trying ?", []], [1278480, 3, "Depending on the vices they i have off , or what exactly they did", []], [1395108, 2, "if your considering I would say no do not but I do not know everyone is situation is different", []], [392842, 1, "It depends what they did , but generally I think we are humans we always make mistakes", []]], "speakers": {"ChimMochi": 0, "híѕ príncєѕѕ 🎀": 1, ".": 2, "hedgehog": 3}}, {"id": 17144777, "category": {"id": 11, "name": "Hopes"}, "emotion": "Nothing", "turns_number": 3, "dialogues": [[1497896, 0, "When you die you will li have forever . Not 100 nor 10years but eternity . It could be an eternity of sorrow or an eternity of joy .", []], [857731, 2, "you could watch the un averse die and born again , also by not dying you can accumulate and immense amount of wealth and you can basically do whatever you want", []], [1477208, 1, "I m going to hell :/", []]], "speakers": {"NANI?": 0, "qFortino": 1, "how many people?": 2}}, {"id": 17144773, "category": {"id": 20, "name": "Others"}, "emotion": "Optimistic", "turns_number": 3, "dialogues": [[1036728, 0, "they say surround yourself with good people what happens when the good people do not want you around ?", []], [509902, 2, "There are good people for you , and other good people in general . Your people will want you", []], [1329838, 1, "be that good person to yourself", []]], "speakers": {"Brian Ellis": 0, "Tamta": 1, "Terrible1": 2}}, {"id": 17144771, "category": {"id": 20, "name": "Others"}, "emotion": "Bored", "turns_number": 4, "dialogues": [[333690, 0, "I am on the second season of the Walking Dead and it is good . howe have it i have me so much anxiety", ["😫"]], [411648, 4, "yeah its great , unfortunately after the first episode of season 7 things get kind of boring", []], [353197, 2, "havana same here did you reach the point where you dream about hobbies", ["😂"]], [728874, 1, "ah ok.you have got a long way to go.personally , season to is my favorite", []]], "speakers": {"Prometheus 🇱🇧": 0, "I am Lewis": 1, "Itachi sensei 🇪🇬": 2, "🇺🇸RobbyRockRobster🎸": 3}}, {"id": 17144759, "category": {"id": 72, "name": "Anxiety"}, "emotion": "Insecure", "turns_number": 3, "dialogues": [[392842, 0, "How to believe in myself ?", []], [1268612, 2, "when you find out , please let me know", []], [1497934, 1, "First step for me was to truly want to believe in myself , and then focus in things I did well , graduate at school , or being a good friend and stuff .", []]], "speakers": {"hedgehog": 0, "MenialFerret": 1, "Ryuk": 2}}, {"id": 17144758, "category": {"id": 20, "name": "Others"}, "emotion": "Nothing", "turns_number": 5, "dialogues": [[1492210, 0, "Being a God is truly hard work .", []], [1493175, 0, "and God is doing a great job , no hunger , no poverty , and world peace achieved", ["😌"]], [664110, 2, "there is no such being", []], [1497934, 1, "OK then pleas , god , tell me the secret of life Amen", ["🙏"]], [1497934, 1, "Let me guess , no sense of humor in your life ?", []]], "speakers": {"User Banned": 0, " ": 1, "Ryuk": 2}}, {"id": 17144725, "category": {"id": 62, "name": "Mental Health"}, "emotion": "Overwhelmed", "turns_number": 3, "dialogues": [[1355810, 0, "i failed those who I have dated I fail at everything I attempt I fail at life 9/6/21 is the date of my death for now I say my goodby and plan for it i am terrible and the worst person ever I am not cut I am not amazing i am nothing but a useless failure who can not maintain a relationship to save there life so do not try to save my life", []], [1223747, 2, "hey . no . you know I m here for you", []], [1413404, 1, "I m here for you again , no matter what", ["💟"]]], "speakers": {"I'm a human": 0, "𝔤𝔬𝔱𝔥☹𝔯𝔬𝔰𝔢": 1, "𝔐𝔦𝔯𝔞𝔦🖤": 2}}, {"id": 17144723, "category": {"id": 7, "name": "Relationships"}, "emotion": "Heartbroken", "turns_number": 3, "dialogues": [[246045, 0, "It is been 5 days sense he left me and it is so fucking hard I did not expect this I want the pain to go away", ["😭"]], [1496625, 2, "I am so sorry to hear that . I can totally relate . it is been year since he left me and the broken pieces in me have turned to dust . the pain does not end . it probably changes form", []], [1489119, 1, "Its been 5 days since I had my last cigarette , I did not expect it to be this hard either . everyone welcomehere I go I ca not stop thinking about my dear winston . I have no Idea when the craving will go away . I feel your pain , but we have got to stay strong ! Love and figs not even once", ["👤"]]], "speakers": {"im broken 2001": 0, "Rosa": 1, "Edvinas Tralivali": 2}}, {"id": 17144718, "category": {"id": 50, "name": "Music"}, "emotion": "Stressed", "turns_number": 6, "dialogues": [[1022183, 0, "Losing all of your playlist is like losing a part of yourself .", []], [1192754, 5, "I never considered this possible . The pain would be unbearable . I think I just developed new nightmare .", []], [966095, 4, "that is why there is back", []], [809733, 3, "Where did it happen and how ? That would be a nightmare for me , mine are on Notify .", []], [509902, 2, "Me with no back -", []], [961133, 1, "i know , i lost mine a few years ago , i was about to be in tears laugh out loud", []]], "speakers": {"AbdooRehman": 0, "Talloran": 1, "Abu": 2, "EthereaLunaMoth": 3, "Tamta": 4, "Eena": 5}}, {"id": 17144709, "category": {"id": 74, "name": "Depression"}, "emotion": "Meh", "turns_number": 4, "dialogues": [[1469153, 0, "I do not want to die but I just do not see the point in me being ali have", []], [1472153, 3, "Well some day you will , and you ll have to be ali have and prepared for it . So do not waste you time and work on your mental health and stuff", []], [1489119, 2, "Have you tried drugs ? Sex ? Adrenalin ? shopping ? I do not recommend any of it , but sure beats killinyourself", []], [1498336, 1, "you will find your path.just keep searching.and never think about suicide , because suicide is a permanent solution for temporary problems .", []]], "speakers": {"StarryNight": 0, "ElAceitunitoMalo": 1, "Edvinas Tralivali": 2, "gita": 3}}, {"id": 17144704, "category": {"id": 20, "name": "Others"}, "emotion": "Down", "turns_number": 4, "dialogues": [[627080, 0, "I feel so down , kindly drop a kind word below", []], [617004, 3, "death note does not qualify you as a weapon", []], [857731, 2, "you can do it ! keep that chin up !", []], [1135196, 1, "You are worthy and i believe in you", ["🥺"]]], "speakers": {"Salam": 0, "Uncle Lewdwig BendOver": 1, "qFortino": 2, "🍥Mel🍥": 3}}, {"id": 17144677, "category": {"id": 10, "name": "Friends"}, "emotion": "Meh", "turns_number": 3, "dialogues": [[1251600, 0, "I want to meet new people and at the same time I do not know if I want to meet new people", []], [980731, 2, "I want to meet new people but I do not want to be available at the same time I want them to be available for me am just tired of my brain", []], [1472153, 1, "so reliable.just try to stop thinking about it . if you meet someone worth your time , go for it . But if you do not - be happy that you have all the time for yourself :)", []]], "speakers": {"⸄ρ⸅⸄я⸅⸄ɪ⸅⸄и⸅⸄c⸅⸄є⸅⸄s⸅⸄s⸅ ⸄c⸅⸄σ⸅⸄я⸅⸄ɒ⸅⸄ɪ⸅⸄ℓ⸅⸄ɪ⸅⸄α⸅": 0, "Tired Tried": 1, "ElAceitunitoMalo": 2}}, {"id": 17144676, "category": {"id": 63, "name": "My Story"}, "emotion": "Afraid", "turns_number": 3, "dialogues": [[0, 0, "I hate when guns sexuality my body . I always make sure to wear baggy clothes and never do anything that will draw attention to me . I hate it so much . I try to wear clothes that my mon got me which are sometimes not baggy and all I see is guns , even ones close in the family ; staring at me a lot and making me uncomfortable . I will never be comfortable in my body . I almost got sexually assaulted by a guy from my school . I hate myself .", []], [1343986, 2, "do not feel that . you are beautiful and anybody thinks that you are sexually available just for being a beautiful girl is just an animal .", []], [937607, 1, "Well if you are hot then you have got to accept it and move on . let them know if it gets uncomfortable when they stare pots not it out", []]], "speakers": {"Anonymous": 0, "Kareem Abdulhamied": 1, "Dexter": 2}}, {"id": 17144665, "category": {"id": 11, "name": "Hopes"}, "emotion": "Meh", "turns_number": 5, "dialogues": [[1404217, 0, "I do not know why but i want a face tattoo", []], [1404217, 0, "some cool soundcloud rapier type of shit", ["😎"]], [1014732, 3, "I want a 24 m diamond n my forehead", []], [669236, 2, "I would not do it man", []], [738601, 1, "I watched a video the other day where this guy had his eyes tattooed along with most of his body and he put on make to see what he look like without tattoo cut it is been awhile but .he still kind of look creep cut his eyes were still black . but his girlfriend thought that he look way other with the tattoo . So if a tattoo on your face works for you I say go for it . Someone will love it , even if its not your mother .", []]], "speakers": {"HowAreYou? ²": 0, "Sabrina♈ 💛": 1, "Y̶e̶a̶h̶I̶m̶F̶i̶n̶e̶": 2, "Candle In The Wind": 3}}, {"id": 17144661, "category": {"id": 74, "name": "Depression"}, "emotion": "Depressed", "turns_number": 4, "dialogues": [[1398671, 0, "yes I can relate with you all", []], [1497034, 3, "You said what I have been feeling recently . It is and endless cycle and I m tired of it .", []], [481157, 2, "When my depression is bad , it is like a black cloud that hangs over me and wo not go away Let your therapist and psychiatric know what is going on so they can help you manage these major up and down . If you are on beds take them everyday no matter how good or bad that you feel . Be proud of yourself for fighting a very diffuse you later battle and not giving up You have my love and support Praying for you", ["❣", "😞", "🤗", "❤", "🙏"]], [1076092, 1, "Yeah . i am drowning currently .", []]], "speakers": {"Timothy Matthews": 0, "Lyn": 1, "andreab1518": 2, "Amelia": 3}}, {"id": 17144658, "category": {"id": 20, "name": "Others"}, "emotion": "Anxious", "turns_number": 5, "dialogues": [[464134, 0, "No one can relate to my problems they just sound stupid to everyone else I just suffer alone", []], [1081262, 4, "find people that could relate ,", []], [939963, 3, "you are problems agent looking stupid to anyone and who i have you this impression is just a dickhead", []], [1009381, 2, "sometimes it can be that way", []], [353197, 1, "I m sure some will understand how you feel and can related to it", []]], "speakers": {"Salma🦁🌹": 0, "SMOKE.": 1, "Em": 2, ".": 3, "Itachi sensei 🇪🇬": 4}}, {"id": 17144650, "category": {"id": 62, "name": "Mental Health"}, "emotion": "Nostalgic", "turns_number": 5, "dialogues": [[1009381, 1, "sometimes that is what you might need to focus and get your mind straight .", []], [333998, 5, "Quitting social media for a bit might be a healthy break .", []], [1382286, 4, "These feelings are more reasons to stay ali have , you will be fine .", []], [588227, 3, "Social media is sometimes toxic , I think lessen yourself in using social media can help you out to stop the feeling of being overwhelming .", []], [1321590, 2, "I quit Facebook it gave me mad anxiety seeing friends adding me to chats , family posting pick I never submental health of mine crying , so I deactivated it and ida if group chat pp got mad", []]], "speakers": {".": 0, "deathwish.": 1, "Williams Jefferson": 2, "Mellifluous": 3, "☣Pronoun=DNA/MOLECULE☢": 4}}, {"id": 17144640, "category": {"id": 62, "name": "Mental Health"}, "emotion": "Sad", "turns_number": 4, "dialogues": [[1460194, 0, "i should not be calling myself worthless , because it is not true . right ?", []], [857731, 3, "yep ! that is right , nobody is worthless , we all have our little spot and god has a plan for all of us , keep that head up for me will a ?", []], [1467410, 2, "you are worth everything ! I do not know who hurt you but please do not bring yourself down because of some random dumb people because only you matter to in your life so i have yourself the worth that you deserve and reward yourself for existing because you are worth it", []], [1472153, 1, "if you are a part of somebody is life , you are not worthless already , you have a certain role there . What is important is not being worthless to yourself , having progress in what you do and becoming a better person .", []]], "speakers": {"lexxi": 0, "qFortino": 1, "♌": 2, "ElAceitunitoMalo": 3}}, {"id": 17144639, "category": {"id": 20, "name": "Others"}, "emotion": "Meh", "turns_number": 7, "dialogues": [[579770, 0, "i have a path test tomorrow , wish me luck laughing my arms off", []], [617004, 6, "well prepared people do not need luck", []], [789471, 5, "All the best his , you will do great ", ["🙏", "☺"]], [1405693, 4, "I keep on failing path", ["😂"]], [1161958, 3, "www i hate maths you need all the luck in the world . wish you the best", []], [1349838, 2, "good luck and do not worry , it is just a bunch of numbers , formula and equations", ["👍"]], [1349481, 1, "here to help for next time maybe", []]], "speakers": {"🌻": 0, "Uncle Lewdwig BendOver": 1, "2410🧿": 2, "Demonwolfash1🖤": 3, "juliet aldo": 4, "ñ": 5, "mathbuddy": 6}}, {"id": 17144623, "category": {"id": 61, "name": "Positive"}, "emotion": "Supportive", "turns_number": 3, "dialogues": [[1470503, 0, "GOOD MOOD anywhere you at ?", []], [1161958, 2, "at the secret club y where", ["😌"]], [1361762, 1, "Good morning to you , good night to me", ["😴"]]], "speakers": {"User Banned": 0, "juliet aldo": 1, "Yel": 2}}, {"id": 17144592, "category": {"id": 74, "name": "Depression"}, "emotion": null, "turns_number": 4, "dialogues": [[1363026, 0, "i am waiting for him to lose interest in me and walk away , i am too much to handle . i wish it was easy .", []], [1278480, 3, "The right person will handle you with ease . Just wait .", []], [1499032, 2, "You will never be  too much to handle  with the right person", ["💓"]], [1489119, 1, "Do not worry jeff , the little ferry midges is right . There is always someone who can handle you . One way or another", ["😈"]]], "speakers": {"Reina": 0, "híѕ príncєѕѕ 🎀": 1, "Charity Kalani": 2, "Edvinas Tralivali": 3}}, {"id": 17144583, "category": {"id": 72, "name": "Anxiety"}, "emotion": null, "turns_number": 3, "dialogues": [[1498167, 1, "i feel the same way love .", ["❤"]], [857731, 3, "try meditation , also create some kind of intra , whenever you feel like this do something like 5 deep breath , something you can easily do when those feelings come back", []], [1497034, 2, "I feel the same way right now .", []]], "speakers": {"Squidbubbles": 0, "qFortino": 1, "Lyn": 2}}]