[{"id": 15419506, "category": {"id": 20, "name": "Others"}, "emotion": "Lonely", "turns_number": 4, "dialogues": [[1389044, 0, "i do not know what i have to do.i need someone to talk to .", []], [508050, 1, "hey sure . what do you want to talk about", []], [1389044, 0, "i am so lonely.i do not have a lot of friend .", []], [688048, 2, "I m here , talk to me . Hugs .", ["🤗", "🙃"]]], "speakers": {"Uchiha itachi": 0, "hello! it's a potato": 1, "Dornelle 💖🌹🌺❤": 2}}, {"id": 15419505, "category": {"id": 10, "name": "Friends"}, "emotion": "Sad", "turns_number": 13, "dialogues": [[717841, 0, "Ever felt sad for no reason ? .", ["😔", "💔"]], [1357241, 1, "yeah . many time", []], [1387876, 2, "Me . I get depressed for no reason . When people ask me what is wrong , I tell them I do not know and they either tell me i am over reacting or to get over it . I just stop telling people and just deal with it myself .", []], [1389312, 3, "All of the time . Sometimes it hits in waves and goes away just as fast as it came on . It is moods swing . It is even worse with panic depression . I fell your pain .", []], [738601, 4, "Can not be happy all the time .", []], [1283734, 5, "happens a lot", []], [938594, 6, "yes . a lot of time happen this", []], [1262426, 7, "It is usually called depression", []], [717841, 0, "I guess it is just nighttime sadness", ["💔"]], [1187517, 8, "mood swing are trigger by hormonal balances which are trigger by stress , nutrition , genetic . Or it is just a layer of your unconscious that you have not dealt with .", []], [1266568, 9, "it is called living . You are welcome !", []], [1113572, 10, "just now laugh out loud", []], [1205623, 11, "I m rarely sad for a reason", []]], "speakers": {"°CyberAnon•~•": 0, "Anos voldigoad": 1, "★✩  🎀  𝒟𝓇𝑒𝒶  🎀  ✩★": 2, "Dylan Beam": 3, "Kay💐": 4, "🖤baby dino🖤": 5, "foonsuk gyani": 6, "Blue Eyes White Devil": 7, "ℰ𝓁𝒾𝓇𝒶": 8, "Chrollo Lucilfer": 9, "violet who ¿": 10, "Anushka🥤": 11}}, {"id": 15419416, "category": {"id": 62, "name": "Mental Health"}, "emotion": "Inspired", "turns_number": 4, "dialogues": [[1389041, 0, "Isolated , lonely , tired of the whole world and the way it is heading . I feel like an alien .", []], [1080917, 1, "The world has been intense lately , everyone I talk to is fed up as well . You are definitely not alone , there are many of us  aliens  . Hold on to hope , there is a place for all of us out there , it just takes time to find .", []], [1389041, 0, "That is what I have always done , told myself it will pass . It does not I can not really put it into words . The best way I can describe it is I m tired . Very tired", []], [738601, 2, "I think we are all lost in our own little world .", []]], "speakers": {"Lost In thoughts": 0, "Mal": 1, "Kay💐": 2}}, {"id": 15418251, "category": {"id": 10, "name": "Friends"}, "emotion": "Anxious", "turns_number": 17, "dialogues": [[416092, 0, "Before leaving this pp I want tell something you all . Girls here are creepy too , they judged me , rolled me , laughed on me , made fun of me , asked me for inappropriate stuffs when I wanted to talk with someone . I m not saying all girls are like that or all boys are same . Boys rolled me too but want to tell you all girls are not always right . Every time I complain something about girls no one support me .", []], [738601, 1, "Those people were creepy . I do not care the gender . Those particular individuals represent themselves .", []], [746230, 2, "I m sorry it happened to you", ["💔"]], [1383391, 3, "I agree I seen some horrible girls on here in my short time on talklife . but I seen some lovely girls too", []], [1369805, 4, "Do not let idiot or attention seeking females ruin your experience on here . Message me if you need anything", ["😊"]], [1360533, 5, "Hey man , Got to a gym , Read books , Start a Business . You will find a good women . by the way do not believe true love shit in this gen . True love is only given by Mother , Father and Siblings and Friends .", []], [1374324, 6, "I have seen your posts before . you always lonely", []], [1365919, 7, "Just stop setting people and you will be fine", ["🙄"]], [875785, 8, "i believe you , i came across those women too", []], [1335220, 9, "Ignore those birches like they ignore our messages .", []], [416092, 0, "I m having headache I m going to sleep . i promise I will reply later then delete my account .", []], [1236147, 10, "I m sorry the girls treated you inappropriately . I m too tucked up to judge anyone .", []], [1035213, 11, "sorry from the girl is side .", []], [274267, 12, "I m sorry those people felt the need to bother you laughing my arms off people are disgusting sometimes .", []], [1174462, 13, "damn i wish i got that type of attention", ["😐"]], [126481, 14, "That is true my friend", []], [649905, 15, "I agree with this post .", []]], "speakers": {"Jamie": 0, "Kay💐": 1, "Elena": 2, "❄🚮": 3, "JennaKarrick": 4, "ʙᴀʟᴅᴇʀ": 5, "🦍Harambe": 6, "Alina": 7, "scorpio": 8, "Raj Shekhar Azad": 9, "'lil j": 10, "‎": 11, "actually not a bitch": 12, "nightlights": 13, "RepGod Daily": 14, "心が壊れる": 15}}, {"id": 15417407, "category": {"id": 7, "name": "Relationships"}, "emotion": null, "turns_number": 7, "dialogues": [[0, 0, "I m going to start dating Indian guys . Black guys I try to date but they do not have their lives together and always some issue with them", []], [1388915, 1, "Indian guys are trust worthy laugh out loud", []], [0, 0, "Issues with self identity , lack of father figure , drug or alcohol abuse ,", []], [1169471, 2, "ah , that is your views though", []], [791726, 3, "All the best", ["🤗"]], [650019, 4, "let me know how it goes . black girls are great , but they quit", []], [1039702, 5, "What is kind of issues ?", []]], "speakers": {"Anonymous": 0, "Newbie": 1, "Dev": 2, "TAURUS": 3, "Angel Yui 💞": 4, "Pushyamitra Shunga": 5}}, {"id": 15416576, "category": {"id": 10, "name": "Friends"}, "emotion": "Caring", "turns_number": 5, "dialogues": [[1273892, 0, "everytime when I study :", []], [1389407, 1, "that is why get nothing done", []], [1010070, 2, "she is adorable", ["🥺"]], [1273892, 0, "but cute though", ["😭", "❤"]], [1273892, 0, "can this kitty just get off of my can book ? !", []]], "speakers": {"♡Celine♡": 0, "Liza": 1, "Spud The Makow™🦜Platinum Ver🌠": 2}}, {"id": 15416136, "category": {"id": 7, "name": "Relationships"}, "emotion": "Supportive", "turns_number": 4, "dialogues": [[0, 0, "just leave me if you can not commit . Do not put me in dilemma . I do not like to be tucked . I am a free spirit", []], [1058067, 1, "I m sorry", []], [0, 0, "I prefer things to be either sided . Nothing middle .", []], [1298139, 2, "it is going to be ok", []]], "speakers": {"Anonymous": 0, "Maya_In†oxicated": 1, "Klassy👀😈": 2}}, {"id": 15415898, "category": {"id": 20, "name": "Others"}, "emotion": "Sad", "turns_number": 7, "dialogues": [[0, 0, "I kept missing my to ex  is this normal ? I m a woman", ["😞"]], [0, 0, "is it normal to love to people in one time ?", []], [518871, 1, "have you moved on yet ?", []], [0, 0, "been a year already", []], [0, 0, "should I open my self to dating ?", []], [720519, 2, "It is absolutely normal", []], [1145638, 3, "i do not think so", []]], "speakers": {"Anonymous": 0, "Sherlocked": 1, "Hope 👍🏻": 2, "quiet girl": 3}}, {"id": 15415735, "category": {"id": 71, "name": "Grief"}, "emotion": "Heartbroken", "turns_number": 9, "dialogues": [[1388834, 0, "I am struggling to accept that my little brother just passed away .", []], [1393126, 1, "here if you need someone to talk to", []], [1388857, 2, "Truly sorry for your loss . May God strengthen you and your family", ["❤"]], [1359748, 3, "Rest in peace baby brother", ["🥀", "🖤"]], [328841, 4, "I lost my ll brow when he was 19 too months back so sorry for your lost may his soul rest in peace", []], [901276, 5, "I am sorry for your loss", ["😔"]], [1009381, 6, "I m so sorry he passed , but at least he is in a better place now and free of this tucked up world we live in , cherish those memories you did share with him . My condolence go out to you and your family .", []], [869130, 7, "may he rest in peace", []], [1388834, 0, "He was only 19", ["😔"]]], "speakers": {"KelseyDodd": 0, "Kevin Keenan": 1, "Loriane": 2, "Jelena G": 3, "🌻Hals303🌻": 4, "ᥴꪗρꫝꫀ𝕣": 5, ".": 6, "caterpillar eyebrow": 7}}, {"id": 14962146, "category": {"id": 10, "name": "Friends"}, "emotion": "Confused", "turns_number": 8, "dialogues": [[0, 0, "can guys be just friends with girls ?", []], [0, 0, "I do not know guys I always get feelings or inappropriate feelings for the girl", []], [1347437, 1, "yes of course", []], [1355815, 2, "yes of course", []], [711837, 3, "yes kind off !", []], [974868, 4, "Do not see why not", []], [0, 0, "so why do I get feelings then ? even when I do not want them ?", ["😫"]], [650019, 5, "I have several", ["🙃"]]], "speakers": {"Anonymous": 0, "shadow_step": 1, "Jeanne Leblanc": 2, "ooooo": 3, "Sparkie Bunnie": 4, "Angel Yui 💞": 5}}, {"id": 14962034, "category": {"id": 7, "name": "Relationships"}, "emotion": "Tired", "turns_number": 4, "dialogues": [[1357591, 0, "Really need a friend", []], [1357595, 1, "i m here", []], [1350575, 2, "you can count on me", []], [1357591, 0, "Hello , thank y all for supporting", ["🥺"]]], "speakers": {"XyruzMikeBarabat": 0, "Shane Enriquez": 1, "Andrea Caballero": 2}}, {"id": 14961846, "category": {"id": 74, "name": "Depression"}, "emotion": "Angry", "turns_number": 5, "dialogues": [[1357566, 0, "I am so angry . I do not know how to control it I do not know what to do .", []], [1345509, 1, "anger is choice .question yourself when you are angry .why you are reacting think frame by frame on slowly .you will identify the root cause then your problem will be solved", []], [1357549, 2, "Just realize that my nickname since young was the bulk I have broken everything in my life and when your saddest is when your saddest truly . think about what your going to loose even more from your anger and let it go . you only loose with anger .", []], [1357566, 0, "I do not know how to control my anger anymore", []], [1348890, 3, "I am here if you want to vent", []]], "speakers": {"I’m so lost": 0, "praveen kumar": 1, "Newbie": 2, "Catching z’s✨": 3}}, {"id": 14961764, "category": {"id": 7, "name": "Relationships"}, "emotion": "Exhausted", "turns_number": 4, "dialogues": [[1357558, 0, "When you sacrifice everything for someone and that someone do not trust you", []], [1345509, 1, "nothing happens you learn a lesson . its others problem .", []], [1357558, 0, "It is hard . Pretty hard", []], [951740, 2, "kick someone out of life .", []]], "speakers": {"Suzy": 0, "praveen kumar": 1, "Walter white": 2}}, {"id": 16473107, "category": {"id": 58, "name": "LGBT"}, "emotion": "Relaxed", "turns_number": 11, "dialogues": [[1257806, 0, "Can y all write a sentence about me using he or him profound and the name Adam ? Something like your friend Adam is really nice , he has brown hair and he does not like ice cream  or something random like that . Just want to test this name ", []], [719488, 1, "Adam talked shit about me the other day . can not believe this guy . He has some nerves", []], [1236522, 2, "Adam is a really cool dude , he is really the life of the party , I also heard he is cute", []], [1257806, 0, "You will are so cute : , ) thank you so much <3", []], [1051343, 3, "I like Adam but Adam like my girl friend is boyfriend but her boyfriend likes me and my that girl friend like Adam is friend but that Adam friend likes her mom . Oh Adam !", []], [1330030, 4, "Wow do you know that Adam dyed His hair ? He looks great", []], [896449, 5, "Your you know my friend Adam ? Yeah so apparently he graduated with honours and is now working a high paying job . Yeah he is mad rich , and generous too . Yeah , co he deadness bought a building and made it into a homeless shelter , and he be buying food for them too . Adam is a Saint . Trust me , the guy is an angel in disguise .", []], [1377661, 6, "my guy Adam is a i will brow , you will love him . such a blast to be around .", []], [1076483, 7, "My friend Adam let Eve eat the apple . such chivalry !", []], [553209, 8, "I met this really cool guy ! his name was Adam , he was really kind", []], [1450514, 9, "My friend Adam looks like Beck from Victorious .", []]], "speakers": {"Adrien": 0, "Mercury": 1, "Skye": 2, ".": 3, "🌈👽Aliennn👽🌈": 4, "Sofi": 5, "Jackson": 6, "Taurean": 7, "lil bih": 8, "Ferox": 9}}, {"id": 15413608, "category": {"id": 15, "name": "Family"}, "emotion": "Anxious", "turns_number": 6, "dialogues": [[1388678, 0, "anyone able to chat on the phone", []], [1387876, 1, "You still need someone , i am also up", []], [620850, 2, "Yea sure i am here", []], [1388683, 3, "if you need someone to talk to feel free to message me", []], [1388678, 0, "ok sorry for your time", []], [1388678, 0, "can I give you my number", []]], "speakers": {"Amber Mathiasen": 0, "★✩  🎀  𝒟𝓇𝑒𝒶  🎀  ✩★": 1, "Ghosted": 2, "Brandon Thomas": 3}}, {"id": 15413236, "category": {"id": 7, "name": "Relationships"}, "emotion": "Nostalgic", "turns_number": 4, "dialogues": [[1388642, 0, "I just want to be loved for who I am .", []], [1388616, 1, "you will find someone who will truly love you for who you are as a person but for now stay strong and lift your head up you got this", []], [1388642, 0, "I have but Seems I m not attractive to others", []], [1383932, 2, "ok.well show it to your one person you are attractive too.maybe you will be a match made in HEAVEN .", ["✌"]]], "speakers": {"Noone Important": 0, "Red1one": 1, "IDGAF": 2}}, {"id": 15412608, "category": {"id": 20, "name": "Others"}, "emotion": "Lonely", "turns_number": 5, "dialogues": [[1335256, 0, "Hate being so ugly oh well I m done with women anyone welcomed they all cheat they all the same", []], [1383927, 1, "all . ? . Excusme you may should check your mom or your sisters too .", ["👀"]], [1335256, 0, "What good ones there is none well not to me oh well all I need is pot", ["😔"]], [422921, 2, "oh god here we go again that YOU have been cheated on does not mean every girl nor boy is a theater or a pucker you just had the bad luck hitting one do not put the good ones under the same umbrella as the quakers one word of advice chin up straighten your shoulders take a deep breath and filter the quakers from the good ones", []], [506000, 3, "You had them all ?", []]], "speakers": {"👻Cousini20🇦🇺": 0, "lulu": 1, "FLOOFY HORSE🇳🇱🌈": 2, "ⁿᵒ ᵃⁿᵍᵉˡ": 3}}, {"id": 15412473, "category": {"id": 7, "name": "Relationships"}, "emotion": "Anxious", "turns_number": 5, "dialogues": [[1388568, 0, "Why are relationships so hard ?", []], [1377943, 1, "these are fr hemp pleasure", []], [1388568, 0, "it is hard when you are trying so hard to make it work", []], [1331637, 2, "because caring for other people is tough sometimes especially is it is tough enough to care for yourself", []], [1370891, 3, "Because both parties have to work and communicate for it to work", []]], "speakers": {"Patricia Carcamo": 0, "XÀVÎÕUR SAIF": 1, "April Leyvas": 2, "Enela": 3}}, {"id": 15410113, "category": {"id": 63, "name": "My Story"}, "emotion": "Nothing", "turns_number": 5, "dialogues": [[1345644, 0, "I wish I was never born . Why God has let this happen ?", []], [442142, 1, "i am not going to say you were born for a reason because maybe the only reason was your parents wanted to fuck but that does not mean that you can not create a purpose for yourself . you can still live the life you want and have joy and overcome your mean thoughts . i am here to talk ", ["🙂"]], [1345644, 0, "Yeah I was born for the REASON To be tortured by parents . And maybe lose my mind and become a psychopath . I do not believe any positive reasons .", []], [1383144, 2, "you were born for a reason my dear do not even question God why because HE CREATED EACH ONE OF US WITH A GREAT PURPOSE IN LIFE . it only depends on you to discover it", ["❤", "😊"]], [1319972, 3, "do not say the", []]], "speakers": {"⭐⭐Aida⭐⭐": 0, "sprinkle": 1, "🙈": 2, "bringiton": 3}}, {"id": 15410031, "category": {"id": 68, "name": "I Need Help"}, "emotion": "Sad", "turns_number": 4, "dialogues": [[0, 0, "Confession time : I ALWAYS want attention . I have a crazy hunger of attention and love and I can not stop it . If I do not get the attention I want , I feel like i am the dullest person on earth . Even when I talk a stranger in social media , I want to be cared and loved . Am I crazy ? Or is it too funny ?", []], [1346896, 1, "it is not the worst thing , you need to focus on yourself", []], [476136, 2, "sounds like maybe in the past you did not get attention in moments when you really needed it ? ", ["😞"]], [0, 0, "I always want to be a star in everyone welcomehere . I know it is wrong but I literally can not stop myself . If I can not then i am mad", []]], "speakers": {"Anonymous": 0, "Andrew": 1, "✌FIND ME✌": 2}}, {"id": 15409507, "category": {"id": 68, "name": "I Need Help"}, "emotion": "Inadequate", "turns_number": 6, "dialogues": [[1387749, 0, "I have to move out of my house . i am getting divorced . I have three option . i am so overwhelmed with fear , depression and anxiety . I have to make a decision but i am really struggling to make it . I wish I knew what to do . When I was sad I would talk to my wife . I can not do that now . In have to make a decision this week what to do or I lose out on a place to stay .", []], [1387749, 0, "I have made a decision . it is the right decision for me and my sons for now . I feel hopeful and more at peace .", []], [1020913, 1, "pray plus be optimism . you have to be strong and during the crisis one realise how strong they are . you will get through it , either being depressed or being brave . both are hard . choice is yours . This too shall pass", []], [1387749, 0, "Whew , today is a hard day .", []], [1386664, 2, "sometimes we can not handle the situations even we think that we are strong enough to handle . Actually humans are not that much strong and capable . And it is ok . it is ok to ask for help . If you do not , the things might get worse . My parents also get divorced years ago and I always wished them if they asked for help . They tried to handle EVERYTHING by themselves , which made everything worse , worse for everyone . And secondly , keep on praying . Leave yourself to God .", []], [1187321, 3, "You need help of your friends or family . Call them over and you can take a backseat for a while . Let them help you .", []]], "speakers": {"Michael": 0, "Ayesha❣": 1, "İrem": 2, "Rose": 3}}, {"id": 15409154, "category": {"id": 20, "name": "Others"}, "emotion": "Afraid", "turns_number": 4, "dialogues": [[1080917, 0, "Evacuating for the third year in a row . California fires are out of control . Wishing anyone impacted luck and safety . Get out before it is too late .", []], [1391055, 1, "I am in San Diego , I sure hope you and yours are safe . I wish people would listen when the scientists talk about the effects of Global Warming .", ["🖤", "👻"]], [1342814, 2, "Stay safe .", ["😊"]], [1080917, 0, "Thank for the support , I got out . Only one hour of sleep last night . I am so high on sleep deprivation .", []]], "speakers": {"Mal": 0, "blissxful": 1, "💛Athina💛": 2}}, {"id": 15409127, "category": {"id": 11, "name": "Hopes"}, "emotion": "Lonely", "turns_number": 4, "dialogues": [[476136, 0, "* becomes emotional attached to the stranger who talked to me about the bus route for to minutes because they were friendly *", []], [1348403, 1, "i always talk to strangers on the bus  and park and library , except walls", ["🙂"]], [918578, 2, "it would suck to never get emotional attached to anything as well . but having had that loneliness lust hit me too , I feel the pain", []], [476136, 0, "ok thanks for the reviews guys", []]], "speakers": {"✌FIND ME✌": 0, "User Banned": 1, "failure": 2}}, {"id": 15409014, "category": {"id": 11, "name": "Hopes"}, "emotion": "Numb", "turns_number": 4, "dialogues": [[1388246, 0, "hi i am 17 and new on here , i have been diagnosed with depression and bordering personality disorder , living in a small town where no one understands me has been a major struggle , hoping to find people that i can relate to", []], [1258032, 1, "do you want to talk ?", []], [1388275, 0, "do not give up you would get well soon", ["🙂"]], [103321, 2, "I m here to talk if you want to speak about anything !", []]], "speakers": {"Newbie": 0, "°.           ®": 1, "~": 2}}, {"id": 15408554, "category": {"id": 20, "name": "Others"}, "emotion": "Meh", "turns_number": 4, "dialogues": [[1167900, 0, "I tried to support my own post because it was that good but it would not let me  ", ["😂", "🤦", "♀"]], [1128425, 1, "I overcoat my inst with both it is alright.want to add me on Instagram ?", []], [1167900, 0, "I need lots of  right now", ["❤", "😭"]], [1358522, 2, "exactly like they need to promote more self love on this pp", ["🙄"]]], "speakers": {"Diana": 0, "Sarcastic Pinapple": 1, "👑King of da TL ✔": 2}}, {"id": 15408440, "category": {"id": 75, "name": "Life Hacks"}, "emotion": "Inspired", "turns_number": 4, "dialogues": [[1157833, 0, "Humanity makes you weak . it makes you vulnerable .", []], [954433, 1, "it is good to be vulnerable then a Narcissist", []], [1157833, 0, "no empathy is a part of humanity", []], [1251730, 2, "I think you mean empathy . empathy makes you weak and vulnerable . Humanity is just weak and vulnerable from the get go", []]], "speakers": {"Gondains": 0, "Dr Depression": 1, "Muggins": 2}}, {"id": 15408324, "category": {"id": 63, "name": "My Story"}, "emotion": "Worried", "turns_number": 4, "dialogues": [[1388213, 0, "i would know why ? but it really sucks when you are giving your 100 % in someone and other do not even priortize you . First they make you bestfriends and then when you really starts giving in friendship they starts treating you like ordinary!huh", []], [954433, 1, "experience this shit you will realise your importance . eventually after giving 200 percent", ["😍"]], [1388213, 0, "i always wanted someone to be as good as i am with them . but .", []], [1339016, 2, "Exactly ! Sometimes , I wonder : . .Will there ever be any pure - hearted people out there ? ", ["🤔"]]], "speakers": {"Karthik❣": 0, "Dr Depression": 1, "HannahAlly": 2}}, {"id": 15850119, "category": {"id": 20, "name": "Others"}, "emotion": "Chilled", "turns_number": 11, "dialogues": [[1396771, 0, "My biggest fear : Public speaking .", []], [627380, 1, "Same here , that and height .", []], [1388063, 2, "my biggest fear : sea", []], [1395205, 3, "Practice makes a woman perfect too", ["😁", "😂"]], [722176, 4, "same . I get really shake and sweat and then it is like I forgot how to say words and when I m do not talking I start crying , but out of the blue , like and anxiety attack or something", []], [1072140, 0, "I love to speak in a public", []], [875614, 5, "same here haha", []], [1346892, 6, "i feel that .", []], [1349838, 7, "it is not a big deal  specially being good looking", ["🙂", "🙂"]], [1015890, 8, "I get a little shake too but I love the adrenalin rush that comes with it .", []], [668144, 9, "same it is like phobia", []]], "speakers": {"User Banned": 0, "TheLisztomaniac": 1, ".": 2, "NeedToLearnStuffs": 3, "Noted": 4, "J": 5, "Passionate_Addicted Poet Author/Poet": 6, "ñ": 7, "Stolen thunder": 8, "MadmaX": 9}}, {"id": 15407188, "category": {"id": 61, "name": "Positive"}, "emotion": "Caring", "turns_number": 30, "dialogues": [[1210288, 0, "Limited Time : Free Post Boosts . . So , I am still retired from TalkLife , but I accidentally let my TalkLife Hero Sub renew . . I have already gifted the Free Hero Sub I got , but I have a bunch of Boosts now which it would be a shame to see wasted . Please point out a post to me you think needs boasting or tag me in one to boost . Obviously this is a limited time offer until I run out , and I wo not boost any old post .", ["🚀", "🤦", "♀", "😂", "🤗", "💛"]], [1036189, 1, "Now i know why they all miss you . . I am starting to feeling missing you right now as well . want to have a little conversation with you", ["🌸", "🥺"]], [1378915, 2, "We miss you Luna . Please come back soon", ["❤"]], [868367, 3, "I miss reading daily jokes", []], [1037021, 4, "We miss you but I hope you are doing amazing , ", []], [1276667, 5, "We miss you Laura . Please drop by ", ["❤"]], [1434152, 6, "I joined talklife now but I would have loved to annoy you", []], [1185102, 7, "I know your retired yes Miss Luna I want to tell you I am taking a long break from Talklife . Do take care", []], [1260837, 8, "I will always remember you as the mother of all jokes  but anyone welcomes you r really sweet and kind", ["❤", "💕", "😘", "😁"]], [526343, 9, "do one thing boost your old posts . miss them", ["☺"]], [616630, 10, "I do not need a boost but I hope your break is going well , Luna ! I understand your situation and very much relate - take care of yourself always ^", []], [1194921, 11, "I love the Dark Luna of discord more", []], [969877, 12, "Thanks again for the boost , it is very much appreciated ! ", ["😊", "❤"]], [602457, 13, "I Logged in after long time . I remember your posts . You were frequent One uplifting people here . Sorry to see you leave . Thank you . Stay happy", ["😊"]], [1020393, 14, "I missed you my friend", []], [1210288, 0, "Just to let you guys know , I only have 1 spare boost left . Once I use it , I will be going again . . Take care of yourself . Big hugs . . Hoping to pop back at some point in the next few months to see how you are all doing . Take care of yourselves .", ["😊", "🤗", "💛"]], [628982, 15, "you leaving permanently ? ", ["😞"]], [1362935, 16, "I miss your jokes i hope you are doing really well . wish all the best . tons of Love miss lung", ["😢"]], [1283734, 17, "welcome back miss lung good to see you", []], [1216120, 18, "my friend one boost will be enough to me", []], [1070932, 19, "It is good To See You Back", []], [662288, 20, "How nice of you", ["😊"]], [349954, 21, "Oh my god hey how are you doing ? And how is your break going ? Are you feeling better now ?", ["🥺", "💕"]], [1329852, 22, "miss you ! Can you believe some jerk had the nerve to tell me that this is no place for jokes ?", []], [1270301, 23, "How are you doing ?", ["☺"]], [641629, 24, "are you back or did someone boost this post", ["🐈"]], [1043554, 25, "hey ! how you have been ?", []], [1338565, 26, "do you know how much I missed you", ["🥺", "😒"]], [717841, 27, "Love you loads miss . take care of yourself", ["❤"]], [789471, 28, "Glad to see you back ", ["☺"]]], "speakers": {"Luna tells Jokes": 0, "Little Panda": 1, "Alan💜❤": 2, "": 3, "💙🖤 Jasmine 🖤💙": 4, "🅳eadpool🦄": 5, "ted Bundy the cookie.": 6, "it's me": 7, "❤🌹Evil Angel🌹❤": 8, "it's_Pikachu⚡": 9, "Spiral": 10, "Satan": 11, "little things": 12, "Appellaxian": 13, "Cautiously Optimistic 🇵🇸🇵🇸🇵🇸": 14, "Tyrion Lannister": 15, "Newbie": 16, "🖤baby dino🖤": 17, "🛸KYL🄴🛸": 18, "乂ąʂ℘ɛཞąɬɛ ' 🎭": 19, "Niklas🖤": 20, "ᴮᴵᴿᴰ": 21, "DangerMaus": 22, "Dipankar": 23, "User Banned": 24, "Hamburger": 25, "𝓥𝓲𝓵𝓮𝓷......": 26, "°CyberAnon•~•": 27, "2410🧿": 28}}, {"id": 15406178, "category": {"id": 63, "name": "My Story"}, "emotion": "Numb", "turns_number": 5, "dialogues": [[446869, 0, "you are my oxygen .", []], [1361707, 1, "wo not take too long before dioxide turns into dioxide .", []], [446869, 0, "David it needs to stay around a little longer , is that possible ?", []], [874147, 2, "you are my rubidium", []], [1383932, 3, "shit it is on na run out soon", ["🤣"]]], "speakers": {"why": 0, "AED": 1, "Bagh Daddy": 2, "IDGAF": 3}}, {"id": 15406089, "category": {"id": 15, "name": "Family"}, "emotion": "Afraid", "turns_number": 7, "dialogues": [[1387749, 0, "I have been married for 20 years . My wife is far more business minded than I am . I kind of took on the traditional wife role . Although I worked full time as well . Sometimes I was out of work , ( like now ) and she would get very resentful . We fought a lot . I suffer from depression , she has bad mood swing . Finally we just can not make it work . After 20 years , i am going to have to start living on my own . Honestly ,", []], [1387749, 0, "I know i am posting a lot . Mornings are hard for me . it is just nice to know someone is out there .", []], [1387749, 0, "I just need to break the cycle of depression and anxiety . Embrace my life . Prove to myself I can live on my own . I have to get out of bed and be a dad now .", []], [1387749, 0, "I have to get out of bed . i am judging myself too much . I just want to sleep .", []], [1007059, 1, "you are a good man", []], [1387749, 0, "I just made this post because i am worried about  making it  on my own . I need to get my self confidence . I became Co - dependent .", []], [1020913, 2, "yes , you did your part . try to work it out , since 20yes too long a time and sure you guys would have tons of emotion and loads of love , maybe now it is clouded . just wipe the glasses of the mist and try again Maybe counsellor would help or talking heart to heart . wish you all the best", ["✌"]]], "speakers": {"Michael": 0, "Jules": 1, "Ayesha❣": 2}}, {"id": 15406080, "category": {"id": 20, "name": "Others"}, "emotion": "Calm", "turns_number": 7, "dialogues": [[1386226, 0, "So . Zipper bodies or pull over bodies ?", []], [1388868, 1, "Pullover . Zippers sucks . Takes time .", []], [847799, 2, "Pull - over bodies for me", ["👍", "🏻"]], [1386226, 0, "I thought y all would say nipper co it is easier to have it and all?no ?", []], [1381661, 3, "pull over by far", []], [348836, 4, "pull over look better . lipped ones are more practical", []], [1253816, 5, "I like both . I am blooded", []]], "speakers": {"unvienna🔆": 0, "Duffer": 1, "Bianca": 2, "OfAnOddDegree": 3, "FeatherNL": 4, "Nes": 5}}, {"id": 14960901, "category": {"id": 66, "name": "Addiction"}, "emotion": "Heartbroken", "turns_number": 6, "dialogues": [[1357268, 0, "This Meth is taking the pain away ! feels good , especially after last night .", []], [1368324, 1, "I m not saying using is right but I also use to take the pain away .", []], [1326058, 2, "just know you are worth saving", []], [1357268, 0, "thank you for your kind words , they are easy to take for granted , but I really appreciate it .", []], [1326058, 2, "that shit does not kill the pain it just steals your soul and dignity.go to read while you still have a fighting chance.may God watch over you .", []], [1334208, 3, "dude , your killing herself.get clean", ["❤", "🖤"]]], "speakers": {"Alfredo": 0, "Jennifer": 1, "Sheila": 2, "POWER CAT": 3}}, {"id": 14960887, "category": {"id": 12, "name": "Self Harm"}, "emotion": "Exhausted", "turns_number": 8, "dialogues": [[1357512, 0, "My girlfriend threatens to commit suicide after I said I want to break up . This is not her first time . I do not know what I can do . I am really drained.from all these .", []], [1357502, 1, "My boyfriend did the same . He said he can not live without me but I really had to break up with him . So I did and he first was really sad but one month later he got a new girlfriend . Maybe she takes it more seriously but first of all you are not responsible for her divisions . I was really scared too . But talk to her and say what you have to say . I will pray for you !", []], [1357268, 2, "Damn . I have been in this situation before as well . what I did , because I really loved her , was just be there for her , make sure she is alright . If you do not know what to do just express your feelings to her , tell her that you are drained and unhappy .", []], [1338615, 3, "believe me no girl would ever do that ! and it is more like blackmailing .just give her some good advice that your family do not want you to do this over guy and then just block her yes ! you need to do that once .", []], [879698, 4, "break up with her all of a sudden in front of her parents", []], [1357512, 0, "Thanks people . I think I will do like what you guys said , keep a distance", []], [680513, 5, "Break up with her and distance yourself . She is just trying to scare you so you had never leave which means she is seriously tucked in her head and needs help . The possibility of her actually committing suicide is super low . Just give heads up to her parents or your mutual friends about her behaviour to be sure she is safe though . But you are not responsible about her otherwise .", []], [938719, 6, "that is what you call mental abuse , and a toxic relationship 9 times out of 10 they are not going to do it , but you need to walk away from that", []]], "speakers": {"NyeeWingHoong": 0, "Noemi": 1, "Alfredo": 2, "capricorn🥺": 3, "♡~suga~♡": 4, "Zloba": 5, "Mariah Davis": 6}}, {"id": 15405556, "category": {"id": 74, "name": "Depression"}, "emotion": "Heartbroken", "turns_number": 4, "dialogues": [[1388046, 0, "feeling hurt Broken . Anyone There ?", ["💔"]], [1387977, 1, "I am here my friend . i am open to listen and understand you if you want to share something .", []], [1355338, 2, "Life sucks sometimes I m right there with you", []], [1388046, 0, "Can you Inbox me Please ?", []]], "speakers": {"Holistic King": 0, "Leigh": 1, "Randall": 2}}, {"id": 15404414, "category": {"id": 63, "name": "My Story"}, "emotion": null, "turns_number": 7, "dialogues": [[857284, 0, "I can not believe I got through school not knowing I have a learning disability . And i passed just fine", []], [857284, 0, "Yeah , some teachers used to give me so much shit for it though , it sucks", []], [568638, 1, "I did not pass school but college I did pretty well . it is stressful having learning difficulties well done x", []], [571575, 2, "I was recently diagnosed with ADHD and I made it through school never fully failed but i am sure I could have done way better if I had access to the help I have now laugh out loud", []], [857284, 0, "I got diagnosed with AdHD and cutis . I sort of knew I was different and had little interest learning , and spent extra hours studying material that other studied in less than an hour . My parents did not care about these things and I guess neither did I .", []], [616487, 3, "How did you figure it out ?", []], [1199762, 4, "you are more capable than you know", []]], "speakers": {"Nihilistic Crybaby": 0, "Chey": 1, "Mickey": 2, "MohammedB": 3, "peach tongue peach": 4}}, {"id": 16472271, "category": {"id": 72, "name": "Anxiety"}, "emotion": "Caring", "turns_number": 8, "dialogues": [[1454128, 0, "Ask me for advice.if you really stuck in some bad situation .", []], [1453100, 1, "Can you read my last post please . I need some advice on that . the one that says UPDATE at the start of it . Thanks so much", []], [1453832, 2, "can I direct mail you", []], [1443330, 3, "how do you deal with a toxic , narcissist , talking ex husband and baby father", []], [1082862, 4, "How should I bring up the fact i am trans to my parents ? I do not think I would be in danger if I told them , but they have made transphobic comments before", []], [1454128, 0, "Is Anybody Is Scare to Talk About Anything Please you may Drop me personal messages . You are most welcome.thank you . HND .", []], [1454572, 5, "I was called ugly by my boyfriend i love him but he always give me reasons to be insecure", ["😭", "💔"]], [1228833, 6, "how do i stop missing a toxic person .I know I should but can not .", []]], "speakers": {"Fly_With_Andyy...💘🎈": 0, "mıles": 1, "Akshith": 2, "OceanBlue": 3, "Cam": 4, "ms.Pizza 🍕": 5, "..": 6}}, {"id": 16472174, "category": {"id": 47, "name": "Health"}, "emotion": "Sick", "turns_number": 5, "dialogues": [[1155606, 0, "High off a fever", ["✨"]], [1035358, 1, "take care . hope you are feeling better today . you will be fine ! ", ["❤", "✨"]], [1155606, 0, "It is not corona guys", []], [310954, 2, "what symptoms you showing ?", []], [1266918, 3, "get well soon", []]], "speakers": {"𝐃𝐚𝐡𝐥𝐢𝐚 𝐍𝐨𝐢𝐫": 0, "Phoque": 1, "Bring Your - A - Game 🇮🇳": 2, "being real": 3}}, {"id": 15403076, "category": {"id": 68, "name": "I Need Help"}, "emotion": "Loved", "turns_number": 4, "dialogues": [[0, 0, "can you motivate me .", []], [799025, 1, "httpsyoutu.be or btPJPFnesV4", ["😕"]], [1283734, 2, "motivate for what ?", ["🤔"]], [1175083, 0, "this too shall pass , it may pass like a kidney stone but it shall pass .", []]], "speakers": {"Anonymous": 0, "just_me ✌": 1, "🖤baby dino🖤": 2}}, {"id": 15402550, "category": {"id": 62, "name": "Mental Health"}, "emotion": "Anxious", "turns_number": 6, "dialogues": [[0, 0, "I asked my housemaid if I could buy a cigarette and he said I will just give you one . I gave him 25 cents anyone welcomes , I was going to give 50 cents but I was worried I would drop the times and nickel ( i am clumsy ) Then he was like  figs are 50 cents by the way  and I tried explaining to him why I did not give him 50 cents and he cut me off and said  keep your money  . he seemed irritated with me .", []], [0, 0, "This made me feel even worse laugh out loud", []], [492262, 1, "It is just 50 cents .", []], [555201, 2, "Giving him the fifty cents could have been very easily done even accounting for your anxiety about your clumsiness , honestly , if you had just thought about it for more than a minute .", []], [1199762, 3, "do not overthink it but if you plan on paying him in the future just give him 50 cents laugh out loud", []], [0, 0, "Did I bother him ? I did not mean to force anything", []]], "speakers": {"Anonymous": 0, "‎": 1, "GodSaveTheQueen": 2, "peach tongue peach": 3}}, {"id": 15402532, "category": {"id": 20, "name": "Others"}, "emotion": "Tired", "turns_number": 9, "dialogues": [[717841, 0, "Confession time . I m sad . ( Do not ask me questions )", []], [717841, 0, "I hope everyone will always be happy^^", []], [717841, 0, "I think I will die inside soon enough ", []], [717841, 0, "I think I will be ok with no one to talk to ", ["🙂"]], [717841, 0, "I thought I could ignore it and it will go away . I was wrong .", []], [938594, 1, ". this will help you", ["🍫", "🥞", "🍔", "🍝", "🥘", "🍕", "🌮", "🍰", "🥧", "🍦", "🍨", "🍧", "🥮", "🍿", "🥤", "🤗"]], [1194458, 2, "hugs just hugs and no question", ["🤗", "😘"]], [770734, 3, "we are here . text us . wo not ask questions .", []], [1338565, 4, "support time . I am here", ["👉", "😉"]]], "speakers": {"°CyberAnon•~•": 0, "foonsuk gyani": 1, "_Gray_": 2, "Maxiii": 3, "𝓥𝓲𝓵𝓮𝓷......": 4}}, {"id": 15402274, "category": {"id": 20, "name": "Others"}, "emotion": "Positive", "turns_number": 4, "dialogues": [[962805, 0, "it is getting harder to sleep on time", []], [977869, 1, "Same here , and i have an exam tomorrow", []], [962805, 0, "i am too addicted", []], [1199762, 2, "get off your phone", []]], "speakers": {"Adrie": 0, "Not a Newbie": 1, "peach tongue peach": 2}}, {"id": 15402040, "category": {"id": 74, "name": "Depression"}, "emotion": "Supported", "turns_number": 6, "dialogues": [[1387819, 0, "I do not feel happy anymore . I have lost all hopes after watching a university student drown in front of me", []], [1229240, 1, "Welcome to Talk Life . Nice to meet you SOMETIMES . . YOU NEED BAD THINGS TO HAPPEN TO INSPIRE YOU TO CHANGE AND GROW_ ", ["🌸", "🌠", "😌", "♥", "✨"]], [1387819, 0, "in it is just his screams are hunting me", []], [1378410, 2, "It is not your fault , you did not know this was going to happen to you . If you do , do not feel guilty for what happened . It was not your fault that it ended up this way .", []], [1387819, 0, "yea I was in the news for a bit you can find the article at .still water drowning front maine", []], [963658, 3, "damn that is a lot to take in", []]], "speakers": {"tac flack": 0, "Alizey🦋": 1, "Heather Spurlock": 2, "🌀Divine Spirit🌀": 3}}, {"id": 15402027, "category": {"id": 68, "name": "I Need Help"}, "emotion": "Overwhelmed", "turns_number": 6, "dialogues": [[1387818, 0, "I have struggled with depression and anxiety for years now and I have handled it pretty well . i am not sure what is happened recently , but i am all of a sudden drowning again after two whole years off of meditation and out of therapy . Anyone else get random punched to the gut ?", []], [1229240, 1, "Welcome to Talk Life . Nice to meet you . You can not calm the storm, so stop trying. What you can do is calm yourself . . The storm will pass _", ["🌸", "🌠", "🌪", "🚫", "😌", "🌈", "✨"]], [1387818, 0, "Yeah , I did not really like taking meditation either . I thought most of my issues could be resolved getting out of an abusive relationship ( which it did ) . I was single for two years and absolutely thriving , started dating the most amazing and understanding person I could have found and now all of a sudden my mental health is just in the gutter . I graduated school , I have a job , an amazing partner . it just does not make sense .", []], [596972, 2, "same thing , sometimes ill be ok for two weeks or more , than things get really difficult to deal with it", []], [742409, 3, "for me personally I do not like the meditation because for years I have been having nothing but meditation being pushed down my throat and I feel like it is better to talk to somebody then to take meditation that I do not know if it is going to trigger my allergic reactions , but I feel you on the depression and that is what I was feeling today and I had a mental breakdown so you are not alone", ["😊"]], [1387822, 4, "i know how you feel but except for the meditation and therapy part i never had it but recently my depression and anxiety has hit me like a bus lately", []]], "speakers": {"Tswiz15": 0, "Alizey🦋": 1, "Rudy Chavez": 2, "shhhhhh": 3, "Newbie": 4}}, {"id": 15401967, "category": {"id": 7, "name": "Relationships"}, "emotion": "Disgust", "turns_number": 11, "dialogues": [[0, 0, "I finally sent him what he wanted . I feel so damn guilty now . I wish I did not but if I do not I will lose him", ["😔"]], [1180600, 1, "if he is being forceful for those then who know whatelse he is got up his sleeve he should always respect your values and wishes no matter if they align or differ . that is not fair on you at all plus if he truly cared then he never would have done this , i hope things turn out better and more positive for you . if you need someone to talk to feel free to send me a message I will be more then happy to help and listen .", []], [1240855, 2, "Leave or you will definitely lose yourself in the process .", []], [1240855, 2, "Please leave while you still can .", []], [1240855, 2, "That guy is a selfish ashore . Manipulative . knowing your background , if he really cares about you , he would not even ask for those . pus do not settle for that guy , you deserve BETTER", []], [1240855, 2, "Is up there is right , do not ever do it again just for the sake of making him stay . He would feel lust towards you thinking that it is love . You better back off from that guy now , for you to be able to save yourself in the future", []], [1384598, 3, "do not ever talk to that s*t . it will only brought you worse", []], [0, 0, "can somebody please say me what to do . rather than I should not have cause I already did it was a snap", []], [1105184, 4, "yea you do not want to do that because after you realize that guy is a worthless dick , you will have trust issues with people who are actually good for you .", []], [1384598, 3, "what is it ?", []], [719841, 5, "hopefully it is not rude pick", []]], "speakers": {"Anonymous": 0, "nobody important": 1, "Nameless Kid": 2, "''MACES\"": 3, "Nope": 4, "Nope&nope": 5}}, {"id": 15401708, "category": {"id": 7, "name": "Relationships"}, "emotion": "Meh", "turns_number": 5, "dialogues": [[749374, 0, "a woman can lie about being on the p!ll get pregnant and then he has to be a father if not prepare for child support for a child you did not fucking ask for", []], [753818, 1, "Anytime you have protected sex you risk having a child . plenty of women get pregnant while on all sorts of birth control . So unless you are sterile always operate in the thinking that if you have protected sex be prepared for the smallest chance of pregnancy . That being said . If a woman actually does that , that sucks", ["😐"]], [1387617, 2, "Or you can demand a paternity test", []], [1346896, 3, "amen ! which is why i pull out no matter what now . cause this shit happened to me long ago !", []], [749374, 0, "same thing applies to women who RAPE MEN they can legally force there own victims to pay child support", []]], "speakers": {"Jack": 0, "🦋💙🦋Christine 🦋💙🦋": 1, "bananajoe": 2, "Andrew": 3}}, {"id": 15401691, "category": {"id": 63, "name": "My Story"}, "emotion": "Supportive", "turns_number": 6, "dialogues": [[1235511, 0, "Fastest car you know drop any kind of", ["🙏"]], [1030252, 1, "Mclaren F1 . Nearly 400up", []], [1235511, 0, "Mine is ferri", []], [1303451, 2, "see there is one vehicle which is really the fattest but you can not run it on streets , it is speed touches 1600 km or he ( higher than sound speed ) it is bloodhound thrust sac", []], [1263219, 3, "maybe . lean hypersport . correct me if I m wrong", []], [663341, 4, "Buggati , 200 km or h or more , approaching the speed of a plane", []]], "speakers": {"anne💙": 0, "Always a Newbie初心": 1, "Sparky 🐻": 2, "charlie": 3, "Razor M": 4}}, {"id": 15400507, "category": {"id": 10, "name": "Friends"}, "emotion": "Caring", "turns_number": 5, "dialogues": [[913687, 0, "SERIOUSLY . I HAVE SERIOUSLY DECIDED TO QUIT SUGAR FOR EVER . SUGAR . BREAD . CAFFEINE . PAST . WHATEVER GROW FUNGUS . I AM NOT HAVING THESE ANYMORE . Only meat and salad . Enough is enough . I am serious . I am done with all these sugary snacks that only cause fungus and inflammation in my body . It is over . We are breaking up . I am dumping you damn sugar ! In front of everyone ! . PS . : It is serious .", []], [1356325, 1, "Oh do not worry , I will take good care of sugar while you are away", ["😂"]], [913687, 0, "You girls should know that cetoconazol PILLS are much better than fluconazol . Just saying . I got my vagina all cleaned for the first time in my life . I mean , after the first episode of candidiasis which happened when I had 20 or 21your.", []], [1223226, 2, "sugar : see you tomorrow .", []], [172759, 3, "I hope you are working with a nutritionist or at least doing some really deep research . best of luck", []]], "speakers": {"Cherishing My Mind": 0, "Kollomar": 1, "B": 2, "Em ✨": 3}}, {"id": 15400221, "category": {"id": 7, "name": "Relationships"}, "emotion": "Anxious", "turns_number": 12, "dialogues": [[1387665, 0, "Can someone help me ? i am struggling so much . it is been almost 10 months and i am still so destroyed from what my ex boyfriend did to me .", []], [1387680, 1, "hey you probably wo not see this but I m here . I have been in the same boat . hit me up if you want to talk .", []], [1369470, 2, "I would suggest reading about narcisistic personality disorders . From your comment , that is my wild guess of what he was . but set out a day to day routine . He can not hurt you if he is not in your life . Focus on a few goals , i would suggest a houseplant , a cat , or a dog : having a pet or something to care for can rebuild you . Second , you need a girlfriend . Someone who nurtured you , who needs you emotional , someone who needs you , too .", []], [1387627, 3, "I will help you to get out of this situation , what happened to you ?", []], [1355677, 4, "Your direct mail has opened , I have sent a message .", []], [666249, 5, "hey girl what is going tell me ! ? I will listen to you", []], [1355677, 4, "Hey I m here to talk about it , hit me up in the direct mail , i would be glad to help .", []], [310954, 6, "May I ask what happened before the breakup . what is holding you back", []], [1383559, 1, "It will be ok there is better people out there", []], [1387665, 0, "It wo not let me message anyone because i am new to the pp", ["😞"]], [1343511, 7, "I just want a respectful conversation with you", []], [1373928, 8, "yes am here to help", []]], "speakers": {"Olivia": 0, "Newbie": 1, "Morgan Parker": 2, "Salsa Maria": 3, "User Banned": 4, "ldyyy": 5, "Bring Your - A - Game 🇮🇳": 6, "Ashton": 7, "User Suspended": 8}}, {"id": 15399602, "category": {"id": 7, "name": "Relationships"}, "emotion": "Heartbroken", "turns_number": 6, "dialogues": [[1385492, 0, "If I could make a wish I would wish someone to love me and actually love me . People these days say I love you then ask for a favor then disappear then use excuse why they did that . Maybe I will never find that", []], [1009381, 1, "you will one day , and those type of people are not worthy of your time", []], [1386634, 2, "I am sorry you had to go through that . Fortunately not everyone is like that and there will be better experiences available to you .", ["🙂"]], [1385492, 0, "Just feel used", []], [1387578, 0, "You will find love . do not let this bring you down , come out stronger .", []], [683739, 3, "me too.i am begging for it and he keeps hurting me and pushing me away .", []]], "speakers": {"Newbie": 0, ".": 1, "Space Comrade": 2, "Black Moon": 3}}, {"id": 15103158, "category": {"id": 51, "name": "Helpful Tips"}, "emotion": "Inspired", "turns_number": 4, "dialogues": [[1056546, 0, "if you want to be happy see the world through the eyes of innocent kid .", []], [1367778, 1, "this is so true .", []], [1254403, 2, "where do I get such eyes", []], [1056546, 0, "surroundings.just connect with them", []]], "speakers": {"no were": 0, "Palmaris Longus": 1, "brighteyesvividreams": 2}}, {"id": 15817029, "category": {"id": 62, "name": "Mental Health"}, "emotion": "Astonished", "turns_number": 5, "dialogues": [[1412472, 0, "HELLO BEAUTIFUL PEOPLE , MY FIRST TIME BEING ON A SITE OR APP LIKE THIS I Hopewell IT HELPS ME GET THREW EVERYTHING I AM GOING THREW RIGHT NOW ! CAUSE I AM FADING Slowly Slowly AWAY", []], [1363947, 1, "hi there i am here if you want to talk to someone ! . and why are you yelling laugh out loud", []], [1412472, 0, "Laugh out loud No i am not guys sorry if you took it that way", ["😣"]], [886643, 2, "tell me you not yelling in", ["🥺"]], [1392819, 3, "why are you yelling", ["😕"]]], "speakers": {"Jordin Lara": 0, "Natsu": 1, "Riri": 2, "Ben Dover": 3}}, {"id": 14960038, "category": {"id": 12, "name": "Self Harm"}, "emotion": "Frustrated", "turns_number": 7, "dialogues": [[1356987, 0, "is it bad I m already drinking a beer ?", ["😔"]], [1327601, 1, "No . i am doing it but not beer , coffee liquor .", []], [1356987, 0, "doing my best to cope in finally got the guns to leave my abusive controlling baby dad and even though it was not much i am feeling it bad financially no family or friends and this is all that is around in", []], [1357465, 2, "no a beer is ok but please keep it moderate . do not drink to much , ok ?", []], [1229689, 3, "if it is morning then yea . I have done it though , just do not take it far", []], [1356987, 0, "very good in taste , but I m drinking to numb thoughts and feeling", []], [1063379, 4, "you going to tell us now it is bad or good in taste", ["😁"]]], "speakers": {"Ash First": 0, "Pandapanda": 1, "Scylla": 2, "SentohP": 3, "The Story Teller 📑📓": 4}}, {"id": 14960037, "category": {"id": 10, "name": "Friends"}, "emotion": "Sad", "turns_number": 4, "dialogues": [[1357453, 0, " of someone be my friend please . Fuck this shit i is not ever finding any", ["😞"]], [781005, 1, "I would love if I can get someone to talk about just anything", []], [1357465, 2, "You can always talk or count on me when you need help , ok ? Even though I am new here and you do not know me . ^-^", []], [1357453, 0, "Does anyone else want to pop em serves ?", []]], "speakers": {"Ender Soul": 0, "Nikhar": 1, "Scylla": 2}}, {"id": 14959988, "category": {"id": 20, "name": "Others"}, "emotion": "Chilled", "turns_number": 5, "dialogues": [[1155606, 0, "Christopher Nolan is operated", []], [913448, 1, "His batman movies and inception are great . I have never seen interstellar or his other stuff though . But in comments it looks like you have never seen the dark knight . Knowing you some , that kind of surprise me . Ledgers joke is the best portray in my opinion , and the of many others to laugh out loud . Either his or the joke in the show Gotham . Those are by far my two favorite jokes", []], [1155606, 0, "It is funny since I never said Nolan is a terrible director ; just that he is operated and why are y all thinking I m trying to insult him . I do like the scale and magnitude of his stories but with it loopholes and contradictions also exist . can not we take some constructive criticism around here ?", ["🙃"]], [1349481, 2, "says who never understood his work", []], [310954, 3, "hush . do not say the truth . people hate that !", []]], "speakers": {"𝐃𝐚𝐡𝐥𝐢𝐚 𝐍𝐨𝐢𝐫": 0, "*Humanity*is*Demonic*": 1, "mathbuddy": 2, "Bring Your - A - Game 🇮🇳": 3}}, {"id": 15399274, "category": {"id": 7, "name": "Relationships"}, "emotion": "Heartbroken", "turns_number": 6, "dialogues": [[894778, 0, "i guess it does not hurt you like it hurts me . so used to you always on call , telling you how i feel weather it was  i am hungry  or just random things . when i went to do something , saying i love you even telling you erb i have to see . i am so use to telling you everything.being alone like this.it hurts .", []], [1333781, 1, "I was in a long distance relationship for like 1year and it ended abruptly . Then it caused me the pain that took me another to years to overcome . Time will heal you my friend , till then if you wish to talk , am here ", ["🙂"]], [1096223, 2, "what a lucky guy.seriously.s", []], [926301, 3, "I feel you . long distance relationships suck , it is so hard to really get to know your partner", []], [894778, 0, "for some of that do not know this is a online long distance relationship so it is different than a person being 15 - 30 minutes away", []], [1377954, 4, "that is pretty weird", []]], "speakers": {"kie": 0, "OrpheusPooh": 1, "ViceKnightTA": 2, "I want to fucking sleep": 3, "Jur👑🇳🇱": 4}}, {"id": 15398165, "category": {"id": 7, "name": "Relationships"}, "emotion": "Depressed", "turns_number": 4, "dialogues": [[1387478, 0, "I fell in love with the wrong guy", []], [1387575, 1, "just want you to know you are so beautiful and worth so much ! never give up  i know you can through anything", ["❤"]], [1387521, 2, "i did the same thing", []], [1387478, 0, "not easy for me to do", []]], "speakers": {"Bose Lawal": 0, "🖤": 1, "Madison": 2}}, {"id": 15398003, "category": {"id": 7, "name": "Relationships"}, "emotion": "Loved", "turns_number": 4, "dialogues": [[0, 0, "he loves me so much and I love him too . but we are not sure if we are going to stay forever . is it ok to still love if we are not sure about the future ?", []], [771883, 1, "nothing is forever enjoy while it lasts and do not overthink", []], [0, 0, "ok thanks Daisy and Ayesh", ["😇", "😊"]], [1266297, 2, "yeah . give a chance for both of you", []]], "speakers": {"Anonymous": 0, "Jessie's Girl": 1, "luna🌚🌙🌻": 2}}, {"id": 15396273, "category": {"id": 7, "name": "Relationships"}, "emotion": "Supported", "turns_number": 4, "dialogues": [[0, 0, "how powerful for money that can buy a woman . will you date a rich boy even he is boring people as fuck ?", ["💰", "💲"]], [874147, 1, "Women are not products that you buy", []], [0, 0, "now , we all should not ask why lot of men are trash and poor today", ["🤣"]], [1384325, 2, "Money is not worth shit , it is paper .", []]], "speakers": {"Anonymous": 0, "Bagh Daddy": 1, "The Girl With A Smile": 2}}, {"id": 15395650, "category": {"id": 72, "name": "Anxiety"}, "emotion": "Tired", "turns_number": 4, "dialogues": [[1092534, 0, "I know I got people who care but sometimes I feel like no one cares", []], [444515, 1, "believe in your friends believe in yourself ", ["💚", "✌", "🙏"]], [1092534, 0, "Very true friend", []], [126481, 2, "It can be a very hard feeling my friend", []]], "speakers": {"Lee 🌼🍁🍂🌼🍁🍂🌼🍁🍂": 0, "star": 1, "RepGod Daily": 2}}, {"id": 15395592, "category": {"id": 10, "name": "Friends"}, "emotion": null, "turns_number": 5, "dialogues": [[0, 0, "Having friends with benefits shows you do not have any boundaries or self respect . The fact you endure such a deep and passionate action to your friend with lacking romantic consistent emotions for them and not wanting to commit shows you do not value what they are doing for you . You are acting like the person is a pleasure toy only , just there for you", []], [1334208, 1, "if both are consenting and engaging , then both understand that it is just pleasure.so it is not really disrespectful at all", []], [0, 0, "Do what you want , but do not complain afterwards", []], [614700, 2, "Can not people just do what they want ? .", []], [0, 0, "The bull she belongs in your a$ , it is not here", []]], "speakers": {"Anonymous": 0, "POWER CAT": 1, "ludwig <3": 2}}, {"id": 15395497, "category": {"id": 68, "name": "I Need Help"}, "emotion": "Depressed", "turns_number": 5, "dialogues": [[1385753, 0, "I want to take my life .", []], [1160051, 1, "Nobody commented on my suicidal post .", []], [1385753, 0, "Thank you I can not deal with life anymore I really can not do this", []], [1089398, 2, "do not do it . you are important for this world , you have to be here ! do things that what makes you feel alive", ["💜"]], [1385860, 3, "I m here if you want to talk", []]], "speakers": {"Amy": 0, "Magdalena": 1, "☀ꜱᴜɴᴋɪᴛᴛᴇɴ☀": 2, "Noir": 3}}, {"id": 16471423, "category": {"id": 10, "name": "Friends"}, "emotion": "Caring", "turns_number": 5, "dialogues": [[1108555, 0, "anyone over 30 want to be friends ? I m 35 , female , married , no kids but hope to soon", []], [1454545, 1, "I have no friends and find it hard to talk to people .", []], [1454545, 1, "sure . new here", []], [1108555, 0, "just looking for people to chat with . I feel lonely a lot and is nice to have people available .", []], [1370906, 2, "yes sure . I am 31 . Would love to have friend here", []]], "speakers": {"MC173": 0, "Newbie": 1, "Rainbow Sparkle": 2}}, {"id": 16471385, "category": {"id": 58, "name": "LGBT"}, "emotion": "Loved", "turns_number": 4, "dialogues": [[1450048, 0, "Ugh this girl is going to get me pregnant", ["🤣"]], [597642, 1, "ohh boy i witness something special by left each time", []], [1450048, 0, "The heteronormativity is laughable .", []], [1216623, 2, "me : reads this . brain : ok . brain to seconds later : wait what . my brain : oh the girl getting guy pregnant . me : with no it does not work like that . my brain :", ["🤡"]]], "speakers": {"tequillawaterfall": 0, "Yato": 1, "Panda": 2}}, {"id": 16471247, "category": {"id": 7, "name": "Relationships"}, "emotion": "Heartbroken", "turns_number": 5, "dialogues": [[1454524, 0, "How can I forget about her . she is not replying , and she had cancer . it happened once , she went under coma for two weeks", []], [1454524, 0, "I wish I could visit her , she refused to give me her mom is number , now not a single day passes with thinking about her", []], [1450136, 1, "It will ease your worries if you can visit her , but if you can not . try her family , or friends", []], [1454524, 0, "What to do , thinking about her all of the time", []], [1408159, 2, "oh . shit . that is sad", []]], "speakers": {"Newbie": 0, "Kimberly Dy": 1, "Ingydar": 2}}, {"id": 16471148, "category": {"id": 7, "name": "Relationships"}, "emotion": "Confused", "turns_number": 6, "dialogues": [[0, 0, "do guys like spoiling their girls ( partners ) ? how much ? to what extent ? . by spoiling I mean not with money but with naughty things . do they ?", ["🤔", "😜"]], [1445209, 1, "To everyone here who commented . I seriously did NOT expect anyone to comment on it . Thank you so much for your support . I really appreciate it . THANK YOU", ["❤"]], [1450136, 2, "Not all men are same . Some are selfish , some cares about you going first , some just do not know how to f.", []], [1445209, 1, "True , it depends on the person . You have to ask them and being honest to them . Like me ? I love getting spoiled but at the same time , I try to control him spoiling me cause I feel bad that I feel like I owe him .", []], [0, 0, "well I need your reply not hug and support .", ["🤭"]], [1334152, 3, "Depends on the person", []]], "speakers": {"Anonymous": 0, "HardyRockz": 1, "Kimberly Dy": 2, "🇳🇱 Margaery": 3}}, {"id": 16471069, "category": {"id": 68, "name": "I Need Help"}, "emotion": "Afraid", "turns_number": 5, "dialogues": [[1451413, 0, "How to handle a drunk and unreasonable father without him getting violent ? if you know how then drop a comment", []], [1451413, 0, "so how did you handle him ?", []], [1451413, 0, "That does not work .", []], [1404895, 1, "whatever your dad is saying , right ! ok , dad ! . be listener for him , try less to make them calm.give water . Dad you are tired now.go sleep . Next day ask him , What he was doing wrong .", []], [1417095, 2, "I grew up with a drunk and violent dad", []]], "speakers": {"Alyssa //\\\\//\\\\//\\\\//\\\\": 0, "Rohit💛": 1, "conorgt18": 2}}, {"id": 16470783, "category": {"id": 62, "name": "Mental Health"}, "emotion": "Supportive", "turns_number": 4, "dialogues": [[1454216, 0, "if i started a virtual mental health group , on ZOOM or Webex , who would be down ? we could meet a few times a week ? talk about anything ? give advice ? anybody ?", []], [1454407, 1, "I would be in it if I had the ability to do so . Sorry , my parents probably wo not let me", ["😔"]], [1373557, 2, "make on ZOOM", []], [1454216, 0, "sn : i hope to have this set up soon . if i can get at least 50 people", ["😊"]]], "speakers": {"Briela": 0, "Real_1llusi0n": 1, "Bunny": 2}}, {"id": 15394287, "category": {"id": 63, "name": "My Story"}, "emotion": "Hopeful", "turns_number": 4, "dialogues": [[1385717, 0, "I m a kind of person who get hurt by multiple times by same person but still believe there is a good side to them", []], [1178467, 1, "have some mercy on yourself .", []], [1385717, 0, "being kind is not enough sometimes", []], [1386372, 2, "You are simply kind", []]], "speakers": {"Unorthodox": 0, "\"Yaar\"💐": 1, "Bella": 2}}, {"id": 15394050, "category": {"id": 47, "name": "Health"}, "emotion": "Caring", "turns_number": 6, "dialogues": [[1376366, 0, "how has the coronavirus affected your life ? mentally , physically , emotional ?", []], [1387227, 1, "Never been afraid of it . What it hurts me is to see the dehumanization process our world has been set to . I want to see people hug kiss smile and show love without any worry again , even if I do not get to experience none of these things , they make this world happier . People are so afraid of death that they do not notice they are already dead in life .", []], [1080917, 2, "I have not left a 7 mile bubble in 6 months . Drug intake has gone up significantly . Mood goes from panic to numb on a tidy cycle . So yeah , it is been great", ["👍"]], [1286744, 3, "my travel plans went to the shutter until hopefully next year", []], [1376366, 0, "I have gone more into depression and hating life .", []], [683644, 4, "coronavirus itself ? it has not . Lockdown however has really destroyed a lot of things .", []]], "speakers": {"Crystal Slyter": 0, "fieery": 1, "Mal": 2, "LightLune": 3, "Rare collectible": 4}}, {"id": 15393416, "category": {"id": 20, "name": "Others"}, "emotion": "Supportive", "turns_number": 4, "dialogues": [[662288, 0, "nothing better than when you trying to shoot a supposedly thirty self and it actually turns out great . thanks camera , I give back the compliment , also directly took that as new profile pick hahaha", []], [860906, 1, "it is always like this , at least for me . whenever I try to take a good photo it turns out thirty . when I want to take a thirty self it turns out good", []], [1296483, 2, "you look cool , dude , but your surname made me lose 20 IQ points", []], [662288, 0, "posting my profile picture in Talklife random has to seem like I am a catfish though .", []]], "speakers": {"Niklas🖤": 0, "Existential Boredom": 1, "Mo™": 2}}, {"id": 15393388, "category": {"id": 10, "name": "Friends"}, "emotion": "Sad", "turns_number": 6, "dialogues": [[862425, 0, "anyone want to talk on snap ?", []], [733653, 1, "itzhasanhere my snap", []], [862425, 0, "add me , justsoliday", []], [986240, 2, "me me me", []], [1361510, 3, "mrs420 add me on snap", []], [872440, 4, "co it is natural selection", []]], "speakers": {"Sunshine": 0, "Hasan": 1, "goingwiththeflow": 2, "sumit sharma": 3, "🤟DÛDÈ🤟": 4}}, {"id": 15391968, "category": {"id": 15, "name": "Family"}, "emotion": "Exhausted", "turns_number": 5, "dialogues": [[1385331, 0, "When you feel like your not his girlfriend anymore as you feel like he is not interested in you as being distant with you and you think he wants to be else where  ", ["😭", "😥", "🤷", "♀"]], [606000, 1, "I will never be somewhere I m not wanted hell now", []], [1385331, 0, "He lives with me", []], [1382729, 2, "Absolutely not cool ! If you feel like this now I say get out of it or do not assume and talk to him .", []], [959738, 3, "that worse feeling . I do not understand how can someone be distant from his girlfriend for a week straight . no one is too busy for someone they love right .", []]], "speakers": {"Country gal 818": 0, "Hurrikane": 1, "MrzOnlyMe": 2, "HollyBee 🐝": 3}}, {"id": 15849000, "category": {"id": 11, "name": "Hopes"}, "emotion": "Angry", "turns_number": 4, "dialogues": [[1082772, 0, "Life just passes me off sometimes . Times like this I just wonder where am I going to go when I end my life . Will I be in the middle floating ? Still not resting in peace ? regretting my decision ? in pain ? missing my family ? God , give me patience because I do not have it at this moment .", []], [1414207, 1, "It is ok , I get angry sometimes too . Please do not do it , a lot of people care about you !", []], [1082772, 0, "I know . I have been preaching faith and patience to myself for the past several weeks and it helped me with the first test . I guess I did not learn from it enough so here I am , going through it AGAIN . I m just reacting and taking it hard again .", ["😔"]], [714399, 2, "do not be angry you do not know what Allah is holding for you in the future , everything is a test and I m sure you passed many already , anger will change nothing except hurting you , have faith and stay patient .", []]], "speakers": {"jac": 0, "izzyduggan": 1, "Caterpillar Kamikaze": 2}}, {"id": 14959238, "category": {"id": 20, "name": "Others"}, "emotion": "Nothing", "turns_number": 7, "dialogues": [[667773, 0, "glad to have met you ", ["🙂"]], [667773, 0, "good luck on your tests !", []], [667773, 0, "you have been really thoughtful and kind with me", []], [620789, 1, "up I found you . I hope this is you if not then that is awkward", ["😺"]], [665054, 2, "you will learn", []], [380837, 3, "you got this", ["💜"]], [1345335, 4, "It is ok", ["👌"]]], "speakers": {"spooK 🇵🇸": 0, "ugxikcd6jb": 1, "Iwon'tHURTchew": 2, "p.": 3, "✨Parth✨": 4}}, {"id": 14959124, "category": {"id": 7, "name": "Relationships"}, "emotion": "Heartbroken", "turns_number": 5, "dialogues": [[0, 0, "I can not leave him because I love him but he is lying to me , he is playing with me . What should I do ? I do not think I could take it ", ["😞"]], [1357453, 1, "Brother Txt me of you need someone to talk to all right", []], [977980, 0, "Find a therapist who you can talk through your situation . It will make you emotional stronger as well and give you a clearer headspace to make the best decision for yourself .", []], [1259948, 2, "He does not deserve a nice person like you . If he really loves you , he wo not lying and playing with you .", []], [1283647, 3, "take a break , think about it . make an informed decision", []]], "speakers": {"Anonymous": 0, "Ender Soul": 1, "Cristy🌹": 2, "whatsername 🐳": 3}}, {"id": 15848702, "category": {"id": 62, "name": "Mental Health"}, "emotion": "Calm", "turns_number": 6, "dialogues": [[1309096, 0, "Who here has old or intrusion thoughts ? we could make a group", []], [1366337, 1, "I have old", []], [1309096, 0, "Do y all want to join a group ?", []], [1414061, 2, "Well let is just say i am not well put together", []], [1287320, 3, "yeah , I have intrusion thoughts", []], [1413514, 4, "i have so many intrusion thoughts", []]], "speakers": {"Waluigi": 0, "Oyma": 1, "Pozole Step-bro": 2, "Devin (they/them)": 3, "👻~paranormal activity~👻": 4}}, {"id": 15391570, "category": {"id": 5, "name": "Bullying"}, "emotion": "Confused", "turns_number": 7, "dialogues": [[1251291, 0, "why some western country very rude to asia country or people ? the fact ! only language and cultures is the difference , but the effort and love we gave us for western people are not being accepted as we asia people . WHY ?", ["🥺"]], [1292593, 1, "I do not know i do not know anyone that is rude to signs except ulm supporters", []], [1251291, 0, "specially for us as a organ . because organ as known now on western country . it is slap on their face.that we are high rather than them . the fact ! were just these human .", []], [975732, 2, "It is beau most of the Asians are descendants of Chinese and it was beau of China the entire world has stopped working . though u might be of different nationalities you pp look a lot like Chinese and this is making the westerners to hate you ", ["✌"]], [1207558, 3, "high maintenance with low thoughts", []], [978489, 4, "i am not surprised . some of them are racism . esp when your English is broken , they Will look down on you , while all they know is English", []], [712256, 5, "Bc they think  highly  of themselves .", []]], "speakers": {"Black": 0, "Take the Red 💊": 1, "𝔩𝔢𝔪𝔬𝔯𝔦𝔫𝔤": 2, "anonymous": 3, "🧸breadcrumbs🧸": 4, "Bella": 5}}, {"id": 15389858, "category": {"id": 10, "name": "Friends"}, "emotion": "Relaxed", "turns_number": 4, "dialogues": [[1303451, 0, "Indian stand comedy is awesome . lafa , I ended up breathlessly laughing .", ["😂"]], [1382650, 1, "Yeah I checked . Loved the waking one !", ["🤭"]], [1303451, 0, "httpsyoutu.be or Tqsz6fjvhZM . and . httpsyoutu.be or z12by7adLKI", ["😕"]], [1357533, 2, "Which one did you watch though ?", []]], "speakers": {"Sparky 🐻": 0, "Left TL": 1, "n͓̽e͓̽x͓̽a͓̽": 2}}, {"id": 15389631, "category": {"id": 15, "name": "Family"}, "emotion": "Confused", "turns_number": 5, "dialogues": [[1386940, 0, "My family wants to make me doctor but why want to be dancer and singer . I am confused about my career .", []], [809990, 1, "If you have some profound passion for something , then go and pursue it . If you are not so sure about what to do then just go with the flow things will be figured out at right time .", []], [1299265, 2, "choose who you like", []], [1329408, 3, "you can pursue your studies . dancing and singing can be done simultaneously . being a doctor if you are not prepared and you do not like biology and stuff then it is altogether different thing . Studies are always helpful , if not doctor , take an aptitude test and see what subject interests you", []], [1386940, 0, "please suggest me", []]], "speakers": {"Susampana Mukhiya": 0, "User Banned": 1, "지현": 2, "ぎん う": 3}}, {"id": 15389102, "category": {"id": 7, "name": "Relationships"}, "emotion": "Confused", "turns_number": 4, "dialogues": [[0, 0, "What do girls really look for in a guy ?", []], [1386482, 1, "fuck boys girls like fuck boys.c i know this from my personal experience.i had a girl i was very honest with her to the core of my heart and respected and loved her more than anything else in this world . Even she had my all social media accounts password and I did everything for her but in the end what i get was middle finger and she disappeared .", []], [576422, 2, "just a man without arrogance who is trustworthy . if not then money", []], [0, 0, "What attracts them though ?", []]], "speakers": {"Anonymous": 0, "Burhan Ud Din": 1, "Jennifer": 2}}, {"id": 15389043, "category": {"id": 7, "name": "Relationships"}, "emotion": "Lonely", "turns_number": 4, "dialogues": [[1386918, 0, "Anyone else feel like they will never truly open up to people and will never find true love ?", []], [1386139, 1, "Hard to find true love even when you truly opens up . People uses your emotions to manipulate you . Love is subjected to material things rather than finding the right soul", []], [1386918, 0, "i relate to this heavy to be honest . I feel like there are times where I will feel strong emotions but a lot of times I will try to ignore them or numb them . i feel like meditating helps , but at the same time I feel like I will never be able to truly get into a lasting relationship and it is pretty hard to make good friendships these days", []], [1386764, 2, "yes , I m an extremely emotional person , but I also numb myself and feel nothing . I choose to believe as if my problems do not even exist . Which makes it extremely hard to open up and almost seem cold hearted . All due to past tramp ! I have bordering personality and I absolutely hate it . I feel like I will never be able to have a functional relationship and be loved as well as love back the way I would like to .", []]], "speakers": {"JeromeJohnson": 0, "A b": 1, "Jeni Dawn": 2}}, {"id": 15388447, "category": {"id": 20, "name": "Others"}, "emotion": "Annoyed", "turns_number": 5, "dialogues": [[30751, 0, "mutiny religious keyoure welcomeords bc self care", []], [891536, 1, "All the best !", ["💛"]], [1160051, 2, "Why ? Religions are awesome .", []], [30751, 0, "i just noticed this is my 6th post lafa , fitting .", []], [1138607, 3, "7 year now", []]], "speakers": {"𝖇𝖆𝖇𝖞 𝖉𝖗𝖆𝖈𝖚𝖑𝖆.": 0, "Deksam": 1, "Magdalena": 2, "baby p🖤": 3}}, {"id": 15388232, "category": {"id": 12, "name": "Self Harm"}, "emotion": "Caring", "turns_number": 6, "dialogues": [[1386848, 0, "I just want to die everyone rates me do not know what to do", ["😭", "💔"]], [908026, 1, "Hey dear , please talk to me . What is wrong ?", []], [1386602, 2, "please reach out to someone , you could give your local suicide outline a call . if you want to talk you can always direct mail me , to", []], [1386848, 0, "I just want jump off the roof", []], [945085, 3, "sometimes i feel like that too , but then , you have to know.it is all about you.you must live for yourself.keep being the way you are.you are a glimpse of diamond.if you think they hate you , you will be stronger , you will be more responsible , you will have more leadership skills and you will be more independentSo , do not give up.be yourself and go be great.your name is also cute and sweet . hold on , i have something for you . . . . . . . this is for you .", ["🌹", "💍", "☝", "🙂"]], [1361510, 4, "You do nothing then everyone loves you", []]], "speakers": {"Shanice Walker": 0, "Mike": 1, "meme": 2, "Idyllic Life": 3, "sumit sharma": 4}}, {"id": 15388025, "category": {"id": 20, "name": "Others"}, "emotion": "Bored", "turns_number": 7, "dialogues": [[281894, 0, "Do some guys find it difficult to make friends with other guys ?", []], [694364, 1, "We hold the D for each others at the privation section", []], [1344296, 2, "Yeah , in my case it is just like a phobia  ", ["🤷", "♂"]], [1297959, 3, "Yes . Me . Not sure why though .", []], [281894, 0, "can I ask why ? because many guys say this .", []], [846238, 4, "I for one do", []], [1007330, 5, "Hardest thing ever", []]], "speakers": {"lone wolf": 0, "Mad Thoughts 🎭": 1, "Hopeless Soul": 2, "♡ハイビスカス": 3, "Cookie Monster": 4, "Nothing": 5}}, {"id": 15387971, "category": {"id": 63, "name": "My Story"}, "emotion": "Meh", "turns_number": 8, "dialogues": [[1368094, 0, "I am Fat", []], [1386822, 1, "Not too fat", []], [1361510, 2, "smoke weed then you got you shape", []], [1368094, 0, "up that was total click bait i have no problem what so ever with myself the problem arises when i have to deal with other people opinions and stigmata . i am fine in my own skin but my doctors are literally disregarding my health for no good reason simply because of their preconceived notions . yes my weight is going to kill me it directly but from the inaction of those that are supposed to help", []], [725817, 3, "your not thick . you are BBW . embrace it .", []], [1326101, 4, "fat are beautiful", []], [1372672, 5, "you have fat , you are not fat . you have fingernails but you are not fingernails ", ["🙂"]], [627253, 6, "You this not fat", []]], "speakers": {"wordweaver": 0, "Newbie": 1, "sumit sharma": 2, "YOUR BOSS": 3, "cute panda": 4, "sofi": 5, "Oatmilk": 6}}, {"id": 15386734, "category": {"id": 63, "name": "My Story"}, "emotion": "Afraid", "turns_number": 9, "dialogues": [[1288822, 0, "Yeah , do not talk to him , specially if your a woman TT", []], [1262356, 1, "gross glad you have flagged him dear . Stay safe ", ["🤮", "❤"]], [1123760, 2, "yes this place is full of em these days !", []], [1288822, 0, "Fun fact , he went to another of my post to comment that my account is scar", ["💀"]], [1386640, 3, "I just reported him for everyone so no one can get hurt", []], [817588, 4, "laugh out loud yikes he message me , I responded bc I thought he was nice by looking at his posts , but then he talked nonsense", []], [901276, 5, "What the hell ! . How can he talk like that . just report it", []], [746230, 6, "Eww what the fuck is wrong with some people . Did you flag him ?", []], [1272691, 7, "last day it is him add me talk normal after him talk general masturbate it is so crazy catfish account", []]], "speakers": {"I’m tired of y’all": 0, "𝔮𝔲𝔢𝔢𝔫": 1, "🅛🅔🅔🅡🅞🅨🚲👌": 2, "Katie Price": 3, "melaang": 4, "ᥴꪗρꫝꫀ𝕣": 5, "Elena": 6, "User Suspended": 7}}, {"id": 15385773, "category": {"id": 12, "name": "Self Harm"}, "emotion": "Depressed", "turns_number": 7, "dialogues": [[653519, 0, "Please . Someone help me .", []], [653519, 0, "Guys , I want to thank you all . You already helped me a lot . I really appreciate all the comments and messages . Love you all ", ["❤"]], [887003, 1, "Is that a British blue you have ? My favourite race of cats ! Anyoure welcomed if you want to talk I m just a direct mail away", []], [653519, 0, "I just really want to talk to someone and I have none , I m so damn alone . I m actually thinking about taking my life now , but I just had a conversation with my mother and she told me that she does not even know what she would do without me . I thought I will ask someone to talk with me for a bit to make me feel less alone and a bit stronger .", []], [1137063, 2, "y all might have to just direct mail her", ["😈"]], [1228800, 3, "What is wrong ?", []], [1200927, 4, "i m here . what do you need help with ?", []]], "speakers": {"Mitsuko": 0, "Twice": 1, "disco panda 😏🍹": 2, "Abominate.": 3, "💀": 4}}, {"id": 15385097, "category": {"id": 61, "name": "Positive"}, "emotion": "Ecstatic", "turns_number": 5, "dialogues": [[956089, 0, "I got dermoid hair yesterday and I m loving it so much ! It is a purple into blue balayage !", ["😻", "🖤", "💜", "💙", "✨"]], [1066161, 1, "that sounds so pretty !", ["🤗"]], [956089, 0, "I just posted a pick of it in the random section !  ", ["🧜", "♀", "✨"]], [262559, 2, "Show me ! What have you been waiting for", []], [1310382, 3, "oh ! that is beautiful !", ["💕"]]], "speakers": {"🐾 Ɱąմ 🐾": 0, "So Hui": 1, "𝐶𝑒𝑙𝑒𝑠𝑡𝑖𝑎𝑙": 2, "IamNoMan": 3}}, {"id": 15384554, "category": {"id": 47, "name": "Health"}, "emotion": null, "turns_number": 5, "dialogues": [[857284, 0, "I got reallychubby and i am disappointed in myself for that . I feel ugly and unmoved", ["😟"]], [1386241, 1, "I got chubby too . I am unmoved too , but I am not very sad because I am chubby .", []], [663818, 2, "I am here for you if you want to talk ", ["😉", "❤"]], [857284, 0, "i am not but i feel like i was better before , now everyone just left me again and it makes me feel ugly", []], [663818, 2, "Your not ugly , i am sure ", ["❤"]]], "speakers": {"Nihilistic Crybaby": 0, "Your Will of Fire is mine!!!": 1, "Jaso": 2}}, {"id": 15848490, "category": {"id": 58, "name": "LGBT"}, "emotion": "Stressed", "turns_number": 4, "dialogues": [[1414168, 0, "Am I the only sexual female on earth ?", []], [1407565, 1, "what is that now ?", ["🙀"]], [1414168, 0, "I certainly do not see any where I live", []], [1245560, 2, "No , I have met very many", []]], "speakers": {"EllenBrown": 0, "just a catto passing through": 1, "La Reina De La Fuerza 🙌👊🏽💪🏽🧠👑": 2}}]